Date,AAPL,AMZN,AVGO,BAC,COST,GOOGL,HD,JPM,MA,META,MSFT,NVDA,PG,TSLA,UNH,XOM
2019-01-02,37.53883743286133,76.95649719238281,21.003379821777344,21.063486099243164,185.38296508789062,52.33854675292969,145.1678466796875,81.61669921875,182.43858337402344,134.73880004882812,94.61260223388672,3.3771655559539795,76.45465087890625,20.674667358398438,217.128173828125,50.33511734008789
2019-01-03,33.7996711730957,75.01399993896484,19.13510513305664,20.725929260253906,181.45362854003906,50.88899612426758,141.96827697753906,80.45679473876953,174.20799255371094,130.82614135742188,91.13200378417969,3.173128366470337,75.91859436035156,20.02400016784668,211.20701599121094,49.562294006347656
2019-01-04,35.2425537109375,78.76950073242188,19.32317543029785,21.586700439453125,186.722900390625,53.4992790222168,146.1866912841797,83.42285919189453,182.4578094482422,136.99305725097656,95.3704605102539,3.376422643661499,77.4681167602539,21.179332733154297,213.67715454101562,51.3896369934082
2019-01-07,35.16412353515625,81.47550201416016,19.71671485900879,21.56981658935547,187.41094970703125,53.392581939697266,149.0662841796875,83.48086547851562,183.8616180419922,137.0923614501953,95.49210357666016,3.555172920227051,77.158203125,22.33066749572754,214.0873565673828,51.65687942504883
2019-01-08,35.834449768066406,82.8290023803711,19.558467864990234,21.527631759643555,188.81430053710938,53.86153793334961,149.781982421875,83.3234634399414,185.20040893554688,141.5413055419922,96.18449401855469,3.466665267944336,77.4429931640625,22.356666564941406,216.94979858398438,52.03246307373047
2019-01-09,36.44298553466797,82.97100067138672,20.404373168945312,21.73859977722168,190.0365447998047,53.67693328857422,151.33120727539062,83.18262481689453,188.56195068359375,143.22950744628906,97.5599136352539,3.5348434448242188,76.17821502685547,22.568666458129883,217.26193237304688,52.30693054199219
2019-01-10,36.5594596862793,82.81099700927734,20.672807693481445,21.713281631469727,190.7064666748047,53.5369873046875,150.76707458496094,83.17430877685547,189.69850158691406,143.19970703125,96.93299865722656,3.6005425453186035,76.36249542236328,22.99799919128418,218.3587646484375,52.03969192504883
2019-01-11,36.20051956176758,82.02799987792969,20.75979995727539,21.966447830200195,190.58883666992188,52.82437515258789,151.06179809570312,82.77662658691406,188.68714904785156,142.802490234375,96.18449401855469,3.689793586730957,76.86505126953125,23.150667190551758,220.8555908203125,51.801326751708984
2019-01-14,35.65617370605469,80.8604965209961,20.784652709960938,22.25337028503418,189.22171020507812,52.18123245239258,150.55662536621094,83.63001251220703,188.2344207763672,144.38145446777344,95.48278045654297,3.729708671569824,76.34574890136719,22.293333053588867,221.20338439941406,51.73633575439453
2019-01-15,36.38593673706055,83.72799682617188,21.250276565551758,22.4052677154541,191.05955505371094,53.91810989379883,148.58631896972656,84.24309539794922,189.28431701660156,147.916748046875,98.25227355957031,3.7155771255493164,77.06607055664062,22.961999893188477,229.05953979492188,51.765220642089844
2019-01-16,36.830440521240234,84.18900299072266,20.853422164916992,24.008668899536133,190.29002380371094,54.06698226928711,149.0662841796875,84.92247009277344,190.48828125,146.5165557861328,98.59845733642578,3.6900410652160645,76.53003692626953,23.06999969482422,233.152587890625,51.74354934692383
2019-01-17,37.04914093017578,84.66100311279297,21.154170989990234,24.46436309814453,191.4488983154297,54.54388427734375,147.23915100097656,85.27044677734375,191.9716033935547,147.27125549316406,99.29084014892578,3.761441946029663,76.51905822753906,23.15399932861328,231.64553833007812,52.09746170043945
2019-01-18,37.277339935302734,84.80999755859375,21.60901641845703,24.725969314575195,193.37733459472656,54.94981384277344,151.20494079589844,86.65406799316406,194.5625762939453,148.9991912841797,100.77851104736328,3.8906092643737793,77.17752075195312,20.150667190551758,236.75518798828125,52.71861267089844
2019-01-22,36.44061279296875,81.6084976196289,21.399404525756836,24.548749923706055,192.29994201660156,53.527061462402344,149.1251983642578,85.2870101928711,192.11607360839844,146.54632568359375,98.87913513183594,3.6883060932159424,76.3501968383789,19.92799949645996,236.92466735839844,51.92410659790039
2019-01-23,36.58798599243164,82.0009994506836,21.335613250732422,24.40528678894043,192.01927185058594,53.813899993896484,148.93995666503906,85.07160186767578,191.0469512939453,143.2990264892578,99.8428726196289,3.701197624206543,80.06471252441406,19.172666549682617,238.1106414794922,51.49797821044922
2019-01-24,36.29799270629883,82.74649810791016,21.83519172668457,24.540311813354492,190.4077606201172,53.79355239868164,149.27679443359375,85.12133026123047,192.43394470214844,144.81837463378906,99.36568450927734,3.9131693840026855,79.60884094238281,19.43400001525879,237.31703186035156,51.57020950317383
2019-01-25,37.50077819824219,83.52850341796875,22.198909759521484,24.962255477905273,189.28512573242188,54.6624870300293,151.8953399658203,85.65985107421875,195.46795654296875,147.97633361816406,100.27327728271484,3.9704387187957764,79.01789855957031,19.80266761779785,239.0291290283203,51.801326751708984
2019-01-28,37.15373992919922,81.89450073242188,22.17239761352539,25.004451751708984,190.82420349121094,53.58810806274414,151.4154052734375,86.06581115722656,192.790283203125,146.44703674316406,98.31777954101562,3.421543836593628,78.95035552978516,19.7586669921875,237.88763427734375,51.45464324951172
2019-01-29,36.76864242553711,79.69400024414062,22.064695358276367,24.801916122436523,190.4077606201172,53.101776123046875,151.29757690429688,86.30606842041016,191.9041748046875,143.1897735595703,96.31549072265625,3.2626278400421143,78.96724700927734,19.83066749572754,238.39598083496094,51.649662017822266
2019-01-30,39.28121566772461,83.52149963378906,22.437522888183594,24.531869888305664,191.34925842285156,54.4878044128418,153.39410400390625,86.50493621826172,196.50816345214844,149.3765411376953,99.53411865234375,3.406172752380371,79.79454040527344,20.584667205810547,241.09793090820312,52.21304702758789
2019-01-31,39.564090728759766,85.9365005493164,22.22459602355957,24.02553367614746,194.31890869140625,55.872337341308594,154.53082275390625,85.75098419189453,203.35641479492188,165.53367614746094,97.7095947265625,3.563849925994873,81.44078826904297,20.468000411987305,240.94639587402344,52.9280891418457
2019-02-01,39.58311462402344,81.3115005493164,22.10529327392578,23.9495906829834,190.3715362548828,55.511566162109375,155.23806762695312,86.06581115722656,205.8992156982422,164.56048583984375,96.16577911376953,3.5881452560424805,82.28498077392578,20.81399917602539,239.6265869140625,54.83487319946289
2019-02-04,40.70745849609375,81.66549682617188,22.545230865478516,24.371530532836914,191.1953887939453,56.64302444458008,156.97259521484375,86.37236785888672,206.99722290039062,168.075927734375,98.93529510498047,3.6984708309173584,82.75773620605469,20.859333038330078,239.17173767089844,54.04037857055664
2019-02-05,41.40394973754883,82.94049835205078,22.369583129882812,24.287147521972656,191.584716796875,57.16160202026367,156.93893432617188,85.99125671386719,207.9122314453125,169.9727020263672,100.32003784179688,3.7175607681274414,82.25965881347656,21.42333221435547,237.47752380371094,54.596519470214844
2019-02-06,41.418209075927734,82.01300048828125,22.884082794189453,24.244951248168945,191.57568359375,55.72346878051758,155.5327911376953,85.94982147216797,207.37283325195312,169.307373046875,99.20662689208984,3.7931766510009766,82.66490173339844,21.148000717163086,240.32211303710938,54.358184814453125
2019-02-07,40.6337776184082,80.71849822998047,22.2941951751709,23.83144760131836,189.77818298339844,54.88084030151367,154.9854736328125,84.82305145263672,206.0918426513672,165.22586059570312,98.49555206298828,3.654836893081665,82.00640106201172,20.500667572021484,239.8762969970703,53.93925476074219
2019-02-08,40.68151092529297,79.41100311279297,22.705955505371094,23.873638153076172,188.59808349609375,54.70566177368164,155.38121032714844,83.97798156738281,208.60574340820312,166.16925048828125,98.86981201171875,3.673430919647217,82.48760223388672,20.386667251586914,233.54495239257812,54.02690505981445
2019-02-11,40.447574615478516,79.55000305175781,22.84348487854004,23.974910736083984,189.4785919189453,54.69275665283203,154.01718139648438,83.58029174804688,209.10658264160156,164.63992309570312,98.47682189941406,3.6307880878448486,82.9603271484375,20.856000900268555,229.30030822753906,54.11452865600586
2019-02-12,40.796112060546875,81.90049743652344,23.147539138793945,24.211198806762695,192.36546325683594,55.95621871948242,156.20635986328125,85.00530242919922,210.84996032714844,163.89512634277344,100.01127624511719,3.7478065490722656,83.7961196899414,20.78733253479004,234.97177124023438,55.06391525268555
2019-02-13,40.626617431640625,82.0,23.307453155517578,24.219636917114258,193.1824951171875,56.00831604003906,158.6397247314453,85.41129302978516,212.41990661621094,162.93186950683594,99.93643951416016,3.790201425552368,83.77923583984375,20.544666290283203,235.23922729492188,55.68466567993164
2019-02-14,40.774620056152344,81.13249969482422,23.322364807128906,23.958026885986328,194.12660217285156,56.03660202026367,158.0503387451172,84.85619354248047,211.71682739257812,162.81271362304688,100.02063751220703,3.8311078548431396,83.12073516845703,20.251333236694336,236.6035614013672,55.699249267578125
2019-02-15,40.68391036987305,80.39749908447266,23.357986450195312,24.565631866455078,196.51419067382812,55.56168746948242,161.9908447265625,87.4494400024414,213.93212890625,161.3727569580078,101.25569915771484,3.900773286819458,83.13764953613281,20.525333404541016,241.77560424804688,56.750885009765625
2019-02-19,40.80564880371094,81.37899780273438,23.335615158081055,24.582508087158203,198.01206970214844,55.903114318847656,161.9403076171875,87.14290618896484,212.4680938720703,161.1642303466797,101.20890808105469,3.883418083190918,84.41238403320312,20.375999450683594,241.13363647460938,57.130638122558594
2019-02-20,41.06825637817383,81.1050033569336,23.481433868408203,24.818798065185547,197.0951690673828,55.60933303833008,161.53616333007812,87.5654296875,212.96896362304688,161.43234252929688,100.6827392578125,3.930771589279175,83.81298065185547,20.17066764831543,240.33103942871094,57.34971618652344
2019-02-21,40.8366813659668,80.97200012207031,23.27596664428711,24.717529296875,195.38844299316406,54.796470642089844,161.51089477539062,87.3831558227539,211.2352294921875,158.9298095703125,102.80633544921875,3.861849784851074,84.235107421875,19.415332794189453,237.5577392578125,56.83122253417969
2019-02-22,41.29265594482422,81.5780029296875,22.908105850219727,24.540311813354492,196.35073852539062,55.40934371948242,161.9908447265625,86.99373626708984,215.09762573242188,160.76698303222656,104.27215576171875,3.946638345718384,84.63188171386719,19.6473331451416,238.19081115722656,57.26938247680664
2019-02-25,41.59345245361328,81.6500015258789,23.08209800720215,24.700654983520508,197.0406951904297,55.44755554199219,159.96163940429688,87.9051284790039,215.09762573242188,163.47804260253906,104.85472869873047,3.9342429637908936,84.05782318115234,19.917999267578125,235.95266723632812,57.32780075073242
2019-02-26,41.61732482910156,81.81999969482422,22.78382682800293,24.717529296875,197.54904174804688,55.67979431152344,158.54708862304688,87.2340316772461,215.75253295898438,162.99143981933594,105.57825469970703,3.894822835922241,84.2773208618164,19.857332229614258,234.50804138183594,57.44464874267578
2019-02-27,41.746238708496094,82.05449676513672,22.493032455444336,24.920059204101562,197.9485321044922,55.72346878051758,154.648681640625,87.12631225585938,216.30160522460938,161.6806182861328,105.39971923828125,3.852924108505249,83.50064849853516,20.982667922973633,223.00466918945312,58.03620529174805
2019-02-28,41.335628509521484,81.99150085449219,22.813657760620117,24.665603637695312,198.5748748779297,55.90509796142578,155.88641357421875,86.4634780883789,216.49420166015625,160.33004760742188,105.2681884765625,3.828355073928833,83.19673156738281,21.325332641601562,215.99566650390625,57.71484375
2019-03-01,41.77011489868164,83.58650207519531,22.59741973876953,24.860689163208008,199.21035766601562,56.99535369873047,155.9116668701172,86.52149963378906,218.8828887939453,161.15426635742188,105.73798370361328,3.8827061653137207,83.10386657714844,19.652666091918945,219.50015258789062,58.42325210571289
2019-03-04,41.98019790649414,84.80850219726562,22.774721145629883,24.623193740844727,198.2753143310547,57.238521575927734,154.76657104492188,86.3226547241211,217.95822143554688,166.20896911621094,105.48429107666016,3.8908958435058594,83.46688079833984,19.02400016784668,210.46690368652344,58.64963150024414
2019-03-05,41.9037971496582,84.62149810791016,22.950366973876953,24.665603637695312,199.5553436279297,58.0211067199707,154.92652893066406,86.25637817382812,217.89083862304688,170.07199096679688,104.95807647705078,3.884443521499634,83.65260314941406,18.43600082397461,215.29119873046875,58.56199264526367
2019-03-06,41.66270065307617,83.44750213623047,22.481428146362305,24.4620361328125,199.01971435546875,57.810203552246094,155.30543518066406,85.93325805664062,216.2052459716797,171.31332397460938,105.00507354736328,3.773508071899414,83.51752471923828,18.416000366210938,213.18673706054688,57.89742660522461
2019-03-07,41.18046188354492,81.29750061035156,21.997577667236328,24.216060638427734,196.80465698242188,57.110984802246094,153.67196655273438,85.3118896484375,214.2210693359375,167.956787109375,103.7271499633789,3.7042672634124756,83.19673156738281,18.439332962036133,211.0732879638672,58.54009246826172
2019-03-08,41.27834701538086,81.04000091552734,21.888225555419922,24.300874710083008,206.81781005859375,57.067317962646484,152.59420776367188,85.34502410888672,213.700927734375,168.4235076904297,103.83992004394531,3.738515853881836,83.07853698730469,18.94266700744629,212.4070281982422,57.70026397705078
2019-03-11,42.708309173583984,83.53099822998047,22.291706085205078,24.54686164855957,208.5154571533203,58.52083206176758,153.61305236816406,86.45520782470703,217.33216857910156,170.8763885498047,106.01988220214844,3.9990997314453125,84.06623840332031,19.39466667175293,217.6525115966797,58.262577056884766
2019-03-12,43.188148498535156,83.65499877929688,22.33892822265625,24.54686164855957,211.4840087890625,59.41358947753906,154.92652893066406,86.1983642578125,218.58432006835938,170.7274169921875,106.76221466064453,4.033348560333252,84.46304321289062,18.890666961669922,220.09628295898438,58.42325210571289
2019-03-13,43.37913513183594,84.54049682617188,22.469831466674805,24.84372329711914,214.58868408203125,59.5034065246582,153.65415954589844,86.48834991455078,220.08685302734375,172.1673583984375,107.5890884399414,4.184735298156738,85.4170150756836,19.263999938964844,225.79832458496094,58.94173049926758
2019-03-14,43.861366271972656,84.31099700927734,22.22045135498047,24.987918853759766,212.2828826904297,59.179359436035156,154.05284118652344,87.27543640136719,221.05966186523438,168.98956298828125,107.6736831665039,4.108792781829834,85.53518676757812,19.33066749572754,226.7113800048828,58.74457550048828
2019-03-15,44.431922912597656,85.61799621582031,24.050609588623047,24.852205276489258,212.06503295898438,59.06869125366211,154.5787811279297,88.2779541015625,222.65853881835938,164.82862854003906,108.91397857666016,4.214269161224365,86.48070526123047,18.36199951171875,225.0373992919922,58.53279495239258
2019-03-18,44.8855094909668,87.10749816894531,24.344738006591797,25.293272018432617,214.77932739257812,58.98185348510742,155.5881805419922,88.8082046508789,221.90724182128906,159.35684204101562,110.47380065917969,4.192925453186035,85.6955795288086,17.965999603271484,228.25991821289062,59.21197509765625
2019-03-19,44.52980041503906,88.09249877929688,24.79792594909668,25.149078369140625,215.19691467285156,59.67213439941406,156.19046020507812,88.48506927490234,222.5044403076172,160.44918823242188,110.5489501953125,4.360691547393799,86.02483367919922,17.83133316040039,230.16656494140625,59.0586051940918
2019-03-20,44.91893005371094,89.8635025024414,24.327312469482422,24.292396545410156,215.1333770751953,60.86164474487305,157.861572265625,86.59605407714844,221.42568969726562,164.29237365722656,110.42681121826172,4.32818078994751,85.87284851074219,18.239999771118164,224.23182678222656,59.3872184753418
2019-03-21,46.57331466674805,90.96299743652344,24.809629440307617,23.9022274017334,217.45738220214844,61.34300994873047,161.1443634033203,85.22901153564453,227.18551635742188,164.92791748046875,112.9638442993164,4.564939975738525,86.52291870117188,18.26799964904785,225.59242248535156,59.73046112060547
2019-03-22,45.608848571777344,88.2385025024414,24.462718963623047,22.909832000732422,215.659912109375,59.929691314697266,160.10939025878906,82.65237426757812,222.26364135742188,163.19998168945312,109.98518371582031,4.405115604400635,85.82223510742188,17.635332107543945,221.17938232421875,58.773780822753906
2019-03-25,45.057395935058594,88.71299743652344,24.421770095825195,22.765642166137695,215.1243438720703,59.420040130615234,160.89833068847656,81.96467590332031,221.9361572265625,165.13645935058594,110.55836486816406,4.3127946853637695,86.07549285888672,17.3613338470459,220.97348022460938,58.364803314208984
2019-03-26,44.59186553955078,89.18800354003906,24.828853607177734,23.079471588134766,217.03074645996094,59.04586410522461,160.60989379882812,82.78492736816406,224.70045471191406,166.51683044433594,110.79325866699219,4.389481067657471,86.9703369140625,17.851333618164062,217.8673553466797,59.12432098388672
2019-03-27,44.99293899536133,88.28500366210938,24.740243911743164,22.926795959472656,217.33937072753906,58.458805084228516,160.5335693359375,82.50321960449219,223.95884704589844,164.71937561035156,109.72208404541016,4.380299091339111,86.86904907226562,18.32200050354004,216.36355590820312,58.671531677246094
2019-03-28,45.052608489990234,88.6709976196289,24.999378204345703,23.18125343322754,218.9824981689453,58.173954010009766,161.22064208984375,83.43943786621094,226.21267700195312,164.401611328125,109.87244415283203,4.398911952972412,87.41777038574219,18.57466697692871,216.82899475097656,58.96365737915039
2019-03-29,45.346248626708984,89.0374984741211,25.13646697998047,23.401790618896484,219.81773376464844,58.40322494506836,162.77297973632812,83.87027740478516,226.78099060058594,165.53367614746094,110.82145690917969,4.456238746643066,87.83988189697266,18.657333374023438,221.33152770996094,59.00748062133789
2019-04-01,45.654205322265625,90.70950317382812,25.56110191345215,24.207576751708984,221.6787567138672,59.499446868896484,165.9539337158203,86.69547271728516,230.24839782714844,167.52976989746094,111.83627319335938,4.523743152618408,87.49374389648438,19.278667449951172,219.79196166992188,59.68665313720703
2019-04-02,46.31787109375,90.6989974975586,25.33206558227539,24.48748779296875,218.32884216308594,59.82497787475586,164.82577514648438,87.1097412109375,230.45069885253906,172.9916229248047,111.99602508544922,4.5416107177734375,87.58660888671875,19.058666229248047,218.7803955078125,59.431053161621094
2019-04-03,46.635372161865234,91.03500366210938,25.428199768066406,24.4620361328125,220.12632751464844,60.08649826049805,168.47329711914062,87.28372192382812,230.1328582763672,172.33619689941406,112.72892761230469,4.681086540222168,87.53594207763672,19.45400047302246,220.06044006347656,59.080509185791016
2019-04-04,46.716548919677734,90.94300079345703,25.244293212890625,24.724979400634766,221.86936950683594,60.51526641845703,170.0340576171875,88.12693786621094,227.36849975585938,174.7989959716797,112.15577697753906,4.672152519226074,87.31644439697266,17.851999282836914,221.44793701171875,59.92034149169922
2019-04-05,47.02928161621094,91.86399841308594,25.434885025024414,24.665603637695312,223.20382690429688,60.118263244628906,171.3998260498047,87.91820526123047,227.91754150390625,174.50106811523438,112.65377807617188,4.738910675048828,87.502197265625,18.33066749572754,222.69216918945312,60.24165344238281
2019-04-08,47.76933670043945,92.49299621582031,25.451597213745117,24.741941452026367,223.79397583007812,59.96095275878906,172.66372680664062,88.20205688476562,227.8885498046875,173.71653747558594,112.69134521484375,4.759758472442627,88.61654663085938,18.213333129882812,222.66529846191406,60.61410903930664
2019-04-09,47.626094818115234,91.79199981689453,25.365503311157227,24.504444122314453,222.3323516845703,59.68354415893555,170.4158172607422,87.55089569091797,227.5413360595703,176.34815979003906,112.08058166503906,4.696969509124756,88.3548355102539,18.15399932861328,222.70111083984375,59.832706451416016
2019-04-10,47.89347839355469,92.36650085449219,25.704875946044922,24.657119750976562,222.96783447265625,59.87013626098633,169.16885375976562,87.94325256347656,228.6505584716797,176.58648681640625,112.93563842773438,4.767451763153076,88.34639739990234,18.40399932861328,220.2305450439453,59.5625
2019-04-11,47.49479293823242,92.20349884033203,25.86370086669922,24.657119750976562,219.00067138671875,60.02595520019531,170.90777587890625,88.68631744384766,227.66668701171875,176.27865600585938,113.06721496582031,4.75355339050293,88.43082427978516,17.89466667175293,210.73312377929688,59.84730529785156
2019-04-12,47.47569274902344,92.15299987792969,26.500656127929688,25.59014129638672,219.6451873779297,60.67803192138672,172.91815185546875,92.84383392333984,230.35777282714844,177.85763549804688,113.6498031616211,4.715582370758057,88.6925048828125,17.84666633605957,199.81243896484375,59.0951042175293
2019-04-15,47.56165313720703,92.24349975585938,26.447996139526367,25.310232162475586,223.62144470214844,60.86661148071289,173.77493286132812,91.7835922241211,230.66639709472656,178.4037628173828,113.74375915527344,4.583803653717041,89.25814819335938,17.7586669921875,206.06053161621094,58.8979377746582
2019-04-16,47.56641387939453,93.1520004272461,26.623537063598633,25.344161987304688,222.7227325439453,61.13359832763672,173.44412231445312,92.75201416015625,231.57305908203125,177.62918090820312,113.48063659667969,4.670909881591797,89.84064483642578,18.224000930786133,197.78945922851562,59.299591064453125
2019-04-17,48.49267578125,93.24099731445312,26.793230056762695,25.471391677856445,222.9224090576172,61.5420036315918,175.20846557617188,95.42353057861328,232.45077514648438,177.5398406982422,114.42029571533203,4.648079872131348,89.99028778076172,18.082000732421875,194.1015167236328,59.46755599975586
2019-04-18,48.666954040527344,93.08450317382812,26.633569717407227,25.471391677856445,223.14939880371094,61.60800552368164,174.45355224609375,94.72225189208984,232.3447265625,177.0432891845703,115.92373657226562,4.623508930206299,90.16030883789062,18.21733283996582,198.4966278076172,59.248470306396484
2019-04-22,48.82688903808594,94.3655014038086,26.330976486206055,25.488353729248047,220.979736328125,62.217899322509766,173.70704650878906,94.83911895751953,234.42807006835938,180.18138122558594,116.29016876220703,4.677363395690918,90.12630462646484,17.516666412353516,203.2945556640625,60.54107666015625
2019-04-23,49.53113555908203,96.1884994506836,26.384469985961914,25.505325317382812,222.94058227539062,63.05308532714844,174.7843780517578,94.95600128173828,234.8524627685547,182.505126953125,117.86876678466797,4.73196268081665,87.70333099365234,17.593332290649414,206.40065002441406,60.89162826538086
2019-04-24,49.454750061035156,95.0875015258789,26.274967193603516,25.462909698486328,225.1011962890625,62.530033111572266,175.35267639160156,94.79740905761719,236.58859252929688,181.31346130371094,117.46472930908203,4.7443718910217285,88.15389251708984,17.243999481201172,206.19480895996094,59.708553314208984
2019-04-25,49.005943298339844,95.11250305175781,26.06515884399414,25.5137996673584,222.95872497558594,62.891807556152344,175.1660614013672,94.84747314453125,236.8972930908203,191.91937255859375,121.35484313964844,4.638647556304932,87.80534362792969,16.5086669921875,206.58863830566406,60.04450225830078
2019-04-26,48.77199172973633,97.53150177001953,25.94729232788086,25.74281883239746,221.3427734375,63.392024993896484,172.71458435058594,95.56547546386719,237.92929077148438,190.1616668701172,122.05018615722656,4.419757843017578,89.99878692626953,15.675999641418457,212.14744567871094,58.78107452392578
2019-04-29,48.84598159790039,96.92150115966797,26.1403865814209,26.099063873291016,221.7604522705078,64.323974609375,171.48458862304688,96.94296264648438,238.3633575439453,193.42886352539062,121.93743896484375,4.450530529022217,89.08061218261719,16.097999572753906,212.5502471923828,58.401336669921875
2019-04-30,47.90541458129883,96.32599639892578,26.61518096923828,25.937898635864258,222.8951873779297,59.49844741821289,172.7909393310547,96.88455963134766,245.22109985351562,192.05841064453125,122.71733093261719,4.491976261138916,90.52587890625,15.912667274475098,208.62954711914062,58.627716064453125
2019-05-01,50.256874084472656,95.57599639892578,26.656972885131836,25.666479110717773,219.318359375,58.22605895996094,168.6344451904297,96.14151000976562,239.92584228515625,191.6909942626953,120.16151428222656,4.478823661804199,89.20813751220703,15.600666999816895,207.62701416015625,57.45195770263672
2019-05-02,49.92981719970703,95.04100036621094,26.399518966674805,25.870040893554688,220.31700134277344,57.888118743896484,170.50909423828125,96.35021209716797,238.42120361328125,191.1944580078125,118.59230041503906,4.546326637268066,89.74372100830078,16.273332595825195,208.0745849609375,56.44416046142578
2019-05-03,50.550506591796875,98.12300109863281,26.390316009521484,26.048166275024414,222.0691375732422,59.03147888183594,170.12733459472656,96.94296264648438,239.15423583984375,194.1140594482422,121.1198959350586,4.541860103607178,90.18582916259766,17.00200080871582,207.62701416015625,56.57560348510742
2019-05-06,49.769859313964844,97.52749633789062,26.04425621032715,25.8445987701416,221.7150115966797,59.22551345825195,169.3385009765625,96.08305358886719,239.81976318359375,192.5350799560547,120.41521453857422,4.463436603546143,89.84576416015625,17.022666931152344,215.28041076660156,56.32732009887695
2019-05-07,48.428218841552734,96.05000305175781,25.686492919921875,25.378089904785156,218.03834533691406,58.50098419189453,165.2159423828125,94.5135498046875,236.3667755126953,188.45359802246094,117.94395446777344,4.296166896820068,89.01258087158203,16.470666885375977,213.08737182617188,56.02791213989258
2019-05-08,48.43777847290039,95.88849639892578,25.360488891601562,25.276302337646484,219.0914306640625,58.100013732910156,165.55528259277344,94.01261901855469,236.62718200683594,188.2251739501953,117.93455505371094,4.316267967224121,89.3271484375,16.32266616821289,214.07199096679688,56.115535736083984
2019-05-09,47.91735076904297,94.99349975585938,25.41649627685547,25.19996452331543,221.62197875976562,57.96056365966797,165.0548095703125,93.93750762939453,236.60791015625,187.3413543701172,117.92516326904297,4.223698139190674,88.62151336669922,16.131999969482422,213.0157470703125,56.06439971923828
2019-05-10,47.25352478027344,94.4990005493164,25.40813636779785,25.08970069885254,224.85342407226562,57.94418716430664,165.0548095703125,93.92915344238281,238.65272521972656,187.0334930419922,119.456787109375,4.189696311950684,90.12630462646484,15.968000411987305,215.36097717285156,56.551918029785156
2019-05-13,44.50716781616211,91.13400268554688,24.523744583129883,23.961597442626953,220.21115112304688,56.40332794189453,161.45816040039062,91.37449645996094,232.81732177734375,180.2806854248047,115.9049301147461,3.9323410987854004,90.21133422851562,15.133999824523926,214.43003845214844,55.9240608215332
2019-05-14,45.21173858642578,92.00599670410156,25.244293212890625,24.275434494018555,220.94837951660156,55.821231842041016,162.54396057128906,92.10082244873047,237.21554565429688,179.47630310058594,117.2016372680664,4.021435260772705,89.7777328491211,15.487333297729492,211.63720703125,55.997920989990234
2019-05-15,45.753334045410156,93.55750274658203,25.44240379333496,23.995525360107422,222.7143096923828,58.10100555419922,162.6626739501953,91.75018310546875,240.3116455078125,184.9778594970703,118.85211181640625,3.9603848457336426,90.71292877197266,15.463333129882812,211.32391357421875,56.41157150268555
2019-05-16,45.552024841308594,95.37850189208984,24.850587844848633,24.249982833862305,225.23573303222656,58.78086471557617,163.18865966796875,92.92730712890625,244.43019104003906,185.69288635253906,121.59657287597656,3.9755234718322754,91.9116439819336,15.222000122070312,211.95945739746094,56.40419006347656
2019-05-17,45.293216705322266,93.44999694824219,24.232017517089844,24.088830947875977,226.06407165527344,58.00075912475586,163.3583221435547,92.47650909423828,243.591064453125,184.01458740234375,120.78550720214844,3.884690761566162,91.35055541992188,14.0686674118042,216.06817626953125,56.0717887878418
2019-05-20,43.87689971923828,92.94850158691406,22.785907745361328,24.088830947875977,226.56471252441406,56.80380630493164,161.97561645507812,92.96073150634766,244.49771118164062,181.45248413085938,119.04071044921875,3.7660634517669678,91.24851989746094,13.690667152404785,220.19473266601562,56.06439971923828
2019-05-21,44.718055725097656,92.8759994506836,23.01494026184082,24.334810256958008,227.5022735595703,57.28913879394531,162.39971923828125,93.2779769897461,246.3014373779297,183.53793334960938,119.68204498291016,3.8482096195220947,90.432373046875,13.67199993133545,223.73056030273438,56.32294845581055
2019-05-22,43.8026123046875,92.98400115966797,22.504207611083984,24.1651668548584,227.11997985839844,57.35911560058594,160.24514770507812,92.51824188232422,247.7867431640625,184.0344696044922,120.40824890136719,3.777230978012085,90.72993469238281,12.84866714477539,223.19345092773438,55.81326675415039
2019-05-23,43.0549201965332,90.77400207519531,21.741025924682617,23.54598617553711,226.22796630859375,56.83755111694336,162.86627197265625,90.6982650756836,240.87109375,179.61534118652344,119.00299835205078,3.6561222076416016,90.76394653320312,13.03266716003418,220.6512451171875,54.505828857421875
2019-05-24,42.889556884765625,91.16400146484375,21.394123077392578,23.9022274017334,225.10830688476562,56.503578186035156,164.21499633789062,91.59154510498047,242.55899047851562,179.80401611328125,119.0595703125,3.6022675037384033,90.70442962646484,12.708666801452637,221.66278076171875,54.734806060791016
2019-05-28,42.71221923828125,91.82150268554688,21.27208137512207,23.664730072021484,224.20713806152344,56.55072021484375,162.48455810546875,90.59808349609375,244.43983459472656,183.0314483642578,118.98414611816406,3.5570995807647705,88.80854797363281,12.579999923706055,216.67686462402344,53.63421630859375
2019-05-29,42.50851821899414,90.95950317382812,21.241987228393555,23.53749656677246,219.09146118164062,55.57707214355469,161.16127014160156,90.34764099121094,244.56520080566406,180.9261932373047,117.8335189819336,3.4828951358795166,88.57901000976562,12.657333374023438,216.981201171875,53.301815032958984
2019-05-30,42.72899627685547,90.81600189208984,21.450963973999023,23.037063598632812,219.86517333984375,55.650020599365234,162.0858917236328,89.37920379638672,245.17288208007812,181.740478515625,118.5785903930664,3.4563095569610596,89.5481948852539,12.54800033569336,217.9658660888672,53.16146469116211
2019-05-31,41.95493698120117,88.75350189208984,21.034687042236328,22.562074661254883,218.08103942871094,54.91011428833008,161.04251098632812,88.46086120605469,242.5686798095703,176.23890686035156,116.64519500732422,3.365622043609619,87.49077606201172,12.343999862670898,216.44415283203125,52.275062561035156
2019-06-03,41.53076171875,84.6344985961914,21.163419723510742,22.629924774169922,219.43736267089844,51.54751968383789,160.80503845214844,88.87828826904297,233.66607666015625,163.01129150390625,113.02359771728516,3.3238821029663086,88.2474365234375,11.9313325881958,211.75360107421875,53.09498977661133
2019-06-04,43.05010986328125,86.47799682617188,22.2099666595459,23.681690216064453,223.56997680664062,52.32911682128906,165.62310791015625,91.61660766601562,240.340576171875,166.3380584716797,116.15477752685547,3.5529606342315674,88.99557495117188,12.90666675567627,215.51316833496094,54.358097076416016
2019-06-05,43.74509811401367,86.92500305175781,22.21163558959961,23.6732120513916,225.70909118652344,51.840309143066406,168.01490783691406,91.94221496582031,247.16944885253906,167.00340270996094,118.67291259765625,3.510225772857666,90.73841094970703,13.105999946594238,217.3124237060547,53.907501220703125
2019-06-06,44.387351989746094,87.71800231933594,22.8026180267334,23.77553939819336,228.66748046875,51.99514389038086,168.4249267578125,92.14258575439453,248.68374633789062,167.1623077392578,120.5497055053711,3.5723400115966797,91.29102325439453,13.729999542236328,216.46205139160156,54.88994216918945
2019-06-07,45.56880187988281,90.20149993896484,22.97649383544922,23.477067947387695,233.03668212890625,53.017906188964844,168.5359649658203,91.13239288330078,256.3710021972656,172.14749145507812,123.92607116699219,3.6150755882263184,92.4727783203125,13.633333206176758,220.8929443359375,55.08937454223633
2019-06-10,46.15114974975586,93.03150177001953,23.42286491394043,23.937570571899414,233.8013153076172,53.732017517089844,169.1766357421875,92.11751556396484,256.66033935546875,173.60731506347656,125.05781555175781,3.6878745555877686,92.43025207519531,14.192000389099121,222.11929321289062,55.333133697509766
2019-06-11,46.6855583190918,93.18499755859375,23.69620132446289,24.082548141479492,234.03797912597656,53.64665603637695,169.1425018310547,92.40135192871094,254.3069610595703,176.8645477294922,124.58625793457031,3.745516300201416,92.99137878417969,14.473333358764648,220.08731079101562,55.28142166137695
2019-06-12,46.53697967529297,92.76599884033203,23.38273811340332,23.835241317749023,234.147216796875,53.55038833618164,169.93690490722656,91.2242202758789,254.4901885986328,173.82574462890625,124.01097106933594,3.63246750831604,93.24642181396484,13.950667381286621,218.86099243164062,54.6831169128418
2019-06-13,46.52739715576172,93.51499938964844,23.53989028930664,23.82671546936035,236.4046630859375,54.141422271728516,172.8497772216797,91.44962310791016,251.93429565429688,176.23890686035156,124.79378509521484,3.683649778366089,94.29214477539062,14.260666847229004,219.2727508544922,55.163238525390625
2019-06-14,46.18949508666992,93.4834976196289,22.22919464111328,23.911989212036133,236.80516052246094,53.907684326171875,175.77117919921875,91.68341064453125,250.8731689453125,180.07212829589844,124.9163589477539,3.593707323074341,94.53865814208984,14.32800006866455,220.61239624023438,54.91947555541992
2019-06-17,46.465087890625,94.30149841308594,22.23253631591797,23.81818389892578,237.97032165527344,54.28434371948242,176.8047332763672,91.1824951171875,250.00515747070312,187.69883728027344,125.29361724853516,3.6033976078033447,94.3601303100586,15.001999855041504,221.15187072753906,55.46609115600586
2019-06-18,47.55787658691406,95.06849670410156,23.2423095703125,24.406606674194336,239.16275024414062,54.84758377075195,177.2318878173828,92.42642974853516,249.6289825439453,187.16262817382812,127.47223663330078,3.7984373569488525,93.17842102050781,14.982666969299316,220.9091033935547,55.94621276855469
2019-06-19,47.41887664794922,95.43949890136719,23.19550323486328,24.150768280029297,240.0001983642578,54.81135940551758,177.6248016357422,91.75853729248047,250.65138244628906,186.17945861816406,127.97209167480469,3.804401159286499,93.87552642822266,15.095333099365234,224.94602966308594,55.635986328125
2019-06-20,47.799922943115234,95.90950012207031,23.325897216796875,24.108135223388672,243.35911560058594,55.24260330200195,180.45223999023438,91.99227905273438,257.325927734375,188.21524047851562,129.160400390625,3.828749418258667,94.99775695800781,14.641332626342773,222.76124572753906,56.588871002197266
2019-06-21,47.636962890625,95.56500244140625,23.122507095336914,23.980213165283203,242.2486114501953,55.84653854370117,178.86341857910156,91.36614990234375,255.08822631835938,189.81407165527344,129.1792449951172,3.7706098556518555,94.53865814208984,14.790666580200195,226.8251953125,57.386600494384766
2019-06-24,47.589027404785156,95.69499969482422,23.562196731567383,23.86082649230957,242.8311309814453,55.416290283203125,175.54052734375,90.7149658203125,255.88865661621094,191.2639923095703,129.94320678710938,3.7929718494415283,95.49937438964844,14.909333229064941,224.45159912109375,56.839996337890625
2019-06-25,46.86769104003906,93.91349792480469,23.335182189941406,23.673215866088867,242.45794677734375,53.97121047973633,174.89134216308594,89.96360778808594,250.51638793945312,187.53004455566406,125.84061431884766,3.76365327835083,94.98077392578125,14.650667190551758,222.67137145996094,56.337703704833984
2019-06-26,47.88139724731445,94.8915023803711,23.7512264251709,23.80112648010254,240.6829376220703,53.610931396484375,176.32640075683594,90.564697265625,252.03067016601562,186.35821533203125,126.31220245361328,3.9569551944732666,93.2889404296875,14.618000030517578,218.9041290283203,56.58146286010742
2019-06-27,47.86701965332031,95.21399688720703,24.111583709716797,24.056962966918945,241.7479248046875,53.42781066894531,176.83892822265625,90.86524200439453,251.83770751953125,188.1854705810547,126.51966857910156,4.055591583251953,93.33145141601562,14.855999946594238,221.48452758789062,56.00531005859375
2019-06-28,47.43086242675781,94.68150329589844,24.293025970458984,24.73065757751465,240.5464324951172,53.734004974365234,177.6504364013672,93.33641052246094,255.14608764648438,191.6611785888672,126.34049987792969,4.080438137054443,93.22090148925781,14.897333145141602,219.38963317871094,56.6036262512207
2019-07-01,48.300777435302734,96.1094970703125,25.347078323364258,25.08882713317871,239.9001007080078,54.587554931640625,179.62364196777344,94.90591430664062,257.306640625,191.6611785888672,127.9626235961914,4.128640651702881,93.93505859375,15.14466667175293,218.1578826904297,56.551918029785156
2019-07-02,48.583560943603516,96.71549987792969,24.92343521118164,24.858577728271484,241.64779663085938,55.21282958984375,179.50408935546875,95.0061264038086,260.971923828125,193.64732360839844,128.81143188476562,4.030747413635254,94.7767333984375,14.970000267028809,219.35366821289062,55.93143844604492
2019-07-03,48.986167907714844,96.94999694824219,24.04238510131836,24.773298263549805,244.988525390625,55.72843551635742,181.1783447265625,94.85477447509766,263.3927307128906,195.83204650878906,129.6414337158203,4.043667316436768,96.98715209960938,15.65999984741211,220.4685516357422,56.463287353515625
2019-07-05,48.943023681640625,97.14550018310547,23.85419273376465,24.952383041381836,244.1782684326172,56.208797454833984,180.6316375732422,95.41809844970703,262.4862060546875,195.03759765625,129.2642059326172,3.981055498123169,96.19651794433594,15.539999961853027,222.06895446777344,56.23429489135742
2019-07-08,47.93413162231445,97.61599731445312,23.20437240600586,24.901216506958008,245.22509765625,55.42076110839844,181.87022399902344,94.89680480957031,261.92596435546875,194.4020233154297,129.1698455810547,3.906020402908325,96.96165466308594,15.355999946594238,222.8331756591797,56.492828369140625
2019-07-09,48.22649383544922,99.41500091552734,23.252471923828125,25.02913475036621,245.74400329589844,55.792945861816406,181.09291076660156,95.30036163330078,263.9636535644531,197.82810974121094,128.69827270507812,3.9085047245025635,95.99247741699219,15.337332725524902,221.17881774902344,56.45590591430664
2019-07-10,48.70338439941406,100.87049865722656,23.16555404663086,24.747718811035156,247.0638427734375,56.617713928222656,180.02513122558594,95.0229263305664,265.9337158203125,201.3236846923828,130.00924682617188,3.9768319129943848,96.70661926269531,15.928000450134277,222.50950622558594,57.2536506652832
2019-07-11,48.34870910644531,100.05349731445312,23.297204971313477,25.037662506103516,251.72434997558594,56.7750244140625,182.8355255126953,95.93095397949219,268.7728576660156,199.83409118652344,130.5279541015625,4.131371974945068,97.24220275878906,15.90666675567627,234.80923461914062,57.2979736328125
2019-07-12,48.72016143798828,100.55000305175781,24.084577560424805,25.11441421508789,254.36415100097656,56.83755111694336,186.4146270751953,96.9398422241211,269.9509582519531,203.44882202148438,130.99945068359375,4.1644182205200195,97.76081848144531,16.338666915893555,239.07093811035156,57.342288970947266
2019-07-15,49.17789077758789,101.04949951171875,24.333534240722656,24.918277740478516,255.4018096923828,57.094112396240234,186.81613159179688,95.7628173828125,269.7867736816406,202.49554443359375,130.99945068359375,4.155967712402344,98.1773910522461,16.899999618530273,239.1249237060547,56.93604278564453
2019-07-16,49.00774002075195,100.49500274658203,23.978248596191406,24.72213363647461,255.46556091308594,57.24050521850586,185.5860595703125,96.78852844238281,267.1311340332031,202.42596435546875,129.2830047607422,4.151249408721924,98.52596282958984,16.825332641601562,237.95608520507812,56.086551666259766
2019-07-17,48.73214340209961,99.60150146484375,24.05841636657715,24.892690658569336,256.2939147949219,56.90703201293945,184.17662048339844,95.83846282958984,265.8371276855469,200.40016174316406,128.51907348632812,4.216594219207764,98.5684585571289,16.99066734313965,239.74525451660156,55.75417709350586
2019-07-18,49.285728454589844,98.8949966430664,24.455059051513672,25.139999389648438,257.52276611328125,56.93183898925781,183.17718505859375,96.4101791381836,267.28564453125,199.38720703125,128.66053771972656,4.228272438049316,98.7789535522461,16.902666091918945,234.3057098388672,55.28142166137695
2019-07-19,48.550010681152344,98.22599792480469,24.4736270904541,25.0717716217041,256.24847412109375,56.153221130371094,181.98129272460938,95.46011352539062,266.1461181640625,196.9840087890625,128.84915161132812,4.18503999710083,98.4110336303711,17.211999893188477,230.75425720214844,55.3922233581543
2019-07-22,49.65958023071289,99.28150177001953,24.992639541625977,25.21674346923828,255.02874755859375,56.53335189819336,180.46934509277344,96.07388305664062,269.0528869628906,200.91656494140625,130.5562286376953,4.256595611572266,98.6591796875,17.045333862304688,229.55841064453125,55.451332092285156
2019-07-23,50.04780197143555,99.72450256347656,25.383371353149414,25.796640396118164,254.96499633789062,56.97203063964844,182.01547241210938,97.8310546875,269.4004211425781,200.9562530517578,131.36729431152344,4.36442756652832,97.41844940185547,17.344667434692383,229.2797393798828,55.67290115356445
2019-07-24,50.00706100463867,100.04049682617188,25.635704040527344,26.154804229736328,255.62948608398438,56.55915069580078,183.40780639648438,98.22622680664062,270.6366271972656,203.24032592773438,132.71595764160156,4.438963890075684,96.34886932373047,17.658666610717773,225.79124450683594,55.66553497314453
2019-07-25,49.61165237426758,98.69100189208984,25.350454330444336,25.873390197753906,254.69186401367188,56.37107467651367,184.12533569335938,97.28456115722656,269.7674865722656,199.31771850585938,132.21612548828125,4.3077778816223145,96.49431610107422,15.254667282104492,223.60643005371094,55.3479118347168
2019-07-26,49.78419876098633,97.15249633789062,25.395185470581055,26.240089416503906,256.12103271484375,61.794105529785156,185.287109375,97.71337127685547,272.39422607421875,198.36434936523438,133.3007354736328,4.349768161773682,98.17144775390625,15.202667236328125,227.41859436035156,55.2592658996582
2019-07-29,50.24910354614258,95.62249755859375,25.464385986328125,26.02689552307129,254.99221801757812,61.62636947631836,186.25233459472656,97.40229034423828,271.78582763671875,194.58078002929688,133.00833129882812,4.343557834625244,99.25814056396484,15.718000411987305,228.20982360839844,55.6507568359375
2019-07-30,50.033424377441406,94.92649841308594,25.280405044555664,26.342416763305664,254.41880798339844,60.93955612182617,185.67149353027344,97.18367004394531,268.6183166503906,195.67312622070312,132.36705017089844,4.359210014343262,103.03167724609375,16.150667190551758,229.2078094482422,55.65813446044922
2019-07-31,51.05431365966797,93.33899688720703,24.4727840423584,26.163331985473633,250.89599609375,60.45323181152344,182.5365447998047,97.52838897705078,262.93035888671875,192.8826446533203,128.51907348632812,4.191996097564697,101.00372314453125,16.107332229614258,223.88514709472656,54.92686080932617
2019-08-01,49.949546813964844,92.76599884033203,24.080364227294922,25.148530960083008,249.9311981201172,60.1346435546875,181.8018798828125,94.95567321777344,264.7554931640625,191.39305114746094,130.20729064941406,4.09758186340332,99.8827896118164,15.59000015258789,224.10096740722656,53.52341842651367
2019-08-02,48.892704010009766,91.16200256347656,23.50564956665039,25.054718017578125,248.0469512939453,59.3674430847168,181.22100830078125,94.94725036621094,260.2070617675781,187.7088165283203,129.11325073242188,4.004904747009277,99.63465118408203,15.62266731262207,224.8201904296875,52.99895477294922
2019-08-05,46.333282470703125,88.25650024414062,22.58831787109375,23.946102142333984,241.31103515625,57.30451965332031,175.06216430664062,92.12229919433594,248.02960205078125,180.46934509277344,124.69002532958984,3.7465102672576904,96.75959777832031,15.221332550048828,220.3336944580078,51.913124084472656
2019-08-06,47.21039581298828,89.3915023803711,22.4853572845459,24.23604965209961,245.1431884765625,58.11490249633789,178.35943603515625,92.8453598022461,255.6006317138672,183.23007202148438,127.02894592285156,3.785269021987915,97.78639221191406,15.383333206176758,223.22877502441406,52.4154167175293
2019-08-07,47.69927215576172,89.66999816894531,22.790006637573242,23.78407096862793,249.6854705810547,58.35458755493164,177.59918212890625,90.82752990722656,260.0718688964844,183.8656463623047,127.58535766601562,3.8235321044921875,98.847412109375,15.561332702636719,221.5834503173828,52.075645446777344
2019-08-08,48.75130844116211,91.64450073242188,22.868492126464844,24.20193862915039,250.14053344726562,59.85723876953125,180.72561645507812,92.36611938476562,268.50244140625,188.84088134765625,130.99005126953125,3.9321088790893555,100.4903335571289,15.886667251586914,222.6353759765625,53.464317321777344
2019-08-09,48.349586486816406,90.37899780273438,23.269351959228516,24.159299850463867,249.35768127441406,58.99921798706055,179.40159606933594,92.26522064208984,265.5184326171875,186.5469207763672,129.87718200683594,3.830737590789795,99.92556762695312,15.667332649230957,223.54347229003906,52.32676315307617
2019-08-12,48.22690200805664,89.24600219726562,23.26175308227539,23.570878982543945,246.96376037597656,58.28461837768555,176.8303985595703,90.53326416015625,260.73809814453125,184.08412170410156,128.06637573242188,3.762909173965454,99.28382110595703,15.267333030700684,218.66136169433594,52.072505950927734
2019-08-13,50.26923751831055,91.21700286865234,23.941959381103516,23.639102935791016,251.46958923339844,59.387779235839844,177.95794677734375,91.92891693115234,265.1127624511719,187.1427459716797,130.71656799316406,3.877199411392212,100.32772827148438,15.666666984558105,224.07394409179688,52.71564865112305
2019-08-14,48.77295684814453,88.14800262451172,22.917442321777344,22.530488967895508,244.08731079101562,57.77596664428711,172.20057678222656,88.11189270019531,257.9859619140625,178.46337890625,126.78008270263672,3.7286217212677,99.07845306396484,14.641332626342773,218.66136169433594,50.59178161621094
2019-08-15,48.530006408691406,88.80599975585938,22.671016693115234,22.38551139831543,247.15487670898438,58.02756118774414,172.3714141845703,88.44815063476562,262.56341552734375,181.32339477539062,126.49620056152344,3.696321487426758,100.44754791259766,14.37600040435791,219.6053924560547,50.29262924194336
2019-08-16,49.6750602722168,89.62850189208984,23.104799270629883,23.050682067871094,249.50343322753906,58.518348693847656,173.96026611328125,90.56690216064453,264.9486389160156,182.42568969726562,128.81459045410156,3.9644083976745605,101.97917938232422,14.662667274475098,220.90013122558594,51.0778694152832
2019-08-19,50.601200103759766,90.80599975585938,23.526748657226562,23.255348205566406,250.87786865234375,59.5718879699707,177.6333465576172,91.3824234008789,268.5313720703125,184.87857055664062,130.9720916748047,4.2431793212890625,102.88619995117188,15.121999740600586,220.01901245117188,51.93789291381836
2019-08-20,50.603599548339844,90.06900024414062,23.660940170288086,22.786319732666016,248.4747772216797,58.73273468017578,185.44081115722656,90.22218322753906,267.5366516113281,182.53494262695312,129.88381958007812,4.170878887176514,101.73960876464844,15.057332992553711,215.9281005859375,51.62378692626953
2019-08-21,51.1520881652832,91.177001953125,24.262645721435547,22.965404510498047,250.9415740966797,59.1322135925293,188.26829528808594,90.47439575195312,272.3362121582031,182.27674865722656,131.33160400390625,4.254360198974609,101.9963150024414,14.722000122070312,216.09893798828125,52.13981246948242
2019-08-22,51.1087760925293,90.23300170898438,24.27277183532715,23.1871280670166,254.80113220214844,59.12923812866211,188.7978973388672,91.40766143798828,271.1388244628906,180.77719116210938,130.3759307861328,4.260571002960205,102.18455505371094,14.8100004196167,209.4365692138672,52.02763366699219
2019-08-23,48.74649429321289,87.48100280761719,22.965545654296875,22.5731258392334,249.42147827148438,57.2464599609375,185.76544189453125,89.13758850097656,262.56341552734375,176.5169677734375,126.22183227539062,4.035964012145996,100.38764190673828,14.09333324432373,207.38661193847656,50.47212219238281
2019-08-26,49.67265319824219,88.44349670410156,23.395097732543945,22.837482452392578,253.4720458984375,58.1198616027832,186.77342224121094,89.85223388671875,266.94769287109375,179.10887145996094,128.17111206054688,4.110750198364258,102.09898376464844,14.333333015441895,207.76425170898438,50.7413444519043
2019-08-27,49.112159729003906,88.09149932861328,23.255849838256836,22.5731258392334,266.1430969238281,58.10199737548828,186.39755249023438,88.90217590332031,267.1505126953125,180.04234313964844,128.44552612304688,4.020063400268555,103.1514663696289,14.272000312805176,200.43653869628906,50.24775695800781
2019-08-28,49.44171905517578,88.2125015258789,23.297204971313477,22.897180557250977,268.0635681152344,58.24739456176758,189.59231567382812,89.79338836669922,268.6955871582031,180.4991455078125,128.2751922607422,4.009617328643799,103.8787841796875,14.37266731262207,204.41061401367188,50.614219665527344
2019-08-29,50.27885437011719,89.31999969482422,23.914108276367188,23.306514739990234,270.55413818359375,59.264217376708984,194.179443359375,91.82801055908203,271.7279052734375,184.28274536132812,130.6976318359375,4.153369903564453,103.6905517578125,14.780667304992676,207.3506317138672,51.175106048583984
2019-08-30,50.21390151977539,88.81449890136719,23.85249900817871,23.460018157958984,268.9029846191406,59.080108642578125,194.68344116210938,92.36611938476562,271.7181091308594,184.3820343017578,130.4515838623047,4.166052341461182,102.87764739990234,15.040666580200195,210.38961791992188,51.21249771118164
2019-09-03,49.482608795166016,89.49199676513672,23.127580642700195,23.06773567199707,266.43072509765625,58.03897476196289,191.4032745361328,91.27313995361328,270.5014953613281,181.1248016357422,128.72943115234375,4.082985877990723,103.84456634521484,15.000666618347168,207.3506317138672,51.27231216430664
2019-09-04,50.32215118408203,90.03099822998047,23.884572982788086,23.442960739135742,270.1436462402344,58.67020034790039,192.6408233642578,92.37451171875,276.2859191894531,185.84185791015625,130.23399353027344,4.197141170501709,105.42755126953125,14.711999893188477,203.85316467285156,51.8182373046875
2019-09-05,51.306026458740234,92.03600311279297,24.559707641601562,24.13827133178711,270.9190368652344,60.15498352050781,196.0785369873047,94.47642517089844,282.0606994628906,189.5757293701172,132.52391052246094,4.470218658447266,105.04251861572266,15.305333137512207,206.42459106445312,52.55112838745117
2019-09-06,51.30122756958008,91.67549896240234,24.634815216064453,23.803491592407227,277.1134948730469,59.86368942260742,198.63967895507812,94.67822265625,281.3848571777344,186.1894073486328,131.62496948242188,4.443108558654785,105.13663482666016,15.16333293914795,205.89414978027344,53.044700622558594
2019-09-09,51.5201301574707,91.56749725341797,24.69388771057129,24.576051712036133,272.77105712890625,59.811580657958984,200.13504028320312,97.02394104003906,273.63995361328125,187.45059204101562,130.1299285888672,4.489120006561279,104.53765869140625,15.452667236328125,207.4046173095703,53.463497161865234
2019-09-10,52.128746032714844,91.02749633789062,24.848323822021484,25.194103240966797,270.9465026855469,59.83292007446289,200.2467803955078,98.2598648071289,262.98828125,184.87857055664062,128.76727294921875,4.555774211883545,102.57815551757812,15.702667236328125,209.0050506591797,53.89725112915039
2019-09-11,53.78616714477539,91.14949798583984,25.149606704711914,25.288522720336914,265.19000244140625,60.54255676269531,199.95457458496094,98.52890014648438,260.68994140625,187.18247985839844,128.80508422851562,4.584372520446777,103.76753234863281,16.47333335876465,210.57846069335938,53.792545318603516
2019-09-12,53.665889739990234,92.17749786376953,25.36649513244629,25.468786239624023,264.4601745605469,61.28544616699219,200.9342803955078,99.13426208496094,266.9186706542969,186.16954040527344,130.1299285888672,4.582881927490234,105.05106353759766,16.391332626342773,206.8831787109375,53.829952239990234
2019-09-13,52.62188720703125,91.96700286865234,24.50063133239746,25.897991180419922,266.2937927246094,61.53654479980469,201.08900451660156,101.08483123779297,266.8414001464844,185.8914794921875,129.94061279296875,4.524933815002441,104.49488067626953,16.34666633605957,211.0294952392578,54.32353210449219
2019-09-16,52.89851760864258,90.39199829101562,24.360544204711914,25.863651275634766,263.36541748046875,61.119693756103516,198.51930236816406,100.1852035522461,264.6781921386719,184.92822265625,129.0038299560547,4.481907844543457,102.46693420410156,16.187332153320312,211.77020263671875,55.13867950439453
2019-09-17,53.090972900390625,91.12750244140625,24.374887466430664,25.700563430786133,265.846923828125,61.03285217285156,197.8489532470703,99.68917083740234,266.77386474609375,186.77529907226562,130.00686645507812,4.503296375274658,103.67344665527344,16.319332122802734,210.04483032226562,54.71987533569336
2019-09-18,53.58892059326172,90.87300109863281,24.282899856567383,25.752063751220703,266.77740478515625,61.17031478881836,198.38180541992188,100.68966674804688,265.6633605957031,186.83489990234375,131.07614135742188,4.476187705993652,103.88734436035156,16.232667922973633,208.3194580078125,54.458152770996094
2019-09-19,53.153499603271484,91.07499694824219,24.52763557434082,25.597549438476562,262.5808410644531,61.473026275634766,196.05276489257812,100.37016296386719,266.4454650878906,188.8209991455078,133.48910522460938,4.400582313537598,104.30662536621094,16.440000534057617,210.3429718017578,54.09169387817383
2019-09-20,52.37650680541992,89.70800018310547,24.2099552154541,25.400114059448242,261.2398681640625,61.0308723449707,193.0877685546875,99.96659088134766,261.86810302734375,188.6125030517578,131.94668579101562,4.2948832511901855,104.59757995605469,16.041332244873047,210.3790740966797,53.90474319458008
2019-09-23,52.614662170410156,89.26499938964844,24.312158584594727,25.340030670166016,262.3436584472656,61.271549224853516,194.4456024169922,99.94977569580078,263.78009033203125,185.52406311035156,131.66281127929688,4.348353862762451,105.43611907958984,16.082000732421875,206.65731811523438,53.94212341308594
2019-09-24,52.36447525024414,87.08049774169922,24.043880462646484,24.842159271240234,262.6539306640625,60.459686279296875,193.72373962402344,98.64661407470703,261.81976318359375,180.02247619628906,129.99737548828125,4.290902614593506,105.76982116699219,14.880666732788086,203.25172424316406,53.201751708984375
2019-09-25,53.17034912109375,88.41649627685547,23.48687744140625,25.108261108398438,263.2012634277344,61.82982635498047,196.03561401367188,99.20990753173828,263.39385986328125,181.53192138671875,131.87100219726562,4.432664394378662,105.26497650146484,15.24666690826416,200.69522094726562,53.35881042480469
2019-09-26,52.896114349365234,86.99199676513672,23.583974838256836,25.005252838134766,262.97314453125,61.64870071411133,197.488037109375,98.39437866210938,264.4947509765625,178.860595703125,132.04132080078125,4.410529613494873,106.36880493164062,16.17066764831543,194.65188598632812,53.074623107910156
2019-09-27,52.638729095458984,86.27249908447266,23.34805679321289,25.194103240966797,260.8657531738281,60.83782958984375,197.54815673828125,98.9744873046875,259.8981018066406,175.87149047851562,130.3285675048828,4.271752834320068,106.59127044677734,16.142000198364258,194.45315551757812,53.45603561401367
2019-09-30,53.877593994140625,86.79550170898438,23.512426376342773,25.039588928222656,262.83624267578125,60.59912872314453,199.40452575683594,98.94927215576172,262.2543640136719,176.84469604492188,131.55874633789062,4.329203128814697,106.42869567871094,16.058000564575195,196.31407165527344,52.80541229248047
2019-10-01,54.02672576904297,86.78250122070312,23.408523559570312,24.412952423095703,259.0229187011719,59.84780502319336,198.5966796875,97.15006256103516,261.64593505859375,174.59043884277344,129.70404052734375,4.3274617195129395,105.97518920898438,16.312667846679688,196.21469116210938,51.563968658447266
2019-10-02,52.672401428222656,85.6614990234375,23.001422882080078,23.89791488647461,260.0994873046875,58.4543342590332,193.843994140625,95.21629333496094,255.4075469970703,173.38882446289062,127.41413879394531,4.303586959838867,103.60498046875,16.208667755126953,195.79913330078125,50.21784973144531
2019-10-03,53.11982727050781,86.22100067138672,23.372753143310547,23.872163772583008,263.64825439453125,59.02552032470703,194.92694091796875,95.08070373535156,259.0868225097656,178.1356658935547,128.9564971923828,4.509264945983887,104.16971588134766,15.535332679748535,194.5435028076172,50.838558197021484
2019-10-04,54.60888671875,86.98249816894531,23.968931198120117,24.35287094116211,266.0839538574219,60.09394836425781,195.8894500732422,97.14012908935547,264.65887451171875,179.1982421875,130.6976318359375,4.5256781578063965,106.10353088378906,15.428667068481445,198.55430603027344,51.57892608642578
2019-10-07,54.620906829833984,86.63300323486328,23.513282775878906,24.301366806030273,267.6713562011719,59.95946502685547,194.8667449951172,96.9282455444336,262.8531494140625,178.43357849121094,129.75140380859375,4.584372520446777,105.11094665527344,15.847999572753906,199.85516357421875,50.868473052978516
2019-10-08,53.981021881103516,85.27549743652344,23.023563385009766,23.717647552490234,266.28472900390625,59.06025314331055,194.80657958984375,94.76714324951172,258.22174072265625,176.5169677734375,128.37928771972656,4.407793998718262,103.47660827636719,16.003332138061523,198.83433532714844,49.88132095336914
2019-10-09,54.613685607910156,86.09950256347656,23.26374053955078,23.94083023071289,270.8551940917969,59.669151306152344,196.75747680664062,95.45360565185547,263.22052001953125,178.60244750976562,130.81117248535156,4.4943437576293945,104.3750991821289,16.302000045776367,200.61398315429688,50.43473815917969
2019-10-10,55.349796295166016,86.01300048828125,23.37445640563965,24.421541213989258,271.0742492675781,60.02000427246094,199.05213928222656,96.79265594482422,264.7578430175781,178.78114318847656,131.62496948242188,4.5520429611206055,104.34085083007812,16.31599998474121,202.10446166992188,51.04048156738281
2019-10-11,56.822021484375,86.59600067138672,23.92464256286621,24.81640625,271.4937438964844,60.32966232299805,201.6734161376953,98.42829895019531,266.7688903808594,182.91229248046875,132.1737823486328,4.625659465789795,103.61355590820312,16.525999069213867,200.60488891601562,51.586421966552734
2019-10-14,56.74021911621094,86.82150268554688,23.988515853881836,25.013837814331055,271.4208068847656,60.4318962097168,201.26089477539062,98.6910400390625,267.2232666015625,182.00860595703125,132.05079650878906,4.639089584350586,102.72364044189453,17.130666732788086,199.26797485351562,51.735984802246094
2019-10-15,56.607913970947266,88.36900329589844,24.726078033447266,25.52029037475586,272.21453857421875,61.64622116088867,202.49842834472656,101.66576385498047,269.3310241699219,187.57969665527344,133.96226501464844,4.883814811706543,100.28495788574219,17.19266700744629,215.52809143066406,51.915462493896484
2019-10-16,56.3793830871582,88.87149810791016,24.569366455078125,25.897991180419922,272.5702819824219,61.68393325805664,202.73912048339844,101.428466796875,269.0507507324219,188.23512268066406,132.86456298828125,4.830095291137695,100.56732177734375,17.316667556762695,214.08277893066406,51.02552795410156
2019-10-17,56.59828567504883,89.3740005493164,24.6502742767334,25.97524642944336,275.8728332519531,62.17026138305664,203.48680114746094,101.99626922607422,267.34906005859375,189.0692901611328,132.18328857421875,4.832084655761719,100.43470764160156,17.46466636657715,220.1170654296875,50.958213806152344
2019-10-18,56.8701057434082,87.87550354003906,24.420326232910156,26.052505493164062,276.29241943359375,61.753902435302734,204.48373413085938,102.17427062988281,261.663818359375,184.56080627441406,130.02581787109375,4.737576007843018,101.15807342529297,17.1299991607666,221.6256561279297,50.56187057495117
2019-10-21,57.85640335083008,89.28299713134766,24.662199020385742,26.627635955810547,274.66851806640625,61.74745559692383,203.42665100097656,104.70828247070312,265.2123107910156,188.4436798095703,130.99095153808594,4.874860763549805,102.54450988769531,16.899999618530273,220.34291076660156,51.40692138671875
2019-10-22,57.72410583496094,88.2864990234375,24.48249626159668,26.782146453857422,273.6559143066406,61.594608306884766,203.85633850097656,105.75916290283203,252.60423278808594,181.07513427734375,129.04164123535156,4.864914417266846,105.21402740478516,17.038667678833008,225.36553955078125,51.66866683959961
2019-10-23,58.498695373535156,88.1084976196289,23.874391555786133,26.970998764038086,271.2384033203125,62.409950256347656,201.68202209472656,106.03882598876953,252.2078857421875,184.8586883544922,129.8649444580078,4.851980686187744,105.92018127441406,16.978666305541992,223.847900390625,52.16224670410156
2019-10-24,58.594913482666016,89.03900146484375,24.043880462646484,26.919492721557617,270.99200439453125,62.483394622802734,201.01165771484375,105.96253967285156,259.8461608886719,185.08709716796875,132.41983032226562,4.896001815795898,107.46161651611328,19.978666305541992,220.87588500976562,51.66866683959961
2019-10-25,59.316593170166016,88.06649780273438,24.683490753173828,27.228511810302734,270.4903869628906,62.74095153808594,201.43280029296875,106.81005859375,261.2383728027344,186.58663940429688,133.16732788085938,5.08700704574585,106.13545989990234,21.875333786010742,221.2372283935547,51.78833770751953
2019-10-28,59.9107666015625,88.85399627685547,24.830839157104492,27.331520080566406,272.7162780761719,63.965694427490234,203.5125732421875,107.21685791015625,266.7881774902344,188.08616638183594,136.44143676757812,5.142965316772461,106.33352661132812,21.847333908081055,223.1703643798828,51.33213424682617
2019-10-29,58.52516174316406,88.135498046875,24.542112350463867,27.528955459594727,269.90643310546875,62.56031036376953,201.2265167236328,107.14907836914062,265.20257568359375,187.99679565429688,135.1544952392578,5.046716690063477,106.43684387207031,21.08133316040039,227.9038848876953,51.18257522583008
2019-10-30,58.5179328918457,88.99949645996094,24.71926498413086,27.142677307128906,273.5373229980469,62.56230163574219,203.03134155273438,106.5558090209961,267.9678039550781,186.9441375732422,136.8388671875,5.0487060546875,107.59080505371094,21.000667572021484,230.1712646484375,50.64411926269531
2019-10-31,59.84099578857422,88.83300018310547,24.94155502319336,26.84223747253418,271.6356201171875,62.46800994873047,201.60467529296875,105.86935424804688,267.6390380859375,190.32054138183594,135.66549682617188,4.999462127685547,107.22049713134766,20.994667053222656,228.2742462158203,50.53194808959961
2019-11-01,61.539329528808594,89.5719985961914,25.260086059570312,27.297183990478516,270.7030944824219,63.13546371459961,203.97666931152344,108.31011962890625,269.8049011230469,192.27688598632812,135.99667358398438,5.038509368896484,106.66937255859375,20.887332916259766,227.83155822753906,52.05007553100586
2019-11-04,61.94347381591797,90.23300170898438,25.976348876953125,27.812231063842773,271.3704528808594,63.996952056884766,201.89683532714844,109.1745834350586,267.17498779296875,193.36924743652344,136.78207397460938,5.23523473739624,102.535888671875,21.1646671295166,226.96441650390625,53.59811782836914
2019-11-05,61.854469299316406,90.08550262451172,26.746273040771484,28.172754287719727,273.52813720703125,64.08777618408203,199.55918884277344,109.41189575195312,260.0877990722656,192.9720458984375,136.69691467285156,5.213101387023926,102.38951110839844,21.148000717163086,226.10621643066406,54.6600456237793
2019-11-06,61.88092803955078,89.78849792480469,26.671329498291016,28.147003173828125,275.7132568359375,64.0664291381836,201.11477661132812,109.58139038085938,260.9193115234375,190.22125244140625,136.3184356689453,5.163855075836182,103.61231994628906,21.77199935913086,226.30494689941406,53.463497161865234
2019-11-07,62.595115661621094,89.41000366210938,26.550382614135742,28.524703979492188,279.0411071777344,64.8569564819336,200.19520568847656,110.17462921142578,263.7523193359375,189.09909057617188,136.50765991210938,5.181515216827393,103.009521484375,22.369333267211914,231.6708221435547,54.60023880004883
2019-11-08,62.76643371582031,89.29399871826172,26.69261360168457,28.550457000732422,276.6733093261719,64.95918273925781,200.10923767089844,110.49669647216797,265.78271484375,189.5161895751953,138.11634826660156,5.167586326599121,103.07840728759766,22.47599983215332,232.13148498535156,53.56332015991211
2019-11-11,63.26345443725586,88.5824966430664,26.636402130126953,28.481781005859375,275.0458679199219,64.42720031738281,199.21548461914062,110.10682678222656,267.8227844238281,188.29469299316406,138.2582550048828,5.177535057067871,102.7597885131836,23.006000518798828,229.52987670898438,53.23786926269531
2019-11-12,63.20553970336914,88.9000015258789,26.873172760009766,28.404523849487305,274.7349853515625,64.37409973144531,200.34986877441406,109.46273803710938,267.95819091796875,193.12098693847656,139.1667022705078,5.213101387023926,102.70809936523438,23.32866668701172,230.5777587890625,52.503719329833984
2019-11-13,63.81114959716797,87.65550231933594,26.71476173400879,28.147003173828125,276.9292297363281,64.32299041748047,201.79371643066406,108.88642883300781,268.8573913574219,191.84988403320312,139.3937530517578,5.187232971191406,103.89649963378906,23.073999404907227,229.06011962890625,52.072296142578125
2019-11-14,63.36962127685547,87.7300033569336,26.31446647644043,28.06974983215332,278.474365234375,64.96663665771484,203.29774475097656,108.9881362915039,270.3656921386719,191.81016540527344,140.10345458984375,5.217575550079346,103.7673110961914,23.290000915527344,231.1016845703125,51.845245361328125
2019-11-15,64.12242889404297,86.97450256347656,26.6500301361084,28.26717758178711,277.6239929199219,66.17699432373047,203.93370056152344,109.77631378173828,271.4776306152344,193.74664306640625,141.9108428955078,5.078301906585693,103.80177307128906,23.47800064086914,243.36009216308594,52.36747741699219
2019-11-18,64.44573211669922,87.62650299072266,26.493322372436523,28.292932510375977,278.42864990234375,65.49711608886719,205.27439880371094,110.70008087158203,271.5549011230469,196.03065490722656,142.26095581054688,5.279502868652344,104.96432495117188,23.332666397094727,246.54885864257812,51.86037063598633
2019-11-19,64.25028228759766,87.6395034790039,27.057987213134766,28.27576446533203,276.32574462890625,65.13734436035156,194.1104278564453,110.66617584228516,275.8574523925781,197.93734741210938,142.30824279785156,5.172810077667236,104.55956268310547,23.968000411987305,247.72317504882812,51.330570220947266
2019-11-20,63.50232696533203,87.27649688720703,26.54442024230957,28.0611629486084,274.79901123046875,64.6048583984375,189.84764099121094,109.8610610961914,275.9252624511719,196.13987731933594,142.06141662597656,5.252146244049072,105.30876922607422,23.481332778930664,248.92465209960938,51.48952102661133
2019-11-21,63.217620849609375,86.7354965209961,26.849327087402344,28.189926147460938,274.52471923828125,64.51950073242188,187.81939697265625,110.11529541015625,275.0260009765625,196.55699157714844,141.92848205566406,5.227275371551514,103.62954711914062,23.655332565307617,249.81890869140625,52.73076248168945
2019-11-22,63.16210174560547,87.28600311279297,26.82122039794922,28.481781005859375,273.6470947265625,64.19843292236328,187.38113403320312,110.8441390991211,273.2083435058594,197.44081115722656,142.03286743164062,5.244933605194092,103.58647155761719,22.202667236328125,250.08090209960938,52.503719329833984
2019-11-25,64.26959228515625,88.69200134277344,27.221513748168945,28.730722427368164,273.4092712402344,64.79244995117188,187.6990966796875,111.43739318847656,278.0813293457031,198.40408325195312,143.590087890625,5.5015974044799805,103.77593994140625,22.422666549682617,255.3474578857422,52.15555953979492
2019-11-26,63.767723083496094,89.84700012207031,26.93619728088379,28.627704620361328,275.41156005859375,65.15768432617188,189.7273406982422,111.58992767333984,279.79266357421875,197.58978271484375,144.3496551513672,5.396892070770264,105.28292083740234,21.92799949645996,254.2001953125,52.02688217163086
2019-11-27,64.62425994873047,90.92549896240234,27.12101173400879,28.68779754638672,274.9728088378906,65.11450958251953,191.6525115966797,111.92045593261719,282.0359191894531,200.5987548828125,144.62503051757812,5.431736469268799,104.85235595703125,22.086000442504883,253.5406951904297,51.996604919433594
2019-11-29,64.4819107055664,90.04000091552734,26.93108558654785,28.601959228515625,274.1041564941406,64.71552276611328,189.51251220703125,111.66619873046875,282.5482177734375,200.24127197265625,143.73251342773438,5.39440393447876,105.11070251464844,21.996000289916992,252.81797790527344,51.56520462036133
2019-12-02,63.73635482788086,89.08000183105469,26.46351432800293,28.696380615234375,271.8916931152344,63.959739685058594,187.0287322998047,111.42041778564453,276.9790344238281,198.31471252441406,141.99493408203125,5.207986831665039,105.6790542602539,22.32466697692871,252.6283416748047,51.78469467163086
2019-12-03,62.59992980957031,88.49800109863281,26.105804443359375,28.189926147460938,270.31915283203125,64.25153350830078,183.91761779785156,109.98818969726562,277.5785217285156,197.44081115722656,141.76707458496094,5.168412685394287,105.8770980834961,22.413333892822266,250.13514709472656,51.3759765625
2019-12-04,63.152469635009766,88.03450012207031,26.37834358215332,28.456029891967773,271.0962829589844,65.45245361328125,185.18043518066406,112.15776824951172,277.33673095703125,197.3315887451172,142.27978515625,5.212217807769775,107.23771667480469,22.20199966430664,252.32118225097656,51.958778381347656
2019-12-05,64.07896423339844,87.02400207519531,26.503541946411133,28.559600830078125,267.9695129394531,65.85045623779297,184.22901916503906,112.76797485351562,280.2469787597656,197.97708129882812,142.35574340820312,5.1952924728393555,107.31522369384766,22.024667739868164,254.74215698242188,51.77712631225586
2019-12-06,65.3167495727539,87.58000183105469,26.91745376586914,29.0601806640625,269.6609191894531,66.46729278564453,185.33609008789062,114.44601440429688,280.77886962890625,199.6553497314453,144.0838165283203,5.2806620597839355,106.94493865966797,22.392667770385742,254.0801544189453,52.60967254638672
2019-12-09,64.40227508544922,87.47550201416016,26.775236129760742,28.922090530395508,269.8529357910156,66.64593505859375,187.28216552734375,113.91209411621094,279.4832763671875,199.94332885742188,143.7135009765625,5.2806620597839355,107.53048706054688,22.635332107543945,251.67713928222656,52.72322082519531
2019-12-10,64.77867889404297,86.96050262451172,26.833145141601562,28.939359664916992,270.419677734375,66.64098358154297,186.7372589111328,113.98835754394531,279.04815673828125,199.47657775878906,143.49508666992188,5.325710773468018,107.0138168334961,23.256000518798828,253.47259521484375,52.26909637451172
2019-12-11,65.33120727539062,87.43599700927734,27.23002815246582,29.034299850463867,269.98089599609375,66.70846557617188,183.36410522460938,113.71715545654297,280.4404296875,200.85694885253906,144.03631591796875,5.409336566925049,107.34965515136719,23.51333236694336,254.3612518310547,52.19340515136719
2019-12-12,65.49768829345703,88.0165023803711,27.918193817138672,29.931909561157227,271.845947265625,66.91888427734375,183.39869689941406,116.9715576171875,282.5289001464844,195.38516235351562,145.49851989746094,5.57683801651001,107.27215576171875,23.978666305541992,257.18145751953125,53.23786926269531
2019-12-13,66.38803100585938,88.0469970703125,26.863805770874023,29.72477149963379,266.8448791503906,66.83849334716797,185.16307067871094,115.9460678100586,286.28033447265625,192.7634735107422,146.7233428955078,5.57484769821167,108.04717254638672,23.892667770385742,258.8772888183594,52.39776611328125
2019-12-16,67.52445220947266,88.46050262451172,27.52045249938965,29.949176788330078,268.3351745605469,67.5248031616211,186.41725158691406,116.39527130126953,287.1214599609375,196.5470428466797,147.67286682128906,5.603716850280762,108.12467956542969,25.433332443237305,264.8168640136719,52.980533599853516
2019-12-17,67.65715026855469,89.53299713134766,27.5775146484375,30.24262809753418,270.2093811035156,67.23648071289062,188.31141662597656,117.10712432861328,286.1933288574219,197.01380920410156,146.87530517578125,5.6818695068359375,107.90939331054688,25.266000747680664,263.4021301269531,52.73834228515625
2019-12-18,67.4955062866211,89.20149993896484,27.88753318786621,30.30303382873535,266.8448791503906,67.08859252929688,188.5536346435547,116.98847961425781,284.97503662109375,201.09527587890625,146.57142639160156,5.712233066558838,106.7899169921875,26.209999084472656,265.60589599609375,52.88214874267578
2019-12-19,67.56305694580078,89.61399841308594,27.603063583374023,30.164939880371094,268.5271301269531,67.31340026855469,190.47373962402344,116.40375518798828,287.6726379394531,204.63058471679688,147.84376525878906,5.86032247543335,107.57354736328125,26.93600082397461,267.1654968261719,52.51884460449219
2019-12-20,67.42310333251953,89.32499694824219,27.443906784057617,30.173572540283203,269.5511779785156,67.05435180664062,191.312744140625,116.31048583984375,288.67816162109375,204.86892700195312,149.4578399658203,5.957638263702393,107.95247650146484,27.03933334350586,265.3246765136719,52.935123443603516
2019-12-23,68.52335357666016,89.6500015258789,27.489501953125,30.354825973510742,268.1614685058594,67.02507781982422,189.60020446777344,116.276611328125,287.4212646484375,204.74974060058594,149.4578399658203,5.943947792053223,107.55635070800781,27.947999954223633,267.5916442871094,53.20002365112305
2019-12-24,68.58848571777344,89.46050262451172,27.572954177856445,30.397979736328125,269.0025939941406,66.7174072265625,190.86297607421875,116.59867095947266,287.62432861328125,203.6970977783203,149.4293975830078,5.938970565795898,107.83190155029297,28.350000381469727,267.0929870605469,52.99568557739258
2019-12-26,69.94928741455078,93.4384994506836,27.356155395507812,30.656906127929688,270.37396240234375,67.61263275146484,190.9927215576172,117.83600616455078,289.2873229980469,206.34857177734375,150.65420532226562,5.953157901763916,107.83190155029297,28.729333877563477,268.0994873046875,53.07893371582031
2019-12-27,69.92277526855469,93.48999786376953,27.231414794921875,30.510177612304688,268.8928527832031,67.22407531738281,190.2575225830078,117.92073059082031,290.7762451171875,206.6564483642578,150.9296112060547,5.895415782928467,108.58110046386719,28.691999435424805,268.38970947265625,52.897281646728516
2019-12-30,70.3377685546875,92.34449768066406,26.9672908782959,30.337562561035156,269.8345642089844,66.48316192626953,187.9568328857422,117.48848724365234,287.8563537597656,202.9920196533203,149.62876892089844,5.782169818878174,107.1860580444336,27.64666748046875,266.4672546386719,52.586971282958984
2019-12-31,70.8516845703125,92.39199829101562,27.18753433227539,30.397979736328125,268.7191467285156,66.46729278564453,188.8822784423828,118.14106750488281,288.697509765625,203.8262176513672,149.7332305908203,5.8563408851623535,107.55635070800781,27.8886661529541,266.5851135253906,52.81403350830078
2020-01-02,72.46826171875,94.90049743652344,27.73555564880371,30.760473251342773,266.49755859375,67.92081451416016,189.98939514160156,119.57335662841797,293.3385009765625,208.32479858398438,152.5056915283203,5.971076488494873,106.27324676513672,28.68400001525879,265.2430419921875,53.661712646484375
2020-01-03,71.76374053955078,93.74849700927734,27.03009796142578,30.121788024902344,266.717041015625,67.56548309326172,189.3579864501953,117.99542999267578,290.4765319824219,207.22247314453125,150.60675048828125,5.875504016876221,105.5584945678711,29.534000396728516,262.55889892578125,53.23030471801758
2020-01-06,72.3355712890625,95.14399719238281,26.98966407775879,30.07862663269043,266.7900695800781,69.36639404296875,190.24888610839844,117.90160369873047,291.2500915527344,211.12522888183594,150.99598693847656,5.900145530700684,105.70491027832031,30.1026668548584,264.381591796875,53.63901138305664
2020-01-07,71.99535369873047,95.34300231933594,26.896751403808594,29.880117416381836,266.3695373535156,69.2323989868164,189.0033721923828,115.8971939086914,290.263916015625,211.58203125,149.61923217773438,5.971575736999512,105.05042266845703,31.270666122436523,262.7856140136719,53.20002365112305
2020-01-08,73.15349578857422,94.59850311279297,26.561227798461914,30.182201385498047,269.4231872558594,69.72517395019531,191.83168029785156,116.80133819580078,295.3854064941406,213.72705078125,152.00241088867188,5.982775688171387,105.49821472167969,32.80933380126953,268.32623291015625,52.39776611328125
2020-01-09,74.70735168457031,95.05249786376953,26.347875595092773,30.233989715576172,273.74761962890625,70.45714569091797,194.77243041992188,117.22779083251953,299.25811767578125,216.7856903076172,153.90142822265625,6.048481464385986,106.65213775634766,32.089332580566406,266.8027648925781,52.79888916015625
2020-01-10,74.8762435913086,94.15799713134766,25.742218017578125,29.98369789123535,271.75445556640625,70.91221618652344,193.93345642089844,116.05928039550781,301.2621765136719,216.54736328125,153.1892852783203,6.080835819244385,106.75547790527344,31.876667022705078,267.6279602050781,52.32962417602539
2020-01-13,76.47593688964844,94.56500244140625,25.91083526611328,30.2598819732666,274.1589660644531,71.46156311035156,193.17233276367188,117.02308654785156,305.17352294921875,220.37063598632812,155.03131103515625,6.271484375,107.53910064697266,34.990665435791016,259.21270751953125,52.829166412353516
2020-01-14,75.4432373046875,93.47200012207031,26.513051986694336,30.484291076660156,274.04931640625,70.99308776855469,192.7139129638672,118.38777160644531,300.7490539550781,217.54042053222656,153.93942260742188,6.1545090675354,107.3755111694336,35.861331939697266,261.3800048828125,52.37504196166992
2020-01-15,75.11992645263672,93.10099792480469,26.079456329345703,29.923280715942383,275.027587890625,71.42037200927734,194.25343322753906,116.6136703491211,304.24407958984375,219.6159210205078,154.9364013671875,6.111948490142822,108.46912384033203,34.56666564941406,268.7887268066406,52.29178237915039
2020-01-16,76.0609359741211,93.89700317382812,26.41584014892578,29.966432571411133,277.048095703125,71.9642562866211,197.91217041015625,117.06573486328125,310.10137939453125,220.2316436767578,157.77528381347656,6.1955742835998535,108.56385803222656,34.232666015625,272.7152404785156,52.087440490722656
2020-01-17,76.90298461914062,93.23600006103516,26.56553840637207,29.957799911499023,278.55657958984375,73.42124938964844,200.58474731445312,117.8759994506836,313.3545227050781,220.59906005859375,158.65835571289062,6.204285144805908,108.85665893554688,34.03333282470703,270.65667724609375,51.890647888183594
2020-01-21,76.38179779052734,94.5999984741211,26.503589630126953,29.569412231445312,286.4009704589844,73.55673217773438,201.48423767089844,116.71601104736328,311.679443359375,219.9038848876953,158.08865356445312,6.170934677124023,108.58110046386719,36.47999954223633,272.524658203125,51.148929595947266
2020-01-22,76.65446472167969,94.37300109863281,26.925142288208008,29.655723571777344,285.14849853515625,73.63711547851562,201.44100952148438,116.57953643798828,313.98370361328125,219.7847442626953,157.3290557861328,6.224943161010742,108.77055358886719,37.97066879272461,272.5791320800781,50.853736877441406
2020-01-23,77.02362060546875,94.22899627685547,27.49983024597168,29.448579788208008,286.0535583496094,73.67780303955078,202.08970642089844,116.46011352539062,314.6324157714844,218.2355499267578,158.29751586914062,6.293386936187744,108.27332305908203,38.14666748046875,271.554443359375,50.53586196899414
2020-01-24,76.8016357421875,93.08200073242188,27.874065399169922,28.947986602783203,283.8868103027344,72.75875091552734,200.66259765625,113.56868743896484,313.3640441894531,216.42819213867188,156.70242309570312,6.234151363372803,108.40325164794922,37.654666900634766,265.5241394042969,50.19527053833008
2020-01-27,74.54328155517578,91.41699981689453,26.586181640625,28.352458953857422,282.9176940917969,71.0496826171875,199.96200561523438,112.6133804321289,305.7156066894531,213.3794708251953,154.0818328857422,5.978294372558594,108.87969970703125,37.201332092285156,257.6166687011719,48.99942398071289
2020-01-28,76.65205383300781,92.6624984741211,27.384546279907227,28.689064025878906,284.1976013183594,71.98113250732422,202.2713623046875,114.66043853759766,310.0723571777344,216.27920532226562,157.10118103027344,6.1716814041137695,109.1742172241211,37.793331146240234,259.23089599609375,48.93130111694336
2020-01-29,78.25656127929688,92.9000015258789,27.315723419189453,28.49054527282715,283.03643798828125,72.28880310058594,202.40972900390625,114.48983001708984,310.1208801269531,221.6814727783203,159.5508575439453,6.11120080947876,108.33396911621094,38.732666015625,256.53759765625,48.52260208129883
2020-01-30,78.14315032958984,93.53399658203125,27.116985321044922,28.89620018005371,282.9358825683594,72.167236328125,201.3458709716797,115.90572357177734,314.1289367675781,208.0764923095703,164.05137634277344,6.117921829223633,109.10491943359375,42.72066879272461,254.79652404785156,49.03727722167969
2020-01-31,74.67837524414062,100.43599700927734,26.25324058532715,28.33519744873047,279.3244934082031,71.10177612304688,197.28941345214844,112.8948745727539,305.8802490234375,200.50936889648438,161.6302032470703,5.884464263916016,107.95279693603516,43.371334075927734,247.06141662597656,47.01644515991211
2020-02-03,74.4732894897461,100.20999908447266,26.259262084960938,28.456029891967773,276.1064453125,73.57408905029297,200.26470947265625,113.75633239746094,314.1870422363281,202.7735595703125,165.570556640625,5.981531620025635,108.37728881835938,52.0,248.48509216308594,45.96439743041992
2020-02-04,76.9319076538086,102.4834976196289,26.807273864746094,29.01703453063965,278.7576904296875,71.72853088378906,203.2573699951172,115.39397430419922,318.6405944824219,208.37442016601562,171.02059936523438,6.15077543258667,108.85371398925781,59.137332916259766,254.66958618164062,45.38918685913086
2020-02-05,77.55925750732422,101.99349975585938,27.304542541503906,29.957799911499023,282.46044921875,71.76029205322266,205.947265625,117.35572814941406,317.8660583496094,208.65248107910156,170.81170654296875,6.2411208152771,109.84990692138672,48.97999954223633,268.1720275878906,47.478126525878906
2020-02-06,78.4664535522461,102.5114974975586,27.50326919555664,29.923280715942383,284.57684326171875,73.24507141113281,206.5786590576172,117.37277221679688,318.8147888183594,209.38734436035156,174.353271484375,6.327983379364014,110.13577270507812,49.930667877197266,265.2067565917969,46.83479309082031
2020-02-07,77.39989471435547,103.96399688720703,27.119571685791016,29.87149429321289,287.3437194824219,73.40089416503906,205.2467041015625,116.99748229980469,316.5880126953125,210.8571014404297,174.60015869140625,6.261778831481934,109.21753692626953,49.871334075927734,262.2687683105469,46.524478912353516
2020-02-10,77.76749420166016,106.69550323486328,27.030960083007812,29.940542221069336,287.49041748046875,74.86732482910156,208.109619140625,117.48367309570312,319.7636413574219,211.58203125,179.16714477539062,6.545012950897217,109.29548645019531,51.41866683959961,260.28277587890625,46.03312301635742
2020-02-11,77.29830932617188,107.54000091552734,27.543701171875,30.009584426879883,284.6410217285156,74.9367904663086,209.00045776367188,117.7054214477539,320.38330078125,205.7527618408203,175.12229919433594,6.66746711730957,107.55433654785156,51.62533187866211,263.69232177734375,46.470726013183594
2020-02-12,79.13396453857422,108.0,27.934284210205078,30.139049530029297,288.7089538574219,75.36209106445312,208.95721435546875,117.7054214477539,323.5201110839844,209.29795837402344,175.3787384033203,6.783198833465576,106.93927764892578,51.15266799926758,275.1998596191406,47.038856506347656
2020-02-13,78.5704574584961,107.49349975585938,27.871482849121094,30.13042449951172,291.5307922363281,75.10205078125,209.6231689453125,117.60310363769531,325.14666748046875,211.6614990234375,174.42921447753906,6.739395618438721,108.247314453125,53.599998474121094,274.0391540527344,46.777828216552734
2020-02-14,78.5898208618164,106.74349975585938,27.338088989257812,30.07862663269043,291.6315612792969,75.36705017089844,211.93255615234375,117.24485778808594,330.09393310546875,212.69424438476562,175.98638916015625,7.2125325202941895,109.2695083618164,53.33533477783203,270.93780517578125,46.562862396240234
2020-02-18,77.15081024169922,107.78350067138672,26.73415756225586,29.57804298400879,295.05804443359375,75.40229034423828,210.9897918701172,115.6924819946289,330.3746337890625,216.28915405273438,177.77139282226562,7.381279468536377,108.16934204101562,57.22666549682617,273.9846496582031,45.97171401977539
2020-02-19,78.26812744140625,108.51100158691406,27.15914535522461,29.966432571411133,295.9467468261719,75.67174530029297,210.73025512695312,117.27044677734375,333.5888977050781,215.98130798339844,178.3046112060547,7.832512855529785,108.66314697265625,61.16133117675781,276.8594055175781,46.324867248535156
2020-02-20,77.46520233154297,107.65499877929688,26.604244232177734,30.07862663269043,296.91796875,75.28070068359375,213.6537628173828,117.27044677734375,333.4825134277344,213.0915069580078,175.5816192626953,7.68317985534668,109.6506576538086,59.96066665649414,273.9756164550781,45.956356048583984
2020-02-21,75.71177673339844,104.79850006103516,26.196455001831055,29.655723571777344,294.96636962890625,73.61677551269531,212.20068359375,115.8375015258789,328.8837890625,208.72201538085938,170.03102111816406,7.319056987762451,109.75460052490234,60.06666564941406,273.3408203125,45.39591979980469
2020-02-24,72.11544036865234,100.4645004272461,25.086660385131836,28.24888801574707,287.33465576171875,70.46061706542969,207.32252502441406,112.72428894042969,314.3323059082031,199.32765197753906,162.70005798339844,6.801617622375488,106.80934143066406,55.58599853515625,251.90383911132812,43.26930618286133
2020-02-25,69.6727523803711,98.63700103759766,24.319259643554688,26.824792861938477,279.3179626464844,68.79620361328125,205.31588745117188,107.69192504882812,293.2458190917969,195.40504455566406,160.01522827148438,6.522116184234619,105.189453125,53.32733154296875,238.84567260742188,41.61100769042969
2020-02-26,70.77799987792969,98.97949981689453,24.59455680847168,26.4364013671875,280.0692138671875,69.00214385986328,203.49952697753906,108.01606750488281,288.5501403808594,195.83204650878906,162.01455688476562,6.661494255065918,104.08930206298828,51.91999816894531,238.49209594726562,40.69739532470703
2020-02-27,66.15135192871094,94.21499633789062,23.56821060180664,25.141769409179688,268.5619201660156,65.25444793701172,194.3745880126953,103.52108001708984,276.71929931640625,188.4337158203125,150.59918212890625,6.290676593780518,98.32001495361328,45.266666412353516,230.2581787109375,38.24834442138672
2020-02-28,66.11264038085938,94.1875,23.453786849975586,24.598018646240234,257.5768127441406,66.46034240722656,188.41525268554688,99.03462982177734,281.0082092285156,191.13485717773438,154.24562072753906,6.725744724273682,98.0861587524414,44.53266525268555,231.20126342773438,39.492061614990234
2020-03-02,72.26781463623047,97.69750213623047,24.516271591186523,25.348909378051758,283.2300720214844,68.79620361328125,198.8808135986328,103.64900207519531,296.9731750488281,195.0773162841797,164.50900268554688,6.884133338928223,103.56954193115234,49.574668884277344,247.65992736816406,41.365333557128906
2020-03-03,69.97264099121094,95.44950103759766,23.594018936157227,23.950700759887695,277.3573303222656,66.3844223022461,197.15098571777344,99.75960540771484,282.7025451660156,184.6005096435547,156.62582397460938,6.621647834777832,102.36544799804688,49.70066833496094,237.0410919189453,39.38458251953125
2020-03-04,73.21825408935547,98.79149627685547,24.557565689086914,24.503087997436523,293.85784912109375,68.56196594238281,208.51609802246094,102.224609375,292.732666015625,190.42979431152344,162.37635803222656,7.085354328155518,107.84886169433594,49.96666717529297,262.4500732421875,40.244449615478516
2020-03-05,70.84329986572266,96.20149993896484,23.57594871520996,23.260988235473633,289.29522705078125,65.24502563476562,203.09303283691406,97.20934295654297,281.4729919433594,183.885498046875,158.30145263671875,6.805934906005859,105.36268615722656,48.30266571044922,256.59197998046875,38.470970153808594
2020-03-06,69.9024887084961,95.05449676513672,23.18107032775879,22.33159065246582,285.2457580566406,64.30115509033203,197.64398193359375,92.18553161621094,277.8714904785156,179.8338165283203,153.8267364501953,6.625382900238037,105.388671875,46.89866638183594,257.4173278808594,36.61308288574219
2020-03-09,64.37374114990234,90.03050231933594,21.311613082885742,19.048301696777344,276.6702575683594,60.33363723754883,182.03207397460938,79.69851684570312,253.6674041748047,168.32418823242188,143.4014892578125,6.112366676330566,100.53766632080078,40.53333282470703,247.9591522216797,32.137210845947266
2020-03-10,69.01004791259766,94.59100341796875,22.61756134033203,20.507543563842773,283.4683837890625,63.28036880493164,195.21351623535156,85.8908462524414,271.6364440917969,176.9539337158203,153.20787048339844,6.501860618591309,104.42713165283203,43.02199935913086,253.90789794921875,33.32719421386719
2020-03-11,66.61331176757812,91.04299926757812,21.16106414794922,19.69106101989746,272.5015563964844,60.09096908569336,185.3657989501953,81.84791564941406,261.170654296875,169.05908203125,146.2672576904297,6.138017654418945,96.66546630859375,42.28200149536133,251.894775390625,32.229331970214844
2020-03-12,60.034915924072266,83.83049774169922,18.821876525878906,17.814897537231445,256.39501953125,55.16072082519531,165.94895935058594,75.10118103027344,233.81045532226562,153.3984832763672,132.39549255371094,5.386922836303711,88.2195053100586,37.369998931884766,227.07525634765625,28.544225692749023
2020-03-13,67.22760009765625,89.25,20.150196075439453,20.985273361206055,276.9360046386719,60.25820541381836,179.0792694091797,88.62877655029297,261.4126892089844,169.0988006591797,151.21803283691406,5.997809410095215,98.81380462646484,36.44133377075195,247.75823974609375,29.265888214111328
2020-03-16,58.5789794921875,84.4574966430664,16.13770866394043,17.75409698486328,259.4459228515625,53.2476806640625,143.63262939453125,75.3656005859375,228.14674377441406,144.9971466064453,128.92994689941406,4.891087532043457,93.9887466430664,29.67133331298828,204.95330810546875,26.47903823852539
2020-03-17,61.154693603515625,90.39199829101562,17.164052963256836,19.091732025146484,281.2602844238281,55.48378372192383,151.19039916992188,79.9714584350586,230.3057403564453,148.3834991455078,139.5456085205078,5.410829544067383,102.42609405517578,28.68000030517578,222.42135620117188,28.26017189025879
2020-03-18,59.65763473510742,91.5,14.442033767700195,18.058103561401367,281.7276611328125,54.15035629272461,135.5088653564453,71.5529556274414,220.67257690429688,145.9405517578125,133.67124938964844,5.050971031188965,101.74174499511719,24.08133316040039,197.6855926513672,25.42723846435547
2020-03-19,59.20053482055664,94.04650115966797,16.72873878479004,18.414230346679688,279.6387023925781,55.16667556762695,140.2978057861328,72.75559997558594,219.91737365722656,152.06777954101562,135.87054443359375,5.303743839263916,96.00713348388672,28.50933265686035,200.18106079101562,26.432966232299805
2020-03-20,55.442161560058594,92.30449676513672,16.817981719970703,17.085277557373047,266.0792236328125,53.009971618652344,132.47874450683594,71.2203140258789,204.68821716308594,148.6913299560547,130.7674560546875,5.123939037322998,88.7305908203125,28.50200080871582,188.150146484375,25.1355037689209
2020-03-23,54.26433181762695,95.1415023803711,16.927350997924805,15.70421028137207,261.598876953125,52.311248779296875,141.3948516845703,67.40768432617188,196.8267822265625,147.07264709472656,129.46311950683594,5.296769618988037,84.6331787109375,28.952667236328125,177.46717834472656,24.145130157470703
2020-03-24,59.70842742919922,97.00499725341797,18.61509132385254,18.266571044921875,261.0583801269531,56.07679748535156,160.83786010742188,75.42530059814453,229.52151489257812,159.86329650878906,141.23074340820312,6.205506801605225,89.4582290649414,33.66666793823242,200.18106079101562,27.208372116088867
2020-03-25,59.37950897216797,94.29199981689453,19.03418731689453,18.327367782592773,257.3203125,54.66794967651367,158.26052856445312,78.24002075195312,248.3135528564453,155.1264190673828,139.87879943847656,6.116849899291992,87.42253875732422,35.95000076293945,213.5597686767578,28.628681182861328
2020-03-26,62.50423812866211,97.77449798583984,21.27577018737793,19.7344913482666,267.801513671875,57.7099609375,169.9716033935547,83.69026184082031,254.80023193359375,162.20692443847656,148.62840270996094,6.406229019165039,93.01856994628906,35.21066665649414,232.5943603515625,29.803308486938477
2020-03-27,59.91642379760742,95.00499725341797,20.183855056762695,18.761667251586914,260.4994812011719,55.096702575683594,165.9141082763672,77.72824096679688,239.7646484375,155.70236206054688,142.52557373046875,6.293915271759033,95.43539428710938,34.29066848754883,220.80929565429688,28.36764907836914
2020-03-30,61.62631607055664,98.19750213623047,21.008041381835938,19.143844604492188,266.72039794921875,56.88568878173828,170.74656677246094,79.74968719482422,245.18634033203125,164.79881286621094,152.55091857910156,6.6141767501831055,99.61941528320312,33.47533416748047,228.8511962890625,28.789901733398438
2020-03-31,61.50054168701172,97.48600006103516,20.744688034057617,18.44028663635254,261.2325439453125,57.66182327270508,162.57052612304688,76.79000091552734,233.86856079101562,165.64291381835938,150.15176391601562,6.564618110656738,95.28813934326172,34.93333435058594,227.1208038330078,29.15073585510254
2020-04-01,58.264564514160156,95.38500213623047,19.566150665283203,17.172136306762695,262.74420166015625,54.69175720214844,155.5352325439453,71.953857421875,221.3308868408203,158.49288940429688,144.82008361816406,6.0533447265625,94.70775604248047,32.104000091552734,216.1372528076172,28.812931060791016
2020-04-02,59.23680877685547,95.94149780273438,20.741186141967773,17.867013931274414,267.0502624511719,55.43266296386719,157.8686981201172,74.64057922363281,231.27389526367188,157.0926513671875,147.81915283203125,6.362151622772217,99.09967041015625,30.29800033569336,218.97874450683594,31.016324996948242
2020-04-03,58.3854866027832,95.32949829101562,20.496204376220703,17.397974014282227,264.4573669433594,54.225284576416016,155.59616088867188,72.43437194824219,229.48280334472656,153.11045837402344,146.45767211914062,6.074264049530029,99.68870544433594,32.000667572021484,209.00611877441406,30.10272216796875
2020-04-06,63.478885650634766,99.87950134277344,22.08683204650879,18.579261779785156,279.5470275878906,58.71586227416992,166.59324645996094,77.09671783447266,257.4722595214844,164.401611328125,157.3494415283203,6.684155464172363,102.0536117553711,34.41600036621094,226.17364501953125,31.070053100585938
2020-04-07,62.74367904663086,100.58000183105469,22.159456253051758,19.2307071685791,278.1819763183594,58.684593200683594,167.42909240722656,78.11363983154297,250.83067321777344,167.65884399414062,155.65467834472656,6.450808048248291,97.68766021728516,36.36333465576172,225.900390625,31.661218643188477
2020-04-08,64.34957885742188,102.1500015258789,22.844532012939453,20.36856460571289,280.3258361816406,59.89742660522461,169.63201904296875,81.2678451538086,262.7284240722656,173.071044921875,157.2161102294922,6.648046970367432,99.7060546875,36.589332580566406,243.92393493652344,33.66498947143555
2020-04-09,64.81391906738281,102.13800048828125,22.249576568603516,21.593284606933594,274.8653869628906,59.87609100341797,175.4745330810547,88.55867767333984,261.2254333496094,173.9747314453125,157.22560119628906,6.5484299659729,99.32489776611328,38.20000076293945,240.5542449951172,33.112220764160156
2020-04-13,66.08606719970703,108.44349670410156,22.74129295349121,20.77680778503418,274.5080871582031,60.066650390625,173.0887451171875,84.6202621459961,255.3492889404297,173.5775146484375,157.57791137695312,6.7202653884887695,100.44233703613281,43.39666748046875,239.9895477294922,32.82816696166992
2020-04-14,69.42359924316406,114.16600036621094,23.415863037109375,20.611770629882812,287.81103515625,62.78710174560547,180.3853302001953,82.30199432373047,262.5053405761719,176.93406677246094,165.37533569335938,7.071410179138184,104.78230285644531,47.32600021362305,246.35569763183594,32.57481002807617
2020-04-15,68.78997039794922,115.38400268554688,22.524301528930664,19.274137496948242,284.2654113769531,62.393577575683594,172.81884765625,78.242919921875,249.3374481201172,175.74240112304688,163.64260864257812,6.993957996368408,105.0075454711914,48.65533447265625,256.5377197265625,31.077743530273438
2020-04-16,69.33655548095703,120.40950012207031,22.598670959472656,18.605321884155273,294.60919189453125,62.4000244140625,174.01173400878906,75.26109313964844,239.27243041992188,175.02737426757812,168.5552978515625,7.339123249053955,105.25007629394531,49.680667877197266,271.792724609375,30.056659698486328
2020-04-17,68.39574432373047,118.75,23.262744903564453,20.220911026000977,291.2742614746094,63.470436096191406,182.3444366455078,82.02622985839844,252.08157348632812,177.9966583251953,170.04054260253906,7.279851913452148,108.0134506225586,50.259334564208984,264.6251220703125,33.18132019042969
2020-04-20,66.97606658935547,119.68049621582031,22.597795486450195,19.54340171813965,285.9237060546875,62.58462905883789,179.41012573242188,79.03577423095703,244.09161376953125,177.0035858154297,166.6702117919922,7.1486101150512695,104.470458984375,49.75733184814453,256.9566955566406,31.61515235900879
2020-04-21,64.90583801269531,116.40599822998047,21.66774559020996,18.79641342163086,276.07470703125,60.15349578857422,174.67344665527344,76.74337768554688,237.90518188476562,169.6151885986328,159.7771759033203,6.711798667907715,103.6734848022461,45.781333923339844,249.7162628173828,31.446250915527344
2020-04-22,66.77534484863281,118.17449951171875,22.74566078186035,18.93538475036621,283.4866638183594,62.44865798950195,177.77316284179688,76.99331665039062,249.1144256591797,181.0155487060547,165.20399475097656,7.126196384429932,103.43095397949219,48.807334899902344,252.2936553955078,32.34449768066406
2020-04-23,66.51656341552734,119.97250366210938,22.654664993286133,18.99618911743164,279.8035888671875,63.08186721801758,176.16238403320312,77.03642272949219,248.09629821777344,183.8457794189453,163.2046356201172,7.072902202606201,104.1207275390625,47.04199981689453,259.8619689941406,33.35789489746094
2020-04-24,68.43687438964844,120.51100158691406,23.169130325317383,19.265453338623047,284.5219421386719,63.35133743286133,184.74761962890625,78.1739730834961,250.90829467773438,188.75152587890625,166.18466186523438,7.211863994598389,103.58006286621094,48.34333419799805,265.28997802734375,33.5728645324707
2020-04-27,68.48522186279297,118.80000305175781,23.48760414123535,20.38593864440918,282.90032958984375,63.06648635864258,189.606201171875,81.54363250732422,257.0753173828125,186.1993408203125,165.7086181640625,7.398392677307129,102.42024230957031,53.25,267.7399597167969,33.73408889770508
2020-04-28,67.37512969970703,115.7040023803711,23.162134170532227,20.750749588012695,279.3913879394531,61.16733932495117,189.49293518066406,82.12102508544922,256.57110595703125,181.6411895751953,161.67184448242188,7.255945205688477,101.93191528320312,51.27466583251953,262.6214599609375,34.524845123291016
2020-04-29,69.58807373046875,118.635498046875,24.149927139282227,21.523805618286133,281.3519592285156,66.60575866699219,193.132568359375,84.3358383178711,275.08184814453125,192.84295654296875,168.9265899658203,7.4327616691589355,102.09759521484375,53.367332458496094,261.9748840332031,36.43648910522461
2020-04-30,71.0561294555664,123.69999694824219,23.764955520629883,20.88972282409668,278.2388916015625,66.83006286621094,191.4085693359375,82.52606964111328,266.62640380859375,203.28994750976562,170.6212921142578,7.278855323791504,102.78652954101562,52.12533187866211,266.3646240234375,35.67644500732422
2020-05-01,69.91217041015625,114.302001953125,22.722036361694336,20.047189712524414,277.2471618652344,65.37205505371094,190.31143188476562,80.36297607421875,260.5854797363281,200.8668670654297,166.2036895751953,7.042271137237549,101.87085723876953,46.75466537475586,259.1151428222656,33.119911193847656
2020-05-04,70.90133666992188,115.79949951171875,22.94601821899414,19.916898727416992,279.607177734375,65.64897155761719,193.15867614746094,79.40633392333984,261.0897521972656,203.8361358642578,170.26901245117188,7.254201412200928,100.95523834228516,50.74599838256836,261.87469482421875,34.45575714111328
2020-05-05,71.9654769897461,115.88999938964844,23.174381256103516,19.682376861572266,282.75689697265625,66.94518280029297,196.44126892089844,79.28570556640625,265.6664733886719,205.63357543945312,172.0970001220703,7.31521463394165,101.16455078125,51.2140007019043,266.8837890625,34.41737365722656
2020-05-06,72.7079849243164,117.56300354003906,23.11400604248047,19.413114547729492,283.6475830078125,66.76702880859375,194.96971130371094,77.79479217529297,264.17315673828125,207.02386474609375,173.7917022705078,7.416077136993408,98.6269302368164,52.172000885009766,262.99493408203125,33.77247619628906
2020-05-07,73.46012115478516,118.38050079345703,23.426359176635742,19.83872413635254,280.07550048828125,67.95057678222656,199.78475952148438,78.60486602783203,270.02020263671875,209.79452514648438,174.80096435546875,7.592394828796387,97.8159408569336,52.00266647338867,259.5614318847656,33.96440887451172
2020-05-08,75.20860290527344,118.98049926757812,24.063308715820312,20.472797393798828,280.938720703125,68.69794464111328,204.12091064453125,79.88894653320312,273.8697204589844,210.876953125,175.82913208007812,7.782410144805908,101.1122055053711,54.62799835205078,261.3828430175781,35.45380401611328
2020-05-11,76.39203643798828,120.44999694824219,24.095687866210938,19.612892150878906,284.96990966796875,69.6532211303711,205.97552490234375,77.53623962402344,272.69647216796875,211.7012176513672,177.79042053222656,8.03443717956543,100.5541000366211,54.08599853515625,262.9220275878906,35.116004943847656
2020-05-12,75.51902770996094,117.84750366210938,23.48760414123535,18.99618911743164,279.92852783203125,68.24337768554688,202.78872680664062,75.00255584716797,263.8531494140625,208.642578125,173.7631378173828,7.772447109222412,99.891357421875,53.96066665649414,262.0204162597656,34.52903366088867
2020-05-13,74.60718536376953,118.39600372314453,23.023897171020508,18.127586364746094,277.4492492675781,66.91093444824219,200.35073852539062,72.41715240478516,260.9927673339844,203.67726135253906,171.1354217529297,7.750033855438232,99.34197998046875,52.73066711425781,253.1862030029297,32.81511306762695
2020-05-14,75.0655288696289,119.44249725341797,23.325740814208984,18.85721206665039,275.245361328125,67.33423614501953,204.1644744873047,75.42485809326172,268.89544677734375,205.3754119873047,171.87808227539062,7.999571323394775,99.24605560302734,53.55533218383789,264.6706237792969,33.104679107666016
2020-05-15,74.6217269897461,120.48899841308594,22.78415870666504,18.622692108154297,274.7586669921875,68.1381607055664,208.38743591308594,74.02872467041016,270.4759826660156,209.41714477539062,174.38201904296875,8.458046913146973,99.94367980957031,53.27799987792969,264.9894104003906,32.869895935058594
2020-05-18,76.37989807128906,121.31300354003906,23.932069778442383,19.916898727416992,278.01849365234375,68.73963165283203,213.62911987304688,77.94991302490234,281.10333251953125,211.7111358642578,176.048095703125,8.716546058654785,101.33894348144531,54.242000579833984,267.1752624511719,35.483829498291016
2020-05-19,75.93855285644531,122.46649932861328,23.79383087158203,19.2915096282959,279.7357177734375,68.20466613769531,207.3164520263672,76.41590118408203,281.9082336425781,215.3755340576172,174.82949829101562,8.77158260345459,98.0513687133789,53.867332458496094,263.2499084472656,34.3881721496582
2020-05-20,77.41542053222656,124.89700317382812,24.382659912109375,19.899532318115234,279.9928283691406,69.92962646484375,207.3948211669922,78.70829772949219,289.73333740234375,228.37472534179688,177.25448608398438,8.935453414916992,98.78388214111328,54.37066650390625,262.2845458984375,35.507301330566406
2020-05-21,76.83824920654297,122.33699798583984,24.04319190979004,19.890840530395508,277.2930908203125,69.81002807617188,209.73703002929688,77.7086181640625,285.33111572265625,229.78488159179688,175.1254425048828,8.741454124450684,97.33631896972656,55.17333221435547,261.3009033203125,34.87339401245117
2020-05-22,77.33296966552734,121.84400177001953,24.205055236816406,19.682376861572266,277.71551513671875,70.1321029663086,210.60772705078125,77.10535430908203,285.9613952636719,233.2804718017578,175.20181274414062,8.991484642028809,98.1908950805664,54.45866775512695,264.0604248046875,34.904693603515625
2020-05-26,76.80915069580078,121.09300231933594,24.67489242553711,21.089500427246094,279.8918151855469,70.53555297851562,211.13015747070312,82.57776641845703,294.1258544921875,230.58926391601562,173.34967041015625,8.684171676635742,97.69384002685547,54.591331481933594,268.56866455078125,35.92992401123047
2020-05-27,77.14381408691406,120.51950073242188,25.1622314453125,22.56611442565918,281.00299072265625,70.48146057128906,215.37924194335938,87.36077880859375,290.6739196777344,227.55047607421875,173.57879638671875,8.492416381835938,99.31582641601562,54.68199920654297,276.656005859375,36.18818664550781
2020-05-28,77.1777572631836,120.05500030517578,24.77288246154785,21.593284606933594,284.262939453125,70.38021850585938,213.44625854492188,86.0594711303711,293.1270751953125,223.89602661132812,173.18731689453125,8.454314231872559,101.2081527709961,53.72066879272461,276.8381652832031,35.249053955078125
2020-05-29,77.10258483886719,122.11849975585938,25.484209060668945,20.95052719116211,283.261962890625,71.13848114013672,216.35446166992188,83.86188507080078,291.7599182128906,223.528564453125,174.95359802246094,8.841316223144531,101.0860366821289,55.66666793823242,277.6396484375,35.5855712890625
2020-06-01,78.05078125,123.552001953125,25.372215270996094,21.37613868713379,283.09661865234375,71.20549011230469,215.31825256347656,84.97358703613281,292.25445556640625,230.30128479003906,174.55258178710938,8.772331237792969,102.245849609375,59.87333297729492,278.623291015625,36.21949005126953
2020-06-02,78.41209411621094,123.62049865722656,26.078285217285156,21.57591438293457,281.9947814941406,71.57469177246094,220.03758239746094,85.25800323486328,294.3778991699219,231.10565185546875,176.5384063720703,8.791255950927734,102.95220184326172,58.770668029785156,278.9692687988281,37.02559280395508
2020-06-03,78.8437728881836,123.91999816894531,27.081830978393555,22.574800491333008,281.58154296875,71.42284393310547,219.8536376953125,89.86000061035156,297.75244140625,228.56338500976562,176.9680633544922,8.735722541809082,103.36206817626953,58.86399841308594,278.0949401855469,38.536041259765625
2020-06-04,78.16474151611328,123.02999877929688,27.025842666625977,23.423213958740234,285.3555603027344,70.1846923828125,218.0579833984375,91.73011016845703,292.225341796875,224.72024536132812,174.63853454589844,8.736720085144043,101.19940185546875,57.62533187866211,271.4738464355469,38.42647171020508
2020-06-05,80.39097595214844,124.1500015258789,27.742414474487305,24.586502075195312,286.5401306152344,71.46106719970703,223.26963806152344,95.858154296875,302.4165344238281,229.169189453125,178.7247314453125,8.88969898223877,103.1876449584961,59.04399871826172,284.01483154296875,41.54128646850586
2020-06-08,80.86627960205078,126.2030029296875,27.780906677246094,24.96260643005371,282.0865783691406,71.85904693603516,224.90760803222656,97.77134704589844,300.9911193847656,229.7947998046875,179.83226013183594,8.775090217590332,103.81551361083984,63.327999114990234,281.85638427734375,42.840431213378906
2020-06-09,83.41988372802734,130.04299926757812,27.588420867919922,24.682714462280273,280.58062744140625,72.05953216552734,224.89883422851562,95.26348876953125,302.0382995605469,237.014404296875,181.20703125,9.015271186828613,103.19636535644531,62.711334228515625,281.6104431152344,41.88562774658203
2020-06-10,85.56607055664062,132.37249755859375,27.56392478942871,23.26578140258789,282.215087890625,72.68579864501953,222.87548828125,91.40261840820312,303.64794921875,235.08782958984375,187.92832946777344,9.334931373596191,103.97250366210938,68.336669921875,278.459228515625,39.639522552490234
2020-06-11,81.45799255371094,127.89800262451172,25.70118522644043,20.930450439453125,276.2462158203125,69.56934356689453,209.75433349609375,83.77568817138672,282.4124755859375,222.87313842773438,177.83685302734375,8.766369819641113,101.38253021240234,64.85600280761719,258.40478515625,36.14122772216797
2020-06-12,82.1612548828125,127.2509994506836,26.269895553588867,21.673912048339844,274.2904357910156,70.11621856689453,212.3645477294922,86.0680923461914,288.75396728515625,226.994384765625,179.24029541015625,8.902158737182617,100.82442474365234,62.35200119018555,259.6980285644531,36.91600799560547
2020-06-15,83.17737579345703,128.63400268554688,26.60586929321289,21.99753189086914,272.8945007324219,70.5042953491211,211.4098358154297,87.25736236572266,288.1528015136719,230.88717651367188,180.38600158691406,9.142586708068848,101.75751495361328,66.05999755859375,260.7271423339844,36.892539978027344
2020-06-16,85.38175201416016,130.7635040283203,27.18595314025879,22.56605339050293,276.7330017089844,71.78113555908203,218.93386840820312,87.95541381835938,295.240966796875,234.0153045654297,184.80636596679688,9.03769588470459,103.01324462890625,65.47533416748047,266.8472595214844,37.722110748291016
2020-06-17,85.26293182373047,132.0489959716797,27.423934936523438,21.866334915161133,275.1259765625,72.08236694335938,219.72218322753906,85.73198699951172,294.5428466796875,233.89614868164062,185.446044921875,9.20462703704834,102.83882904052734,66.11933135986328,266.48309326171875,36.49340057373047
2020-06-18,85.29688262939453,132.69900512695312,27.88502311706543,21.90131950378418,275.0892333984375,71.16828155517578,218.28573608398438,85.26660919189453,295.5997619628906,234.30331420898438,187.4318389892578,9.186688423156738,104.01608276367188,66.9306640625,265.4630126953125,36.72036361694336
2020-06-19,84.8094482421875,133.75050354003906,26.763290405273438,22.08500099182129,275.3922424316406,70.69783020019531,216.04339599609375,84.2927474975586,287.50311279296875,237.13352966308594,186.31484985351562,9.229787826538086,103.7021484375,66.72666931152344,266.3868408203125,35.984703063964844
2020-06-22,87.02836608886719,135.6909942626953,27.715307235717773,21.53396224975586,275.8973388671875,71.98907470703125,218.24192810058594,83.37925720214844,295.2021484375,237.560546875,191.4894561767578,9.494384765625,102.6818618774414,66.28800201416016,267.6947326660156,36.32904815673828
2020-06-23,88.88597869873047,138.2205047607422,27.51729965209961,21.68265151977539,276.6686706542969,72.65007781982422,219.2492218017578,84.39617919921875,297.5682067871094,240.5596160888672,192.76878356933594,9.41789722442627,102.66444396972656,66.78533172607422,272.2041320800781,36.548187255859375
2020-06-24,87.31695556640625,136.72000122070312,27.134553909301758,20.82549476623535,273.66583251953125,71.09780883789062,215.58790588378906,81.578125,285.08868408203125,232.39663696289062,188.88304138183594,9.204127311706543,101.52206420898438,64.0566635131836,264.50262451171875,34.82643127441406
2020-06-25,88.47615051269531,137.72900390625,27.300731658935547,21.621429443359375,275.97076416015625,71.51465606689453,214.9310302734375,84.42204284667969,288.9673767089844,234.0451202392578,191.26988220214844,9.457763671875,102.80394744873047,65.73200225830078,270.9418029785156,35.35078430175781
2020-06-26,85.75765228271484,134.64349365234375,27.173442840576172,20.24822425842285,272.3251953125,67.6161117553711,211.1032257080078,79.7941665649414,280.56036376953125,214.58108520507812,187.44142150878906,9.1239013671875,100.48433685302734,63.982666015625,262.3988952636719,34.13772964477539
2020-06-29,87.73406982421875,134.0189971923828,27.38294219970703,20.45814323425293,276.9441223144531,69.3346176147461,215.57916259765625,80.14750671386719,284.0414733886719,219.10946655273438,189.4558868408203,9.168747901916504,102.6033935546875,67.29000091552734,265.0330505371094,34.68555450439453
2020-06-30,88.46644592285156,137.9409942626953,27.898279190063477,20.773014068603516,278.43182373046875,70.37079620361328,219.42440795898438,81.06100463867188,286.7274475097656,225.49484252929688,194.29637145996094,9.465486526489258,104.26896667480469,71.98733520507812,269.78021240234375,34.99861526489258
2020-07-01,88.29912567138672,143.93499755859375,27.643707275390625,20.344436645507812,279.84600830078125,71.55931854248047,217.3572235107422,80.3715591430664,292.03143310546875,235.9021453857422,195.43247985839844,9.497624397277832,104.62650299072266,74.64199829101562,272.3229675292969,34.208168029785156
2020-07-02,88.29912567138672,144.51499938964844,27.885910034179688,20.370677947998047,280.75506591796875,72.94535064697266,217.663818359375,80.63262939453125,293.24346923828125,231.80078125,196.92181396484375,9.579596519470215,105.41133117675781,80.57733154296875,272.8077392578125,34.497737884521484
2020-07-06,90.6611328125,152.8520050048828,28.179378509521484,20.694299697875977,286.0351257324219,74.42020416259766,218.5835723876953,82.66889190673828,296.2978820800781,238.6132049560547,201.16078186035156,9.805827140808105,106.06535339355469,91.43866729736328,276.9694519042969,34.74034881591797
2020-07-07,90.37980651855469,150.00599670410156,27.678178787231445,20.12577247619629,290.38787841796875,73.9373550415039,216.65647888183594,80.3367691040039,290.8097229003906,239.18919372558594,198.8217315673828,9.838216781616211,106.5798568725586,92.65733337402344,271.3351135253906,33.8403434753418
2020-07-08,92.48477935791016,154.0554962158203,28.24832534790039,20.204490661621094,290.470458984375,74.61622619628906,218.2506866455078,81.1895751953125,291.4310302734375,241.8903350830078,203.19442749023438,10.181297302246094,107.16413879394531,91.05867004394531,272.8992004394531,33.7620849609375
2020-07-09,92.88250732421875,159.13150024414062,28.418930053710938,19.915855407714844,298.9371032714844,75.36357116699219,217.19082641601562,79.43175506591797,286.0326232910156,242.8039093017578,204.61695861816406,10.473299980163574,106.80659484863281,92.9520034790039,266.31365966796875,32.3690185546875
2020-07-10,93.04497528076172,160.0,28.236835479736328,21.009166717529297,299.5706481933594,76.37345123291016,219.0740203857422,83.7740478515625,287.0908508300781,243.3699951171875,203.99639892578125,10.443652153015137,108.03614044189453,102.97666931152344,266.3777770996094,33.37859344482422
2020-07-13,92.61573028564453,155.1999969482422,27.518184661865234,21.157861709594727,296.5311279296875,75.04449462890625,218.64483642578125,84.97492980957031,281.7506103515625,237.34210205078125,197.6951904296875,10.01810359954834,108.17566680908203,99.80400085449219,274.1340637207031,33.38642120361328
2020-07-14,94.14837646484375,154.1999969482422,27.851438522338867,21.11412811279297,301.19598388671875,75.47274780273438,225.80104064941406,85.46224212646484,290.26593017578125,238.0670166015625,198.91722106933594,10.341750144958496,109.08259582519531,101.12000274658203,282.19219970703125,34.489906311035156
2020-07-15,94.79586791992188,150.44349670410156,27.736520767211914,21.516469955444336,300.0022888183594,75.2752456665039,225.80979919433594,86.78492736816406,296.83929443359375,238.6132049560547,198.62124633789062,10.192506790161133,108.56809997558594,103.06732940673828,278.12200927734375,34.92817306518555
2020-07-16,93.62940216064453,149.9949951171875,27.520837783813477,20.930450439453125,299.6073303222656,75.17798614501953,226.05503845214844,87.02861022949219,290.6542663574219,239.25868225097656,194.68780517578125,10.100321769714355,108.79483795166016,100.04266357421875,280.93914794921875,34.65426254272461
2020-07-17,93.44026184082031,148.09849548339844,27.641937255859375,20.3094425201416,298.24822998046875,75.27375030517578,228.06961059570312,85.41874694824219,295.2275085449219,240.35105895996094,193.69488525390625,10.166844367980957,109.55348205566406,100.05599975585938,280.3720703125,34.059471130371094
2020-07-20,95.40941619873047,159.8419952392578,28.03264045715332,20.624324798583984,299.8277282714844,77.60562896728516,227.88572692871094,84.67036437988281,302.8980407714844,243.71754455566406,202.02008056640625,10.475045204162598,109.21338653564453,109.53333282470703,277.56396484375,33.261199951171875
2020-07-21,94.09259033203125,156.9145050048828,27.786022186279297,21.359033584594727,300.95721435546875,77.21260070800781,229.85650634765625,86.50648498535156,298.6646423339844,240.07301330566406,199.2991180419922,10.293413162231445,109.06513977050781,104.55733489990234,279.0731506347656,34.94382858276367
2020-07-22,94.3569107055664,154.99549865722656,27.738285064697266,21.2628173828125,301.47137451171875,77.65575408935547,232.2652587890625,85.87993621826172,304.26702880859375,238.20606994628906,202.1632843017578,10.403291702270508,109.99825286865234,106.15533447265625,280.5367126464844,34.12990951538086
2020-07-23,90.0621566772461,149.32749938964844,27.373220443725586,21.463993072509766,299.4604187011719,75.26878356933594,231.07398986816406,86.13229370117188,300.8977966308594,230.9864959716797,193.3702392578125,10.09533977508545,110.70991516113281,100.87133026123047,277.1158142089844,34.20035171508789
2020-07-24,89.83902740478516,150.44549560546875,27.030242919921875,21.297807693481445,299.1573181152344,74.8449935913086,232.3878631591797,85.52316284179688,298.00445556640625,229.10958862304688,192.18643188476562,10.159868240356445,110.53440856933594,94.46666717529297,275.12188720703125,33.98903274536133
2020-07-27,91.96823120117188,152.760498046875,27.6392879486084,21.11412811279297,300.82861328125,75.89803314208984,234.23605346679688,84.322265625,299.8879699707031,231.8802490234375,194.62098693847656,10.386096954345703,110.85031127929688,102.63999938964844,273.1187744140625,34.489906311035156
2020-07-28,90.45742797851562,150.01649475097656,27.16814422607422,21.306554794311523,300.8010559082031,74.61869812011719,232.36160278320312,84.68775939941406,297.4315490722656,228.523681640625,192.87380981445312,10.180798530578613,112.21926879882812,98.43267059326172,274.3352966308594,34.08294677734375
2020-07-29,92.19135284423828,151.67649841308594,27.300731658935547,22.102489471435547,299.48797607421875,75.60425567626953,231.81854248046875,86.7414321899414,300.3152770996094,231.6716766357422,194.82147216796875,10.429947853088379,112.59659576416016,99.94066619873047,280.50921630859375,34.45860290527344
2020-07-30,93.30687713623047,152.593994140625,27.5880184173584,21.726388931274414,298.91741943359375,76.34169006347656,233.26377868652344,84.42671203613281,300.0239562988281,232.873291015625,194.668701171875,10.577943801879883,115.32575225830078,99.16600036621094,279.18304443359375,32.76814651489258
2020-07-31,103.07504272460938,158.23399353027344,27.999052047729492,21.761371612548828,299.57080078125,73.83958435058594,232.54554748535156,84.09603118896484,299.56768798828125,251.9103240966797,195.7284698486328,10.578689575195312,115.06246185302734,95.38400268554688,276.9420471191406,32.9324951171875
2020-08-03,105.67227935791016,155.59449768066406,28.39505958557129,21.85758399963379,303.0586242675781,73.58203125,233.14993286132812,83.62613677978516,303.50970458984375,250.21218872070312,206.7363739013672,10.972850799560547,115.2116470336914,99.0,277.7012939453125,33.0655517578125
2020-08-04,106.37797546386719,156.94149780273438,29.027971267700195,21.875076293945312,312.69366455078125,73.11258697509766,234.63023376464844,83.14751434326172,305.25738525390625,248.09695434570312,203.63356018066406,11.18961238861084,117.4054946899414,99.13333129882812,278.5152893066406,34.020347595214844
2020-08-05,106.7635726928711,160.25149536132812,29.12962532043457,22.207447052001953,312.8592224121094,73.39989471435547,234.28860473632812,84.592041015625,318.4720764160156,247.39187622070312,203.29945373535156,11.248409271240234,117.098388671875,99.00133514404297,285.80511474609375,34.31773376464844
2020-08-06,110.48844909667969,161.25,29.09603500366211,22.27741813659668,315.932861328125,74.68321228027344,235.94412231445312,84.61814880371094,320.5499267578125,263.4398193359375,206.55502319335938,11.296993255615234,116.457763671875,99.30533599853516,287.25946044921875,34.15338134765625
2020-08-07,107.97644805908203,158.3730010986328,28.810522079467773,22.83719825744629,313.7242736816406,74.356689453125,237.93243408203125,86.48036193847656,318.4914855957031,266.577880859375,202.86026000976562,11.161457061767578,117.19488525390625,96.84733581542969,289.97601318359375,33.996864318847656
2020-08-10,109.54585266113281,157.4080047607422,28.936920166015625,23.230789184570312,312.8869323730469,74.27975463867188,240.6389617919922,87.57682037353516,313.50079345703125,261.17559814453125,198.8217315673828,11.12707233428955,117.67756652832031,94.57133483886719,291.8694152832031,34.834266662597656
2020-08-11,106.2879867553711,154.0334930419922,28.642566680908203,23.545663833618164,305.92047119140625,73.47187042236328,240.80540466308594,90.34407043457031,318.9963684082031,254.353271484375,194.17225646972656,10.813141822814941,116.91410827636719,91.6259994506836,288.6223449707031,35.19425964355469
2020-08-12,109.82038879394531,158.11199951171875,29.492036819458008,23.379486083984375,309.90533447265625,74.79685974121094,246.63894653320312,89.57827758789062,318.1128234863281,258.0871887207031,199.71920776367188,11.401388168334961,118.87100219726562,103.65066528320312,294.76885986328125,35.18628692626953
2020-08-13,111.7639389038086,158.05099487304688,29.1190128326416,23.047119140625,308.92974853515625,75.26383209228516,246.7090301513672,89.082275390625,316.7146301269531,259.48736572265625,199.25137329101562,11.40412712097168,119.15179443359375,108.06666564941406,294.0827941894531,34.324378967285156
2020-08-14,111.66431427001953,157.4010009765625,28.977582931518555,23.15207290649414,309.4635009765625,74.6673355102539,245.73675537109375,89.11708068847656,317.3068542480469,259.42779541015625,199.4423065185547,11.524717330932617,118.55508422851562,110.04733276367188,296.07684326171875,34.476016998291016
2020-08-17,111.3727798461914,159.12049865722656,29.19856834411621,22.653520584106445,312.8500671386719,75.24348449707031,252.47251892089844,86.76754760742188,320.63726806640625,259.3483581542969,200.7598876953125,12.295092582702637,118.90608978271484,122.3759994506836,293.1590881347656,34.029109954833984
2020-08-18,112.30083465576172,165.62449645996094,29.050064086914062,22.32989501953125,313.5770568847656,77.20565795898438,249.63461303710938,85.55797576904297,321.38494873046875,260.5201721191406,201.9150390625,12.219098091125488,119.7923812866211,125.80599975585938,289.7747802734375,33.861515045166016
2020-08-19,112.44173431396484,163.0240020751953,29.10045623779297,22.303661346435547,313.7151184082031,76.6513442993164,247.7601318359375,85.75808715820312,322.7442321777344,260.7684326171875,200.69007873535156,12.09726619720459,119.14302825927734,125.23533630371094,288.485107421875,33.48643493652344
2020-08-20,114.9367904663086,164.86849975585938,29.06686019897461,21.953798294067383,313.68756103515625,78.22147369384766,245.85064697265625,84.73127746582031,327.5213928222656,267.1439208984375,205.36038208007812,12.09975814819336,120.09077453613281,133.45533752441406,286.591796875,32.97567367553711
2020-08-21,120.8597640991211,164.23599243164062,29.17205238342285,21.848844528198242,317.12921142578125,78.18773651123047,248.08421325683594,84.68775939941406,327.3077392578125,265.1578063964844,203.86744689941406,12.640413284301758,120.60851287841797,136.6653289794922,287.3326110839844,32.728267669677734
2020-08-24,122.30525207519531,165.3730010986328,29.52386474609375,22.4698429107666,316.6875,78.66314697265625,251.1674041748047,87.0721206665039,333.65771484375,269.50738525390625,204.50863647460938,12.677037239074707,121.5474624633789,134.27999877929688,282.48492431640625,33.69392776489258
2020-08-25,121.30191802978516,167.32449340820312,29.713027954101562,22.74098777770996,317.22125244140625,79.69038391113281,250.6243133544922,87.45500183105469,337.56097412109375,278.8719787597656,207.16917419433594,12.706686973571777,122.03012084960938,134.8893280029297,285.5765075683594,32.6245231628418
2020-08-26,122.95146942138672,172.09249877929688,30.025062561035156,22.356138229370117,316.81634521484375,81.59001922607422,255.70460510253906,86.2280044555664,340.82330322265625,301.80181884765625,211.64810180664062,12.729608535766602,121.44219207763672,143.54466247558594,282.46661376953125,31.930213928222656
2020-08-27,121.48168182373047,170.0,29.97821617126465,22.78472328186035,318.7396545410156,80.81538391113281,252.81417846679688,89.06484985351562,345.6586608886719,291.1860046386719,216.8448028564453,12.585352897644043,121.28424072265625,149.25,285.0734558105469,31.71474266052246
2020-08-28,121.28489685058594,170.08999633789062,30.480287551879883,23.003381729125977,320.58941650390625,81.35678100585938,250.76451110839844,89.43034362792969,355.4847412109375,291.6228942871094,219.07470703125,13.103087425231934,121.77561950683594,147.55999755859375,287.5430603027344,32.472896575927734
2020-08-31,125.3979263305664,172.54800415039062,30.68625259399414,22.513572692871094,319.9359436035156,80.86551666259766,249.669677734375,87.18524932861328,347.7850036621094,291.1661071777344,215.8399200439453,13.32906723022461,121.3895034790039,166.10667419433594,285.8782958984375,31.87434959411621
2020-09-01,130.39285278320312,174.95599365234375,31.781461715698242,22.48733139038086,323.3593444824219,82.13343048095703,250.45791625976562,87.14171600341797,346.5325012207031,293.39056396484375,217.5051727294922,13.77817153930664,121.25785827636719,158.35000610351562,286.1343688964844,31.467342376708984
2020-09-02,127.69133758544922,176.57249450683594,33.148929595947266,22.758480072021484,330.242919921875,85.2255630493164,252.88816833496094,88.45572662353516,350.22216796875,300.401611328125,221.69696044921875,14.302042961120605,123.30253601074219,149.1233367919922,292.9120788574219,31.275815963745117
2020-09-03,117.46825408935547,168.39999389648438,31.122926712036133,22.599943161010742,320.5249328613281,80.86451721191406,241.8199462890625,88.17725372314453,333.85205078125,289.1005554199219,207.96353149414062,12.975166320800781,121.32807922363281,135.6666717529297,289.2442626953125,31.211971282958984
2020-09-04,117.54598999023438,164.7310028076172,32.08289337158203,23.375003814697266,318.9329528808594,78.46762084960938,237.44375610351562,90.0829849243164,325.2784423828125,280.7687072753906,205.04457092285156,12.58338451385498,121.06482696533203,139.44000244140625,285.375244140625,31.188026428222656
2020-09-08,109.63573455810547,157.49200439453125,30.985918045043945,22.441410064697266,311.8377990722656,75.60871124267578,237.0915069580078,86.95027160644531,320.29742431640625,269.2790222167969,193.9525604248047,11.876084327697754,119.2922134399414,110.06999969482422,281.03057861328125,30.46977424621582
2020-09-09,114.00872802734375,163.4304962158203,31.82478141784668,22.467830657958984,318.8040771484375,76.78135681152344,243.9419708251953,87.7769775390625,329.77398681640625,271.8212585449219,202.21176147460938,12.67559814453125,121.23155212402344,122.09333038330078,285.3935241699219,30.286222457885742
2020-09-10,110.28681182861328,158.7554931640625,31.564016342163086,22.141952514648438,312.4543151855469,75.73030090332031,240.12049865722656,86.8719711303711,323.2102966308594,266.23028564453125,196.54611206054688,12.273600578308105,119.95915222167969,123.77999877929688,278.6066589355469,29.52806854248047
2020-09-11,108.83888244628906,155.81100463867188,31.795608520507812,22.45902442932129,312.0862731933594,75.21966552734375,243.3168487548828,87.95101928710938,320.5595397949219,264.76055908203125,195.26368713378906,12.126806259155273,121.22280883789062,124.23999786376953,276.88934326171875,29.44826316833496
2020-09-14,112.10401916503906,155.14849853515625,32.01659393310547,22.679214477539062,315.57403564453125,74.8757553100586,247.12069702148438,89.16930389404297,328.7640686035156,264.3037414550781,196.58438110351562,12.832361221313477,121.65277862548828,139.8733367919922,283.4009094238281,29.256729125976562
2020-09-15,112.27897644042969,157.80650329589844,32.43293762207031,22.265260696411133,316.4849853515625,76.18038940429688,251.46168518066406,86.39334869384766,329.2884826660156,270.5302734375,199.80958557128906,12.950743675231934,121.65277862548828,149.9199981689453,282.1702575683594,28.945493698120117
2020-09-16,108.9652099609375,153.90499877929688,32.444419860839844,22.547101974487305,316.3194274902344,75.03752899169922,247.98367309570312,86.75883483886719,331.919677734375,261.6920166015625,196.23988342285156,12.475720405578613,120.8366470336914,147.25332641601562,281.5180969238281,30.17449188232422
2020-09-17,107.22574615478516,150.43649291992188,32.345428466796875,22.326915740966797,311.8562316894531,73.79442596435547,246.51316833496094,85.76679992675781,329.5700378417969,253.05233764648438,194.19183349609375,12.424877166748047,120.6787338256836,141.14332580566406,280.10382080078125,30.166513442993164
2020-09-18,103.82451629638672,147.74549865722656,31.798269271850586,22.203609466552734,309.16900634765625,72.0103988647461,242.31301879882812,85.58406829833984,325.5212097167969,250.77822875976562,191.7800750732422,12.15147876739502,120.5470962524414,147.38333129882812,282.8957824707031,29.67969512939453
2020-09-21,106.97306823730469,148.02349853515625,31.379911422729492,21.55185890197754,312.4912109375,70.97077178955078,239.8123016357422,82.93863677978516,318.3264465332031,246.42861938476562,193.83767700195312,12.478461265563965,119.96791076660156,149.79666137695312,274.7860412597656,29.073171615600586
2020-09-22,108.65425109863281,156.44949340820312,32.25407409667969,21.08506202697754,316.98199462890625,72.44363403320312,240.6576385498047,82.03366088867188,325.56964111328125,252.98281860351562,198.50804138183594,12.598588943481445,121.06482696533203,141.41000366210938,270.2581787109375,28.35492515563965
2020-09-23,104.09661865234375,149.9929962158203,31.362079620361328,20.486156463623047,317.1475524902344,69.94104766845703,234.70526123046875,80.70223999023438,315.1028747558594,247.2926025390625,191.97146606445312,12.086180686950684,119.61688995361328,126.78666687011719,268.31103515625,27.445140838623047
2020-09-24,105.16558074951172,150.989501953125,31.445026397705078,20.55661392211914,319.32867431640625,70.60948181152344,233.95681762695312,80.63262939453125,318.6759948730469,247.79905700683594,194.45977783203125,12.309737205505371,120.15217590332031,129.26333618164062,268.7886657714844,27.3892765045166
2020-09-25,109.11099243164062,154.75650024414062,31.82680320739746,20.688724517822266,315.2610778808594,71.4134292602539,236.46630859375,81.33750915527344,322.1422424316406,253.05233764648438,198.89085388183594,12.833854675292969,120.7664794921875,135.77999877929688,277.8260803222656,27.6446533203125
2020-09-28,111.71533203125,158.70249938964844,32.76341247558594,21.217174530029297,321.73974609375,72.38607788085938,239.7947235107422,83.6783447265625,328.5602722167969,255.0384979248047,200.44125366210938,12.994604110717773,121.10867309570312,140.39999389648438,278.4964904785156,28.179351806640625
2020-09-29,110.86988067626953,157.24400329589844,32.49224090576172,20.935338973999023,324.0587463378906,72.75131225585938,239.6009521484375,82.9734878540039,326.4629821777344,259.9739990234375,198.35488891601562,13.184765815734863,120.45054626464844,139.69000244140625,279.34149169921875,27.357358932495117
2020-09-30,112.54133605957031,157.43649291992188,32.497596740722656,21.217174530029297,326.69073486328125,72.73047637939453,244.53196716308594,83.7740478515625,328.3466491699219,260.0832214355469,201.2930450439453,13.488571166992188,121.96869659423828,143.00332641601562,286.3398742675781,27.397260665893555
2020-10-01,113.49366760253906,161.06300354003906,32.87937545776367,21.225975036621094,329.87481689453125,73.83709716796875,244.45274353027344,84.3831787109375,333.3955383300781,264.7804260253906,203.33148193359375,13.572312355041504,122.18805694580078,149.3866729736328,287.5338439941406,26.439590454101562
2020-10-02,109.83009338378906,156.25,31.829479217529297,21.32286262512207,326.6999206542969,72.23422241210938,245.9408416748047,85.18376159667969,328.9874572753906,258.1368103027344,197.33090209960938,13.021770477294922,121.20523071289062,138.3633270263672,286.5328369140625,26.31988525390625
2020-10-05,113.21187591552734,159.9600067138672,32.656368255615234,21.683969497680664,329.9852600097656,73.58551025390625,248.39747619628906,86.98423767089844,333.2790222167969,262.81414794921875,201.3408660888672,13.600223541259766,122.31968688964844,141.89332580566406,292.199462890625,26.926408767700195
2020-10-06,109.9661636352539,154.9980010986328,32.46726989746094,21.463783264160156,329.7735595703125,72.00694274902344,243.4401092529297,86.08839416503906,327.62811279296875,256.8656921386719,197.0629119873047,13.693931579589844,122.51278686523438,137.9933319091797,288.8014221191406,26.647085189819336
2020-10-07,111.83195495605469,159.7845001220703,32.71344757080078,21.9129638671875,334.07122802734375,72.4098892211914,249.0050048828125,87.5902328491211,333.91021728515625,256.3294677734375,200.81448364257812,13.920727729797363,123.46926879882812,141.76666259765625,296.81005859375,26.734872817993164
2020-10-08,111.72504425048828,159.52749633789062,33.301300048828125,22.23003387451172,335.9761047363281,73.61528778076172,250.5283203125,89.39070129394531,335.51409912109375,261.9303283691406,201.53225708007812,13.795866012573242,124.30290985107422,141.97332763671875,296.11212158203125,28.139448165893555
2020-10-09,113.66861724853516,164.33250427246094,33.60190200805664,22.335725784301758,339.99749755859375,74.95614624023438,251.7611083984375,88.88130187988281,342.552001953125,262.6155700683594,206.53756713867188,13.720101356506348,125.41742706298828,144.6666717529297,301.0991516113281,27.724464416503906
2020-10-12,120.8888931274414,172.14649963378906,34.11302185058594,22.617555618286133,346.4577941894531,77.64285278320312,252.63282775878906,89.97037506103516,342.2117004394531,273.837158203125,211.88734436035156,14.181916236877441,126.79518127441406,147.43333435058594,303.0553894042969,27.636674880981445
2020-10-13,117.6820297241211,172.18150329589844,34.0291748046875,21.9746150970459,350.3228454589844,77.76592254638672,255.67063903808594,88.5124282836914,336.184814453125,274.2244873046875,213.28465270996094,14.204095840454102,126.5494384765625,148.88333129882812,304.3872375488281,27.30947494506836
2020-10-14,117.76950073242188,168.1855010986328,33.923030853271484,20.8032169342041,348.1695251464844,77.58577728271484,252.7913055419922,88.02059936523438,333.13250732421875,269.9344482421875,211.37060546875,14.0515718460083,126.4002685546875,153.76666259765625,295.5977478027344,27.25360870361328
2020-10-15,117.30306243896484,166.9324951171875,33.89002227783203,21.270017623901367,346.54974365234375,77.19026184082031,253.18753051757812,89.3380126953125,329.1178894042969,264.8697509765625,210.2221221923828,13.926708221435547,126.21592712402344,149.6266632080078,298.09588623046875,27.493024826049805
2020-10-16,115.66075134277344,163.635498046875,33.775840759277344,21.349285125732422,351.11431884765625,77.79719543457031,253.29327392578125,89.15357971191406,329.9245910644531,264.08526611328125,210.2221221923828,13.768698692321777,126.70735931396484,146.55667114257812,302.9911193847656,27.213703155517578
2020-10-19,112.7065658569336,160.36050415039062,33.518943786621094,20.89129638671875,345.61114501953125,75.92383575439453,249.8327178955078,87.6517333984375,322.41046142578125,259.58673095703125,205.01589965820312,13.455921173095703,124.53112030029297,143.61000061035156,297.7744445800781,26.6710262298584
2020-10-20,114.19336700439453,160.85049438476562,33.62778091430664,21.26120948791504,348.141845703125,76.97241973876953,251.86680603027344,88.15235137939453,322.458984375,265.7039489746094,205.42738342285156,13.603215217590332,125.0312728881836,140.64666748046875,297.0305480957031,26.894485473632812
2020-10-21,113.57144165039062,159.2469940185547,33.1871223449707,21.181941986083984,347.69091796875,78.70481872558594,250.51956176757812,87.27408599853516,324.1116027832031,276.7965087890625,205.57093811035156,13.482836723327637,125.7070083618164,140.8800048828125,296.4610595703125,26.463531494140625
2020-10-22,112.48306274414062,158.82000732421875,33.30486297607422,21.904155731201172,345.78607177734375,79.73057556152344,247.56979370117188,90.35681915283203,324.2865905761719,276.190673828125,205.65707397460938,13.319596290588379,124.81665802001953,141.92999267578125,299.1612243652344,27.820228576660156
2020-10-23,111.7930679321289,160.22000122070312,33.24687576293945,21.930574417114258,344.7277526855469,81.0367202758789,249.19004821777344,91.1736068725586,320.4079895019531,282.8144836425781,206.939453125,13.548137664794922,125.63731384277344,140.2100067138672,303.634033203125,27.261585235595703
2020-10-26,111.80281066894531,160.3520050048828,32.38340759277344,21.613508224487305,341.1479797363281,78.6204605102539,243.0614471435547,88.91645050048828,309.18035888671875,275.187744140625,201.0537109375,13.10052490234375,124.68429565429688,140.0933380126953,296.70904541015625,26.615161895751953
2020-10-27,113.30906677246094,164.31649780273438,32.07657241821289,21.005796432495117,342.9976501464844,79.34449768066406,243.76588439941406,87.23893737792969,308.2569274902344,281.32489013671875,204.08750915527344,13.355236053466797,125.61964416503906,141.55999755859375,294.3670959472656,26.192197799682617
2020-10-28,108.06147766113281,158.13900756835938,30.971370697021484,20.671106338500977,335.8564758300781,74.9735336303711,237.4965057373047,84.7885513305664,283.24530029296875,265.8132019042969,193.9716796875,12.587872505187988,121.47232818603516,135.33999633789062,282.8774108886719,25.19462776184082
2020-10-29,112.06517028808594,160.55050659179688,31.66713523864746,20.732765197753906,336.40960693359375,77.26024627685547,237.41726684570312,85.34185028076172,284.9950256347656,278.8819274902344,195.92404174804688,12.983640670776367,121.39291381835938,136.94332885742188,278.90985107421875,26.311906814575195
2020-10-30,105.78748321533203,151.8074951171875,31.187238693237305,20.87368392944336,329.7342529296875,80.19953155517578,234.84613037109375,86.10595703125,280.581787109375,261.28485107421875,193.77073669433594,12.495162010192871,120.97816467285156,129.34666442871094,280.2508239746094,26.032583236694336
2020-11-02,105.70005798339844,150.2239990234375,31.33173370361328,21.20836639404297,335.976318359375,80.60696411132812,238.39462280273438,88.04694366455078,281.8746032714844,259.5469665527344,193.63671875,12.541765213012695,122.21354675292969,133.50332641601562,286.64306640625,27.12592124938965
2020-11-03,107.32292938232422,152.42050170898438,31.55562973022461,21.74561882019043,342.9560241699219,81.66594696044922,244.2325897216797,90.8222885131836,287.143310546875,263.4596252441406,197.56053161621094,12.979154586791992,124.61366271972656,141.3000030517578,295.1385803222656,26.663042068481445
2020-11-04,111.70561218261719,162.05799865722656,32.52524185180664,20.856067657470703,346.83782958984375,86.63789367675781,248.9434356689453,88.04694366455078,298.6236877441406,285.3864440917969,207.09266662597656,13.751502990722656,124.1019058227539,140.32666015625,325.6396179199219,26.519399642944336
2020-11-05,115.67044830322266,166.10000610351562,33.973873138427734,21.675161361694336,355.1913146972656,87.46415710449219,251.6995086669922,91.64785766601562,307.69305419921875,292.63580322265625,213.69615173339844,14.116121292114258,125.63731384277344,146.02999877929688,325.4927673339844,26.47150993347168
2020-11-06,115.53905487060547,165.56849670410156,33.951560974121094,21.41093635559082,355.5877990722656,87.3266830444336,250.28175354003906,90.42706298828125,304.88385009765625,291.3746643066406,214.1077117919922,14.516873359680176,126.38733673095703,143.31666564941406,319.1188049316406,26.160274505615234
2020-11-09,113.23198699951172,157.18699645996094,33.49843215942383,24.44951057434082,336.5387268066406,87.4105453491211,237.7166748046875,102.67021942138672,334.94061279296875,276.8362121582031,209.0067138671875,13.588508605957031,121.7635269165039,140.4199981689453,321.45166015625,29.472206115722656
2020-11-10,112.8912582397461,151.75100708007812,32.39144515991211,24.361433029174805,338.03240966796875,86.23443603515625,242.6476287841797,102.33645629882812,325.4335632324219,270.54022216796875,201.94378662109375,12.730426788330078,123.76658630371094,136.7866668701172,324.84063720703125,30.12605857849121
2020-11-11,116.31782531738281,156.8695068359375,33.532318115234375,24.0795955657959,343.8411865234375,86.70637512207031,244.56716918945312,100.80826568603516,323.1103820800781,274.5621337890625,207.2457733154297,13.376422882080078,125.36375427246094,139.0433349609375,323.0129699707031,29.815473556518555
2020-11-12,116.04525756835938,155.51400756835938,33.0220947265625,23.507110595703125,346.4136657714844,86.48751831054688,243.2375946044922,99.56991577148438,319.12481689453125,273.1718444824219,206.18344116210938,13.415050506591797,125.43434143066406,137.25332641601562,325.501953125,28.793840408325195
2020-11-13,116.09392547607422,156.4405059814453,33.31645965576172,23.780147552490234,349.29962158203125,87.948486328125,244.0564727783203,100.19347381591797,325.6766052246094,275.02886962890625,207.2074432373047,13.2557954788208,127.31385040283203,136.1666717529297,326.65924072265625,29.488550186157227
2020-11-16,117.10633087158203,156.55299377441406,33.9685173034668,24.29097557067871,350.1754150390625,88.03632354736328,246.16973876953125,103.02152252197266,326.08489990234375,277.0248718261719,207.89646911621094,13.473368644714355,125.6814193725586,136.02999877929688,327.71533203125,31.18855857849121
2020-11-17,116.22047424316406,156.7830047607422,33.94977951049805,24.264556884765625,352.1394348144531,87.42244720458984,239.91795349121094,101.97637939453125,327.1056823730469,273.0923767089844,205.2455291748047,13.380654335021973,125.19608306884766,147.20333862304688,323.38043212890625,31.60538101196289
2020-11-18,114.89657592773438,155.2729949951172,33.951560974121094,23.762529373168945,352.42529296875,86.37934112548828,237.59336853027344,101.22106170654297,326.5613098144531,270.0833740234375,202.53964233398438,13.387139320373535,123.27243041992188,162.2133331298828,316.4094543457031,30.412113189697266
2020-11-19,115.49037170410156,155.8509979248047,34.282508850097656,23.762529373168945,353.6330871582031,87.26911163330078,238.56201171875,101.49331665039062,324.558837890625,271.046630859375,203.825439453125,13.398600578308105,123.1224136352539,166.42333984375,309.5119934082031,30.56740379333496
2020-11-20,114.22488403320312,154.97000122070312,34.193294525146484,23.612802505493164,351.4017333984375,86.1679458618164,237.5757598876953,100.62382507324219,313.9825134277344,267.82916259765625,201.87757873535156,13.047195434570312,122.91942596435547,163.20333862304688,307.39959716796875,30.191434860229492
2020-11-23,110.82754516601562,154.91949462890625,34.520668029785156,24.123634338378906,351.94580078125,85.7302474975586,238.97581481933594,103.52213287353516,322.77008056640625,266.56793212890625,201.60894775390625,13.099282264709473,122.44294738769531,173.9499969482422,307.7302551269531,32.16933059692383
2020-11-24,112.11250305175781,155.9029998779297,34.98719024658203,25.52402114868164,354.2601013183594,87.53361511230469,240.6576385498047,108.3087387084961,332.8311462402344,274.9990234375,205.20721435546875,12.917597770690918,122.04589080810547,185.1266632080078,308.60272216796875,34.31067657470703
2020-11-25,112.94966125488281,159.2534942626953,34.862300872802734,25.56805419921875,357.5148010253906,87.54503631591797,241.22999572753906,107.1757583618164,331.791015625,273.67828369140625,205.21676635742188,13.193737030029297,122.37236785888672,191.3333282470703,306.0127258300781,33.35441970825195
2020-11-27,113.49480438232422,159.76699829101562,35.229820251464844,25.53282928466797,358.1047668457031,88.68095397949219,243.01744079589844,106.46436309814453,329.6038818359375,275.88287353515625,206.52174377441406,13.2201566696167,122.31060028076172,195.25332641601562,310.3753967285156,32.84769821166992
2020-11-30,115.8895034790039,158.40199279785156,35.82121276855469,24.801809310913086,361.2213134765625,87.06218719482422,244.2677764892578,103.53091430664062,327.1153259277344,275.0487060546875,205.40866088867188,13.359972953796387,122.54003143310547,189.1999969482422,308.9058532714844,31.164043426513672
2020-12-01,119.4620590209961,161.00399780273438,36.08792495727539,25.268611907958984,366.6996765136719,89.09481811523438,243.55458068847656,105.16451263427734,329.4191589355469,284.5622253417969,207.46212768554688,13.348506927490234,122.98123168945312,194.9199981689453,313.3602600097656,31.466432571411133
2020-12-02,119.8125228881836,160.17649841308594,36.01299285888672,25.5944766998291,362.85821533203125,90.56421661376953,240.01324462890625,107.18452453613281,330.7217102050781,285.52545166015625,206.6560516357422,13.502527236938477,122.08998107910156,189.60667419433594,319.2106018066406,32.643367767333984
2020-12-03,119.67623901367188,159.3365020751953,35.662437438964844,25.621070861816406,353.9167785644531,90.40888977050781,237.3926544189453,106.48190307617188,325.78363037109375,279.89483642578125,205.57180786132812,13.358433723449707,121.18993377685547,197.7933349609375,320.2392883300781,32.864036560058594
2020-12-04,119.00455474853516,158.12899780273438,36.722145080566406,25.957836151123047,353.33026123046875,90.50418090820312,233.71856689453125,107.44801330566406,334.7364807128906,277.759765625,205.6869659423828,13.52022933959961,121.3046646118164,199.67999267578125,322.5068359375,34.065486907958984
2020-12-07,120.46471405029297,157.89999389648438,37.54368209838867,25.78059196472168,353.23553466796875,90.1701889038086,232.52334594726562,107.04399871826172,331.4410705566406,283.5989685058594,205.61976623535156,13.56859016418457,121.4899673461914,213.9199981689453,320.6356201171875,33.42798614501953
2020-12-08,121.0780029296875,158.864501953125,37.768463134765625,25.638792037963867,357.2757873535156,89.8873291015625,231.70883178710938,107.14940643310547,331.2758483886719,281.43408203125,207.27020263671875,13.312561988830566,121.81645202636719,216.6266632080078,320.6356201171875,34.52317810058594
2020-12-09,118.54702758789062,155.2100067138672,37.127113342285156,25.52358055114746,354.1439208984375,88.22637176513672,235.12620544433594,106.31504821777344,327.44580078125,275.9920959472656,203.2305450439453,12.894488334655762,120.36933135986328,201.4933319091797,317.4556579589844,34.980873107910156
2020-12-10,119.96825408935547,155.07449340820312,36.57585144042969,25.798316955566406,352.7246398925781,87.71971893310547,234.44448852539062,105.6299819946289,322.2646789550781,275.1976318359375,202.00234985351562,12.935871124267578,119.57514190673828,209.02333068847656,313.0681457519531,35.969818115234375
2020-12-11,119.1603012084961,155.8209991455078,36.19942855834961,25.31974983215332,354.910400390625,88.07452392578125,234.2143096923828,105.00642395019531,318.27911376953125,271.6523742675781,204.6314239501953,12.97675895690918,120.45752716064453,203.3300018310547,310.6901550292969,35.79817581176758
2020-12-14,118.54702758789062,157.84849548339844,36.73284912109375,25.009565353393555,354.22906494140625,86.95599365234375,235.12620544433594,103.8998031616211,321.9049987792969,272.2879943847656,205.533447265625,13.271428108215332,119.8751449584961,213.27667236328125,309.82366943359375,34.5068359375
2020-12-15,124.48507690429688,158.25599670410156,37.291236877441406,25.38178253173828,351.8636779785156,87.39368438720703,237.25100708007812,105.67391204833984,324.33514404296875,273.6385498046875,205.46624755859375,13.323034286499023,120.58109283447266,211.0833282470703,313.0866394042969,35.17702865600586
2020-12-16,124.41693878173828,162.04800415039062,37.90137481689453,25.45268440246582,349.5549621582031,87.20063781738281,238.6763916015625,105.98129272460938,322.8284912109375,273.75775146484375,210.4078826904297,13.205364227294922,121.12821197509766,207.58999633789062,312.7824401855469,35.716453552246094
2020-12-17,125.2833251953125,161.8040008544922,38.00841522216797,25.5501708984375,350.35919189453125,86.37288665771484,242.5541229248047,105.10302734375,327.4944152832031,272.5759582519531,210.54222106933594,13.303834915161133,121.99295043945312,218.63333129882812,314.9301452636719,35.53664779663086
2020-12-18,123.29747772216797,160.08250427246094,39.093353271484375,25.40836524963379,347.2462463378906,85.66374206542969,239.43772888183594,104.58482360839844,330.8287048339844,274.482666015625,209.7458038330078,13.234782218933105,122.69001770019531,231.6666717529297,311.8975524902344,34.92366409301758
2020-12-21,124.82577514648438,160.3090057373047,38.58235168457031,26.356645584106445,345.3255310058594,86.0776138305664,239.91583251953125,108.5107421875,325.0350646972656,270.897705078125,213.58395385742188,13.294861793518066,121.34878540039062,216.6199951171875,309.777587890625,34.286163330078125
2020-12-22,128.37889099121094,160.3260040283203,38.962005615234375,25.886938095092773,342.5438537597656,85.36599731445312,239.07479858398438,106.85958099365234,322.9644775390625,265.23724365234375,214.87936401367188,13.241015434265137,120.49285888671875,213.44667053222656,308.7913818359375,33.705875396728516
2020-12-23,127.48329162597656,159.2635040283203,38.27470016479492,26.631376266479492,342.411376953125,85.76348876953125,238.87112426757812,109.84569549560547,320.0385437011719,266.2501220703125,212.07748413085938,12.972768783569336,120.30753326416016,215.32666015625,311.16937255859375,34.139041900634766
2020-12-24,128.4665069580078,158.63450622558594,38.81446075439453,26.551616668701172,344.95654296875,86.05776977539062,239.85389709472656,109.36266326904297,326.6195983886719,265.5450134277344,213.7374725341797,12.957308769226074,121.52525329589844,220.58999633789062,314.11895751953125,34.00010299682617
2020-12-28,133.06117248535156,164.197998046875,38.85224151611328,26.702272415161133,351.0877685546875,88.03285217285156,238.3753662109375,110.08283233642578,334.85308837890625,275.0785217285156,215.85804748535156,12.863823890686035,122.37236785888672,221.22999572753906,318.87518310546875,34.114532470703125
2020-12-29,131.28952026367188,166.10000610351562,38.59675598144531,26.595922470092773,352.6584167480469,87.22891998291016,235.66629028320312,109.79302215576172,336.9819641113281,274.8599853515625,215.08084106445312,12.906951904296875,122.14295959472656,221.99667358398438,320.1656494140625,33.73039245605469
2020-12-30,130.17005920410156,164.29249572753906,39.11762619018555,26.569339752197266,354.29541015625,86.16148376464844,234.8429412841797,110.10040283203125,345.623779296875,269.98406982421875,212.7107696533203,13.10888385772705,121.56937408447266,231.5933380126953,317.9902038574219,34.00010299682617
2020-12-31,129.16737365722656,162.84649658203125,39.38931655883789,26.861797332763672,356.4998779296875,86.97484588623047,235.16165161132812,111.60225677490234,346.9749755859375,271.2651062011719,213.4208221435547,13.018389701843262,122.77828979492188,235.22332763671875,323.2348937988281,33.68952178955078
2021-01-04,125.97445678710938,159.3314971923828,38.25311279296875,26.61365509033203,359.68853759765625,85.65928649902344,233.65658569335938,110.54833221435547,341.6771240234375,267.0743713378906,208.8822021484375,13.076725959777832,121.61351013183594,243.2566680908203,322.1472473144531,33.91836929321289
2021-01-05,127.531982421875,160.92550659179688,38.512203216552734,26.81748390197754,355.51593017578125,86.35006713867188,235.54234313964844,111.14983367919922,337.720703125,269.09033203125,209.083740234375,13.367157936096191,122.39000701904297,245.0366668701172,317.8150939941406,35.5529899597168
2021-01-06,123.23908996582031,156.91900634765625,38.27470016479492,28.492475509643555,350.10382080078125,85.49799346923828,236.8880157470703,116.36898803710938,337.8471374511719,261.48345947265625,203.66232299804688,12.579124450683594,123.6783447265625,251.9933319091797,331.1526794433594,36.460205078125
2021-01-07,127.44438171386719,158.10800170898438,39.8876953125,29.1216983795166,348.1168518066406,88.05171203613281,235.72825622558594,120.1904525756836,340.523681640625,266.8758239746094,209.4579315185547,13.306578636169434,122.52238464355469,272.0133361816406,336.4619445800781,36.74625778198242
2021-01-08,128.5443878173828,159.13499450683594,40.09010696411133,28.829235076904297,350.0281066894531,89.21739959716797,238.23374938964844,120.3231430053711,344.4072265625,265.71392822265625,210.73410034179688,13.239516258239746,122.46943664550781,293.3399963378906,334.95025634765625,37.15492248535156
2021-01-11,125.55586242675781,155.7104949951172,40.10089874267578,29.30780792236328,344.417236328125,87.1559829711914,240.12831115722656,122.11885833740234,338.90802001953125,255.05831909179688,208.6903076171875,13.583300590515137,121.63998413085938,270.39666748046875,332.516845703125,38.28281021118164
2021-01-12,125.38066864013672,156.04150390625,40.42744827270508,29.83068084716797,344.59710693359375,86.22003936767578,244.6435546875,124.03846740722656,333.7688903808594,249.34823608398438,206.2338104248047,13.446935653686523,120.93405151367188,283.14666748046875,329.4013977050781,39.1328125
2021-01-13,127.41517639160156,158.29449462890625,40.591190338134766,29.6534366607666,347.1990051269531,86.70736694335938,242.62490844726562,124.15343475341797,337.0878601074219,249.89442443847656,207.5868377685547,13.493803977966309,121.11934661865234,284.8033447265625,327.2537536621094,39.57415771484375
2021-01-14,125.48774719238281,156.37350463867188,40.66855239868164,30.123149871826172,342.8466491699219,85.89698028564453,237.56971740722656,124.87882995605469,318.20556640625,243.93603515625,204.40115356445312,13.163232803344727,119.83104705810547,281.6666564941406,323.0966796875,41.11886978149414
2021-01-15,123.76472473144531,155.21249389648438,40.10899353027344,29.25463104248047,342.6668395996094,85.73321533203125,243.98837280273438,122.64078521728516,314.6335754394531,249.61634826660156,204.046142578125,12.82343864440918,118.93095397949219,275.38665771484375,323.8064880371094,39.14098358154297
2021-01-19,124.43643188476562,156.03799438476562,41.31626510620117,29.041934967041016,335.3907470703125,88.55441284179688,241.86355590820312,122.11003112792969,317.2420654296875,259.2887878417969,207.6827850341797,12.98872184753418,117.88976287841797,281.51666259765625,324.6268005371094,39.91743469238281
2021-01-20,128.52490234375,163.16900634765625,41.55106735229492,28.660852432250977,341.8531188964844,93.2985610961914,242.8463134765625,120.27891540527344,325.97271728515625,265.6245422363281,215.2631378173828,13.328269004821777,116.41612243652344,283.48333740234375,323.3824462890625,40.48136901855469
2021-01-21,133.2364044189453,165.34950256347656,41.99546813964844,28.155702590942383,343.2723083496094,93.50102996826172,247.0515899658203,119.2704849243164,325.51519775390625,270.97711181640625,215.86764526367188,13.828609466552734,116.30158233642578,281.663330078125,327.2168884277344,39.32078170776367
2021-01-22,135.37799072265625,164.6114959716797,41.83354187011719,27.960731506347656,342.79925537109375,93.91838073730469,251.43405151367188,118.35047912597656,320.21063232421875,272.5958557128906,216.8079833984375,13.67404556274414,115.40499877929688,282.21331787109375,320.34991455078125,38.76502990722656
2021-01-25,139.12579345703125,164.6999969482422,41.8128547668457,27.61509895324707,342.40191650390625,94.00373840332031,252.39015197753906,116.8731918334961,320.40533447265625,276.0815124511719,220.24313354492188,13.614960670471191,117.39350128173828,293.6000061035156,320.58953857421875,38.33185577392578
2021-01-26,139.35943603515625,166.30650329589844,41.7300910949707,27.420127868652344,345.3350524902344,94.6821060180664,250.19454956054688,116.39553833007812,318.955078125,280.09344482421875,222.92987060546875,13.397574424743652,118.14807891845703,294.36334228515625,316.25738525390625,37.490013122558594
2021-01-27,138.2886199951172,161.62899780273438,40.00554275512695,26.436405181884766,337.2073669433594,90.26498413085938,242.62490844726562,113.10480499267578,307.0708923339844,270.2522277832031,223.4768524169922,12.881525993347168,113.96688079833984,288.0533447265625,306.9294128417969,37.06501007080078
2021-01-28,133.4505615234375,161.88099670410156,40.63886260986328,26.87066078186035,337.8413391113281,91.96514129638672,246.1663055419922,115.09516906738281,315.6263427734375,263.1617431640625,229.26278686523438,13.014399528503418,115.7245864868164,278.4766540527344,311.685546875,37.64529800415039
2021-01-29,128.45675659179688,160.30999755859375,40.527313232421875,26.276884078979492,333.4606018066406,90.68283081054688,239.76531982421875,113.82135009765625,307.84954833984375,256.5379943847656,222.57485961914062,12.953322410583496,113.81596374511719,264.510009765625,307.47320556640625,36.64817810058594
2021-02-01,130.57888793945312,167.1439971923828,41.98827362060547,26.551616668701172,331.65338134765625,93.94369506835938,239.10134887695312,114.66169738769531,312.97894287109375,260.1925048828125,229.9536895751953,13.199878692626953,114.49063873291016,279.9366760253906,307.86029052734375,36.71357345581055
2021-02-02,131.4063262939453,169.0,42.900474548339844,27.499889373779297,336.4410400390625,95.23641204833984,240.95164489746094,118.19126892089844,325.4470520019531,265.2272644042969,229.81935119628906,13.518731117248535,114.33084106445312,290.92999267578125,312.2109680175781,37.293861389160156
2021-02-03,130.38421630859375,165.62649536132812,41.848838806152344,27.987319946289062,336.0909118652344,102.1720199584961,242.73118591308594,119.54473114013672,323.9383850097656,264.80029296875,233.16815185546875,13.49255657196045,114.4728775024414,284.89666748046875,311.4459228515625,38.756839752197266
2021-02-04,133.7426300048828,166.5500030517578,42.338233947753906,28.802650451660156,337.361328125,101.91149139404297,246.84800720214844,122.29582977294922,331.7347412109375,264.6413269042969,232.21820068359375,13.625931739807129,114.54391479492188,283.3299865722656,303.546630859375,39.50059509277344
2021-02-05,133.3282928466797,167.6074981689453,41.92259979248047,28.687442779541016,336.7165832519531,103.65828704833984,246.88336181640625,122.05695343017578,329.71026611328125,266.2402648925781,232.40054321289062,13.552884101867676,115.02328491210938,284.07666015625,299.1130676269531,40.824642181396484
2021-02-08,133.47450256347656,166.14700317382812,42.524444580078125,29.325529098510742,341.1344909667969,103.44439697265625,247.91925048828125,123.96768951416016,328.03607177734375,264.73077392578125,232.65957641601562,14.398258209228516,114.66818237304688,287.8066711425781,298.956298828125,42.58185958862305
2021-02-09,132.5970916748047,165.25,42.69807052612305,29.20145606994629,340.87847900390625,102.99132537841797,245.0330352783203,123.47234344482422,324.54193115234375,267.58087158203125,233.90701293945312,14.223251342773438,114.22431945800781,283.1533203125,303.8323059082031,42.08314895629883
2021-02-10,131.9926300048828,164.32899475097656,42.286048889160156,29.228046417236328,337.61724853515625,103.54166412353516,246.73287963867188,123.54307556152344,325.2913513183594,269.98406982421875,232.99549865722656,14.722846984863281,113.82485961914062,268.2733459472656,307.3072509765625,42.49042510986328
2021-02-11,131.7391815185547,163.10650634765625,43.036319732666016,29.139421463012695,333.9009704589844,103.65431213378906,245.28981018066406,123.19808959960938,333.72021484375,268.51434326171875,234.5978546142578,15.207980155944824,113.92249298095703,270.5533447265625,307.0031433105469,41.42650604248047
2021-02-12,131.97315979003906,163.885498046875,43.74971389770508,29.57367706298828,334.4223327636719,103.9659652709961,245.68821716308594,124.94956970214844,331.90008544921875,268.62359619140625,235.07765197753906,14.919295310974121,113.29219818115234,272.0400085449219,302.55120849609375,41.99171829223633
2021-02-16,129.8478546142578,163.44749450683594,44.00249099731445,30.37129020690918,335.6073913574219,104.74359893798828,243.8113250732422,127.95722961425781,332.10455322265625,272.06951904296875,233.83982849121094,15.287260055541992,113.55852508544922,265.40667724609375,299.2145080566406,43.255126953125
2021-02-17,127.55683898925781,165.4320068359375,43.40425491333008,30.495363235473633,339.4375915527344,105.13661193847656,248.70724487304688,128.35533142089844,328.328125,271.67236328125,234.85926818847656,14.864200592041016,114.03790283203125,266.04998779296875,301.2792053222656,43.92838668823242
2021-02-18,126.4552001953125,166.4114990234375,43.474430084228516,30.300390243530273,338.3757019042969,104.50090789794922,250.59292602539062,128.7887420654297,329.4278869628906,267.5212707519531,234.46493530273438,14.787415504455566,114.9877700805664,262.4599914550781,302.70782470703125,43.23849868774414
2021-02-19,126.61116027832031,162.4949951171875,44.077178955078125,30.610578536987305,336.33746337890625,103.65728759765625,247.57398986816406,130.93832397460938,324.279052734375,259.74554443359375,231.75283813476562,14.884642601013184,112.84833526611328,260.4333190917969,299.17755126953125,43.529415130615234
2021-02-22,122.8382797241211,159.03700256347656,42.85370635986328,31.151180267333984,332.0142517089844,101.94274139404297,244.218505859375,132.1679229736328,331.5692443847656,258.5240783691406,225.53994750976562,14.315488815307617,112.36895751953125,238.1666717529297,301.9980773925781,45.13361358642578
2021-02-23,122.7018051147461,159.72500610351562,42.45246887207031,31.47908592224121,324.37310791015625,102.2335433959961,236.5958709716797,133.2294464111328,341.06878662109375,264.0157470703125,224.3473663330078,14.102341651916504,113.20343780517578,232.94667053222656,303.7217712402344,45.75700378417969
2021-02-24,122.20458984375,157.97650146484375,43.26032257080078,32.24124526977539,322.99835205078125,103.4091567993164,230.1595001220703,135.5736083984375,357.51776123046875,262.47650146484375,225.578369140625,14.458341598510742,113.32771301269531,247.33999633789062,306.21044921875,47.12846374511719
2021-02-25,117.95399475097656,152.85800170898438,41.12645721435547,31.84244155883789,316.5517272949219,100.0416259765625,225.98077392578125,133.73370361328125,345.10809326171875,252.9232635498047,220.23110961914062,13.270182609558105,112.36895751953125,227.4066619873047,303.1318359375,46.34714889526367
2021-02-26,118.21721649169922,154.64649963378906,42.26985549926758,30.761228561401367,313.8024597167969,100.33737182617188,228.7164306640625,130.18643188476562,344.4072265625,255.83291625976562,223.49142456054688,13.676040649414062,109.661376953125,225.1666717529297,306.2197265625,45.191795349121094
2021-03-01,124.58335876464844,157.3070068359375,44.04298782348633,31.718364715576172,314.53240966796875,102.70698547363281,231.62030029296875,133.1321258544922,353.2158203125,263.07232666015625,227.8769989013672,13.802934646606445,110.3360595703125,239.47666931152344,308.45947265625,46.87910842895508
2021-03-02,121.98035430908203,154.72650146484375,43.22703552246094,31.487953186035156,311.394287109375,102.44992065429688,230.4428253173828,132.6986541748047,353.13787841796875,257.2033386230469,224.92440795898438,13.368653297424316,109.9898452758789,228.81333923339844,308.45025634765625,46.60481262207031
2021-03-03,118.99713134765625,150.25,41.657222747802734,32.276695251464844,307.0903015136719,99.81632995605469,227.8487548828125,135.26402282714844,350.63641357421875,253.63827514648438,218.85580444335938,12.768841743469238,109.33292388916016,217.73333740234375,306.8186950683594,46.978851318359375
2021-03-04,117.11557006835938,148.8784942626953,39.905677795410156,32.50826644897461,302.4638366699219,100.93388366699219,222.15611267089844,133.18521118164062,340.17333984375,255.85279846191406,218.05751037597656,12.335559844970703,108.43630981445312,207.14666748046875,307.6852111816406,48.79916000366211
2021-03-05,118.37319946289062,150.0229949951172,40.494930267333984,32.8912467956543,300.8331604003906,104.06719207763672,224.44912719726562,133.49485778808594,351.24969482421875,262.44671630859375,222.74124145507812,12.426552772521973,111.8363265991211,199.31666564941406,319.9351501464844,50.64440155029297
2021-03-08,113.44017791748047,147.59750366210938,37.89596939086914,33.069366455078125,295.23968505859375,99.62228393554688,229.32730102539062,135.26402282714844,361.4206848144531,253.53895568847656,218.6922607421875,11.560739517211914,113.01699829101562,187.6666717529297,322.764892578125,50.59453201293945
2021-03-09,118.05148315429688,153.1425018310547,39.906585693359375,32.34794235229492,302.21728515625,101.25296783447266,234.57730102539062,134.30865478515625,366.4722900390625,263.8965759277344,224.8378143310547,12.489450454711914,112.01387023925781,224.52667236328125,324.4332275390625,49.81320571899414
2021-03-10,116.96934509277344,152.8820037841797,39.36592102050781,33.283111572265625,307.0049743652344,101.04602813720703,237.18760681152344,137.2278289794922,371.5140686035156,263.06243896484375,223.52987670898438,12.437576293945312,113.04364013671875,222.68666076660156,322.239501953125,51.34260559082031
2021-03-11,118.89967346191406,155.67950439453125,40.81428909301758,33.16733169555664,311.5745544433594,104.23939514160156,239.5128173828125,136.5113067626953,374.1224670410156,271.9801330566406,228.05970764160156,12.961533546447754,112.66191864013672,233.1999969482422,325.4655456542969,50.96025466918945
2021-03-12,117.99298095703125,154.47450256347656,40.58758544921875,33.79078674316406,313.9351501464844,101.7313461303711,243.29905700683594,138.13009643554688,372.49700927734375,266.53814697265625,226.7324981689453,12.824372291564941,113.7538070678711,231.2433319091797,329.3227844238281,51.508846282958984
2021-03-15,120.87871551513672,154.08399963378906,42.350826263427734,33.621559143066406,313.33782958984375,101.9516830444336,248.14535522460938,137.44012451171875,371.5723876953125,271.85101318359375,225.82843017578125,13.158799171447754,114.12665557861328,235.97999572753906,327.34332275390625,50.195556640625
2021-03-16,122.41905975341797,154.59300231933594,43.017433166503906,33.52358627319336,310.24725341796875,103.41314697265625,251.29913330078125,135.79478454589844,372.1759033203125,277.3426818847656,228.6175537109375,13.258552551269531,114.4640121459961,225.6266632080078,328.00933837890625,49.131629943847656
2021-03-17,121.62938690185547,156.7864990234375,43.50411605834961,33.79969024658203,312.08642578125,103.33026123046875,249.4727783203125,137.1924285888672,368.5746154785156,282.0398864746094,227.97315979003906,13.308428764343262,114.00238037109375,233.93666076660156,325.7708435058594,49.34774398803711
2021-03-18,117.50552368164062,151.39950561523438,41.75528335571289,34.68142318725586,306.1990661621094,100.30908966064453,252.26124572753906,139.45697021484375,357.206298828125,276.6872863769531,221.89491271972656,12.691201210021973,114.25093841552734,217.72000122070312,334.900634765625,47.21989440917969
2021-03-19,116.97908020019531,153.7480010986328,43.016414642333984,34.31625747680664,311.8210144042969,100.5879898071289,257.5530700683594,137.23666381835938,346.99627685546875,288.0975341796875,221.53909301757812,12.81414794921875,113.63842010498047,218.2899932861328,338.1659240722656,46.95391845703125
2021-03-22,120.29375457763672,155.5435028076172,43.09076690673828,33.54139709472656,317.111083984375,100.77307891845703,257.4105529785156,133.54791259765625,348.83575439453125,291.5037841796875,226.96331787109375,13.153807640075684,115.56477355957031,223.3333282470703,339.3500671386719,46.471824645996094
2021-03-23,119.4651107788086,156.875,42.07351303100586,32.86452102661133,322.65716552734375,101.30108642578125,258.3371276855469,132.212158203125,345.789306640625,288.61395263671875,228.4925079345703,13.038594245910645,117.71310424804688,220.72000122070312,340.86700439453125,45.89830017089844
2021-03-24,117.07657623291016,154.35350036621094,41.45790481567383,32.86452102661133,320.47662353515625,100.86439514160156,260.8048400878906,133.23829650878906,350.052490234375,280.1828308105469,226.45359802246094,12.611894607543945,117.6775894165039,210.08999633789062,342.8095397949219,46.82923889160156
2021-03-25,117.56402587890625,152.31300354003906,41.85953903198242,33.54139709472656,328.3453674316406,100.86092376708984,264.75140380859375,134.94557189941406,348.796875,276.806396484375,223.45294189453125,12.504410743713379,118.49430847167969,213.4633331298828,343.2627868652344,46.69624328613281
2021-03-26,118.16847229003906,152.60150146484375,43.70364761352539,34.449851989746094,333.7303161621094,100.47732543945312,270.65789794921875,137.1924285888672,356.3692932128906,281.0567321777344,227.4345703125,12.807662010192871,120.24311065673828,206.23666381835938,348.2486572265625,47.96796417236328
2021-03-29,118.34395599365234,153.7864990234375,42.84959411621094,34.12031555175781,337.64569091796875,101.5224380493164,269.22369384765625,135.06056213378906,353.2254638671875,288.8026123046875,226.24200439453125,12.91639518737793,122.12512969970703,203.76333618164062,350.63519287109375,47.71030044555664
2021-03-30,116.89132690429688,152.76449584960938,41.357269287109375,34.725955963134766,331.5782470703125,101.5561752319336,271.5576477050781,136.65283203125,348.6411437988281,286.002197265625,222.98171997070312,12.84008502960205,120.24311065673828,211.8733367919922,345.5475769042969,47.12015151977539
2021-03-31,119.08487701416016,154.70399475097656,42.03725051879883,34.45875930786133,334.16644287109375,102.35264587402344,271.9407958984375,134.66249084472656,346.5484924316406,292.48687744140625,226.7517547607422,13.315413475036621,120.2253646850586,222.64332580566406,344.1692810058594,46.405330657958984
2021-04-01,119.91355895996094,158.0500030517578,43.15150451660156,35.17127227783203,336.4985656738281,105.69043731689453,274.16802978515625,135.9717254638672,353.6050720214844,296.5882568359375,233.08004760742188,13.777771949768066,119.20447540283203,220.5833282470703,339.5442199707031,47.701995849609375
2021-04-05,122.74077606201172,161.3365020751953,44.28752136230469,35.44736862182617,342.0730895996094,110.11599731445312,280.9831848144531,136.6924285888672,358.4911193847656,306.7671813964844,239.54302978515625,13.953089714050293,121.13084411621094,230.35000610351562,342.4210205078125,46.96223449707031
2021-04-06,123.04300689697266,161.1909942626953,43.869564056396484,35.349388122558594,341.409423828125,109.63462829589844,279.53997802734375,135.7314453125,359.707763671875,304.13555908203125,238.37930297851562,13.827396392822266,121.17520904541016,230.5399932861328,337.0467529296875,46.82923889160156
2021-04-07,124.69059753417969,163.96949768066406,43.741722106933594,35.67002868652344,340.16741943359375,111.11196899414062,278.3729553222656,137.8581085205078,361.1774597167969,310.91815185546875,240.34127807617188,14.108705520629883,121.38832092285156,223.6566619873047,338.2214660644531,47.03703689575195
2021-04-08,127.08883666992188,164.96499633789062,44.01552200317383,35.358306884765625,342.4522399902344,111.67769622802734,280.1191101074219,138.0271453857422,368.09613037109375,310.8486328125,243.56309509277344,14.281777381896973,121.84992980957031,227.93333435058594,337.5277099609375,46.546634674072266
2021-04-09,129.66259765625,168.61000061035156,43.980167388916016,35.616580963134766,344.3387756347656,112.6821060180664,284.3952941894531,139.05934143066406,370.37640380859375,310.2924499511719,246.0636749267578,14.364575386047363,121.0598373413086,225.67333984375,348.08209228515625,46.43857955932617
2021-04-12,127.94680786132812,168.96949768066406,43.8514289855957,35.6789436340332,345.855712890625,111.3893814086914,285.7850646972656,138.7657012939453,370.142578125,309.37890625,246.12135314941406,15.171586036682129,121.54808807373047,233.9933319091797,348.0635681152344,46.131038665771484
2021-04-13,131.05674743652344,170.0,43.9683837890625,35.01985549926758,346.23492431640625,111.87618255615234,285.4376220703125,137.11062622070312,368.47625732421875,307.6112365722656,248.60269165039062,15.640926361083984,119.94131469726562,254.10667419433594,346.4171142578125,46.30558395385742
2021-04-14,128.71693420410156,166.64999389648438,43.273895263671875,35.518619537353516,344.3009338378906,111.2548828125,285.0990295410156,134.54803466796875,368.66143798828125,300.71942138671875,245.81361389160156,15.239418029785156,120.37630462646484,244.07666015625,347.46240234375,47.643802642822266
2021-04-15,131.12501525878906,168.95449829101562,43.5186882019043,34.50328826904297,349.6383972167969,113.40563201904297,287.5222473144531,135.4022216796875,376.622802734375,305.6846923828125,249.57408142089844,16.097553253173828,121.8321762084961,246.28334045410156,360.7640075683594,47.361202239990234
2021-04-16,130.7935028076172,169.9720001220703,43.40899658203125,34.86845016479492,351.458740234375,113.28157043457031,292.2795715332031,136.40773010253906,376.31097412109375,304.0560607910156,250.76661682128906,15.873355865478516,121.84107208251953,246.5933380126953,361.6890869140625,47.09522247314453
2021-04-19,131.4564208984375,168.60049438476562,41.886741638183594,34.886260986328125,350.3495178222656,113.62944030761719,291.1837463378906,135.829345703125,372.4033203125,300.1434326171875,248.84307861328125,15.323960304260254,121.27288055419922,238.2100067138672,360.6068115234375,46.94560623168945
2021-04-20,129.76983642578125,166.7344970703125,41.457008361816406,33.915470123291016,352.416259765625,113.09597778320312,288.60906982421875,132.82177734375,367.0144958496094,300.5505676269531,248.38148498535156,15.133927345275879,122.28490447998047,239.663330078125,366.79510498046875,45.95648193359375
2021-04-21,130.1501007080078,168.1009979248047,41.686378479003906,34.48548126220703,354.6535949707031,113.063232421875,290.3819274902344,133.95181274414062,373.3193359375,299.3787841796875,250.6127471923828,15.322710990905762,121.4859848022461,248.0399932861328,368.9041748046875,46.546634674072266
2021-04-22,128.6292266845703,165.45199584960938,41.262062072753906,34.16484451293945,351.97064208984375,111.78140258789062,286.38201904296875,131.13113403320312,373.57269287109375,294.4631042480469,247.3331756591797,14.81371784210205,120.27985382080078,239.89666748046875,366.80438232421875,45.93986511230469
2021-04-23,130.94949340820312,167.04400634765625,42.26118469238281,34.89516830444336,353.8857421875,114.1341323852539,288.5467834472656,133.640380859375,377.1782531738281,299.0411071777344,251.1609344482422,15.22769546508789,119.66338348388672,243.13333129882812,370.2916259765625,46.1892204284668
2021-04-26,131.33946228027344,170.4499969482422,42.779781341552734,35.10002136230469,349.3729553222656,114.63038635253906,285.0722961425781,133.96963500976562,377.5777282714844,300.9378356933594,251.54563903808594,15.439923286437988,117.26905059814453,246.06666564941406,366.1753234863281,46.28064727783203
2021-04-27,131.01776123046875,170.8715057373047,42.281124114990234,35.518619537353516,350.9752502441406,113.68999481201172,285.6068420410156,134.58360290527344,379.13690185546875,301.46417236328125,251.94960021972656,15.343910217285156,117.19757080078125,234.913330078125,364.91729736328125,46.887420654296875
2021-04-28,130.22808837890625,172.9250030517578,41.632877349853516,35.65221405029297,350.3874206542969,117.06747436523438,284.8228454589844,135.4556121826172,385.5489501953125,304.9696960449219,244.82301330566406,15.239168167114258,117.3941650390625,231.46665954589844,365.0006103515625,48.30044174194336
2021-04-29,130.1305694580078,173.5655059814453,42.27568817138672,36.614105224609375,354.89080810546875,118.74082946777344,289.8385314941406,138.08944702148438,379.0200500488281,327.2242736816406,242.85142517089844,15.2870512008667,118.38581848144531,225.6666717529297,371.4385986328125,48.99032974243164
2021-04-30,128.1613006591797,173.37100219726562,41.36089324951172,36.0975227355957,353.51312255859375,116.79254913330078,288.35076904296875,136.8615264892578,372.3058776855469,322.8249816894531,242.5340576171875,14.972574234008789,119.19884490966797,236.47999572753906,368.8948669433594,47.57731628417969
2021-05-03,129.214111328125,169.32449340820312,40.81146240234375,36.1242561340332,360.3821716308594,116.27545166015625,294.23052978515625,136.4611358642578,369.7138366699219,320.34228515625,242.22628784179688,14.800248146057129,120.61040496826172,228.3000030517578,375.4624328613281,48.890586853027344
2021-05-04,124.641845703125,165.593505859375,40.30374526977539,36.516136169433594,356.5533752441406,114.4765396118164,296.4577941894531,138.3474884033203,366.3128967285156,316.1515808105469,238.31195068359375,14.315943717956543,120.1994400024414,224.53334045410156,380.4945068359375,49.19812774658203
2021-05-05,124.88557434082031,163.52699279785156,40.23937225341797,36.86347198486328,353.9026794433594,114.87057495117188,295.8162536621094,140.16270446777344,359.7157897949219,312.8348083496094,237.04246520996094,14.422931671142578,119.23457336425781,223.64666748046875,381.56756591796875,50.67764663696289
2021-05-06,126.48443603515625,165.31849670410156,40.6700325012207,37.41567611694336,363.6504211425781,115.99109649658203,300.742919921875,142.9833984375,365.8938903808594,317.800048828125,240.17776489257812,14.487271308898926,120.73548126220703,221.17999267578125,383.8523254394531,51.15974044799805
2021-05-07,127.15827941894531,164.58050537109375,41.032691955566406,37.56708526611328,365.13250732421875,116.71463012695312,302.2306823730469,143.47283935546875,365.8158874511719,316.8666076660156,242.80335998535156,14.775812149047852,120.74441528320312,224.1233367919922,386.3313903808594,51.89118194580078
2021-05-10,123.87699127197266,159.52450561523438,39.538551330566406,37.4512939453125,362.4343566894531,113.72821044921875,303.8965759277344,143.45497131347656,356.9871826171875,303.8475341796875,237.7252960205078,14.230653762817383,122.99581146240234,209.67999267578125,389.32843017578125,52.015865325927734
2021-05-11,122.95903015136719,161.19549560546875,39.898475646972656,37.0237922668457,359.29913330078125,112.6518325805664,294.5779724121094,141.07032775878906,358.2248229980469,304.4036560058594,236.81163024902344,14.2710542678833,122.38831329345703,205.73333740234375,380.82757568359375,50.361793518066406
2021-05-12,119.89263153076172,157.5970001220703,38.294639587402344,36.67644500732422,353.61767578125,109.18750762939453,282.40863037109375,140.10040283203125,347.5154113769531,300.45123291015625,229.85818481445312,13.724651336669922,121.09284973144531,196.6300048828125,374.9721984863281,50.63165283203125
2021-05-13,122.04106903076172,158.07350158691406,39.039894104003906,37.26426696777344,360.5816955566406,110.61621856689453,289.90985107421875,143.70411682128906,350.8285827636719,303.1424560546875,233.73402404785156,13.631631851196289,123.04048919677734,190.56333923339844,377.9230651855469,50.007606506347656
2021-05-14,124.46295166015625,161.14500427246094,40.039005279541016,37.72739791870117,365.2275695800781,113.06471252441406,288.31512451171875,145.93759155273438,354.61920166015625,313.7483215332031,238.658203125,14.207962036132812,123.29955291748047,196.5800018310547,379.0699768066406,51.24725341796875
2021-05-17,123.31060028076172,163.51950073242188,39.88669204711914,38.06584167480469,364.7904968261719,113.58776092529297,285.0901794433594,146.52479553222656,354.02484130859375,313.2716979980469,235.8017578125,14.130651473999023,123.04942321777344,192.27667236328125,377.9877624511719,52.44474792480469
2021-05-18,121.92388153076172,161.61399841308594,39.324581146240234,37.54927444458008,363.69793701171875,112.27518463134766,282.1859436035156,144.46044921875,353.80072021484375,307.8098449707031,233.78216552734375,13.981269836425781,121.78970336914062,192.6233367919922,379.60650634765625,50.96053695678711
2021-05-19,121.76763153076172,161.58999633789062,40.04807662963867,37.38005447387695,360.7052001953125,112.72328186035156,280.1368408203125,143.3571319580078,351.7640686035156,311.4146423339844,234.3605194091797,14.031147003173828,122.03984069824219,187.82000732421875,378.7924499511719,49.737754821777344
2021-05-20,124.32622528076172,162.38400268554688,41.25209045410156,37.29098129272461,364.42950439453125,114.48250579833984,281.4285888671875,143.10797119140625,358.3125305175781,316.3998107910156,237.59942626953125,14.576550483703613,123.2906265258789,195.5933380126953,377.99700927734375,49.61969757080078
2021-05-21,122.49028778076172,160.1540069580078,40.911197662353516,37.763031005859375,361.7122802734375,113.84630584716797,281.3128662109375,144.736328125,358.21502685546875,314.036376953125,236.33665466308594,14.954869270324707,123.2906265258789,193.6266632080078,380.76275634765625,49.687156677246094
2021-05-24,124.12113952636719,162.24949645996094,41.63197326660156,37.96786880493164,364.3061218261719,117.16671752929688,280.4842529296875,145.51934814453125,362.873046875,322.3780517578125,241.7445526123047,15.573593139648438,123.25492095947266,202.14666748046875,380.1337890625,50.26902770996094
2021-05-25,123.92583465576172,162.95249938964844,41.66371154785156,37.41567611694336,366.13958740234375,117.25753021240234,282.1859436035156,144.0155792236328,357.84478759765625,325.5162048339844,242.65069580078125,15.60925579071045,123.6748046875,201.56333923339844,382.0763244628906,49.130577087402344
2021-05-26,123.87699127197266,163.25799560546875,41.74983596801758,37.44239044189453,366.3676452636719,118.12298583984375,282.7025451660156,143.99778747558594,353.3914489746094,325.3870849609375,242.428955078125,15.661375045776367,123.39785766601562,206.3766632080078,382.2242736816406,49.704017639160156
2021-05-27,122.34381103515625,161.5054931640625,42.40171813964844,37.8966064453125,368.15380859375,117.24810028076172,283.9854431152344,146.24009704589844,352.75811767578125,330.4417724609375,240.32749938964844,15.449899673461914,120.59253692626953,210.28334045410156,381.7525634765625,49.38357925415039
2021-05-28,121.68949127197266,161.15350341796875,42.823307037353516,37.754119873046875,359.3846435546875,116.95880126953125,284.11016845703125,146.14222717285156,351.3742980957031,326.4496765136719,240.6841583251953,16.204532623291016,120.47638702392578,208.4066619873047,381.03106689453125,49.22333908081055
2021-06-01,121.36721801757812,160.9324951171875,42.458831787109375,38.22615051269531,359.3466491699219,118.1661605834961,281.79388427734375,147.75277709960938,350.6045227050781,326.8468322753906,238.48626708984375,16.224489212036133,118.71638488769531,207.96665954589844,376.2209777832031,50.98583984375
2021-06-02,122.12894439697266,161.69949340820312,42.95022964477539,38.24396514892578,361.5887756347656,117.64064025878906,280.5133056640625,147.7616424560547,357.4842224121094,326.86676025390625,238.38990783691406,16.73697280883789,119.23457336425781,201.7066650390625,375.41619873046875,51.390625
2021-06-03,120.64457702636719,159.35049438476562,42.140602111816406,38.682212829589844,364.7050476074219,116.49877166748047,278.9013671875,147.85955810546875,352.5826721191406,323.7782897949219,236.85719299316406,16.928003311157227,121.36983489990234,190.94667053222656,377.3679504394531,51.593013763427734
2021-06-04,122.93950653076172,160.31100463867188,43.06536865234375,38.700103759765625,368.17279052734375,118.78102111816406,278.52520751953125,148.09982299804688,356.67535400390625,328.05841064453125,241.75416564941406,17.53500747680664,121.45915222167969,199.68333435058594,375.22198486328125,51.820701599121094
2021-06-07,122.94926452636719,159.90049743652344,42.048126220703125,38.565940856933594,361.4082336425781,119.21424102783203,277.5848388671875,147.40573120117188,354.784912109375,334.2451477050781,244.6653594970703,17.575654983520508,121.87906646728516,201.7100067138672,370.2362365722656,51.48339080810547
2021-06-08,123.76956939697266,163.20550537109375,42.025447845458984,38.351287841796875,360.7432556152344,119.02268981933594,278.4266052246094,146.81846618652344,355.9347839355469,331.3652648925781,243.4700469970703,17.41404914855957,120.46746826171875,201.19667053222656,371.6144104003906,52.39414978027344
2021-06-09,124.15042114257812,164.0574951171875,42.061729431152344,37.850440979003906,360.9902038574219,119.494140625,275.2384948730469,144.9854736328125,354.0540771484375,327.9590759277344,244.4532928466797,17.31951904296875,120.42277526855469,199.5933380126953,371.0224304199219,52.83266067504883
2021-06-10,123.15433502197266,167.4824981689453,42.4914665222168,37.28696823120117,363.88800048828125,120.84344482421875,276.1072082519531,142.72532653808594,354.9992980957031,330.1537780761719,247.97171020507812,17.3861141204834,121.31620025634766,203.3733367919922,371.3831481933594,52.9169921875
2021-06-11,124.36527252197266,167.3415069580078,42.6755256652832,37.439022064208984,362.7668151855469,120.59879302978516,278.3102111816406,142.6274871826172,356.168701171875,328.96209716796875,248.598388671875,17.78547477722168,120.48533630371094,203.29666137695312,368.0531311035156,52.42787551879883
2021-06-14,127.42192077636719,169.19349670410156,43.140628814697266,36.99182891845703,364.60052490234375,121.52727508544922,277.0116882324219,140.20721435546875,357.1625671386719,334.4338684082031,250.52635192871094,17.97854232788086,120.5300064086914,205.89666748046875,369.22784423828125,52.343544006347656
2021-06-15,126.60160827636719,169.156494140625,42.67914581298828,37.01865005493164,364.7430114746094,120.50897216796875,274.44146728515625,138.08053588867188,358.72174072265625,334.4140319824219,249.0513916015625,17.74880599975586,120.29769897460938,199.7866668701172,370.2639465332031,54.2494010925293
2021-06-16,127.09963989257812,170.7624969482422,42.22672653198242,37.224365234375,360.4675598144531,119.86680603027344,271.1547546386719,139.05047607421875,354.5316162109375,328.7832946777344,248.1067352294922,17.770503997802734,118.62703704833984,201.6233367919922,367.46112060546875,54.055442810058594
2021-06-17,128.70126342773438,174.46200561523438,42.7181282043457,35.59658432006836,365.5410461425781,120.8305435180664,271.4591979980469,135.0373992919922,357.91302490234375,334.1756896972656,251.49998474121094,18.615615844726562,119.70806121826172,205.53334045410156,367.5536804199219,52.27608871459961
2021-06-18,127.40239715576172,174.34500122070312,42.022735595703125,34.68431091308594,361.8642578125,119.21028900146484,271.0025329589844,131.62054443359375,358.0397033691406,327.3731994628906,250.08285522460938,18.59715461730957,117.95699310302734,207.77000427246094,361.4911804199219,50.935237884521484
2021-06-21,129.19932556152344,172.697998046875,42.45310592651367,35.55186080932617,367.4887390136719,120.8990249633789,275.4712219238281,133.8539581298828,363.56494140625,329.98492431640625,253.1675567626953,18.386131286621094,118.88614654541016,206.94332885742188,369.5682678222656,52.78206253051758
2021-06-22,130.83985900878906,175.27200317382812,42.4384880065918,35.748626708984375,372.60015869140625,121.41313171386719,280.0475769042969,133.658203125,368.3885192871094,336.6781921386719,255.94381713867188,18.844602584838867,118.9307861328125,207.90333557128906,370.1438903808594,53.79402160644531
2021-06-23,130.56643676757812,175.1909942626953,42.64042282104492,35.95433807373047,372.4006042480469,121.21115112304688,279.11627197265625,134.46791076660156,365.5625305175781,338.22735595703125,255.7124481201172,19.01471710205078,118.76104736328125,218.85667419433594,367.23797607421875,54.19037628173828
2021-06-24,130.2832489013672,172.45399475097656,42.95109558105469,36.51780319213867,372.4956970214844,121.58135986328125,279.2684326171875,135.70477294921875,365.1825256347656,340.7994384765625,257.0813293457031,19.16264533996582,118.84146881103516,226.60667419433594,370.3110046386719,54.40962600708008
2021-06-25,129.99026489257812,170.072998046875,42.23290252685547,37.224365234375,374.8138427734375,121.58979797363281,280.8714904785156,137.07508850097656,369.91845703125,339.0019226074219,255.47149658203125,18.98853302001953,120.53894805908203,223.9566650390625,375.95556640625,54.527687072753906
2021-06-28,131.6211395263672,172.1945037841797,43.20145797729492,37.17070770263672,376.742431640625,121.61709594726562,281.4535827636719,137.32420349121094,358.29296875,353.1729736328125,259.03814697265625,19.940404891967773,120.89628601074219,229.57333374023438,372.71551513671875,53.13625717163086
2021-06-29,133.13482666015625,172.40699768066406,43.598934173583984,36.57146453857422,378.88006591796875,121.3555679321289,284.99993896484375,137.15513610839844,358.6048278808594,349.44903564453125,261.62164306640625,19.9820613861084,120.0743637084961,226.9199981689453,369.5960998535156,52.80735778808594
2021-06-30,133.75006103515625,172.00799560546875,43.57059860229492,36.87556076049805,375.9158935546875,121.1739501953125,285.58203125,138.40086364746094,355.7691650390625,345.2979736328125,261.1396179199219,19.957862854003906,120.54786682128906,226.56666564941406,371.76849365234375,53.195281982421875
2021-07-01,134.0527801513672,171.64849853515625,42.912715911865234,37.15281677246094,374.83270263671875,121.52629852294922,287.9552307128906,139.77117919921875,361.2456359863281,351.93170166015625,261.814453125,20.166894912719727,120.8248291015625,225.97332763671875,375.8999938964844,53.34706497192383
2021-07-02,136.6797332763672,175.5489959716797,42.77840042114258,36.80400085449219,379.0226135253906,124.31819915771484,288.9941101074219,139.6369171142578,365.455322265625,352.2395324707031,267.6464538574219,20.4412841796875,121.41446685791016,226.3000030517578,380.0498962402344,53.27118682861328
2021-07-06,138.69143676757812,183.78700256347656,43.24531173706055,35.838069915771484,378.94659423828125,125.24369812011719,285.9134216308594,137.29222106933594,366.51751708984375,350.3327941894531,267.6560974121094,20.652315139770508,121.4859619140625,219.86000061035156,380.8854064941406,51.753231048583984
2021-07-07,141.1817169189453,184.82899475097656,42.90357208251953,35.55186080932617,384.4761047363281,125.52556610107422,289.6925964355469,137.45330810546875,364.3736877441406,348.0586853027344,269.8442687988281,20.326290130615234,122.397216796875,214.88333129882812,382.1851806640625,50.94367599487305
2021-07-08,139.8828582763672,186.57049560546875,42.99128723144531,34.68431091308594,386.8227233886719,124.10629272460938,285.26861572265625,135.0817108154297,361.16387939453125,343.2522888183594,267.4247741699219,19.858339309692383,122.37936401367188,217.60333251953125,380.5976257324219,50.71598434448242
2021-07-09,141.7090606689453,185.9669952392578,43.875797271728516,35.81124496459961,391.78216552734375,124.57722473144531,288.4478454589844,139.40428161621094,363.846923828125,347.9891662597656,267.92596435546875,20.005508422851562,122.4240493774414,218.98333740234375,382.6029968261719,51.63517761230469
2021-07-12,141.11334228515625,185.92750549316406,44.38473892211914,36.338932037353516,387.5163269042969,126.02330017089844,288.1343994140625,141.39996337890625,366.40301513671875,350.710205078125,267.3283386230469,20.466726303100586,122.52227783203125,228.56666564941406,386.2515869140625,51.58457565307617
2021-07-13,142.22662353515625,183.8679962158203,44.22575378417969,35.650245666503906,386.73724365234375,126.38655853271484,283.93426513671875,139.296875,374.35430908203125,349.6476135253906,270.8564758300781,20.204814910888672,122.37042999267578,222.84666442871094,388.5726013183594,51.34001922607422
2021-07-14,145.6543426513672,184.08399963378906,44.00462341308594,34.75585174560547,389.48297119140625,127.27534484863281,285.87762451171875,138.82252502441406,381.2713928222656,345.2185363769531,272.331298828125,19.79722023010254,123.27278137207031,217.7933349609375,385.044677734375,50.20156478881836
2021-07-15,145.00006103515625,181.55999755859375,43.616294860839844,34.72902297973633,391.25958251953125,126.05258178710938,289.0030517578125,139.12681579589844,380.71533203125,342.07049560546875,270.9046630859375,18.92392349243164,124.32698059082031,216.86666870117188,389.9744873046875,49.712459564208984
2021-07-16,142.9590606689453,178.68150329589844,42.76926040649414,33.915138244628906,389.8819274902344,126.01785278320312,287.9552307128906,135.94979858398438,377.6811218261719,338.7934265136719,270.6347351074219,18.12047576904297,125.53309631347656,214.74000549316406,389.6495056152344,48.3378791809082
2021-07-19,139.11141967773438,177.47950744628906,42.54996109008789,33.029701232910156,393.47320556640625,123.64379119873047,285.564208984375,131.52880859375,356.53955078125,334.6126403808594,267.0294189453125,18.737844467163086,125.47057342529297,215.4066619873047,379.7713928222656,46.67658615112305
2021-07-20,142.7246856689453,178.6595001220703,42.81678009033203,33.70942306518555,395.45892333984375,125.2630615234375,291.3673400878906,133.98095703125,365.2615051269531,339.28997802734375,269.2561950683594,18.570463180541992,124.8005142211914,220.1666717529297,383.4013671875,47.19099044799805
2021-07-21,141.9922637939453,179.25999450683594,43.76980972290039,34.39810562133789,394.2903137207031,126.59251403808594,292.2718200683594,136.8000030517578,370.7933044433594,343.8282470703125,271.26129150390625,19.36668586730957,124.36274719238281,218.42999267578125,384.9518127441406,48.70892333984375
2021-07-22,143.3594512939453,181.90150451660156,43.52400588989258,33.95090866088867,396.6939697265625,127.45845031738281,292.54052734375,135.07275390625,372.84210205078125,348.7538146972656,275.8305358886719,19.550275802612305,123.88623809814453,216.4199981689453,386.0008544921875,48.16078567504883
2021-07-23,145.0782012939453,182.83200073242188,44.14716339111328,33.71837615966797,402.2899169921875,132.01751708984375,298.07501220703125,134.813232421875,383.6714172363281,367.22479248046875,279.2333679199219,19.51435661315918,125.67532348632812,214.4600067138672,387.79278564453125,48.10175704956055
2021-07-26,145.4981231689453,184.99099731445312,44.06401824951172,34.10295486450195,402.0999450683594,133.0298614501953,296.5884094238281,135.71713256835938,383.2226867675781,369.87628173828125,278.6357116699219,19.250947952270508,126.11582946777344,219.2066650390625,383.9306335449219,49.316104888916016
2021-07-27,143.33013916015625,181.3195037841797,43.43537139892578,33.96879959106445,403.1546325683594,130.91087341308594,293.0778503417969,135.53811645507812,380.75433349609375,365.25860595703125,276.2160949707031,19.16514015197754,126.62826538085938,214.92666625976562,385.37890625,48.7679557800293
2021-07-28,141.58209228515625,181.51600646972656,43.644622802734375,34.10295486450195,401.14031982421875,135.07342529296875,291.5195617675781,135.76190185546875,374.09088134765625,370.69061279296875,275.90765380859375,19.4594783782959,124.74932098388672,215.66000366210938,379.8735046386719,49.09685134887695
2021-07-29,142.22662353515625,179.99600219726562,44.234893798828125,34.59486770629883,404.8049621582031,134.75927734375,293.2300720214844,136.92527770996094,379.3299255371094,355.8343811035156,276.1775817871094,19.618122100830078,125.39661407470703,225.78334045410156,382.5751037597656,49.695594787597656
2021-07-30,142.44142150878906,166.37950134277344,44.352760314941406,34.30867004394531,409.0312805175781,133.71615600585938,293.91064453125,135.83343505859375,376.5299072265625,353.828369140625,274.64483642578125,19.455490112304688,127.86892700195312,229.06666564941406,382.7051086425781,48.5487060546875
2021-08-02,142.10943603515625,166.57400512695312,44.28696823120117,33.95090866088867,408.269775390625,133.84323120117188,293.0420227050781,135.28753662109375,366.1103210449219,349.5085754394531,274.5581359863281,19.70592498779297,127.55429077148438,236.55667114257812,385.8152770996094,48.55712890625
2021-08-03,143.9063262939453,168.31199645996094,44.479766845703125,34.47859573364258,414.12371826171875,134.61293029785156,297.26904296875,136.8268585205078,358.6370849609375,348.803466796875,276.77520751953125,19.770780563354492,129.41529846191406,236.5800018310547,391.6920166015625,49.079986572265625
2021-08-04,143.5059356689453,167.73599243164062,44.572059631347656,34.228179931640625,414.0950622558594,134.1121826171875,295.8092041015625,135.3501739501953,359.03704833984375,356.43023681640625,276.18719482421875,20.228761672973633,128.04873657226562,236.97332763671875,391.3578186035156,47.933101654052734
2021-08-05,143.61337280273438,168.79949951171875,44.5601806640625,34.89895248413086,421.85272216796875,135.22975158691406,298.31683349609375,137.0595245361328,362.87127685546875,360.4521179199219,279.0887451171875,20.5909481048584,128.1116485595703,238.2100067138672,381.7488708496094,48.236690521240234
2021-08-06,142.92872619628906,167.2469940185547,44.35550308227539,35.90962219238281,418.4641418457031,134.72056579589844,295.38836669921875,140.9525146484375,365.3980712890625,360.9884338378906,279.0308837890625,20.320552825927734,127.1317367553711,233.03334045410156,385.3974609375,48.79326248168945
2021-08-09,142.8798065185547,167.093505859375,44.28696823120117,36.37470245361328,419.2637023925781,135.8862762451172,294.42120361328125,140.80035400390625,361.6419372558594,359.10150146484375,277.9415283203125,20.24971580505371,127.8239974975586,237.9199981689453,381.4517822265625,48.236690521240234
2021-08-10,142.40061950683594,166.03399658203125,44.06584548950195,37.05443572998047,421.70037841796875,135.7810821533203,296.8570861816406,142.527587890625,358.8712158203125,358.6249084472656,276.11968994140625,19.891511917114258,127.90491485595703,236.663330078125,382.296630859375,49.06312561035156
2021-08-11,142.6548309326172,164.60549926757812,44.1837272644043,37.51951599121094,422.9093017578125,135.25704956054688,301.80047607421875,144.22796630859375,355.35894775390625,357.4630126953125,276.6114196777344,19.655040740966797,128.21954345703125,235.94000244140625,378.5458068847656,49.20648193359375
2021-08-12,145.6182861328125,165.1750030517578,44.248600006103516,37.69838333129883,423.91827392578125,136.16517639160156,299.1317138671875,144.79177856445312,353.1541748046875,360.13433837890625,279.3682556152344,19.860580444335938,128.51626586914062,240.75,376.89337158203125,49.095191955566406
2021-08-13,145.82369995117188,164.69850158691406,44.42219924926758,37.233306884765625,426.2598571777344,136.69467163085938,296.7138366699219,143.17193603515625,353.90533447265625,360.6606140136719,282.29876708984375,20.142946243286133,129.13661193847656,239.05667114257812,380.3377380371094,48.59867858886719
2021-08-16,147.7992401123047,164.94949340820312,44.603126525878906,36.92921829223633,431.0571594238281,137.27230834960938,300.0541687011719,142.23223876953125,354.695556640625,364.0172119140625,283.9857177734375,19.905485153198242,130.03562927246094,228.72332763671875,387.33782958984375,47.88814163208008
2021-08-17,146.88975524902344,162.09800720214844,43.739646911621094,36.75033950805664,430.56219482421875,135.6366729736328,287.2478332519531,140.5139617919922,354.3735656738281,355.9635009765625,282.5205078125,19.414579391479492,130.25137329101562,221.90333557128906,391.58056640625,47.562835693359375
2021-08-18,143.1438751220703,160.06100463867188,42.85149383544922,36.48201370239258,424.727294921875,134.43325805664062,287.9642333984375,139.23423767089844,352.1492004394531,352.9843444824219,280.7916564941406,18.997514724731445,128.83090209960938,229.663330078125,387.43994140625,46.561248779296875
2021-08-19,143.4763946533203,159.3874969482422,43.268157958984375,35.94539260864258,432.3897399902344,134.6625213623047,289.1732177734375,138.07078552246094,348.5979309082031,352.65655517578125,286.6251525878906,19.753816604614258,130.35028076171875,224.49000549316406,397.2531433105469,45.14017868041992
2021-08-20,144.9336700439453,159.99749755859375,43.41801452636719,36.106380462646484,436.8919677734375,136.39892578125,294.8510437011719,138.46458435058594,346.33447265625,356.8770751953125,293.95574951171875,20.769548416137695,130.44015502929688,226.75332641601562,398.94281005859375,45.14874267578125
2021-08-23,146.42027282714844,163.2935028076172,44.083213806152344,36.5893440246582,433.0274658203125,138.99131774902344,293.5077209472656,140.23654174804688,352.207763671875,360.8294982910156,294.23583984375,21.909000396728516,129.77487182617188,235.43333435058594,394.90423583984375,47.00639343261719
2021-08-24,146.33226013183594,165.28900146484375,43.990013122558594,37.09914779663086,430.0387268066406,140.20216369628906,290.96435546875,141.10467529296875,352.95904541015625,362.9745178222656,292.27520751953125,21.744367599487305,128.72303771972656,236.163330078125,393.0939025878906,47.391632080078125
2021-08-25,145.0999298095703,164.95899963378906,44.17092514038086,37.69838333129883,429.5055847167969,141.0135498046875,290.0508117675781,144.01316833496094,350.3443298339844,365.8345642089844,291.68603515625,22.16343116760254,128.2645263671875,237.06666564941406,389.6866760253906,47.477230072021484
2021-08-26,144.29794311523438,165.8000030517578,44.38382339477539,37.600006103515625,427.6780700683594,140.37985229492188,287.9015808105469,144.7559814453125,344.2564697265625,361.8523864746094,288.86590576171875,22.018753051757812,128.0397491455078,233.72000122070312,387.0036315917969,46.835182189941406
2021-08-27,145.33465576171875,167.48150634765625,45.31583786010742,38.00247573852539,428.6585693359375,142.9241180419922,289.6031188964844,145.91941833496094,347.0564880371094,370.0451354980469,289.474365234375,22.585485458374023,127.94083404541016,237.30667114257812,388.77685546875,47.742610931396484
2021-08-30,149.75535583496094,171.07850646972656,45.58538818359375,37.260135650634766,433.97930908203125,143.50621032714844,292.93463134765625,143.5836181640625,344.4418029785156,378.0193786621094,293.2120666503906,22.637371063232422,128.49826049804688,243.6366729736328,388.34979248046875,47.220420837402344
2021-08-31,148.49368286132812,173.5395050048828,45.431884765625,37.34062957763672,433.5605773925781,143.6123809814453,292.1107177734375,143.1450958251953,337.7881774902344,376.7482604980469,291.560546875,22.338985443115234,128.01278686523438,245.24000549316406,386.4651184082031,46.67253494262695
2021-09-01,149.1587371826172,173.9499969482422,45.06181716918945,36.83978271484375,434.5409851074219,144.1265106201172,291.3095703125,142.9392852783203,341.0466613769531,379.3997802734375,291.5121765136719,22.39487075805664,129.31639099121094,244.69667053222656,387.46783447265625,46.030487060546875
2021-09-02,150.27371215820312,173.156005859375,44.946685791015625,36.8757438659668,438.7767333984375,142.2124786376953,294.9999694824219,143.6015167236328,332.9588317871094,372.6767272949219,290.8554992675781,22.349966049194336,129.41529846191406,244.1300048828125,393.3724670410156,47.15193176269531
2021-09-03,150.909423828125,173.90249633789062,45.47483825683594,36.9027099609375,440.2806091308594,142.66159057617188,297.3402404785156,142.73342895507812,331.93438720703125,373.6499328613281,290.8458557128906,22.79604148864746,129.5051727294922,244.52333068847656,392.5832824707031,46.97215270996094
2021-09-07,153.24691772460938,175.46449279785156,45.37522888183594,37.14543914794922,437.4726257324219,143.19854736328125,296.089111328125,142.4828643798828,336.3051452636719,379.5288391113281,289.9186096191406,22.615419387817383,129.0196990966797,250.97332763671875,391.07928466796875,46.69821548461914
2021-09-08,151.7016143798828,176.27499389648438,45.17329406738281,36.65998840332031,443.27899169921875,142.61346435546875,298.4563903808594,141.84742736816406,342.4808654785156,374.9508361816406,289.94757080078125,22.293081283569336,129.99966430664062,251.2899932861328,385.6481628417969,46.27019119262695
2021-09-09,150.68450927734375,174.20799255371094,45.091976165771484,36.79483413696289,443.50750732421875,142.46456909179688,298.62738037109375,142.46495056152344,342.8418273925781,375.3778991699219,287.08880615234375,22.131420135498047,129.45123291015625,251.6199951171875,384.8682556152344,46.3044319152832
2021-09-10,145.69656372070312,173.45750427246094,45.51777648925781,36.201515197753906,442.7649841308594,139.81954956054688,298.7893981933594,140.8272247314453,338.91986083984375,376.0631103515625,285.6014099121094,22.431798934936523,129.57711791992188,245.42333984375,376.30633544921875,46.21025848388672
2021-09-13,146.26380920410156,172.85850524902344,45.59178924560547,36.80381774902344,437.5297546386719,141.26515197753906,301.9398193359375,143.0645294189453,339.3393859863281,373.8982238769531,286.837646484375,22.10647201538086,130.97056579589844,247.6666717529297,386.1912536621094,47.40018844604492
2021-09-14,144.86521911621094,172.5,45.85768508911133,35.81494903564453,436.3399963378906,141.4755401611328,299.842529296875,140.5677032470703,337.36859130859375,373.91802978515625,289.5418701171875,22.19628143310547,130.745849609375,248.163330078125,384.3465576171875,46.72389221191406
2021-09-15,145.7552032470703,173.7895050048828,46.5767936706543,36.08464431762695,438.54827880859375,143.34640502929688,300.06756591796875,141.54315185546875,336.3442077636719,371.326171875,294.4000244140625,22.29507827758789,130.46713256835938,251.94332885742188,388.98626708984375,48.29905319213867
2021-09-16,145.52047729492188,174.41200256347656,46.3584098815918,36.36333084106445,441.0040588378906,142.53305053710938,302.7858581542969,141.48049926757812,337.86614990234375,370.47210693359375,294.786376953125,22.19628143310547,129.55911254882812,252.3300018310547,388.3526916503906,47.7854118347168
2021-09-17,142.85044860839844,173.12600708007812,46.23506546020508,36.40827560424805,437.3869934082031,139.744140625,302.1377868652344,141.11358642578125,334.6758728027344,362.1900329589844,289.61920166015625,21.854984283447266,129.76588439941406,253.163330078125,391.44580078125,47.220420837402344
2021-09-20,139.799072265625,167.7864990234375,45.2135009765625,35.158714294433594,429.41998291015625,137.67922973632812,298.123291015625,136.88949584960938,331.4075622558594,353.23260498046875,284.2396240234375,21.069604873657227,128.4623260498047,243.38999938964844,384.49560546875,45.96200180053711
2021-09-21,140.27828979492188,167.18150329589844,45.19234085083008,35.17667770385742,430.34320068359375,137.99038696289062,300.8326721191406,136.90740966796875,329.1538391113281,355.000244140625,284.72259521484375,21.20232582092285,128.66009521484375,246.4600067138672,384.16015625,45.9192008972168
2021-09-22,142.64508056640625,169.00250244140625,46.07594299316406,36.08464431762695,430.55267333984375,139.2314910888672,302.3718566894531,139.52955627441406,335.036865234375,340.8291931152344,288.3733825683594,21.89590072631836,129.10064697265625,250.64666748046875,380.76898193359375,47.263214111328125
2021-09-23,143.6035614013672,170.8000030517578,46.41743469238281,37.47804260253906,430.98095703125,140.15701293945312,302.3538513183594,144.24586486816406,345.4369812011719,343.5600891113281,289.31982421875,22.435789108276367,129.6310577392578,251.2133331298828,380.144775390625,48.86405563354492
2021-09-24,143.69155883789062,171.2760009765625,46.4744987487793,37.8825798034668,445.2302551269531,141.14852905273438,303.77593994140625,145.9104461669922,349.4272155761719,350.51153564453125,289.1170349121094,22.035612106323242,129.05567932128906,258.1300048828125,379.25970458984375,49.3006477355957
2021-09-27,142.17564392089844,170.2899932861328,46.46805953979492,38.88943099975586,438.38641357421875,140.0141143798828,307.30438232421875,149.43650817871094,348.0710754394531,351.1272277832031,284.1140441894531,21.615476608276367,127.35650634765625,263.78668212890625,377.5733947753906,50.76450729370117
2021-09-28,138.7916717529297,165.79800415039062,45.195098876953125,38.799537658691406,425.81243896484375,134.8114013671875,300.45458984375,148.6310577392578,342.6174011230469,338.28692626953125,273.828125,20.65645408630371,126.39453887939453,259.1866760253906,371.3779296875,51.29526901245117
2021-09-29,139.6914825439453,165.05599975585938,45.053348541259766,38.718624114990234,430.0387268066406,133.34596252441406,303.27191162109375,148.5147247314453,344.57843017578125,337.254150390625,274.291748046875,20.47482681274414,127.68013000488281,260.4366760253906,373.04559326171875,51.261024475097656
2021-09-30,138.3906707763672,164.2519989013672,44.634552001953125,38.16127014160156,427.71612548828125,132.6735382080078,295.46807861328125,146.49217224121094,339.2027893066406,337.0357666015625,272.2828674316406,20.673418045043945,125.68427276611328,258.49334716796875,364.0363464355469,50.353599548339844
2021-10-01,139.51539611816406,164.16299438476562,44.8572998046875,38.72761535644531,426.74530029296875,135.51905822753906,296.90814208984375,149.57073974609375,351.39801025390625,340.6305847167969,279.2173767089844,20.699365615844727,125.48655700683594,258.40667724609375,365.6109313964844,52.159889221191406
2021-10-04,136.0825653076172,159.48899841308594,43.808006286621094,38.96135330200195,418.9494934082031,132.6571807861328,293.8567810058594,149.40965270996094,335.8076477050781,323.9669494628906,273.43212890625,19.69144058227539,124.77628326416016,260.510009765625,360.56134033203125,52.836185455322266
2021-10-05,138.0092315673828,161.0500030517578,44.67965316772461,39.752445220947266,424.7558288574219,135.00294494628906,296.5661926269531,151.84954833984375,334.84173583984375,330.6502990722656,278.8890075683594,20.408960342407227,125.26174926757812,260.1966552734375,366.5425720214844,52.75057601928711
2021-10-06,138.8797149658203,163.10049438476562,44.98892593383789,39.77043151855469,427.7066650390625,136.53338623046875,297.3581848144531,152.17364501953125,340.1881408691406,331.3255615234375,283.0903015136719,20.65744972229004,126.93396759033203,260.9166564941406,367.3064880371094,51.78322982788086
2021-10-07,140.14138793945312,165.1215057373047,45.46202850341797,39.66254806518555,431.066650390625,138.1809539794922,303.7669677734375,153.13699340820312,345.7171325683594,326.936279296875,284.7707824707031,21.031681060791016,127.94985961914062,264.53668212890625,377.0423583984375,51.92875671386719
2021-10-08,139.75990295410156,164.43099975585938,45.3635368347168,39.86032485961914,430.09576416015625,138.7372283935547,300.9407043457031,153.25405883789062,346.74285888671875,327.760498046875,284.7707824707031,20.78818130493164,127.41946411132812,261.8299865722656,380.54534912109375,53.229976654052734
2021-10-11,139.67189025878906,162.31500244140625,45.31658935546875,39.35689163208008,428.0493469238281,137.87228393554688,303.3079528808594,150.03089904785156,339.11358642578125,323.1924133300781,284.1720275878906,20.6524600982666,127.94985961914062,263.9800109863281,377.3125,52.69921112060547
2021-10-12,138.40045166015625,162.3665008544922,44.66676330566406,39.14113998413086,425.3555603027344,135.42575073242188,304.0550231933594,148.87847900390625,337.34552001953125,321.5240478515625,282.8682556152344,20.628509521484375,127.76105499267578,268.5733337402344,375.6820373535156,52.42527389526367
2021-10-13,137.81365966796875,164.21400451660156,44.64191818237305,38.78155517578125,423.8611755371094,136.55026245117188,304.4871520996094,144.95301818847656,334.4247741699219,322.2886962890625,286.1808776855469,20.895959854125977,128.05775451660156,270.3599853515625,375.9708557128906,52.27974319458008
2021-10-14,140.6009979248047,164.9929962158203,45.80073928833008,40.51656723022461,428.9631042480469,140.0924835205078,309.6806335449219,147.1768341064453,336.60308837890625,326.2510070800781,292.4007568359375,21.7012996673584,129.5051727294922,272.7733459472656,391.632080078125,53.07587814331055
2021-10-15,141.6572723388672,170.4510040283203,46.32078170776367,41.68523406982422,430.6098327636719,140.307861328125,315.4053039550781,150.00387573242188,347.7587585449219,322.5072021484375,293.8108215332031,21.817062377929688,129.83782958984375,281.010009765625,398.8152160644531,53.580955505371094
2021-10-18,143.32972717285156,172.33700561523438,46.33091354370117,41.604312896728516,439.7095642089844,141.7073211669922,319.54583740234375,149.94985961914062,350.1422424316406,333.0137634277344,296.7855529785156,22.17632293701172,127.96784210205078,290.03668212890625,395.6009521484375,53.55527114868164
2021-10-19,145.49114990234375,172.20750427246094,46.97797393798828,41.78411865234375,444.5925598144531,142.16285705566406,322.2281188964844,151.76852416992188,353.7174987792969,337.6315612792969,297.69342041015625,22.244182586669922,126.45745086669922,288.0899963378906,395.3773498535156,54.3599739074707
2021-10-20,145.98019409179688,170.7530059814453,46.88592529296875,42.33247756958008,447.1529846191406,140.70587158203125,322.4441833496094,153.812255859375,348.5108947753906,338.4160461425781,296.90142822265625,22.05756187438965,126.95198059082031,288.6000061035156,405.35546875,54.65959167480469
2021-10-21,146.19534301757812,171.75050354003906,47.32406234741211,42.098758697509766,454.2538757324219,140.82199096679688,328.19586181640625,152.6058349609375,347.9638671875,339.5084533691406,300.136962890625,22.645357131958008,126.03827667236328,298.0,412.0541076660156,53.66656494140625
2021-10-22,145.42271423339844,166.77749633789062,47.440025329589844,42.76399612426758,458.78460693359375,136.53488159179688,329.428955078125,154.65855407714844,350.366943359375,322.35821533203125,298.5917053222656,22.679288864135742,127.39520263671875,303.2266540527344,418.4638977050781,54.03466796875
2021-10-25,145.37379455566406,166.01849365234375,48.05304718017578,42.710052490234375,466.50421142578125,136.41627502441406,334.17254638671875,153.9022979736328,352.50616455078125,326.4099426269531,297.5968322753906,23.118383407592773,127.41327667236328,341.6199951171875,418.7713623046875,55.08762741088867
2021-10-26,146.0388641357422,168.80349731445312,49.13914489746094,43.114585876464844,462.15423583984375,138.26382446289062,332.3182373046875,154.3164520263672,349.0481872558594,313.6192932128906,299.5091247558594,24.66619300842285,129.22250366210938,339.4766540527344,423.5693359375,56.363155364990234
2021-10-27,145.57919311523438,169.62449645996094,48.14876937866211,42.28753662109375,465.5618591308594,145.12100219726562,335.1265869140625,151.10226440429688,327.9482116699219,310.0541687011719,312.1227111816406,24.40074348449707,128.2998046875,345.9533386230469,422.48870849609375,54.8992919921875
2021-10-28,149.21743774414062,172.32850646972656,48.743370056152344,42.95277786254883,467.6689147949219,144.75526428222656,334.4515075683594,153.38009643554688,325.32049560546875,314.7216491699219,313.26239013671875,24.889732360839844,129.0687255859375,359.0133361816406,424.314697265625,55.053382873535156
2021-10-29,146.50833129882812,168.6215057373047,48.9366569519043,42.95277786254883,468.63189697265625,146.935791015625,334.60455322265625,152.95692443847656,327.7528076171875,321.325439453125,320.2838134765625,25.514442443847656,129.34915161132812,371.3333435058594,429.0010070800781,55.19036102294922
2021-11-01,145.68675231933594,165.90550231933594,48.603458404541016,43.01569366455078,468.94647216796875,142.4208984375,329.8700256347656,152.8759307861328,326.3168640136719,327.69097900390625,318.1108093261719,25.77391242980957,129.0325469970703,402.86334228515625,423.0755615234375,56.183387756347656
2021-11-02,146.72348022460938,165.6374969482422,49.433692932128906,43.042667388916016,473.82781982421875,144.3418731689453,330.5990905761719,153.47915649414062,320.87579345703125,325.80413818359375,321.7423095703125,26.34673309326172,130.3170623779297,390.6666564941406,421.1471252441406,55.48997497558594
2021-11-03,148.16119384765625,169.1999969482422,49.9215202331543,43.4831657409668,478.9189147949219,145.49868774414062,332.1112365722656,153.53314208984375,321.8038635253906,329.3196105957031,322.5824890136719,26.543323516845703,131.21261596679688,404.6199951171875,426.0755615234375,54.72807693481445
2021-11-04,147.64283752441406,173.85000610351562,50.496795654296875,42.54824447631836,491.58966064453125,147.15562438964844,335.00054931640625,151.51641845703125,327.6648254394531,333.5202941894531,324.9391174316406,29.739744186401367,131.4568634033203,409.9700012207031,425.5445251464844,55.13899612426758
2021-11-05,148.17173767089844,175.94949340820312,51.44483947753906,42.224613189697266,489.20611572265625,147.7357635498047,331.59814453125,151.30032348632812,340.7156677246094,338.763671875,324.5721435546875,29.690841674804688,132.10816955566406,407.36334228515625,424.6594543457031,55.661190032958984
2021-11-08,147.34896850585938,174.44900512695312,51.44759750366211,42.557228088378906,480.33001708984375,147.9134063720703,331.7691650390625,152.20970153808594,341.5752868652344,336.2710266113281,325.47027587890625,30.740678787231445,131.1221466064453,387.64666748046875,431.0040283203125,56.26043701171875
2021-11-09,147.7113800048828,178.81149291992188,51.341758728027344,42.143699645996094,485.0016174316406,147.8017578125,333.6234130859375,151.05722045898438,336.6714782714844,333.0435791015625,324.46588134765625,30.593984603881836,131.52020263671875,341.1666564941406,432.6158752441406,56.808311462402344
2021-11-10,144.8807373046875,174.1024932861328,50.51059341430664,42.458335876464844,481.9507751464844,144.79945373535156,331.7601623535156,150.9131622314453,349.6537780761719,325.3672790527344,319.4919128417969,29.39844512939453,132.81375122070312,355.98333740234375,428.4698791503906,55.689151763916016
2021-11-11,144.8317413330078,173.625,51.120845794677734,42.69207000732422,488.30987548828125,144.6733856201172,330.9051208496094,150.9041748046875,346.1371765136719,325.46649169921875,321.066162109375,30.32752799987793,132.43380737304688,354.5033264160156,426.1314697265625,55.79325485229492
2021-11-12,146.90821838378906,176.25750732421875,51.84062194824219,42.17067337036133,493.0673828125,147.56304931640625,335.4056701660156,150.2289581298828,355.08514404296875,338.52532958984375,325.20953369140625,30.32752799987793,132.57855224609375,344.47332763671875,427.6220703125,55.3681526184082
2021-11-15,146.91802978515625,177.28399658203125,52.07533645629883,42.29652786254883,495.66058349609375,147.33876037597656,334.0104675292969,149.9588165283203,352.9946594238281,345.1490173339844,324.581787109375,29.96328353881836,133.3384246826172,337.7966613769531,419.9917907714844,55.84532165527344
2021-11-16,147.8974609375,177.03500366210938,52.35145568847656,42.32350158691406,502.1722412109375,146.76707458496094,353.1376953125,148.87847900390625,361.00482177734375,340.5809326171875,327.9041748046875,30.140918731689453,133.14846801757812,351.57666015625,418.8924865722656,56.409236907958984
2021-11-17,150.33631896972656,177.4499969482422,52.431541442871094,41.81108856201172,501.7623291015625,146.93678283691406,355.4059143066406,148.0771484375,350.85540771484375,338.4061279296875,328.1267395019531,29.200855255126953,133.06707763671875,363.0033264160156,418.26824951171875,55.79325485229492
2021-11-18,154.62628173828125,184.80299377441406,52.90740203857422,41.64027786254883,504.6986999511719,148.71487426757812,365.3070983886719,146.7987060546875,340.1588439941406,336.34051513671875,330.2070007324219,31.609891891479492,133.08514404296875,365.4599914550781,418.75274658203125,55.18595504760742
2021-11-19,157.251220703125,183.82850646972656,52.346858978271484,40.81322479248047,508.91278076171875,147.80970764160156,367.8634033203125,144.88096618652344,331.85565185546875,342.9046936035156,331.9874267578125,32.91718292236328,132.81375122070312,379.0199890136719,409.9299011230469,52.635311126708984
2021-11-22,157.7115936279297,178.6284942626953,50.92570495605469,41.604312896728516,514.4998168945312,145.2048797607422,367.9534606933594,147.9691162109375,313.862060546875,338.6445007324219,328.813720703125,31.89031219482422,133.70025634765625,385.6233215332031,407.6380310058594,53.364070892333984
2021-11-23,158.09356689453125,179.0019989013672,51.09506607055664,42.70105743408203,519.8482666015625,144.6887664794922,367.5752868652344,151.50741577148438,321.3837890625,334.91058349609375,326.7333984375,31.680744171142578,135.183837890625,369.6766662597656,416.5726318359375,54.76953125
2021-11-24,158.6126708984375,179.02049255371094,51.42734909057617,42.817928314208984,524.10986328125,145.02423095703125,370.9417724609375,150.31898498535156,332.129150390625,338.694091796875,326.9559326171875,32.60683059692383,134.4782257080078,372.0,419.39556884765625,55.073177337646484
2021-11-26,153.58807373046875,175.22799682617188,50.30994415283203,41.136863708496094,520.677734375,141.1167449951172,362.4718017578125,145.79034423828125,316.66558837890625,330.8091735839844,318.99273681640625,31.438243865966797,133.40174865722656,360.6400146484375,409.8460693359375,53.13850402832031
2021-11-29,156.94761657714844,178.07850646972656,51.94371032714844,40.984031677246094,529.0198364257812,144.4391632080078,366.18017578125,145.16009521484375,315.5324401855469,335.68511962890625,325.71746826171875,33.307395935058594,134.80389404296875,378.9966735839844,421.1098327636719,53.433475494384766
2021-11-30,161.9036407470703,175.35350036621094,50.96253204345703,39.9771842956543,514.2422485351562,140.83340454101562,360.5905456542969,142.99929809570312,307.6297912597656,322.20928955078125,319.87322998046875,32.608829498291016,130.78746032714844,381.586669921875,413.86151123046875,51.915225982666016
2021-12-01,161.38455200195312,172.18600463867188,51.06193161010742,39.41083526611328,505.1469421386719,139.9937286376953,361.9101257324219,142.1529998779297,299.18975830078125,308.4454345703125,319.3797302246094,31.374223709106445,132.43380737304688,365.0,413.9733581542969,51.871856689453125
2021-12-02,160.395263671875,171.8679962158203,50.84931945800781,40.54898452758789,501.0186767578125,141.8938751220703,368.55316162109375,145.14205932617188,312.7875671386719,308.2369079589844,318.8088684082031,32.06388854980469,133.2117919921875,361.5333251953125,415.53851318359375,53.16453170776367
2021-12-03,158.51475524902344,169.489501953125,51.3712043762207,39.62762451171875,504.27935791015625,140.93663024902344,368.5893859863281,142.51312255859375,314.6532897949219,304.7115478515625,312.5389709472656,30.6336612701416,135.58184814453125,338.3233337402344,419.9783020019531,52.82617950439453
2021-12-06,161.92327880859375,171.36849975585938,52.00261688232422,39.88054656982422,508.350341796875,142.0814666748047,375.72064208984375,144.19676208496094,325.613525390625,315.66497802734375,315.6158752441406,29.97892951965332,137.63528442382812,336.336669921875,430.0636901855469,53.42479705810547
2021-12-07,167.66281127929688,176.1645050048828,54.34235763549805,40.386390686035156,516.75927734375,146.1651153564453,376.1543884277344,146.3665313720703,331.65045166015625,320.57073974609375,324.0628967285156,32.36430358886719,137.27346801757812,350.5833435058594,434.3819885253906,54.0234260559082
2021-12-08,171.4827117919922,176.1580047607422,54.172996520996094,39.889583587646484,505.4042663574219,147.07522583007812,371.6986083984375,144.69192504882812,334.4149169921875,328.2669372558594,324.1111755371094,31.764469146728516,137.88858032226562,356.32000732421875,438.24224853515625,54.17958450317383
2021-12-09,170.97337341308594,174.17100524902344,53.69989013671875,40.18766784667969,499.8935852050781,146.5313720703125,371.7798767089844,144.4668426513672,336.54449462890625,327.5321044921875,322.3018798828125,30.431053161621094,138.6936798095703,334.6000061035156,442.4110412597656,54.318397521972656
2021-12-10,175.7628936767578,172.21200561523438,58.14190673828125,40.21476745605469,532.7763671875,146.89161682128906,375.449462890625,143.890625,341.81951904296875,327.4625549316406,331.43585205078125,30.139616012573242,140.62954711914062,339.010009765625,447.0003967285156,54.66542434692383
2021-12-13,172.12911987304688,169.5675048828125,57.219627380371094,39.36567306518555,531.2508544921875,144.73294067382812,366.2665710449219,142.17999267578125,337.31622314453125,332.169677734375,328.3976135253906,28.106550216674805,142.6287384033203,322.13665771484375,446.9163513183594,53.46817398071289
2021-12-14,170.7481231689453,169.0915069580078,56.59834671020508,39.862483978271484,519.924560546875,142.82785034179688,363.5189208984375,143.26939392089844,332.6663818359375,331.42486572265625,317.6961364746094,28.28221321105957,143.15338134765625,319.5033264160156,448.1500549316406,53.390106201171875
2021-12-15,175.61598205566406,173.31500244140625,58.89481735229492,39.690853118896484,539.1258544921875,145.3428192138672,368.5893859863281,142.197998046875,338.3321533203125,339.28997802734375,323.8016357421875,30.40011215209961,143.7052001953125,325.3299865722656,462.0957336425781,53.155853271484375
2021-12-16,168.72064208984375,168.87100219726562,57.129432678222656,40.648353576660156,526.8746948242188,143.36180114746094,361.1056823730469,144.42181396484375,344.7500305175781,332.57684326171875,314.3677062988281,28.332115173339844,145.74057006835938,308.97332763671875,460.6750183105469,53.24261474609375
2021-12-17,167.62367248535156,170.0175018310547,58.44380187988281,39.636653900146484,522.0887451171875,140.66221618652344,350.66650390625,141.13563537597656,341.2236633300781,331.4745788574219,313.3033752441406,27.747251510620117,142.43873596191406,310.8566589355469,455.3099365234375,52.080074310302734
2021-12-20,166.26222229003906,167.07899475097656,59.37068176269531,38.98629379272461,522.9944458007812,140.54505920410156,351.9498596191406,138.59671020507812,329.2181091308594,323.1924133300781,309.53948974609375,27.665407180786133,142.80059814453125,299.9800109863281,452.1412658691406,51.325286865234375
2021-12-21,169.43565368652344,170.41700744628906,59.8625602722168,39.916683197021484,520.01025390625,142.39657592773438,352.9170227050781,140.53236389160156,342.6204528808594,331.8816833496094,316.6802673339844,29.018789291381836,142.71011352539062,312.84332275390625,455.3939514160156,52.487823486328125
2021-12-22,172.0312042236328,171.03700256347656,60.69253921508789,39.99797439575195,524.052734375,145.3170166015625,357.5898132324219,141.0815887451172,349.2044982910156,328.15771484375,322.39862060546875,29.343158721923828,144.1212921142578,336.2900085449219,461.862060546875,52.912940979003906
2021-12-23,172.65805053710938,171.06849670410156,61.58181381225586,40.12443542480469,524.7200927734375,145.8147735595703,358.8822937011719,141.58578491210938,352.2326965332031,332.9144592285156,323.8403625488281,29.582693099975586,144.826904296875,355.6666564941406,463.0304870605469,52.938961029052734
2021-12-27,176.62484741210938,169.66949462890625,62.45996856689453,40.32316970825195,537.2095336914062,146.79733276367188,365.2271728515625,142.3960723876953,351.9689636230469,343.77862548828125,331.3488464355469,30.885169982910156,146.51849365234375,364.64666748046875,466.8814392089844,53.693748474121094
2021-12-28,175.60618591308594,170.66099548339844,61.97087097167969,40.37736511230469,538.3250122070312,145.58697509765625,367.15234375,142.8282470703125,352.4280700683594,343.8182678222656,330.1877136230469,30.26337432861328,147.30551147460938,362.8233337402344,470.0968322753906,53.52022933959961
2021-12-29,175.69436645507812,169.2010040283203,62.305274963378906,40.31413269042969,541.309326171875,145.55520629882812,371.32794189453125,142.75621032714844,352.92626953125,340.5610656738281,330.864990234375,29.942996978759766,148.52670288085938,362.0633239746094,472.5643615722656,53.051753997802734
2021-12-30,174.53858947753906,168.64450073242188,61.607757568359375,40.22380065917969,537.6290283203125,145.10414123535156,370.5145568847656,142.6842041015625,352.6332702636719,341.97119140625,328.32025146484375,29.52880096435547,147.2421875,356.7799987792969,471.489501953125,52.73942565917969
2021-12-31,173.9215545654297,166.7169952392578,61.6383056640625,40.18766784667969,541.2423706054688,143.76576232910156,375.09698486328125,142.56715393066406,351.00189208984375,334.01678466796875,325.41741943359375,29.35413360595703,147.9749298095703,352.260009765625,469.3489990234375,53.08646011352539
2022-01-03,178.2703399658203,170.4044952392578,61.444705963134766,41.714237213134766,540.2986450195312,143.9041748046875,369.339599609375,145.583251953125,362.3627014160156,336.1916198730469,323.8984069824219,30.062763214111328,147.35975646972656,399.9266662597656,469.47979736328125,55.1252326965332
2022-01-04,176.00779724121094,167.52200317382812,62.14872741699219,43.349205017089844,537.93408203125,143.31668090820312,373.1356506347656,151.10226440429688,366.69989013671875,334.195556640625,318.3444519042969,29.233375549316406,147.8754119873047,383.1966552734375,458.8430480957031,57.198726654052734
2022-01-05,171.3259735107422,164.35699462890625,59.562435150146484,42.61753845214844,524.291015625,136.74180603027344,368.0741271972656,148.33981323242188,365.2443542480469,321.9212951660156,306.1239013671875,27.55063247680664,148.54481506347656,362.7066650390625,457.71209716796875,57.910118103027344
2022-01-06,168.46600341796875,163.25399780273438,59.009422302246094,43.475669860839844,524.1766967773438,136.71450805664062,366.7365417480469,149.91578674316406,361.908935546875,330.1537780761719,303.7048645019531,28.123523712158203,147.29644775390625,354.8999938964844,438.9806823730469,59.27220153808594
2022-01-07,168.6324920654297,162.5540008544922,57.35315704345703,44.42412567138672,511.1912841796875,135.98948669433594,355.7550964355469,151.40115356445312,361.5666198730469,329.4884033203125,303.8597717285156,27.19432258605957,147.2150421142578,342.32000732421875,428.6523132324219,59.7580451965332
2022-01-10,168.652099609375,161.48599243164062,57.539344787597656,44.19830322265625,494.62152099609375,137.62962341308594,350.1965026855469,151.54611206054688,355.9521484375,325.79425048828125,304.082275390625,27.347026824951172,145.2068328857422,352.7066650390625,434.6343688964844,59.4023551940918
2022-01-11,171.4827117919922,165.36199951171875,57.62179183959961,44.451229095458984,497.700927734375,138.6881103515625,349.48248291015625,151.7000732421875,358.28009033203125,332.0505676269531,304.76922607421875,27.763219833374023,143.52426147460938,354.79998779296875,438.3731689453125,61.90093231201172
2022-01-12,171.9234619140625,165.20700073242188,57.61715316772461,44.13507843017578,501.2950439453125,140.36988830566406,351.9498596191406,152.56048583984375,359.27777099609375,330.9482116699219,307.95263671875,27.944868087768555,143.84085083007812,368.739990234375,442.784912109375,61.71873092651367
2022-01-13,168.652099609375,161.21400451660156,55.318965911865234,44.044742584228516,492.7908020019531,137.54774475097656,349.7626953125,152.37026977539062,361.43939208984375,324.21527099609375,294.91925048828125,26.523622512817383,143.1895751953125,343.85333251953125,436.9056701660156,61.27629089355469
2022-01-14,169.5139923095703,162.13800048828125,55.24299240112305,43.27694320678711,479.548095703125,138.43453979492188,336.2233581542969,143.00506591796875,364.0021667480469,329.5976257324219,300.14422607421875,26.889911651611328,144.56454467773438,349.8699951171875,438.0833435058594,62.35207748413086
2022-01-18,166.3112030029297,158.91749572753906,53.52189636230469,41.786502838134766,465.32354736328125,134.97813415527344,331.4512023925781,137.00918579101562,358.289794921875,315.9429931640625,292.83892822265625,25.85291862487793,141.7783660888672,343.5033264160156,430.88616943359375,63.40183639526367
2022-01-19,162.81451416015625,156.2989959716797,52.24171829223633,41.94908905029297,467.3161926269531,134.103271484375,325.0973205566406,134.8897705078125,352.8417053222656,317.3730163574219,293.4969787597656,25.01853370666504,146.54562377929688,331.8833312988281,432.3162536621094,63.4278678894043
2022-01-20,161.12985229492188,151.66749572753906,50.7364501953125,41.32582473754883,460.3182373046875,132.30783081054688,315.9595947265625,133.73948669433594,356.0401306152344,314.36407470703125,291.8230895996094,24.103307723999023,147.33689880371094,332.0899963378906,432.7650146484375,63.56664276123047
2022-01-21,159.0730438232422,142.64300537109375,49.39420700073242,40.576087951660156,459.16461181640625,129.37399291992188,315.5257568359375,131.4027099609375,347.315185546875,301.06695556640625,286.4336242675781,23.328813552856445,147.90078735351562,314.6333312988281,431.054443359375,62.612342834472656
2022-01-24,158.2992706298828,144.54400634765625,50.16768264770508,40.24187088012695,466.1148986816406,129.82308959960938,328.8210144042969,131.2849884033203,341.77899169921875,306.5685119628906,286.7625427246094,23.326814651489258,146.7002410888672,310.0,432.0826721191406,63.15022277832031
2022-01-25,156.4970703125,139.98599243164062,49.47850799560547,41.036766052246094,455.07452392578125,125.98310852050781,324.4555358886719,132.7160186767578,331.3520812988281,298.06787109375,279.1380615234375,22.280834197998047,145.0995635986328,306.1333312988281,427.00726318359375,65.00684356689453
2022-01-26,156.4088897705078,138.87249755859375,51.60718536376953,41.46131896972656,460.93798828125,128.2638702392578,322.9190979003906,133.97500610351562,337.1230773925781,292.586181640625,287.09149169921875,22.727970123291016,143.83535766601562,312.4700012207031,428.4933776855469,64.34746551513672
2022-01-27,155.9486083984375,139.6374969482422,50.23530197143555,41.07289505004883,460.0321960449219,128.03759765625,322.15081787109375,131.6110382080078,342.8647155761719,292.5960998535156,290.12005615234375,21.901573181152344,144.72669982910156,276.3666687011719,431.45635986328125,65.17166137695312
2022-01-28,166.83030700683594,143.97799682617188,51.88322830200195,41.43421936035156,469.48040771484375,132.3509979248047,331.28851318359375,132.7884979248047,374.1454162597656,299.6170654296875,298.2671203613281,22.79583740234375,145.97268676757812,282.1166687011719,435.6251220703125,65.31047058105469
2022-01-31,171.18885803222656,149.57350158691406,54.27128601074219,41.678104400634766,481.5884704589844,134.28884887695312,331.68621826171875,134.5908966064453,377.93084716796875,311.0869140625,300.8989562988281,24.43865966796875,145.92718505859375,312.239990234375,441.7100830078125,65.90043640136719
2022-02-01,171.02236938476562,151.19349670410156,54.90489196777344,42.40074157714844,484.71563720703125,136.61180114746094,333.2406921386719,136.9004669189453,383.486572265625,316.7871398925781,298.7508850097656,24.590364456176758,145.2814483642578,310.4166564941406,437.82171630859375,70.12547302246094
2022-02-02,172.22706604003906,150.6125030517578,55.8969841003418,42.3555793762207,497.69134521484375,146.89015197753906,337.7870178222656,135.8045654296875,388.0740051269531,320.7593994140625,303.2984924316406,25.193199157714844,147.882568359375,301.88665771484375,448.4491882324219,69.94328308105469
2022-02-03,169.34747314453125,138.8455047607422,53.805355072021484,41.940067291259766,498.2069396972656,142.0169677734375,329.7248229980469,134.6814727783203,381.5400085449219,236.11068725585938,291.4844055175781,23.90169906616211,149.28318786621094,297.0466613769531,456.8521423339844,69.12779235839844
2022-02-04,169.06312561035156,157.63949584960938,54.66775894165039,43.61115646362305,496.29730224609375,142.21844482421875,325.0792236328125,138.17758178710938,373.8421325683594,235.44532775878906,296.0223388671875,24.271982192993164,146.909423828125,307.7733459472656,451.6178283691406,70.62867736816406
2022-02-07,168.34719848632812,157.9355010986328,54.43339538574219,43.81891632080078,492.592529296875,138.15713500976562,322.9822692871094,138.6394805908203,367.9049072265625,223.349853515625,291.194091796875,24.680191040039062,145.80894470214844,302.4466552734375,452.1131896972656,71.47887420654297
2022-02-08,171.4560089111328,161.4134979248047,55.59962844848633,44.60478591918945,497.6148986816406,138.3536376953125,326.6789855957031,141.2479705810547,366.1833801269531,218.6526336669922,294.6870422363281,25.05945587158203,145.4815216064453,307.3333435058594,461.189208984375,69.63097381591797
2022-02-09,172.87803649902344,161.1894989013672,56.629695892333984,44.51445770263672,504.9481506347656,140.5301971435547,329.3271179199219,141.836669921875,373.0303039550781,230.39064025878906,301.1214599609375,26.653369903564453,145.1541290283203,310.6666564941406,465.5728454589844,69.2976303100586
2022-02-10,168.7982940673828,159.0034942626953,54.77891159057617,44.30670166015625,495.06561279296875,137.5804901123047,320.9396667480469,141.2479705810547,366.2029724121094,226.4879150390625,292.5777587890625,25.77407455444336,142.94407653808594,301.51666259765625,454.9360046386719,68.63097381591797
2022-02-11,165.3854522705078,153.2935028076172,53.11708450317383,43.28597640991211,486.6534423828125,133.27552795410156,316.60125732421875,139.40936279296875,361.6839904785156,218.02700805664062,285.4756164550781,23.902698516845703,142.14369201660156,286.6666564941406,446.90692138671875,70.35902404785156
2022-02-14,165.62081909179688,155.16700744628906,53.59507751464844,42.834327697753906,483.6838073730469,134.50967407226562,317.7491455078125,138.11416625976562,365.9779357910156,216.1898651123047,285.43695068359375,24.22008514404297,142.55300903320312,291.9200134277344,443.4205322265625,69.28008270263672
2022-02-15,169.4553680419922,156.510498046875,55.83583450317383,43.168548583984375,490.7113952636719,135.58409118652344,319.2856140136719,140.13392639160156,373.19659423828125,219.4669647216797,290.7295837402344,26.443775177001953,142.62574768066406,307.4766540527344,447.0003967285156,68.41166687011719
2022-02-16,169.2200164794922,158.10049438476562,55.32081604003906,43.06918716430664,489.2601318359375,136.70509338378906,316.4205627441406,140.3875274658203,374.55615234375,215.03787231445312,290.3902587890625,26.459741592407227,143.70806884765625,307.7966613769531,448.7015686035156,68.72747039794922
2022-02-17,165.62081909179688,154.65249633789062,53.633975982666016,41.6148681640625,491.75225830078125,131.54507446289062,314.4772644042969,137.15408325195312,365.52801513671875,206.26913452148438,281.8870849609375,24.45961570739746,145.35423278808594,292.1166687011719,439.6256103515625,68.62222290039062
2022-02-18,164.07131958007812,152.60150146484375,53.72568893432617,41.5155143737793,489.5179138183594,129.4250946044922,313.51019287109375,137.79713439941406,361.8599853515625,204.72988891601562,279.1722106933594,23.596294403076172,145.42694091796875,285.6600036621094,437.2608947753906,67.85905456542969
2022-02-22,161.1488494873047,150.19749450683594,53.49132537841797,41.154197692871094,479.5015563964844,128.84002685546875,285.7628173828125,137.5526123046875,360.2363586425781,200.67819213867188,278.9686584472656,23.344778060913086,143.63526916503906,273.84332275390625,432.3069763183594,67.069580078125
2022-02-23,156.9808807373047,144.82699584960938,52.354736328125,40.44961929321289,472.89410400390625,126.63121032714844,278.7852783203125,134.67239379882812,353.3307189941406,197.07337951660156,271.7450866699219,22.343717575073242,141.8436279296875,254.67999267578125,429.60565185546875,67.34151458740234
2022-02-24,159.59933471679688,151.35800170898438,53.72661209106445,39.383731842041016,482.74810791015625,131.6959228515625,283.1145324707031,130.92269897460938,361.302490234375,206.15992736816406,285.62957763671875,23.702089309692383,138.0237274169922,266.92333984375,426.11920166015625,66.49064636230469
2022-02-25,161.66859436035156,153.7884979248047,54.46859359741211,40.66640853881836,494.1202087402344,133.45118713378906,286.19659423828125,134.020263671875,361.0188293457031,209.01992797851562,288.2669372558594,24.11029815673828,143.917236328125,269.9566650390625,444.6823425292969,68.28009796142578
2022-02-28,161.93341064453125,153.56300354003906,54.415794372558594,39.92570877075195,495.80072021484375,134.04421997070312,285.45550537109375,128.43194580078125,352.9296875,209.5661163330078,289.701904296875,24.337852478027344,141.77987670898438,290.1433410644531,444.7945251464844,68.78884887695312
2022-03-01,160.05044555664062,151.14199829101562,52.81140899658203,38.36301040649414,499.31451416015625,133.05615234375,289.450439453125,123.58631134033203,336.9469909667969,202.0784454345703,285.97869873046875,23.431612014770508,139.43344116210938,288.1233215332031,445.1496887207031,69.44676208496094
2022-03-02,163.34556579589844,152.05250549316406,54.26201629638672,38.98629379272461,504.15557861328125,133.56234741210938,295.8855895996094,126.14949798583984,336.5655517578125,206.6663818359375,291.05926513671875,24.177289962768555,139.87002563476562,293.2966613769531,453.6834716796875,70.63971710205078
2022-03-03,163.02194213867188,147.89849853515625,53.59693145751953,38.56873321533203,508.9776611328125,132.8953857421875,293.16510009765625,125.25285339355469,333.53326416015625,201.56202697753906,286.9192199707031,23.67218589782715,140.38841247558594,279.7633361816406,454.8144836425781,71.08708953857422
2022-03-04,160.02101135253906,145.64100646972656,55.207794189453125,37.17085647583008,501.7684631347656,130.91729736328125,293.07470703125,121.72956848144531,323.52703857421875,198.67222595214844,281.04345703125,22.895559310913086,141.0978240966797,279.42999267578125,466.0869445800781,73.76248931884766
2022-03-07,156.2257537841797,137.4530029296875,52.86513137817383,34.80172348022461,504.6522521972656,125.43077850341797,291.7279968261719,117.02885437011719,306.0771484375,186.16954040527344,270.4265441894531,21.314348220825195,139.0060272216797,268.1933288574219,455.076171875,76.42037200927734
2022-03-08,154.401611328125,136.01449584960938,53.35145568847656,35.02864456176758,499.7250671386719,126.15132141113281,286.2779235839844,116.20465087890625,307.456298828125,188.97000122070312,267.4596252441406,21.476062774658203,133.5035858154297,274.79998779296875,442.54193115234375,76.99932098388672
2022-03-09,159.80528259277344,139.2790069580078,55.30320358276367,37.25254821777344,503.8213806152344,132.4194793701172,288.4238586425781,120.86007690429688,320.9545593261719,197.12303161621094,279.7248840332031,22.973419189453125,135.3043670654297,286.3233337402344,453.861083984375,72.62216186523438
2022-03-10,155.4607696533203,146.8175048828125,54.442657470703125,36.91669464111328,508.6624755859375,131.43641662597656,289.0967102050781,119.42903137207031,317.4919128417969,193.85586547851562,276.90338134765625,22.61804962158203,131.82106018066406,279.4333190917969,459.3477478027344,74.87653350830078
2022-03-11,151.74388122558594,145.52450561523438,53.5274543762207,36.60807800292969,503.6018371582031,128.89659118652344,288.0510559082031,116.7390365600586,317.6875305175781,186.30857849121094,271.55126953125,22.061033248901367,130.25672912597656,265.1166687011719,452.6729431152344,74.4905776977539
2022-03-14,147.71322631835938,141.85299682617188,52.59649658203125,37.39777755737305,502.1982727050781,125.00648498535156,289.47857666015625,117.89836120605469,321.4044494628906,185.3353729248047,268.03167724609375,21.29238510131836,131.92108154296875,255.4566650390625,457.4071960449219,71.82392883300781
2022-03-15,152.09701538085938,147.3665008544922,54.908599853515625,37.67009735107422,517.8289184570312,128.22915649414062,298.73504638671875,119.99057006835938,327.6743469238281,190.6979217529297,278.41595458984375,22.932491302490234,136.6686248779297,267.2966613769531,466.7724914550781,67.73623657226562
2022-03-16,156.51010131835938,153.10400390625,56.23879623413086,38.85012435913086,518.8505249023438,132.28102111816406,300.89007568359375,125.35248565673828,337.1426696777344,202.2174530029297,285.4356994628906,24.45280647277832,136.20477294921875,280.07666015625,467.1005554199219,67.48186492919922
2022-03-17,157.52023315429688,157.23899841308594,55.826576232910156,39.058902740478516,527.8260498046875,132.83534240722656,305.8456115722656,126.9375228881836,338.8641052246094,206.39822387695312,286.2405090332031,24.72233009338379,136.6322021484375,290.5333251953125,475.3127136230469,69.28008270263672
2022-03-18,160.8153839111328,161.25050354003906,56.54355239868164,38.94089889526367,535.9994506835938,135.10467529296875,309.82830810546875,126.89219665527344,342.4342956542969,214.98826599121094,291.2919921875,26.406354904174805,136.55947875976562,301.7966613769531,474.46905517578125,69.00814819335938
2022-03-21,162.18836975097656,161.4915008544922,56.07539367675781,38.88643264770508,530.4423217773438,135.08087158203125,299.48974609375,126.48466491699219,338.0229797363281,210.02294921875,290.06060791015625,26.686861038208008,137.077880859375,307.0533447265625,475.9126892089844,72.10462951660156
2022-03-22,165.56199645996094,164.88900756835938,57.012638092041016,40.10276794433594,534.1565551757812,138.81912231445312,299.8171691894531,129.1746368408203,341.8866271972656,215.14710998535156,294.8116149902344,26.477230072021484,138.13287353515625,331.32666015625,473.7190856933594,71.78882598876953
2022-03-23,166.9252166748047,163.4080047607422,55.89726257324219,39.113365173339844,529.0005493164062,137.2385711669922,288.2875061035156,126.60237121582031,334.6972961425781,211.979248046875,290.38055419921875,25.588804244995117,137.16883850097656,333.03668212890625,471.7597961425781,72.92039489746094
2022-03-24,170.71072387695312,163.64950561523438,58.4199104309082,39.0952033996582,532.90576171875,140.51034545898438,287.1326599121094,127.4266128540039,341.71051025390625,218.046875,294.850341796875,28.100360870361328,137.40528869628906,337.97332763671875,481.3500061035156,73.13971710205078
2022-03-25,171.34814453125,164.77349853515625,58.6474609375,39.694297790527344,530.6143188476562,140.61058044433594,282.4953308105469,128.5406036376953,341.3878173828125,220.28125,294.443115234375,27.643169403076172,138.9969024658203,336.8800048828125,480.9469299316406,74.73617553710938
2022-03-28,172.21116638183594,168.99049377441406,59.021419525146484,39.53091049194336,539.6852416992188,140.3947296142578,285.76873779296875,127.58963012695312,342.8255920410156,222.0389862060547,301.2496032714844,28.169239044189453,139.95188903808594,363.9466552734375,481.1062927246094,72.63969421386719
2022-03-29,175.50628662109375,169.31500244140625,59.82251739501953,39.43105697631836,544.2398071289062,141.43682861328125,288.8875732421875,127.87039947509766,359.5124816894531,228.26548767089844,305.81640625,28.6054744720459,141.38888549804688,366.5233459472656,478.7907409667969,72.25373077392578
2022-03-30,174.33929443359375,166.30099487304688,58.8544921875,39.03166961669922,550.4366455078125,140.87411499023438,280.4767761230469,127.29073333740234,354.3186340332031,226.26943969726562,304.3135070800781,27.64117431640625,140.4156951904297,364.663330078125,488.2497253417969,73.49058532714844
2022-03-31,171.24026489257812,162.99749755859375,58.72300338745117,37.41594314575195,549.8447265625,138.02462768554688,272.17498779296875,123.46857452392578,349.56488037109375,220.8175048828125,298.9322814941406,27.23788833618164,138.96963500976562,359.20001220703125,478.07830810546875,72.44673156738281
2022-04-01,170.946044921875,163.55999755859375,58.4712028503418,37.12547302246094,549.577392578125,139.09951782226562,274.50274658203125,122.55378723144531,356.01080322265625,223.29025268554688,300.0085754394531,26.66489601135254,141.0523223876953,361.5299987792969,480.5344543457031,72.9116439819336
2022-04-04,174.99635314941406,168.34649658203125,59.20515060424805,37.06193161010742,549.1571655273438,141.8993682861328,277.85797119140625,123.09723663330078,358.8865661621094,232.26754760742188,305.3897399902344,27.31175422668457,140.13377380371094,381.8166809082031,478.1250915527344,72.94672393798828
2022-04-05,171.68154907226562,164.05499267578125,57.27189254760742,36.435604095458984,549.3388061523438,139.53671264648438,277.2033386230469,121.66468048095703,355.375,230.2317657470703,301.4241638183594,25.885276794433594,140.62489318847656,363.7533264160156,485.38116455078125,72.56954193115234
2022-04-06,168.51393127441406,158.75599670410156,56.14161682128906,36.03622055053711,558.3809814453125,135.52401733398438,271.4566345214844,119.97669982910156,345.81866455078125,221.75099182128906,290.3902587890625,24.363962173461914,142.6348419189453,348.586669921875,498.4962463378906,73.37653350830078
2022-04-07,168.8179168701172,157.7845001220703,56.23952865600586,35.754817962646484,580.5903930664062,134.86949157714844,275.28472900390625,119.6117172241211,342.3806457519531,221.4033966064453,292.2033996582031,24.16530990600586,144.4811248779297,352.4200134277344,503.3710632324219,74.6046142578125
2022-04-08,166.8074493408203,154.4604949951172,54.74272918701172,36.00897979736328,572.9422607421875,132.28797912597656,282.88629150390625,121.80155944824219,345.0448303222656,220.78773498535156,287.9372253417969,23.078231811523438,145.60887145996094,341.8299865722656,511.8175048828125,76.17475891113281
2022-04-11,162.55128479003906,151.1219940185547,54.146812438964844,35.93636703491211,558.2664184570312,127.8574447631836,278.8945617675781,121.35446166992188,340.2453308105469,214.95846557617188,276.58343505859375,21.878353118896484,145.0540771484375,325.30999755859375,503.8305358886719,73.55198669433594
2022-04-12,164.42437744140625,150.78750610351562,54.562740325927734,35.55512237548828,555.1058959960938,126.75675964355469,278.5036926269531,120.02229309082031,338.70758056640625,212.654541015625,273.48077392578125,21.466083526611328,144.6175079345703,328.98333740234375,500.3336181640625,75.08705139160156
2022-04-13,167.11148071289062,155.54100036621094,55.2593879699707,35.237430572509766,564.3965454101562,128.91989135742188,282.2589416503906,116.15357208251953,347.85601806640625,213.49864196777344,278.8716125488281,22.16384506225586,145.0268096923828,340.7900085449219,503.41802978515625,76.14845275878906
2022-04-14,162.10012817382812,151.7064971923828,53.51637649536133,34.102783203125,563.72802734375,125.77964782714844,276.8941650390625,115.0768814086914,350.48095703125,208.72201538085938,271.3186340332031,21.220518112182617,144.21734619140625,328.3333435058594,501.3742980957031,77.04317474365234
2022-04-18,161.88436889648438,152.78500366210938,54.696102142333984,35.26465606689453,555.83154296875,126.71906280517578,272.9751892089844,117.2120132446289,349.4819641113281,209.3079376220703,271.987548828125,21.74458885192871,142.8440399169922,334.7633361816406,500.6805725097656,77.67474365234375
2022-04-19,164.1693878173828,158.11549377441406,55.73313522338867,35.918212890625,567.4615478515625,129.0340576171875,279.8765869140625,119.63906860351562,356.4069519042969,215.80252075195312,276.6222229003906,22.15886116027832,144.98130798339844,342.7166748046875,504.07427978515625,76.98178100585938
2022-04-20,164.002685546875,153.9980010986328,55.74245834350586,35.99990463256836,576.2747802734375,127.0798110961914,286.5507507324219,120.05882263183594,357.7978515625,199.0297088623047,277.6499328613281,21.444120407104492,148.83753967285156,325.73333740234375,511.8644104003906,77.1572265625
2022-04-21,163.2082977294922,148.29600524902344,55.277095794677734,35.319122314453125,565.01708984375,123.87850952148438,282.204345703125,119.12812042236328,356.9651794433594,186.76539611816406,272.26873779296875,20.14740753173828,148.72140502929688,336.260009765625,503.8305358886719,76.3414306640625
2022-04-22,158.66766357421875,144.35000610351562,54.73807144165039,34.09370803833008,545.8822631835938,118.73833465576172,272.88421630859375,115.70646667480469,343.9771728515625,182.83287048339844,265.6949768066406,19.480588912963867,147.47752380371094,335.01666259765625,488.3621826171875,74.67477416992188
2022-04-25,159.7366485595703,146.07400512695312,54.824798583984375,33.84862518310547,542.5498046875,122.15105438232422,277.27606201171875,115.66996002197266,347.3270263671875,185.69288635253906,272.1814880371094,19.866907119750977,148.66651916503906,332.67333984375,491.4840393066406,72.15726470947266
2022-04-26,153.7739715576172,139.39100646972656,52.23127746582031,33.086151123046875,528.7523803710938,117.7602310180664,272.7478332519531,112.2483139038086,337.0522155761719,179.6947784423828,262.00091552734375,18.754871368408203,146.1422576904297,292.1400146484375,481.65008544921875,72.1835708618164
2022-04-27,153.54843139648438,138.16700744628906,52.181854248046875,32.90460968017578,529.0579833984375,113.43740844726562,274.239013671875,110.78840637207031,354.1541748046875,173.73638916015625,274.6054992675781,18.382530212402344,145.74899291992188,293.836669921875,481.6781311035156,74.24495697021484
2022-04-28,160.48194885253906,144.59649658203125,53.991065979003906,33.41292953491211,537.4931640625,117.6336898803711,283.4773864746094,112.54029846191406,371.0600891113281,204.30287170410156,280.8204650878906,19.74711799621582,149.45306396484375,292.5033264160156,491.62469482421875,76.49055480957031
2022-04-29,154.60755920410156,124.28150177001953,51.701568603515625,32.38720703125,508.5335693359375,113.25379180908203,273.1479187011719,108.9087905883789,355.9270324707031,199.07936096191406,269.078857421875,18.514293670654297,146.83731079101562,290.2533264160156,476.74700927734375,74.78003692626953
2022-05-02,154.9115753173828,124.5,53.74953079223633,32.804752349853516,505.88433837890625,115.708740234375,279.12188720703125,109.90335845947266,351.6759948730469,209.66542053222656,275.8175354003906,19.49855613708496,144.85267639160156,300.9800109863281,469.809814453125,75.79757690429688
2022-05-03,156.40223693847656,124.25350189208984,54.19904327392578,33.70338439941406,505.0523986816406,116.45410919189453,277.29425048828125,112.25743865966797,350.4516906738281,210.55917358398438,273.209228515625,19.56743621826172,142.86802673339844,303.0833435058594,468.3755798339844,77.35895538330078
2022-05-04,162.81602478027344,125.92849731445312,56.29641342163086,35.05588912963867,520.6893310546875,121.34415435791016,286.7052917480469,115.97107696533203,360.9615478515625,221.8602294921875,281.15985107421875,20.29814338684082,143.9197998046875,317.5400085449219,475.875244140625,80.43788146972656
2022-05-05,153.74453735351562,116.40699768066406,54.0889892578125,34.0755615234375,494.7615661621094,115.63182830810547,271.97491455078125,113.06952667236328,346.1223449707031,206.83518981933594,268.9140319824219,18.810775756835938,141.26748657226562,291.09332275390625,463.7819519042969,79.21859741210938
2022-05-06,154.47132873535156,114.77249908447266,54.0992431640625,33.99385452270508,481.41021728515625,114.8785171508789,267.6103515625,112.88703918457031,340.00048828125,202.35647583007812,266.37371826171875,18.642072677612305,142.6759490966797,288.54998779296875,468.3755798339844,80.42910766601562
2022-05-09,149.3445281982422,108.78900146484375,52.4970703125,33.01353073120117,477.07781982421875,111.66728210449219,270.083740234375,111.18988800048828,321.2628479003906,194.84893798828125,256.532470703125,16.920108795166016,142.3192596435547,262.3699951171875,456.00103759765625,74.08706665039062
2022-05-10,151.7507781982422,108.85900115966797,54.219547271728516,32.4598274230957,479.5931396484375,113.53713989257812,264.74615478515625,108.47993469238281,318.65740966796875,196.2789306640625,261.302734375,17.56397247314453,141.56930541992188,266.67999267578125,457.4915466308594,74.5782699584961
2022-05-11,143.88380432128906,105.37200164794922,52.8878173828125,32.287353515625,467.75299072265625,112.7505874633789,257.2900390625,107.79561614990234,319.1863098144531,187.4307403564453,252.62496948242188,16.600677490234375,139.57550048828125,244.6666717529297,455.7478942871094,76.13090515136719
2022-05-12,140.0142059326172,106.93049621582031,53.30375671386719,31.833499908447266,464.9794616699219,111.9977798461914,263.4095153808594,107.70437622070312,314.6512451171875,189.9134063720703,247.5831756591797,16.146480560302734,139.0084686279297,242.6666717529297,448.8575439453125,76.47651672363281
2022-05-13,144.48292541503906,113.05500030517578,54.85837173461914,31.924272537231445,475.5857849121094,115.18022155761719,269.1743469238281,108.66243743896484,325.9741516113281,197.2421875,253.1776580810547,17.67477798461914,140.49923706054688,256.5299987792969,455.0447692871094,78.7450942993164
2022-05-16,142.9409942626953,110.81050109863281,54.338924407958984,31.59749984741211,472.96533203125,113.5867691040039,269.13800048828125,107.9051284790039,322.9671936035156,198.65235900878906,253.5460968017578,17.233558654785156,141.87110900878906,241.4566650390625,458.6258544921875,80.5971908569336
2022-05-17,146.57492065429688,115.36849975585938,56.715145111083984,32.66859817504883,469.0823974609375,115.59955596923828,273.6480407714844,111.48188018798828,331.9099426269531,201.21446228027344,258.704345703125,18.14495086669922,141.4687042236328,253.8699951171875,461.7288513183594,81.62517547607422
2022-05-18,138.30528259277344,107.11250305175781,53.21049880981445,31.661033630371094,410.6754150390625,111.06034851074219,259.30865478515625,109.57487487792969,329.0106201171875,190.90647888183594,246.92559814453125,16.90813446044922,132.6520233154297,236.60333251953125,441.90155029296875,80.33135223388672
2022-05-19,134.8972625732422,107.31900024414062,50.938716888427734,31.270723342895508,404.4875183105469,109.55622100830078,261.6546325683594,107.95072174072266,325.40606689453125,189.96307373046875,246.0120391845703,17.093807220458984,129.59732055664062,236.47332763671875,448.6230773925781,80.76557922363281
2022-05-20,135.1329345703125,107.59100341796875,50.65707015991211,30.73516845703125,398.27099609375,108.09127807617188,261.1363525390625,107.065673828125,329.2848815917969,192.1974334716797,245.4483642578125,16.664560317993164,129.67965698242188,221.3000030517578,455.3541259765625,81.40361022949219
2022-05-23,140.55435180664062,107.55699920654297,49.0875358581543,32.55966567993164,410.7519226074219,110.65193939208984,260.08154296875,113.68997192382812,341.2835693359375,194.86878967285156,253.3105926513672,16.86820411682129,132.6612091064453,224.96665954589844,461.3070373535156,83.20254516601562
2022-05-24,137.85350036621094,104.0999984741211,48.88608932495117,32.359981536865234,418.6230163574219,105.17533111572266,261.8001403808594,115.29586791992188,333.7023620605469,180.02247619628906,252.30955505371094,16.125516891479492,135.02084350585938,209.3866729736328,466.4443359375,83.65450286865234
2022-05-25,138.01063537597656,106.7750015258789,49.579010009765625,32.53244400024414,420.9183349609375,105.01155853271484,266.9375,116.09882354736328,337.68890380859375,182.55477905273438,255.12789916992188,16.945068359375,132.80755615234375,219.60000610351562,466.9411926269531,85.33821105957031
2022-05-26,141.21241760253906,111.07749938964844,51.35371780395508,33.28584289550781,444.71337890625,106.98416137695312,275.3392333984375,118.10618591308594,342.71368408203125,190.3007049560547,258.4126892089844,17.819528579711914,133.9690704345703,235.91000366210938,470.822265625,85.63951110839844
2022-05-27,146.9677276611328,115.14649963378906,54.395809173583984,33.603538513183594,450.2318420410156,111.4742202758789,280.4767761230469,119.77592468261719,350.4417724609375,193.7764129638672,265.5460205078125,18.77783203125,136.01776123046875,253.2100067138672,475.3971252441406,86.48139190673828
2022-05-31,146.1820526123047,120.20950317382812,54.102046966552734,33.76694107055664,445.88983154296875,112.90889739990234,275.28472900390625,120.65188598632812,350.5299987792969,192.2967529296875,264.214599609375,18.639076232910156,135.24951171875,252.75332641601562,465.7131652832031,85.0723648071289
2022-06-01,146.0543670654297,121.68399810791016,53.494930267333984,33.28584289550781,437.06231689453125,113.03791046142578,271.93572998046875,118.53502655029297,349.736572265625,187.33143615722656,264.7491760253906,18.287694931030273,133.2008514404297,246.7899932861328,461.7476501464844,86.70291137695312
2022-06-02,148.509765625,125.51100158691406,53.78590393066406,33.50495529174805,466.3470764160156,116.74044799804688,279.8780822753906,120.44203186035156,355.6331481933594,197.48052978515625,266.8483581542969,19.557451248168945,134.63673400878906,258.3333435058594,461.4757995605469,86.55226135253906
2022-06-03,142.7838592529297,122.3499984741211,52.534366607666016,33.03934860229492,455.4824523925781,113.68205261230469,279.1552734375,118.76313018798828,350.48095703125,189.4565887451172,262.416748046875,18.68699073791504,133.429443359375,234.51666259765625,455.2415771484375,87.81063842773438
2022-06-06,143.5302734375,124.79000091552734,52.33945846557617,33.002838134765625,451.8672790527344,115.94445037841797,278.0664367675781,118.37079620361328,352.75341796875,192.90252685546875,261.1824951171875,18.752878189086914,132.9081268310547,238.27999877929688,459.52587890625,87.58906555175781
2022-06-07,146.0543670654297,123.0,53.43617630004883,33.18541717529297,451.2073974609375,116.27098846435547,276.12652587890625,118.68103790283203,356.55389404296875,194.2928009033203,264.826904296875,18.892627716064453,134.38980102539062,238.8866729736328,466.01312255859375,91.60342407226562
2022-06-08,145.3177947998047,121.18000030517578,52.72461700439453,32.76545715332031,447.5826416015625,116.31514739990234,272.2468566894531,116.79226684570312,354.89849853515625,195.27593994140625,262.7957763671875,18.61905288696289,132.71607971191406,241.86666870117188,462.6663513183594,92.6845703125
2022-06-09,140.09278869628906,116.1500015258789,51.87223434448242,31.50560760498047,451.465576171875,113.9743423461914,274.37890625,114.33781433105469,341.8419494628906,182.72360229492188,257.3340148925781,18.01998519897461,130.31985473632812,239.7066650390625,458.82281494140625,90.68182373046875
2022-06-10,134.68121337890625,109.6500015258789,50.478023529052734,30.28226661682129,443.10675048828125,110.32789611816406,264.6612854003906,109.08216094970703,327.8841552734375,174.3520965576172,245.8662567138672,16.947654724121094,129.82598876953125,232.22999572753906,454.3229675292969,89.02470397949219
2022-06-13,129.52493286132812,103.66999816894531,48.27245330810547,29.23238182067871,432.529052734375,105.59465789794922,259.0979919433594,105.83385467529297,313.18206787109375,163.1205291748047,235.4384002685547,15.622713088989258,126.35053253173828,215.73666381835938,440.3266296386719,84.93943786621094
2022-06-14,130.38917541503906,102.30999755859375,48.510257720947266,28.721132278442383,434.9678039550781,105.91524505615234,254.98951721191406,104.07286071777344,315.5328369140625,162.59422302246094,237.60562133789062,15.811419486999512,122.40864562988281,220.88999938964844,432.87384033203125,85.16098022460938
2022-06-15,133.01150512695312,107.66999816894531,49.120182037353516,29.259769439697266,438.7837829589844,108.94136810302734,255.95947265625,105.30465698242188,318.7162170410156,168.17526245117188,244.6708984375,16.501346588134766,121.19224548339844,233.0,435.2923583984375,84.08870697021484
2022-06-16,127.73743438720703,103.66000366210938,46.366249084472656,29.077184677124023,432.06036376953125,105.23834991455078,250.22222900390625,103.49800872802734,302.44683837890625,159.75405883789062,238.0720977783203,15.5767822265625,121.9330825805664,213.10000610351562,429.09246826171875,80.98712158203125
2022-06-17,129.2106475830078,106.22000122070312,46.50334930419922,29.141088485717773,427.2115173339844,106.34001922607422,247.7243194580078,103.13304901123047,304.3176574707031,162.60418701171875,240.67660522460938,15.85534954071045,121.05506134033203,216.75999450683594,425.301025390625,76.3169937133789
2022-06-21,133.4436492919922,108.68000030517578,47.37031173706055,29.990121841430664,442.9154357910156,110.70751953125,246.32424926757812,105.68787384033203,310.8900146484375,155.9605712890625,246.59515380859375,16.540285110473633,124.72257232666016,237.0366668701172,451.88824462890625,81.06688690185547
2022-06-22,132.93296813964844,108.94999694824219,46.649085998535156,29.76188850402832,439.9027099609375,110.65145111083984,246.1229248046875,105.09479522705078,309.66571044921875,154.76890563964844,246.0023193359375,16.334606170654297,126.67063903808594,236.086669921875,460.6941833496094,77.85893249511719
2022-06-23,135.8008270263672,112.44000244140625,46.69423294067383,29.28716468811035,454.28692626953125,111.40028381347656,252.01568603515625,103.94511413574219,310.2631530761719,157.64878845214844,251.57095336914062,16.199813842773438,130.14610290527344,235.07000732421875,470.2245788574219,75.51058197021484
2022-06-24,139.13027954101562,116.45999908447266,47.87056350708008,29.49713897705078,463.248291015625,117.0903091430664,258.9515686035156,107.04741668701172,323.7213134765625,168.97962951660156,260.162109375,17.099414825439453,132.02099609375,245.7066650390625,466.30145263671875,77.0082015991211
2022-06-27,139.13027954101562,113.22000122070312,47.552730560302734,29.533647537231445,460.74261474609375,114.9648666381836,258.66790771484375,106.18971252441406,322.0855712890625,168.3142852783203,257.4312438964844,16.842817306518555,131.0149383544922,244.9199981689453,475.728271484375,78.89575958251953
2022-06-28,134.9856414794922,107.4000015258789,46.87007141113281,29.451488494873047,448.1755676269531,111.16754913330078,247.19351196289062,105.67874908447266,311.76177978515625,159.5653839111328,249.25799560546875,15.957192420959473,128.88394165039062,232.663330078125,478.34375,81.08460235595703
2022-06-29,136.74365234375,108.91999816894531,46.11405563354492,29.086318969726562,449.3519287109375,110.86384582519531,250.597412109375,105.20426177978516,315.9736328125,162.80276489257812,252.9315643310547,15.517873764038086,130.05462646484375,228.49000549316406,485.1833801269531,78.08934783935547
2022-06-30,134.27847290039062,106.20999908447266,45.6815071105957,28.41986846923828,458.38037109375,108.1458740234375,250.96337890625,102.74983215332031,309.00946044921875,160.1314239501953,249.59814453125,15.135469436645508,131.50880432128906,224.47332763671875,483.2264709472656,75.89163970947266
2022-07-01,136.44900512695312,109.55999755859375,44.932071685791016,28.81243133544922,464.5777893066406,107.92207336425781,255.36465454101562,104.0637435913086,311.7128601074219,158.91990661621094,252.2706756591797,14.500455856323242,133.63064575195312,227.26333618164062,486.7734069824219,77.58423614501953
2022-07-05,139.03207397460938,113.5,44.78726577758789,28.520288467407227,466.9687194824219,112.41364288330078,259.6195373535156,103.66792297363281,312.7118835449219,167.02328491210938,255.44862365722656,14.940773010253906,132.34107971191406,233.06666564941406,475.3331298828125,75.1561279296875
2022-07-06,140.36776733398438,114.33000183105469,45.38060760498047,28.28292465209961,471.16729736328125,113.71281433105469,259.4822692871094,102.99594116210938,313.6032409667969,168.59234619140625,258.7140197753906,15.106514930725098,133.57582092285156,231.73333740234375,484.78826904296875,73.8002700805664
2022-07-07,143.7364959716797,116.33000183105469,46.87853240966797,29.086318969726562,473.3670959472656,117.8922348022461,262.3280029296875,105.60099029541016,317.90972900390625,170.9955596923828,260.8423767089844,15.833382606506348,133.53004455566406,244.5433349609375,483.93218994140625,76.1574935913086
2022-07-08,144.41416931152344,115.54000091552734,46.89263916015625,29.02240753173828,479.6697082519531,118.45846557617188,262.12677001953125,105.26960754394531,316.91900634765625,169.69464111328125,260.1231994628906,15.813416481018066,132.63375854492188,250.76333618164062,487.9305114746094,76.28157043457031
2022-07-11,142.28292846679688,111.75,45.404117584228516,28.721132278442383,477.1447448730469,114.80903625488281,262.0534973144531,103.88883209228516,318.0274353027344,161.75013732910156,257.0619201660156,15.1284818649292,133.566650390625,234.3433380126953,486.3499755859375,75.89163970947266
2022-07-12,143.25526428222656,109.22000122070312,45.26400375366211,28.629840850830078,469.177978515625,113.16545867919922,260.89141845703125,103.9900894165039,316.7228088378906,162.13742065429688,246.52711486816406,15.058588981628418,132.38681030273438,233.07000732421875,483.9697570800781,74.88141632080078
2022-07-13,142.89187622070312,110.4000015258789,45.297855377197266,28.155113220214844,470.756103515625,110.51846313476562,262.77642822265625,103.01434326171875,317.2231140136719,162.3558807373047,245.60391235351562,15.140460014343262,133.2556915283203,237.0399932861328,471.5699157714844,75.18269348144531
2022-07-14,145.81866455078125,110.62999725341797,45.57149124145508,27.506921768188477,489.6161804199219,109.53985595703125,264.8808288574219,99.4151611328125,318.8515319824219,156.95362854003906,246.92559814453125,15.348137855529785,132.86241149902344,238.31333923339844,472.6894836425781,73.67620849609375
2022-07-15,147.48828125,113.55000305175781,46.494876861572266,29.44236183166504,500.14605712890625,110.93927764892578,267.56195068359375,103.97167205810547,326.24822998046875,163.5574951171875,249.49127197265625,15.737534523010254,132.6794891357422,240.06666564941406,498.3923034667969,74.9168472290039
2022-07-18,144.4436798095703,113.76000213623047,46.175174713134766,29.451488494873047,493.7860107421875,108.21237182617188,268.1476135253906,102.90388488769531,324.71783447265625,166.06996154785156,247.09078979492188,16.076007843017578,131.06979370117188,240.54666137695312,488.62677001953125,76.29927062988281
2022-07-19,148.30348205566406,118.20999908447266,47.86210632324219,30.44659423828125,497.5445861816406,112.95652770996094,274.3514099121094,105.45370483398438,333.9097900390625,174.5606231689453,252.22218322753906,16.965625762939453,131.7374725341797,245.52999877929688,501.873291015625,78.22225952148438
2022-07-20,150.30703735351562,122.7699966430664,48.1225700378418,30.455730438232422,501.3414306640625,113.04586029052734,276.61151123046875,105.4352798461914,334.78277587890625,181.81993103027344,254.88494873046875,17.77935791015625,129.46014404296875,247.5,488.7208251953125,79.08185577392578
2022-07-21,152.57579040527344,124.62999725341797,48.67829513549805,30.720476150512695,506.3722229003906,113.48255157470703,279.0821228027344,106.15328979492188,340.325439453125,181.89938354492188,257.3825988769531,18.021982192993164,129.5825653076172,271.7066650390625,491.5338134765625,77.761474609375
2022-07-22,151.3383026123047,122.41999816894531,48.19309997558594,30.519628524780273,506.6208190917969,107.09085845947266,280.53692626953125,105.63780975341797,337.34326171875,168.09580993652344,253.0287322998047,17.2921142578125,131.65374755859375,272.24334716796875,490.5459899902344,77.16773223876953
2022-07-25,150.21864318847656,121.13999938964844,48.24856948852539,30.79351043701172,506.0661315917969,106.70376586914062,280.13433837890625,106.06122589111328,337.66693115234375,165.4939727783203,251.54183959960938,16.997573852539062,132.5466766357422,268.4333190917969,498.1288757324219,79.73762512207031
2022-07-26,148.8927764892578,114.80999755859375,48.058631896972656,30.172712326049805,489.6065673828125,104.2324447631836,272.8415832519531,104.40432739257812,334.7926330566406,158.04598999023438,244.80697631835938,16.50733757019043,132.80442810058594,258.8599853515625,500.12347412109375,79.42745971679688
2022-07-27,153.9900665283203,120.97000122070312,49.62895202636719,30.66570281982422,499.5339660644531,112.21215057373047,273.5096740722656,106.07965850830078,336.7447509765625,168.40367126464844,261.1727600097656,17.76238441467285,134.06552124023438,274.82000732421875,502.9646911621094,81.14664459228516
2022-07-28,154.5400848388672,122.27999877929688,50.17621612548828,30.419206619262695,513.6842651367188,113.36345672607422,274.1684265136719,105.68383026123047,345.7503662109375,159.60508728027344,268.6268310546875,17.95608139038086,136.29324340820312,280.8999938964844,509.437255859375,82.0948257446289
2022-07-29,159.60794067382812,134.9499969482422,50.35205841064453,30.866552352905273,518.5894775390625,115.44770812988281,275.3670654296875,106.19010162353516,347.0648498535156,157.996337890625,272.8348693847656,18.13480567932129,127.87039947509766,297.1499938964844,510.2371520996094,85.89649963378906
2022-08-01,158.6257781982422,135.38999938964844,50.43574905395508,30.775253295898438,523.8682861328125,113.99866485595703,279.8324279785156,105.13153076171875,343.8766174316406,158.82057189941406,270.1817932128906,18.412370681762695,131.5432586669922,297.27667236328125,503.68902587890625,83.72538757324219
2022-08-02,157.15257263183594,134.16000366210938,49.95054244995117,30.163585662841797,520.6588134765625,114.2666244506836,275.1566162109375,103.49300384521484,342.375732421875,159.0787811279297,267.0816345214844,18.497241973876953,130.6687774658203,300.586669921875,503.7643737792969,83.36204528808594
2022-08-03,163.16326904296875,139.52000427246094,51.410858154296875,30.711349487304688,524.0599365234375,117.19451141357422,280.3355712890625,104.5792236328125,347.39837646484375,167.62905883789062,274.51617431640625,18.86367416381836,133.3659210205078,307.39666748046875,508.6470947265625,80.65923309326172
2022-08-04,162.8489990234375,142.57000732421875,51.980682373046875,30.49224090576172,520.4864501953125,117.30369567871094,281.06768798828125,103.42860412597656,349.301513671875,169.38677978515625,275.6629638671875,19.1851749420166,133.15420532226562,308.6333312988281,502.1555480957031,77.26520538330078
2022-08-05,162.622802734375,140.8000030517578,51.85280227661133,31.003494262695312,517.9859619140625,116.58908081054688,283.37353515625,106.55833435058594,350.7140808105469,165.95079040527344,274.94378662109375,18.959524154663086,133.21864318847656,288.1700134277344,503.38800048828125,78.38177490234375
2022-08-08,162.1506805419922,139.41000366210938,51.29707717895508,30.57440757751465,519.1642456054688,116.42035675048828,285.459716796875,105.26041412353516,345.4658508300781,169.06898498535156,272.42669677734375,17.765380859375,133.72494506835938,290.42333984375,504.8369445800781,78.82485961914062
2022-08-09,162.19989013671875,137.8300018310547,50.10006332397461,30.966970443725586,513.3395385742188,115.75537872314453,279.2742004394531,106.2085189819336,339.9526062011719,167.36093139648438,274.3509521484375,17.059480667114258,133.41195678710938,283.3333435058594,505.457763671875,80.27816772460938
2022-08-10,166.44863891601562,142.69000244140625,51.755950927734375,32.01685333251953,517.171630859375,118.8023681640625,285.1029357910156,108.97925567626953,346.6626281738281,177.1028594970703,281.01776123046875,18.068906784057617,134.673095703125,294.3566589355469,505.8905944824219,81.04029083251953
2022-08-11,165.71102905273438,140.63999938964844,51.28767395019531,32.78371810913086,509.87127685546875,117.94880676269531,284.28857421875,110.59014129638672,343.9158630371094,176.2587890625,278.93804931640625,17.914146423339844,133.7157440185547,286.6300048828125,501.3182678222656,83.38462829589844
2022-08-12,169.261474609375,143.5500030517578,52.49127960205078,33.139774322509766,514.6710815429688,120.76751708984375,288.1316833496094,112.42198181152344,347.5357666015625,179.24789428710938,283.6903381347656,18.679960250854492,135.013671875,300.0299987792969,511.5166015625,84.10939025878906
2022-08-15,170.33348083496094,143.17999267578125,52.55991744995117,33.09413146972656,522.8526611328125,121.1645278930664,287.87542724609375,112.72574615478516,353.1077575683594,179.63522338867188,285.2064514160156,19.002458572387695,136.75344848632812,309.32000732421875,512.4010009765625,82.60616302490234
2022-08-16,170.17613220214844,144.77999877929688,51.8725471496582,33.450172424316406,529.8177490234375,120.78736114501953,299.56024169921875,113.802734375,352.4210510253906,178.2250518798828,284.46783447265625,18.84969139099121,138.01458740234375,306.5633239746094,513.7933349609375,81.8366470336914
2022-08-17,171.67105102539062,142.10000610351562,50.644493103027344,33.24019241333008,532.979248046875,118.65349578857422,298.0780029296875,112.84540557861328,348.5755615234375,173.6370849609375,283.7179260253906,18.306535720825195,137.3794403076172,303.9966735839844,512.7396240234375,82.49877166748047
2022-08-18,171.2776336669922,142.3000030517578,52.511962890625,33.12150955200195,537.4244995117188,119.26884460449219,297.57464599609375,111.9709243774414,350.5669250488281,173.44839477539062,282.59796142578125,18.743860244750977,137.8673095703125,302.8699951171875,512.946533203125,84.44940185546875
2022-08-19,168.6910400390625,138.22999572753906,51.569766998291016,32.39116287231445,531.2643432617188,116.33103942871094,294.0152587890625,109.2001724243164,347.54547119140625,166.79489135742188,278.6828918457031,17.82129669189453,137.8304901123047,296.6666564941406,515.8631591796875,84.18097686767578
2022-08-22,164.80615234375,133.22000122070312,49.7192268371582,31.69732666015625,522.58447265625,113.38330078125,285.6793212890625,107.39598083496094,338.94219970703125,161.91893005371094,270.50201416015625,17.007558822631836,137.46229553222656,289.913330078125,512.3350219726562,84.11832427978516
2022-08-23,164.47177124023438,133.6199951171875,49.81608200073242,31.414318084716797,519.3270874023438,113.00615692138672,280.82061767578125,106.33738708496094,334.4101257324219,159.99240112304688,269.2262268066406,17.15433120727539,134.8111572265625,296.4533386230469,504.0841369628906,87.68851470947266
2022-08-24,164.76683044433594,133.8000030517578,49.91575241088867,31.514745712280273,520.4288330078125,112.83743286132812,281.9277648925781,106.59513854980469,333.2524719238281,162.12747192382812,268.5931701660156,17.195266723632812,134.23121643066406,297.0966796875,504.7052917480469,88.20748138427734
2022-08-25,167.2255859375,137.27999877929688,51.72962188720703,32.08076477050781,527.6622314453125,115.77523803710938,283.4559020996094,109.12654876708984,338.1181945800781,167.60919189453125,271.57330322265625,17.885194778442383,134.12075805664062,296.07000732421875,509.5127258300781,88.66382598876953
2022-08-26,160.9213409423828,130.75,48.97731399536133,31.067392349243164,509.507080078125,109.51255798339844,272.7684631347656,105.55496215820312,325.64984130859375,160.65774536132812,261.0941162109375,16.23476219177246,130.9817657470703,288.0899963378906,497.9220275878906,87.57218170166016
2022-08-29,158.71827697753906,129.7899932861328,48.34918212890625,30.948715209960938,508.7791442871094,108.59944915771484,271.1396789550781,105.29721069335938,323.0893859863281,158.0658721923828,258.3087463378906,15.776472091674805,130.42945861816406,284.82000732421875,498.4112548828125,89.58544158935547
2022-08-30,156.2890167236328,128.72999572753906,47.61668014526367,31.12217903137207,502.1494445800781,108.12305450439453,268.1932678222656,105.31563568115234,321.5786437988281,156.06979370117188,256.10772705078125,15.443989753723145,129.03945922851562,277.70001220703125,491.8915100097656,86.17632293701172
2022-08-31,154.6268768310547,126.7699966430664,46.93212890625,30.6839599609375,500.1949462890625,107.40846252441406,265.6329650878906,104.689697265625,318.2040710449219,161.7997589111328,254.6468505859375,15.070569038391113,126.97750091552734,275.6099853515625,488.5892028808594,85.53208923339844
2022-09-01,155.3546905517578,127.81999969482422,46.26451110839844,30.75748062133789,506.9682922363281,108.91706085205078,270.19189453125,105.40769958496094,319.0673522949219,164.21292114257812,253.60476684570312,13.915365219116211,128.54237365722656,277.1600036621094,492.982666015625,83.99308013916016
2022-09-02,153.24014282226562,127.51000213623047,47.03650665283203,30.720720291137695,497.3304138183594,107.04122161865234,268.83795166015625,104.67127227783203,316.428466796875,159.2078857421875,249.37803649902344,13.625816345214844,126.25946044921875,270.2099914550781,485.7854309082031,85.53208923339844
2022-09-06,151.98123168945312,126.11000061035156,46.8465576171875,30.380706787109375,497.1292419433594,106.00901794433594,266.6644287109375,104.6988754272461,317.91961669921875,157.44021606445312,246.641357421875,13.444097518920898,124.85104370117188,274.4200134277344,487.03680419921875,84.95943450927734
2022-09-07,153.38768005371094,129.47999572753906,47.49819564819336,30.84937286376953,507.418701171875,108.62922668457031,273.9679260253906,106.68718719482422,322.3733215332031,159.27740478515625,251.3550567626953,13.69678020477295,126.73812103271484,283.70001220703125,490.8000183105469,84.23465728759766
2022-09-08,151.91241455078125,129.82000732421875,48.13761901855469,31.841842651367188,506.92041015625,107.56725311279297,276.20599365234375,109.17256927490234,323.79571533203125,160.93582153320312,251.7738494873047,13.972433090209961,126.90385437011719,289.260009765625,496.28485107421875,84.92365264892578
2022-09-09,154.7743682861328,133.27000427246094,49.122127532958984,32.108341217041016,514.0674438476562,109.82022857666016,276.08624267578125,109.6972427368164,329.4658508300781,167.97662353515625,257.558837890625,14.368935585021973,128.83694458007812,299.67999267578125,494.85040283203125,86.34634399414062
2022-09-12,160.73446655273438,136.4499969482422,49.74837112426758,32.41160202026367,516.8842163085938,110.02865600585938,274.03240966796875,110.99518585205078,331.9870300292969,167.7879638671875,259.691650390625,14.486786842346191,129.88633728027344,304.4200134277344,501.37188720703125,87.33954620361328
2022-09-13,151.30262756347656,126.81999969482422,47.359031677246094,31.24452018737793,488.8900451660156,103.53768920898438,255.9717254638672,107.13823699951172,319.25372314453125,152.06777954101562,245.4142303466797,13.114513397216797,127.19841766357422,292.1300048828125,485.0542297363281,85.29944610595703
2022-09-14,152.74838256835938,128.5500030517578,48.02665328979492,31.12505531311035,486.6865234375,104.21259307861328,254.5073699951172,106.88970947265625,319.65594482421875,150.4192657470703,245.63821411132812,13.111516952514648,127.5021743774414,302.6099853515625,481.099853515625,87.39322662353516
2022-09-15,149.85687255859375,126.27999877929688,47.02898025512695,31.71318817138672,482.3753662109375,102.1382827758789,250.0865936279297,108.50059509277344,310.9349670410156,148.51260375976562,238.9767303466797,12.912765502929688,126.51722717285156,303.75,493.50091552734375,84.85205841064453
2022-09-16,148.21441650390625,123.52999877929688,47.25088882446289,31.35480308532715,482.9884948730469,102.02909851074219,254.16653442382812,107.77340698242188,309.1397399902344,145.2751922607422,238.3534393310547,13.181429862976074,127.29045104980469,303.3500061035156,491.7171630859375,83.40249633789062
2022-09-19,151.9320831298828,124.66000366210938,47.1888313293457,31.87860679626465,485.3165588378906,102.29707336425781,258.2650451660156,108.76754760742188,308.0606384277344,146.9932098388672,238.13919067382812,13.36519718170166,127.02350616455078,309.07000732421875,494.10479736328125,83.3935546875
2022-09-20,154.3121795654297,122.19000244140625,46.36323547363281,31.400745391845703,478.5623474121094,100.38153839111328,252.5087890625,106.62275695800781,307.3150939941406,145.0765838623047,236.1231689453125,13.159455299377441,126.57244110107422,308.7300109863281,493.3970031738281,82.71353912353516
2022-09-21,151.1846160888672,118.54000091552734,45.7165641784668,30.463415145874023,472.38299560546875,98.53549194335938,250.11416625976562,103.5482406616211,298.7118225097656,141.13412475585938,232.7145538330078,13.244349479675293,124.94309997558594,300.79998779296875,483.280029296875,81.38029479980469
2022-09-22,150.22079467773438,117.30999755859375,45.28702926635742,29.8660888671875,466.7304992675781,99.38904571533203,247.876220703125,102.36998748779297,292.68853759765625,141.8292999267578,234.69155883789062,12.54522705078125,125.38497924804688,288.5899963378906,488.3573913574219,81.040283203125
2022-09-23,147.9488983154297,113.77999877929688,44.44029235839844,29.15849494934082,446.8319091796875,97.99954223632812,249.5339813232422,100.46453857421875,287.99932861328125,139.4359893798828,231.71144104003906,12.500283241271973,124.80506134033203,275.3299865722656,484.7239074707031,76.72744750976562
2022-09-26,148.2832794189453,115.1500015258789,43.831539154052734,28.51522445678711,460.1487121582031,97.43382263183594,245.5184326171875,98.30133819580078,284.5953063964844,135.4240264892578,231.25369262695312,12.212646484375,124.92471313476562,276.010009765625,479.7691345214844,75.14369201660156
2022-09-27,149.25694274902344,114.41000366210938,44.06764602661133,28.092504501342773,458.2326354980469,96.76883697509766,247.4617156982422,97.4360580444336,281.0343322753906,133.46766662597656,230.24081420898438,12.397415161132812,121.49111938476562,282.94000244140625,479.778564453125,76.71849060058594
2022-09-28,147.3686065673828,118.01000213623047,44.18238067626953,28.551982879638672,467.8034973144531,99.29972839355469,259.8951416015625,99.40594482421875,284.6639404296875,140.62765502929688,234.7792205810547,12.720006942749023,121.49111938476562,287.80999755859375,485.0353698730469,79.51020050048828
2022-09-29,140.1299591064453,114.80000305175781,42.68136978149414,28.175209045410156,458.8841247558594,96.68943786621094,256.340087890625,97.72142028808594,281.31878662109375,135.4637451171875,231.30238342285156,12.204657554626465,118.47180938720703,268.2099914550781,480.2127380371094,79.34915924072266
2022-09-30,135.92062377929688,113.0,42.10106658935547,27.752485275268555,452.4556579589844,94.9327163696289,254.13893127441406,96.19335174560547,278.9350280761719,134.73880004882812,226.82240295410156,12.123759269714355,116.21651458740234,265.25,476.6358947753906,78.12329864501953
2022-10-03,140.1005096435547,115.87999725341797,43.31192398071289,28.570358276367188,457.6865539550781,97.9002914428711,261.285888671875,99.16663360595703,284.9582824707031,137.64849853515625,234.45782470703125,12.496289253234863,118.2968978881836,242.39999389648438,486.51702880859375,82.24824523925781
2022-10-04,143.6903076171875,121.08999633789062,45.50038146972656,29.755815505981445,465.734130859375,100.87779235839844,266.6828918457031,103.80598449707031,295.5431823730469,139.30690002441406,242.3853759765625,13.150468826293945,119.76055145263672,249.44000244140625,493.7461853027344,85.24576568603516
2022-10-05,143.98532104492188,120.94999694824219,45.968788146972656,29.333099365234375,460.1678771972656,100.66938018798828,266.9499206542969,102.5243148803711,298.4174499511719,138.0159149169922,242.69703674316406,13.192415237426758,118.93206024169922,240.80999755859375,497.427001953125,88.69066619873047
2022-10-06,143.0313262939453,120.30000305175781,45.46623611450195,28.910375595092773,462.2469177246094,100.65943908691406,267.447265625,100.43464660644531,294.0155944824219,138.1053009033203,240.34994506835938,13.113513946533203,116.42825317382812,238.1300048828125,489.9333801269531,91.32131958007812
2022-10-07,137.7794189453125,114.55999755859375,43.66276550292969,28.257915496826172,448.508544921875,97.93999481201172,261.85687255859375,98.42855834960938,289.8298034667969,132.52427673339844,228.12744140625,12.060837745666504,114.39386749267578,223.07000732421875,476.4565734863281,90.39970397949219
2022-10-10,138.10394287109375,113.66999816894531,41.50275421142578,28.175209045410156,446.74566650390625,97.12613677978516,260.1438293457031,97.50908660888672,286.6954650878906,132.8619384765625,223.2676239013672,11.655345916748047,113.92440032958984,222.9600067138672,470.803466796875,88.44010162353516
2022-10-11,136.68771362304688,112.20999908447266,40.84470748901367,27.357343673706055,452.21612548828125,96.45124053955078,260.53985595703125,94.69499206542969,281.065185546875,127.64832305908203,219.5278778076172,11.571453094482422,114.3570556640625,216.5,471.6999816894531,87.68851470947266
2022-10-12,136.0583038330078,112.9000015258789,40.82668685913086,27.440046310424805,446.812744140625,96.8283920288086,258.3570861816406,96.22740936279297,278.4417419433594,126.61554718017578,219.85899353027344,11.485560417175293,114.54115295410156,217.24000549316406,471.8415832519531,88.07327270507812
2022-10-13,140.63157653808594,112.52999877929688,41.52836990356445,29.121734619140625,448.3551940917969,98.317138671875,260.4845275878906,101.57701110839844,288.8373718261719,129.38616943359375,228.12744140625,11.944981575012207,116.271728515625,221.72000122070312,481.2319641113281,91.15131378173828
2022-10-14,136.09762573242188,106.9000015258789,40.4976692199707,29.130922317504883,435.57489013671875,95.83588409423828,254.59022521972656,103.267333984375,283.6592102050781,125.88067626953125,222.5956573486328,11.212903022766113,115.13951110839844,204.99000549316406,484.27093505859375,88.75330352783203
2022-10-17,140.0611572265625,113.79000091552734,41.28183364868164,30.89531898498535,444.6954650878906,99.22032165527344,259.03863525390625,107.60456085205078,289.89862060546875,133.1101531982422,231.3315887451172,11.873072624206543,117.21990203857422,219.35000610351562,492.52880859375,90.03282928466797
2022-10-18,141.37904357910156,116.36000061035156,41.230621337890625,32.05320358276367,453.4136657714844,100.01431274414062,262.5384216308594,110.37222290039062,295.1455078125,131.87879943847656,232.27627563476562,11.951974868774414,118.16803741455078,220.19000244140625,492.8402404785156,90.19390106201172
2022-10-19,141.4872283935547,115.06999969482422,41.275184631347656,31.171001434326172,451.6508483886719,98.88285827636719,253.72447204589844,108.20825958251953,292.5711364746094,132.3057861328125,230.30899047851562,12.035867691040039,119.26346588134766,222.0399932861328,491.05645751953125,92.86930084228516
2022-10-20,141.02500915527344,115.25,40.80108642578125,30.96883773803711,445.1265563964844,99.22032165527344,248.1708526611328,107.85530853271484,291.116943359375,130.6175994873047,229.98757934570312,12.178689956665039,117.72731018066406,207.27999877929688,491.58502197265625,92.99455261230469
2022-10-21,144.8409881591797,119.31999969482422,42.64344787597656,32.11753845214844,458.11767578125,100.37161254882812,253.76133728027344,113.52067565917969,297.100830078125,129.10812377929688,235.80181884765625,12.450346946716309,119.20135498046875,214.44000244140625,503.71221923828125,94.72148895263672
2022-10-24,146.98504638671875,119.81999969482422,43.287269592285156,32.22780990600586,476.11932373046875,101.75119018554688,260.8805847167969,113.65999603271484,300.2745056152344,128.82015991210938,240.79791259765625,12.58318042755127,119.9337158203125,211.25,511.1397705078125,95.38362121582031
2022-10-25,149.827392578125,120.5999984741211,43.62388610839844,32.521873474121094,478.1216125488281,103.69649505615234,267.3275146484375,113.95719146728516,305.9832763671875,136.55609130859375,244.11895751953125,13.244349479675293,121.31504821777344,222.4199981689453,509.8373107910156,94.73938751220703
2022-10-26,146.88668823242188,115.66000366210938,43.72913360595703,32.80675506591797,478.4952697753906,94.21810913085938,267.2262268066406,115.26673126220703,313.9421691894531,128.91946411132812,225.2836456298828,12.879810333251953,122.1679458618164,224.63999938964844,512.6215209960938,95.86681365966797
2022-10-27,142.41175842285156,110.95999908447266,43.18107223510742,32.962974548339844,476.5661315917969,91.5284423828125,268.0644226074219,115.72180938720703,313.8045959472656,97.26061248779297,220.83287048339844,13.159455299377441,122.26066589355469,225.08999633789062,511.32843017578125,96.2336654663086
2022-10-28,153.17132568359375,103.41000366210938,44.840431213378906,33.24784469604492,490.3197021484375,95.56790924072266,275.0546569824219,117.09635925292969,323.7286071777344,98.51185607910156,229.71490478515625,13.816628456115723,125.35704803466797,228.52000427246094,520.2374877929688,99.05221557617188
2022-10-31,150.81088256835938,102.44000244140625,44.57683181762695,33.11919403076172,481.3266296386719,93.80126190185547,272.73382568359375,116.91060638427734,322.4610595703125,92.5137710571289,226.072509765625,13.480053901672363,124.8471450805664,227.5399932861328,523.927734375,99.15064239501953
2022-11-01,148.16526794433594,96.79000091552734,44.36632537841797,33.266231536865234,479.8486022949219,89.79157257080078,272.6693420410156,119.01885223388672,327.3837890625,94.53960418701172,222.21580505371094,13.525996208190918,125.04183197021484,227.82000732421875,516.5285034179688,100.13491821289062
2022-11-02,142.63795471191406,92.12000274658203,43.240821838378906,33.16514587402344,464.060302734375,86.31780242919922,265.9184875488281,117.92294311523438,314.2467956542969,89.91192626953125,214.35643005371094,13.202402114868164,123.24331665039062,214.97999572753906,512.8668212890625,98.07691192626953
2022-11-03,136.5894012451172,89.30000305175781,42.11150360107422,32.981346130371094,466.72845458984375,82.80435180664062,259.25970458984375,118.13655090332031,303.7823486328125,88.29324340820312,208.65908813476562,13.404147148132324,122.39971923828125,215.30999755859375,513.0366821289062,99.41014099121094
2022-11-04,136.32339477539062,90.9800033569336,44.11979293823242,33.80841064453125,466.8436279296875,85.93073272705078,261.58978271484375,121.36856079101562,312.8219909667969,90.16020202636719,215.6127471923828,14.138225555419922,124.6339340209961,207.47000122070312,507.9026184082031,100.49280548095703
2022-11-07,136.85533142089844,90.52999877929688,45.0604133605957,34.01057434082031,468.8974914550781,87.82640075683594,267.3367919921875,122.0094223022461,319.4642639160156,96.04906463623047,221.92364501953125,14.283042907714844,126.54363250732422,197.0800018310547,514.3673706054688,101.68287658691406
2022-11-08,137.42674255371094,89.9800033569336,45.71371078491211,34.10247802734375,472.9382629394531,88.23332214355469,268.1380920410156,122.08372497558594,320.07342529296875,95.8008041381836,222.89755249023438,14.583663940429688,126.83106231689453,191.3000030517578,521.9457397460938,102.00501251220703
2022-11-09,132.86557006835938,86.13999938964844,44.51519012451172,33.56029510498047,470.2604675292969,86.6651840209961,264.0948486328125,120.4955825805664,310.13958740234375,100.76612854003906,218.65133666992188,13.75870418548584,126.52510833740234,177.58999633789062,510.2525939941406,97.44161987304688
2022-11-10,144.6872100830078,96.62999725341797,48.033016204833984,35.03981399536133,492.48876953125,93.23554229736328,287.07366943359375,125.45506286621094,331.3926696777344,111.09397888183594,236.63934326171875,15.730224609375,130.88229370117188,190.72000122070312,513.5652465820312,98.87325286865234
2022-11-11,147.47518920898438,100.79000091552734,49.125343322753906,35.29712677001953,494.7347106933594,95.68702697753906,290.0577087402344,125.6594009399414,333.37744140625,112.23599243164062,240.66160583496094,16.306499481201172,130.6875762939453,195.97000122070312,492.717529296875,101.96026611328125
2022-11-14,146.07626342773438,98.48999786376953,48.663570404052734,34.699798583984375,489.1775207519531,94.98234558105469,282.6712951660156,124.3684310913086,333.4560852050781,113.42767333984375,235.24668884277344,16.274539947509766,130.69688415527344,190.9499969482422,484.8559875488281,102.25792694091797
2022-11-15,147.81008911132812,98.94000244140625,49.72556686401367,34.64466094970703,505.29217529296875,97.70179748535156,287.2855224609375,123.46756744384766,337.52392578125,116.26782989501953,235.6557159423828,16.64507484436035,130.24264526367188,194.4199981689453,474.7200622558594,102.94341278076172
2022-11-16,146.57864379882812,97.12000274658203,48.52229309082031,34.33222198486328,503.0269470214844,98.10871887207031,290.03009033203125,123.63470458984375,336.7870178222656,112.44454193115234,236.08541870117188,15.890023231506348,131.40147399902344,186.9199981689453,482.7514343261719,101.84300231933594
2022-11-17,148.47998046875,94.8499984741211,48.55832290649414,34.15761184692383,500.3492736816406,97.62239837646484,286.8341979980469,123.0960464477539,335.3229064941406,110.67688751220703,236.03660583496094,15.657316207885742,130.59490966796875,183.1699981689453,486.32830810546875,101.97828674316406
2022-11-18,149.04151916503906,94.13999938964844,48.84751892089844,34.17599105834961,502.6048278808594,96.6993637084961,288.4367370605469,124.30342102050781,337.7007751464844,111.27273559570312,235.5873260498047,15.389652252197266,132.17092895507812,180.19000244140625,500.1920166015625,101.0943603515625
2022-11-21,145.81028747558594,92.45999908447266,49.0637092590332,34.2862663269043,502.3168029785156,94.88310241699219,291.7523193359375,123.56974029541016,332.3556213378906,109.09790802001953,236.39797973632812,15.297768592834473,133.84889221191406,167.8699951171875,488.1025695800781,100.09315490722656
2022-11-22,147.947998046875,93.19999694824219,50.25939178466797,34.451683044433594,510.5517578125,96.32221221923828,299.2124328613281,125.41791534423828,338.9486389160156,110.6669692993164,239.308349609375,16.01786231994629,134.9984588623047,169.91000366210938,493.6707458496094,102.98851776123047
2022-11-23,148.82481384277344,94.12999725341797,50.599796295166016,34.56195831298828,512.9896240234375,97.72163391113281,296.108642578125,126.75531005859375,342.5645751953125,111.4614028930664,241.79885864257812,16.49825668334961,135.7678985595703,183.1999969482422,499.91839599609375,102.4743881225586
2022-11-25,145.90879821777344,93.41000366210938,50.246124267578125,34.64466094970703,512.19287109375,96.7291259765625,300.5938720703125,126.99675750732422,345.16839599609375,110.63717651367188,241.7109375,16.249568939208984,136.01820373535156,182.86000061035156,507.383544921875,102.11360168457031
2022-11-28,142.07659912109375,93.94999694824219,49.51601028442383,33.872745513916016,509.5632019042969,95.32971954345703,293.7232666015625,124.77706909179688,338.5850830078125,108.02539825439453,236.11471557617188,15.807127952575684,135.90701293945312,182.9199981689453,502.33447265625,99.0468521118164
2022-11-29,139.07192993164062,92.41999816894531,49.43824768066406,34.00139617919922,507.6820068359375,94.47615814208984,290.9971008300781,126.82962799072266,337.1505432128906,108.70068359375,234.71812438964844,15.619363784790039,134.86863708496094,180.8300018310547,498.3045654296875,99.70530700683594
2022-11-30,145.82998657226562,96.54000091552734,52.24872970581055,34.78250503540039,517.5581665039062,100.232666015625,300.1978759765625,128.33416748046875,350.1893005371094,117.28075408935547,249.1823272705078,16.90607452392578,138.28025817871094,194.6999969482422,516.9532470703125,100.4268798828125
2022-12-01,146.10580444335938,95.5,52.22216796875,33.78422927856445,483.5916748046875,100.232666015625,303.05169677734375,126.53239440917969,354.51263427734375,119.6045150756836,248.74282836914062,17.11786460876465,138.36367797851562,194.6999969482422,506.7135009765625,99.93981170654297
2022-12-02,145.6132049560547,94.12999725341797,51.278717041015625,33.349796295166016,474.63702392578125,99.68678283691406,303.9041442871094,125.52936553955078,353.7854919433594,122.63336181640625,249.06512451171875,16.859119415283203,139.6244659423828,194.86000061035156,507.5653991699219,99.0919418334961
2022-12-05,144.45079040527344,91.01000213623047,50.315338134765625,31.86162567138672,469.0030822753906,98.7339859008789,296.57501220703125,122.0094223022461,349.88470458984375,121.5807113647461,244.357666015625,16.59339141845703,138.21533203125,182.4499969482422,506.50518798828125,96.37696838378906
2022-12-06,140.78607177734375,88.25,49.85830307006836,30.50286102294922,461.8048095703125,96.25273132324219,294.13818359375,122.21376037597656,341.473876953125,113.32837677001953,239.3962860107422,15.971013069152832,138.39149475097656,179.82000732421875,510.5569763183594,93.69806671142578
2022-12-07,138.84536743164062,88.45999908447266,49.16422653198242,30.262537002563477,462.58221435546875,94.2280502319336,296.6399230957031,122.13017272949219,341.3657531738281,113.13967895507812,238.66380310058594,16.1038818359375,139.281494140625,174.0399932861328,513.9555053710938,93.49064636230469
2022-12-08,140.52992248535156,90.3499984741211,50.3570556640625,29.9852352142334,462.0543518066406,93.00725555419922,300.29052734375,123.4118423461914,345.05047607421875,114.52996826171875,241.62303161621094,17.15182876586914,140.28269958496094,173.44000244140625,518.6983032226562,94.18515014648438
2022-12-09,140.04721069335938,89.08999633789062,51.65040969848633,29.929779052734375,463.5899658203125,92.13386535644531,296.9456481933594,122.74312591552734,342.75115966796875,115.09601593017578,239.68927001953125,16.98399543762207,139.91184997558594,179.0500030517578,510.4432067871094,93.39141845703125
2022-12-12,142.3425750732422,90.55000305175781,52.77971267700195,30.253293991088867,468.0625915527344,92.6102523803711,303.8948974609375,124.6470718383789,351.9284362792969,113.91426086425781,246.6137237548828,17.517465591430664,141.3488311767578,167.82000732421875,516.7482299804688,95.69147491455078
2022-12-13,143.3080291748047,92.48999786376953,54.14607620239258,30.271780014038086,468.5616760253906,94.91284942626953,308.4443359375,124.52632904052734,350.9261779785156,119.31653594970703,250.92074584960938,18.05392837524414,141.13560485839844,160.9499969482422,509.5155944824219,96.73778533935547
2022-12-14,141.0816192626953,91.58000183105469,54.46846008300781,29.837345123291016,464.06982421875,94.3570556640625,308.9446716308594,123.90406036376953,351.2799072265625,120.74654388427734,251.21372985839844,17.656326293945312,141.69183349609375,156.8000030517578,509.6480712890625,96.02520751953125
2022-12-15,134.47132873535156,88.44999694824219,52.909610748291016,29.36594009399414,445.2486877441406,90.17863464355469,303.5427551269531,120.8299331665039,340.2161865234375,115.34428405761719,243.1954345703125,16.93504524230957,140.0880126953125,157.6699981689453,499.5377502441406,95.10517120361328
2022-12-16,132.51092529296875,87.86000061035156,52.711448669433594,29.30123519897461,442.8876953125,89.5831298828125,299.59564208984375,120.07762145996094,339.8133544921875,118.6015396118164,238.976318359375,16.554428100585938,139.4668731689453,150.22999572753906,495.7701110839844,94.4377212524414
2022-12-19,130.40269470214844,84.91999816894531,52.55082702636719,29.633991241455078,440.18109130859375,87.77679443359375,294.0270080566406,120.79275512695312,335.3131408691406,113.68586730957031,234.83534240722656,16.23774528503418,139.42979431152344,149.8699951171875,495.6752624511719,94.86165618896484
2022-12-20,130.33375549316406,85.19000244140625,52.01443862915039,29.75415802001953,439.4037170410156,88.3524169921875,291.7198181152344,121.37787628173828,336.9736328125,116.27776336669922,236.15382385253906,16.06891441345215,139.48541259765625,137.8000030517578,492.4662170410156,96.232666015625
2022-12-21,133.43695068359375,86.7699966430664,53.659912109375,30.207077026367188,443.47314453125,88.9082260131836,295.90789794921875,122.74312591552734,339.6659240722656,118.92924499511719,238.72239685058594,16.484498977661133,140.76475524902344,137.57000732421875,499.40521240234375,97.4683837890625
2022-12-22,130.26478576660156,83.79000091552734,52.881629943847656,29.93902015686035,440.2579040527344,87.10188293457031,292.9057922363281,121.35002136230469,335.5685729980469,116.30754852294922,232.62811279296875,15.323657989501953,141.08921813964844,125.3499984741211,498.979248046875,95.5020523071289
2022-12-23,129.9003143310547,85.25,52.81852722167969,30.012969970703125,444.0393981933594,88.56085968017578,295.3241271972656,121.92584228515625,337.6123046875,117.22117614746094,233.1554718017578,15.190793991088867,141.4878692626953,123.1500015258789,502.97406005859375,98.02762603759766
2022-12-27,128.0974578857422,83.04000091552734,52.92465591430664,30.068422317504883,440.0562744140625,86.73464965820312,296.08392333984375,122.35304260253906,340.1277770996094,116.0692138671875,231.4268341064453,14.106877326965332,142.7208709716797,109.0999984741211,503.6178894042969,99.38961791992188
2022-12-28,124.16679382324219,81.81999969482422,52.097618103027344,30.290266036987305,434.7679748535156,85.37493133544922,292.5444641113281,123.02177429199219,335.9910583496094,114.81796264648438,229.05355834960938,14.02196216583252,140.8760223388672,112.70999908447266,500.2666320800781,97.75701141357422
2022-12-29,127.68373107910156,84.18000030517578,53.33291244506836,30.632274627685547,438.1656494140625,87.78670501708984,296.880859375,123.72760772705078,342.14202880859375,119.42577362060547,235.3822479248047,14.588395118713379,141.46006774902344,121.81999969482422,501.6203918457031,98.49663543701172
2022-12-30,127.99896240234375,84.0,53.4591178894043,30.613780975341797,438.13677978515625,87.568359375,292.6649169921875,124.54491424560547,341.6703796386719,119.50521850585938,234.22006225585938,14.599387168884277,140.5051727294922,123.18000030517578,501.9044494628906,99.48883819580078
2023-01-03,123.21119689941406,85.81999969482422,52.918922424316406,30.974267959594727,435.0462951660156,88.4516830444336,292.7113037109375,125.49222564697266,340.7565612792969,123.87470245361328,233.9856719970703,14.30068302154541,140.5144805908203,108.0999984741211,490.9798889160156,96.0703125
2023-01-04,124.48204040527344,85.13999938964844,53.56525802612305,31.556594848632812,438.1943664550781,87.41948699951172,296.2507019042969,126.6624526977539,348.9610290527344,126.4864501953125,223.75035095214844,14.73425006866455,141.12631225585938,113.63999938964844,477.5939636230469,96.34992218017578
2023-01-05,123.16194152832031,83.12000274658203,53.06615447998047,31.491897583007812,432.0806579589844,85.5535888671875,292.3035583496094,126.63440704345703,345.6399841308594,126.05944061279297,217.11891174316406,14.25073528289795,139.3741455078125,110.33999633789062,463.8294372558594,98.50566101074219
2023-01-06,127.69356536865234,86.08000183105469,56.26054000854492,31.80617332458496,463.4460144042969,86.6850357055664,294.2122497558594,129.05758666992188,361.8492126464844,129.11810302734375,219.677734375,14.844139099121094,142.6930389404297,113.05999755859375,463.8673400878906,99.69628143310547
2023-01-09,128.2156982421875,87.36000061035156,55.15717697143555,31.325519561767578,459.49176025390625,87.35992431640625,294.47174072265625,128.52430725097656,365.09698486328125,128.57188415527344,221.8165740966797,15.612370491027832,140.95016479492188,119.7699966430664,463.9241027832031,97.83818817138672
2023-01-10,128.78707885742188,89.87000274658203,54.969783782958984,31.53811264038086,462.0351257324219,87.75692749023438,297.0845947265625,129.67510986328125,365.1363525390625,132.0674591064453,223.5061798095703,15.89309024810791,140.8111114501953,118.8499984741211,460.0806579589844,99.29940032958984
2023-01-11,131.50607299804688,95.08999633789062,55.276695251464844,31.778432846069336,464.8280334472656,90.83369445800781,304.8399353027344,130.63876342773438,371.87786865234375,131.96815490722656,230.2646026611328,15.984996795654297,139.6708221435547,123.22000122070312,467.0859069824219,100.45394897460938
2023-01-12,131.42724609375,95.2699966430664,55.64002227783203,31.86162567138672,463.02374267578125,90.44660186767578,305.6461181640625,130.50778198242188,373.7970275878906,135.76168823242188,232.9406280517578,16.494487762451172,138.8828582763672,123.55999755859375,469.23492431640625,102.12261962890625
2023-01-13,132.75718688964844,98.12000274658203,55.35891342163086,32.564125061035156,465.73028564453125,91.42919921875,306.8877258300781,133.80113220214844,369.57489013671875,136.02976989746094,233.643798828125,16.882099151611328,139.87481689453125,122.4000015258789,463.46026611328125,102.05948638916016
2023-01-17,133.919677734375,96.05000305175781,55.381874084472656,31.9078426361084,467.1891174316406,90.60540771484375,303.4779357910156,131.7334442138672,369.063232421875,134.4210205078125,234.73768615722656,17.68429946899414,139.4668731689453,131.49000549316406,459.2096862792969,101.86104583740234
2023-01-18,133.20050048828125,95.45999908447266,54.90858840942383,31.168378829956055,460.182861328125,90.43669128417969,299.9200134277344,127.77582550048828,363.0794372558594,132.09722900390625,230.30364990234375,17.3596248626709,135.73085021972656,128.77999877929688,450.8411560058594,99.76844024658203
2023-01-19,133.25961303710938,93.68000030517578,53.85017013549805,30.71546173095703,450.604248046875,92.35222625732422,288.0506591796875,126.07302856445312,362.1149597167969,135.20555114746094,226.51425170898438,16.748233795166016,132.86036682128906,127.16999816894531,458.528076171875,100.40884399414062
2023-01-20,135.82095336914062,97.25,54.57299041748047,31.288543701171875,460.79705810546875,97.28494262695312,291.8680725097656,126.38175964355469,370.3228759765625,138.4031982421875,234.61070251464844,17.821163177490234,133.37344360351562,133.4199981689453,460.7622375488281,102.23987579345703
2023-01-23,139.01280212402344,97.5199966430664,55.610374450683594,31.722970962524414,472.794189453125,99.04167175292969,292.31280517578125,128.4307403564453,372.57666015625,142.2761688232422,236.91558837890625,19.17380714416504,131.5823211669922,143.75,459.9007873535156,101.70771026611328
2023-01-24,140.41172790527344,96.31999969482422,55.935455322265625,31.954051971435547,472.3143310546875,96.96734619140625,294.3605651855469,129.53477478027344,373.9938659667969,142.14706420898438,236.38821411132812,19.24573516845703,132.30062866210938,143.88999938964844,465.3819580078125,102.65477752685547
2023-01-25,139.7516632080078,97.18000030517578,55.99760818481445,32.231361389160156,471.1337890625,94.50594329833984,293.96209716796875,130.16160583496094,376.3362121582031,140.5184326171875,234.9916229248047,19.303672790527344,132.20733642578125,144.42999267578125,466.2339782714844,102.11360168457031
2023-01-26,141.8204803466797,99.22000122070312,57.23099136352539,32.66579055786133,478.2553405761719,96.78868103027344,290.7654113769531,130.9662628173828,371.2677001953125,146.27818298339844,242.2090301513672,19.782197952270508,131.67559814453125,160.27000427246094,466.2150573730469,106.21763610839844
2023-01-27,143.76116943359375,102.23999786376953,56.50529861450195,32.7674674987793,483.0445556640625,98.62481689453125,293.4339599609375,131.2843475341797,368.1085205078125,150.68739318847656,242.36532592773438,20.344635009765625,131.13455200195312,177.89999389648438,460.1279296875,104.27835845947266
2023-01-30,140.87474060058594,100.55000305175781,55.59316635131836,32.62881851196289,483.0350341796875,96.21304321289062,291.1639099121094,130.17095947265625,365.2445983886719,146.03985595703125,237.04257202148438,19.142839431762695,131.5449981689453,166.66000366210938,459.8818664550781,102.42929077148438
2023-01-31,142.1455535888672,103.12999725341797,55.93354415893555,32.79520034790039,490.5788269042969,98.09879302978516,300.36468505859375,130.94752502441406,364.73291015625,147.9365997314453,242.02346801757812,19.5174617767334,132.82302856445312,173.22000122070312,472.5671691894531,104.63914489746094
2023-02-01,143.2686004638672,105.1500015258789,57.62968444824219,33.201904296875,497.0765380859375,99.67687225341797,303.996826171875,130.60133361816406,368.1577453613281,152.0578155517578,246.84812927246094,20.922056198120117,133.57867431640625,181.41000366210938,470.4939270019531,103.49363708496094
2023-02-02,148.57852172851562,112.91000366210938,57.91843795776367,33.39601135253906,503.24896240234375,106.93205261230469,314.8376770019531,129.9932403564453,369.004150390625,187.4605255126953,258.4214172363281,21.687286376953125,132.62710571289062,188.27000427246094,445.7196960449219,100.2555160522461
2023-02-03,152.2038116455078,103.38999938964844,57.13920211791992,33.673309326171875,494.9516906738281,103.99424743652344,307.1564025878906,132.00474548339844,367.99041748046875,185.23605346679688,252.31735229492188,21.07889747619629,133.03761291503906,189.97999572753906,446.8462219238281,100.95004272460938
2023-02-06,149.47499084472656,102.18000030517578,57.49105453491211,33.61784744262695,495.71124267578125,102.12834167480469,305.09014892578125,132.78131103515625,367.0653076171875,184.76934814453125,250.77423095703125,21.067909240722656,131.90882873535156,194.75999450683594,449.8944396972656,100.77867126464844
2023-02-07,152.35159301757812,102.11000061035156,58.74834060668945,33.98758316040039,496.6150817871094,106.83280181884766,301.3190612792969,134.39993286132812,369.1222839355469,190.29074096679688,261.3123474121094,22.15082359313965,130.6214599609375,196.80999755859375,451.447021484375,103.65599060058594
2023-02-08,149.66217041015625,100.05000305175781,57.53025817871094,33.73801040649414,484.3854064941406,98.62481689453125,297.2328796386719,133.4549560546875,364.48687744140625,182.1575927734375,260.5017395019531,22.182790756225586,129.26878356933594,201.2899932861328,457.44891357421875,102.7540054321289
2023-02-09,148.6277618408203,98.23999786376953,57.31034851074219,33.01703643798828,481.32806396484375,94.29751586914062,292.37762451171875,131.37791442871094,364.55572509765625,176.685791015625,257.4642333984375,22.31465721130371,127.85082244873047,207.32000732421875,459.8249816894531,103.14186096191406
2023-02-10,148.99282836914062,97.61000061035156,56.72138214111328,32.88763427734375,480.712646484375,93.86080932617188,293.2950134277344,131.9579620361328,361.0225524902344,172.94192504882812,256.9564208984375,21.243732452392578,128.97962951660156,196.88999938964844,467.890625,107.48943328857422
2023-02-13,151.7948760986328,99.54000091552734,57.47384262084961,32.95234298706055,486.9237060546875,93.90050506591797,299.7716979980469,133.38946533203125,364.9591979980469,178.18531799316406,264.9845275878906,21.766212463378906,130.66810607910156,194.63999938964844,468.9319763183594,107.07131958007812
2023-02-14,151.153564453125,99.69999694824219,57.587623596191406,32.92460632324219,483.8181457519531,93.97000122070312,295.0461730957031,133.97889709472656,364.10296630859375,178.23497009277344,265.814697265625,22.948030471801758,129.93115234375,209.25,466.5463562011719,105.81700134277344
2023-02-15,153.255126953125,101.16000366210938,58.102012634277344,32.869144439697266,491.56744384765625,96.21304321289062,297.1402282714844,134.54025268554688,363.7880554199219,175.9310760498047,263.6899719238281,22.741235733032227,129.63259887695312,214.24000549316406,465.05059814453125,105.4988784790039
2023-02-16,151.65675354003906,98.1500015258789,57.41838836669922,32.61033248901367,484.66424560546875,94.79376220703125,297.6498107910156,132.68777465820312,361.73114013671875,171.2438201904297,256.669921875,21.97999382019043,127.93476867675781,202.0399932861328,461.358642578125,105.1898422241211
2023-02-17,150.5122833251953,97.19999694824219,56.94511413574219,32.67502975463867,487.9139709472656,93.64246368408203,294.6014404296875,133.08070373535156,355.41278076171875,171.68075561523438,252.66537475585938,21.36661148071289,130.6121063232422,208.30999755859375,472.4630126953125,101.14513397216797
2023-02-21,146.4966278076172,94.58000183105469,55.60177230834961,31.9078426361084,482.39520263671875,91.1016616821289,273.8000793457031,130.63876342773438,350.3246154785156,170.8863067626953,247.38807678222656,20.63434600830078,130.51882934570312,197.3699951171875,465.1074523925781,101.04515075683594
2023-02-22,146.92088317871094,95.79000091552734,55.088340759277344,31.695240020751953,478.2130126953125,90.96270751953125,274.5412902832031,129.6376495361328,349.35028076171875,169.93295288085938,246.25233459472656,20.733245849609375,131.06924438476562,200.86000061035156,462.8165283203125,99.73631286621094
2023-02-23,147.4043426513672,95.81999969482422,55.81785583496094,31.667509078979492,474.1268615722656,90.20840454101562,277.33026123046875,130.6761932373047,349.90142822265625,170.84657287597656,249.4441680908203,23.640331268310547,130.64942932128906,202.07000732421875,465.4671936035156,100.65431213378906
2023-02-24,144.75027465820312,93.5,55.23940658569336,31.62129783630371,469.77142333984375,88.46160888671875,274.8748474121094,131.85504150390625,347.52960205078125,169.20802307128906,244.01019287109375,23.262712478637695,129.9124755859375,196.8800048828125,458.4996337890625,100.66339874267578
2023-02-27,145.94410705566406,93.76000213623047,55.975616455078125,31.62129783630371,468.2524108886719,89.19607543945312,274.2726135253906,133.00584411621094,349.8522033691406,168.36392211914062,244.93055725097656,23.477495193481445,129.800537109375,207.6300048828125,457.5435485839844,100.48161315917969
2023-02-28,145.44093322753906,94.2300033569336,56.82081604003906,31.70449447631836,465.5122375488281,89.38463592529297,274.763671875,134.11924743652344,349.66522216796875,173.72647094726562,244.20602416992188,23.192779541015625,128.32656860351562,205.7100067138672,450.55712890625,99.89989471435547
2023-03-01,143.3689727783203,92.16999816894531,56.751976013183594,31.556594848632812,460.21478271484375,89.68238830566406,269.4359130859375,133.37074279785156,347.903564453125,172.2169952392578,241.1218719482422,22.67530059814453,128.4198455810547,202.77000427246094,449.8755187988281,100.79064178466797
2023-03-02,143.9609375,92.12999725341797,57.23768997192383,31.156557083129883,466.96405029296875,91.31009674072266,271.5021667480469,131.98605346679688,349.9407958984375,173.3192901611328,245.86068725585938,23.290681838989258,130.53750610351562,190.89999389648438,452.2232666015625,101.25420379638672
2023-03-03,149.0125732421875,94.9000015258789,60.49898147583008,31.779869079589844,456.93621826171875,92.94771575927734,276.5334777832031,134.40927124023438,355.77685546875,183.96495056152344,249.95330810546875,23.866106033325195,131.48904418945312,197.7899932861328,453.0374450683594,102.53578186035156
2023-03-06,151.7751922607422,93.75,60.5142822265625,31.714750289916992,464.45465087890625,94.41661071777344,276.3110656738281,133.6233673095703,361.1209716796875,183.61737060546875,251.50027465820312,23.530445098876953,130.92930603027344,193.80999755859375,455.13897705078125,103.4447021484375
2023-03-07,149.574951171875,93.55000305175781,59.77138137817383,30.70069694519043,466.4449157714844,93.15613555908203,269.3525390625,129.6938018798828,354.2416076660156,183.23007202148438,248.8371124267578,23.268661499023438,128.32656860351562,187.7100067138672,448.6070251464844,101.445068359375
2023-03-08,150.8280029296875,93.91999816894531,60.4511833190918,30.291357040405273,467.30059814453125,93.543212890625,272.04034423828125,128.92657470703125,353.3460388183594,183.6868896484375,248.39654541015625,24.160921096801758,128.34524536132812,182.0,445.501953125,99.96353149414062
2023-03-09,148.57843017578125,92.25,59.51992416381836,28.41210174560547,461.03192138671875,91.62769317626953,268.783203125,121.94698333740234,348.8286437988281,180.42962646484375,247.04541015625,23.41653823852539,127.40303802490234,172.9199981689453,440.1153869628906,99.19093322753906
2023-03-10,146.51634216308594,90.7300033569336,58.78467559814453,28.160913467407227,452.9749755859375,89.95034790039062,267.2059631347656,125.04383087158203,341.61468505859375,178.2647705078125,243.3933868408203,22.9459285736084,127.9814224243164,173.44000244140625,437.331787109375,97.96389770507812
2023-03-13,148.4600372314453,92.43000030517578,58.94147872924805,26.52354621887207,453.8018493652344,90.4267578125,267.40203857421875,122.79838562011719,339.252685546875,179.64511108398438,248.6119384765625,22.946928024291992,128.8676300048828,174.47999572753906,440.5144348144531,96.83683013916016
2023-03-14,150.5517120361328,94.87999725341797,60.47029113769531,26.756128311157227,463.33941650390625,93.26531219482422,266.51531982421875,125.95137786865234,347.2343444824219,192.6741180419922,255.3383026123047,24.043018341064453,130.46287536621094,183.25999450683594,441.3694152832031,97.20040130615234
2023-03-15,150.94638061523438,96.19999694824219,59.856475830078125,26.504940032958984,466.9352111816406,95.38927459716797,268.75518798828125,120.00091552734375,342.5693359375,196.37823486328125,259.89111328125,24.207881927490234,132.30995178222656,180.4499969482422,442.1770324707031,92.36493682861328
2023-03-16,153.7681884765625,100.04000091552734,60.8565673828125,26.95149040222168,468.4736022949219,99.56769561767578,267.5979919433594,122.3305892944336,342.4906005859375,203.50843811035156,270.42620849609375,25.519792556762695,133.29884338378906,184.1300048828125,448.4377746582031,91.82866668701172
2023-03-17,152.92953491210938,98.94999694824219,60.32783889770508,25.881620407104492,468.2715759277344,100.85794830322266,269.147216796875,117.70867919921875,344.1243896484375,194.25308227539062,273.5886535644531,25.703638076782227,133.33612060546875,180.1300048828125,446.0436706542969,90.74703216552734
2023-03-20,155.29747009277344,97.70999908447266,61.545928955078125,25.816497802734375,470.4252624511719,100.46094512939453,269.95916748046875,118.9530258178711,343.7897644042969,196.4378204345703,266.5392150878906,25.878496170043945,135.3884735107422,183.25,453.1309509277344,93.11932373046875
2023-03-21,157.15234375,100.61000061035156,61.31865310668945,26.597965240478516,471.92510986328125,104.13318634033203,270.1177978515625,122.14347076416016,348.9566345214844,200.75765991210938,268.0567932128906,26.177244186401367,134.40895080566406,197.5800018310547,456.1141052246094,97.29129028320312
2023-03-22,155.72174072265625,98.69999694824219,60.757232666015625,25.714162826538086,468.7235412597656,102.5948257446289,263.7528381347656,118.9904556274414,345.47265625,198.42393493652344,266.59796142578125,26.446020126342773,134.32498168945312,191.14999389648438,451.7628479003906,95.06441497802734
2023-03-23,156.80702209472656,98.70999908447266,61.5574836730957,25.090843200683594,468.95428466796875,104.80809020996094,264.96612548828125,118.67236328125,348.759765625,202.86294555664062,271.8556823730469,27.16842269897461,134.13839721679688,192.22000122070312,446.4331970214844,93.99188995361328
2023-03-24,158.1094207763672,98.12999725341797,61.2628059387207,25.24899673461914,476.1746826171875,104.64930725097656,264.135498046875,116.86664581298828,346.0631408691406,204.5809326171875,274.704833984375,26.756765365600586,136.87171936035156,190.41000366210938,452.20941162109375,94.10096740722656
2023-03-27,156.16571044921875,98.04000091552734,60.36433029174805,26.504940032958984,474.2037658691406,101.69164276123047,262.5022277832031,120.21611785888672,349.00579833984375,201.43292236328125,270.6023864746094,26.508968353271484,136.15341186523438,191.80999755859375,457.82415771484375,96.16422271728516
2023-03-28,155.54412841796875,97.23999786376953,60.15825271606445,26.160717010498047,468.0024108886719,100.27236938476562,262.08233642578125,120.58100128173828,348.72039794921875,199.2878875732422,269.47650146484375,26.388072967529297,136.535888671875,189.19000244140625,448.96978759765625,97.364013671875
2023-03-29,158.6224822998047,100.25,60.23529052734375,26.672395706176758,471.94439697265625,100.62966918945312,264.4528503417969,120.82426452636719,353.8381042480469,203.92550659179688,274.6460876464844,26.961593627929688,136.9556884765625,193.8800048828125,443.2790222167969,99.03641510009766
2023-03-30,160.1912078857422,102.0,61.02975845336914,26.328176498413086,472.5308532714844,100.1334228515625,266.3193359375,120.45936584472656,353.5723876953125,206.39822387695312,278.11212158203125,27.360260009765625,137.552734375,195.27999877929688,446.57568359375,99.51813507080078
2023-03-31,162.69729614257812,103.29000091552734,61.77993392944336,26.60727310180664,477.7129821777344,102.95213317871094,275.42816162109375,121.91891479492188,357.65667724609375,210.4698028564453,282.273193359375,27.75393295288086,138.70950317382812,207.4600067138672,448.97930908203125,99.67267608642578
2023-04-03,163.9503173828125,102.41000366210938,61.86949157714844,26.597965240478516,477.8669128417969,103.577392578125,277.864013671875,121.77857208251953,360.6682434082031,211.59194946289062,281.2255554199219,27.9417781829834,139.47445678710938,194.77000427246094,469.5001525878906,105.55340576171875
2023-04-04,163.4175567626953,103.94999694824219,61.09332275390625,26.030473709106445,478.5398254394531,103.93470001220703,275.2788391113281,120.15061950683594,358.1388854980469,213.23052978515625,281.1766052246094,27.43020248413086,140.1461181640625,192.5800018310547,468.6070556640625,104.54449462890625
2023-04-05,161.572509765625,101.0999984741211,60.57330322265625,25.714162826538086,477.96295166015625,103.68658447265625,269.4085998535156,120.32978057861328,358.5923767089844,210.0129852294922,278.39605712890625,26.858678817749023,141.1069793701172,185.52000427246094,483.7887268066406,106.33509063720703
2023-04-06,162.4604949951172,102.05999755859375,59.959877014160156,25.900226593017578,467.2428894042969,107.60694885253906,269.3525085449219,120.19776153564453,356.3055114746094,214.60096740722656,285.5042419433594,27.014549255371094,142.00254821777344,185.05999755859375,487.18988037109375,104.57177734375
2023-04-10,159.86561584472656,102.16999816894531,60.417293548583984,25.99325942993164,474.7901611328125,105.64181518554688,271.7417297363281,120.59379577636719,354.9944763183594,213.2602996826172,283.3404846191406,27.556100845336914,140.82711791992188,184.50999450683594,489.4414978027344,104.10822296142578
2023-04-11,158.6520538330078,99.91999816894531,59.85682678222656,26.709604263305664,479.4244079589844,104.55997467041016,274.168212890625,121.18785095214844,358.927490234375,212.36654663085938,276.9175720214844,27.146440505981445,140.54727172851562,186.7899932861328,494.9422302246094,104.84446716308594
2023-04-12,157.96141052246094,97.83000183105469,59.38785934448242,26.49563217163086,470.48297119140625,103.85529327392578,271.0604248046875,121.16901397705078,356.6110534667969,212.5155029296875,277.563720703125,26.472999572753906,140.9297637939453,180.5399932861328,495.1512145996094,104.73538970947266
2023-04-13,163.34848022460938,102.4000015258789,60.11395263671875,26.57006072998047,478.6937561035156,106.6243667602539,272.65631103515625,121.63104248046875,364.36859130859375,218.8214569091797,283.78106689453125,26.441022872924805,141.58277893066406,185.89999389648438,499.9393005371094,105.22618865966797
2023-04-14,163.003173828125,102.51000213623047,59.66135025024414,27.463171005249023,472.35772705078125,108.05357360839844,272.69366455078125,130.81536865234375,367.10888671875,219.9535675048828,280.1584167480469,26.73577880859375,140.8644561767578,185.0,486.2208557128906,105.48070526123047
2023-04-17,163.02285766601562,102.73999786376953,60.41440963745117,28.253948211669922,474.8959655761719,105.17533111572266,275.6894836425781,131.85263061523438,367.4341735839844,217.341796875,282.7627258300781,26.97957420349121,140.9110870361328,187.0399932861328,480.1025695800781,104.25365447998047
2023-04-18,164.24630737304688,102.30000305175781,60.89204406738281,28.430707931518555,477.7419128417969,103.71633911132812,279.0025939941406,133.3330535888672,367.00048828125,216.37855529785156,282.3417663574219,27.644023895263672,141.06033325195312,184.30999755859375,479.2760925292969,106.28963470458984
2023-04-19,165.3908233642578,104.30000305175781,61.101985931396484,27.965545654296875,476.9053955078125,103.39875030517578,277.09869384765625,133.163330078125,367.47357177734375,214.20370483398438,282.4200744628906,27.907808303833008,141.08834838867188,180.58999633789062,461.9093017578125,105.9533462524414
2023-04-20,164.4238739013672,103.80999755859375,60.9594612121582,27.816692352294922,486.0871887207031,104.50041961669922,278.6479797363281,132.77671813964844,369.6422119140625,211.59194946289062,280.1290283203125,27.081493377685547,141.60557556152344,162.99000549316406,463.1063537597656,105.10803985595703
2023-04-21,162.81568908691406,106.95999908447266,60.94790267944336,27.78878402709961,486.8274841308594,104.61952209472656,280.0198669433594,132.52210998535156,369.8787536621094,211.4132080078125,279.7864074707031,27.096481323242188,146.50570678710938,165.0800018310547,459.6482238769531,105.44434356689453
2023-04-24,163.12155151367188,106.20999908447266,61.10582733154297,27.68644905090332,491.7020263671875,105.17533111572266,281.51312255859375,132.7012481689453,369.37603759765625,211.31390380859375,275.87969970703125,27.019540786743164,146.76852416992188,162.5500030517578,464.512451171875,107.43487548828125
2023-04-25,161.58238220214844,102.56999969482422,59.900169372558594,26.830549240112305,483.7701110839844,103.07122039794922,276.5573425292969,129.81585693359375,363.26458740234375,206.11026000976562,269.66253662109375,26.219207763671875,146.80604553222656,160.6699981689453,467.3435974121094,105.90789031982422
2023-04-26,161.572509765625,104.9800033569336,59.33873748779297,26.45842170715332,475.5882263183594,102.93226623535156,268.84857177734375,127.51506042480469,361.5199279785156,207.9473876953125,289.1954345703125,26.933612823486328,145.1069793701172,153.75,458.82171630859375,104.93533325195312
2023-04-27,166.160400390625,109.81999969482422,59.552520751953125,26.8770694732666,481.943359375,106.78317260742188,274.3175354003906,129.23121643066406,368.3311767578125,236.90513610839844,298.45770263671875,27.203392028808594,146.88116455078125,160.19000244140625,465.9660339355469,106.18965911865234
2023-04-28,167.4134063720703,105.44999694824219,60.33158874511719,27.239892959594727,483.8181457519531,106.53504943847656,280.4864807128906,130.3533477783203,374.6003112792969,238.65293884277344,300.8369445800781,27.7259578704834,146.79666137695312,164.30999755859375,467.5050964355469,107.56212615966797
2023-05-01,167.32464599609375,102.05000305175781,61.43421936035156,27.01661491394043,474.5594787597656,106.3960952758789,277.83599853515625,133.14447021484375,374.4327392578125,241.4930877685547,299.1724853515625,28.8859920501709,146.9750518798828,161.8300018310547,470.9347229003906,104.22637176513672
2023-05-02,166.28868103027344,103.62999725341797,58.96799087524414,26.197927474975586,475.732421875,104.53019714355469,274.6441955566406,130.99452209472656,370.6574401855469,237.58041381835938,299.02557373046875,28.18657112121582,146.84359741210938,160.30999755859375,468.7401428222656,100.07260131835938
2023-05-03,165.21319580078125,103.6500015258789,59.050804138183594,25.918832778930664,471.1656188964844,104.61952209472656,273.5242614746094,128.22227478027344,369.5435791015625,235.38577270507812,298.03668212890625,27.778911590576172,146.65586853027344,160.61000061035156,464.9874572753906,98.10023498535156
2023-05-04,163.57537841796875,104.0,58.758056640625,25.109447479248047,472.41802978515625,103.9049301147461,266.683349609375,126.4683837890625,370.74609375,231.90011596679688,299.02557373046875,27.539113998413086,145.97999572753906,161.1999969482422,462.93536376953125,96.38235473632812
2023-05-05,171.25148010253906,105.66000366210938,60.68019104003906,25.779281616210938,480.8193664550781,104.77832794189453,270.2951354980469,128.9388885498047,379.1641845703125,231.16525268554688,304.15606689453125,28.656179428100586,146.46812438964844,170.05999755859375,469.58563232421875,98.78192138671875
2023-05-08,171.18240356445312,105.83000183105469,60.57810974121094,25.76067543029785,480.8193664550781,106.9618148803711,268.7178955078125,129.25010681152344,380.001953125,231.65184020996094,302.1978454589844,29.126792907714844,145.78286743164062,171.7899932861328,468.0085754394531,99.17276000976562
2023-05-09,169.47549438476562,106.62000274658203,59.56215286254883,25.732765197753906,482.4861145019531,106.54497528076172,271.19110107421875,128.6277313232422,377.46875,231.75115966796875,300.5823669433594,28.54727554321289,144.290283203125,169.14999389648438,465.8804626464844,99.20003509521484
2023-05-10,171.24160766601562,110.19000244140625,60.30943298339844,25.41645622253418,481.3974304199219,110.91197967529297,269.7444763183594,128.69374084472656,377.0744323730469,231.46315002441406,305.78131103515625,28.86101531982422,144.59066772460938,168.5399932861328,465.5859680175781,97.92753601074219
2023-05-11,171.42909240722656,112.18000030517578,60.44425964355469,25.481578826904297,483.54595947265625,115.69583892822266,268.4939270019531,128.28826904296875,377.9122619628906,234.1543426513672,303.6273193359375,28.55426597595215,144.9286346435547,172.0800018310547,464.3414306640625,96.15513610839844
2023-05-12,170.50035095214844,110.26000213623047,60.77937698364258,25.202484130859375,485.6462097167969,116.62879180908203,271.0884094238281,126.44952392578125,376.46331787109375,232.18809509277344,302.5111389160156,28.316465377807617,146.40240478515625,167.97999572753906,466.6880187988281,96.14604187011719
2023-05-15,170.00631713867188,111.19999694824219,61.61237335205078,25.72346305847168,483.6904296875,115.63629150390625,269.2872009277344,127.51506042480469,377.9320373535156,237.2030792236328,302.9908752441406,28.928953170776367,146.44935607910156,166.35000610351562,462.53631591796875,96.32939147949219
2023-05-16,170.00631713867188,113.4000015258789,61.77029800415039,25.453670501708984,478.0157165527344,118.6137924194336,263.4915771484375,126.65699768066406,374.80731201171875,237.16334533691406,305.2232971191406,29.188739776611328,146.19590759277344,166.52000427246094,455.7530517578125,93.99152374267578
2023-05-17,170.618896484375,115.5,63.31398391723633,26.57935905456543,476.90777587890625,119.9338150024414,272.8803405761719,130.5513458251953,381.4707336425781,240.80787658691406,308.1080627441406,30.15294075012207,145.57632446289062,173.86000061035156,460.5887451171875,96.1001968383789
2023-05-18,172.9506072998047,118.1500015258789,65.28137969970703,26.486330032348633,479.89447021484375,121.90889739990234,275.46551513671875,131.5414581298828,386.4189758300781,245.1376190185547,312.543212890625,31.651691436767578,143.1826171875,176.88999938964844,455.28753662109375,96.9711685180664
2023-05-19,173.05931091308594,116.25,65.70027160644531,26.151411056518555,478.3721923828125,121.83941650390625,271.4710388183594,131.2397003173828,380.0611877441406,243.93603515625,312.3666687011719,31.238039016723633,143.78341674804688,180.13999938964844,454.89801025390625,97.42040252685547
2023-05-22,172.1107635498047,115.01000213623047,65.32665252685547,26.365386962890625,473.89215087890625,124.11224365234375,271.2657775878906,130.1553192138672,379.0360107421875,246.5974578857422,315.15338134765625,31.150115966796875,140.01914978027344,188.8699951171875,456.60809326171875,96.23773956298828
2023-05-23,169.50245666503906,114.98999786376953,66.10955810546875,26.588665008544922,467.14801025390625,121.64091491699219,275.2601013183594,128.7974395751953,368.40997314453125,245.0283966064453,309.344482421875,30.662519454956055,138.50779724121094,185.77000427246094,455.487060546875,97.54876708984375
2023-05-24,169.77906799316406,116.75,65.43834686279297,26.142114639282227,465.1151428222656,119.99335479736328,271.6763916015625,127.6187744140625,363.23504638671875,247.48126220703125,307.96087646484375,30.51263999938965,137.362548828125,182.89999389648438,456.8076477050781,98.63976287841797
2023-05-25,170.91531372070312,115.0,70.1830062866211,26.207229614257812,468.7666015625,122.55401611328125,267.6166687011719,127.9299545288086,364.7530212402344,250.93711853027344,319.8044738769531,37.948455810546875,136.48013305664062,184.47000122070312,453.833984375,96.87031555175781
2023-05-26,173.32601928710938,120.11000061035156,78.26543426513672,26.33747673034668,488.7196350097656,123.67554473876953,273.2909240722656,129.12750244140625,369.0211181640625,260.2223205566406,326.6436767578125,38.913658142089844,136.48956298828125,193.1699981689453,457.463134765625,96.23773956298828
2023-05-30,175.17361450195312,121.66000366210938,77.36119842529297,26.290964126586914,489.4615173339844,122.74259185791016,272.8896484375,129.6178436279297,362.24932861328125,260.69891357421875,324.9951477050781,40.077693939208984,134.40557861328125,201.16000366210938,455.8765869140625,95.38507843017578
2023-05-31,175.1241912841797,120.58000183105469,77.80607604980469,25.853710174560547,492.86248779296875,121.94859313964844,266.4412536621094,127.96769714355469,359.80474853515625,262.8836364746094,322.2280578613281,37.80258560180664,133.7672882080078,203.92999267578125,462.89739990234375,93.67981719970703
2023-06-01,177.93011474609375,122.7699966430664,76.07172393798828,26.05063819885254,493.8644714355469,122.7922134399414,271.0848693847656,129.73097229003906,365.5810546875,270.71893310546875,326.3394470214844,39.736968994140625,135.13783264160156,207.52000427246094,468.9681701660156,94.76165771484375
2023-06-02,178.77984619140625,124.25,78.19512939453125,26.922739028930664,493.8548583984375,123.73509979248047,278.1817932128906,132.4561004638672,368.3902893066406,270.71893310546875,329.1064758300781,39.29433822631836,137.5408935546875,213.97000122070312,474.620849609375,96.9620132446289
2023-06-05,177.42626953125,125.30000305175781,77.26103210449219,26.763324737548828,499.30792236328125,125.06505584716797,275.5122375488281,131.1548309326172,365.2261657714844,269.50738525390625,329.63641357421875,39.13847732543945,136.99644470214844,217.61000061035156,473.30035400390625,96.5311050415039
2023-06-06,177.06068420410156,126.61000061035156,76.0765380859375,27.410371780395508,497.3906555175781,126.35530090332031,278.2381591796875,131.39056396484375,374.5312805175781,269.2392883300781,327.4188232421875,38.62189865112305,135.63531494140625,221.30999755859375,463.2109375,97.3195571899414
2023-06-07,175.6873779296875,121.2300033569336,76.3298110961914,27.644805908203125,492.5445861816406,121.58135986328125,283.5961608886719,132.66357421875,366.08380126953125,261.77142333984375,317.3120422363281,37.447750091552734,135.9263153076172,224.57000732421875,458.0426940917969,99.5015640258789
2023-06-08,178.40440368652344,124.25,77.44398498535156,27.410371780395508,501.0807800292969,121.22406768798828,283.0228271484375,132.7012481689453,362.33807373046875,262.7446594238281,319.15679931640625,38.48200225830078,137.46583557128906,234.86000061035156,465.73797607421875,99.18986511230469
2023-06-09,178.78970336914062,123.43000030517578,77.48443603515625,27.4478816986084,498.3734436035156,121.31339263916016,279.5072021484375,132.96531677246094,363.94476318359375,263.112060546875,320.6580810546875,38.7418212890625,137.57846069335938,244.39999389648438,468.9586181640625,98.4563980102539
2023-06-12,181.5857696533203,126.56999969482422,82.37067413330078,27.31659698486328,501.928466796875,122.71281433105469,282.8065490722656,132.95590209960938,369.9477844238281,269.16973876953125,325.62310791015625,39.45330047607422,136.49896240234375,249.8300018310547,467.9800720214844,97.56710052490234
2023-06-13,181.1115264892578,126.66000366210938,81.96236419677734,27.56978988647461,502.9402160644531,122.90139770507812,282.0733642578125,133.9176788330078,366.0738525390625,269.4378967285156,328.017333984375,40.9921760559082,136.17037963867188,258.7099914550781,466.7640380859375,97.58544158935547
2023-06-14,181.7438507080078,126.41999816894531,85.33861541748047,27.307220458984375,507.9308166503906,122.74259185791016,281.7255859375,133.4179229736328,369.40557861328125,271.4537658691406,331.0101013183594,42.96575164794922,137.44703674316406,256.7900085449219,436.8852844238281,96.41191864013672
2023-06-15,183.77914428710938,127.11000061035156,85.07381439208984,27.541658401489258,509.8385009765625,124.15194702148438,283.8969421386719,134.9266357421875,373.6244201660156,279.875,341.56829833984375,42.62199783325195,139.35264587402344,255.89999389648438,444.4309387207031,97.08118438720703
2023-06-16,182.7022247314453,125.48999786376953,83.59850311279297,27.37286376953125,504.5105285644531,122.6036376953125,282.35540771484375,135.08692932128906,371.1502685546875,279.05072021484375,335.9064636230469,42.66096115112305,140.37582397460938,260.5400085449219,437.37176513671875,96.38440704345703
2023-06-20,182.79112243652344,125.77999877929688,83.59078979492188,27.072784423828125,500.70501708984375,122.1768569946289,283.32354736328125,134.3985595703125,369.267578125,282.3576354980469,331.7068176269531,43.776153564453125,139.08041381835938,274.45001220703125,447.7697448730469,94.17489624023438
2023-06-21,181.75372314453125,124.83000183105469,82.06405639648438,26.791454315185547,500.6279602050781,119.64598846435547,282.65618896484375,134.2005615234375,370.7658386230469,279.68634033203125,327.30108642578125,43.01370620727539,140.281982421875,259.4599914550781,454.7906799316406,95.2292251586914
2023-06-22,184.7572784423828,130.14999389648438,81.5577163696289,26.21942901611328,505.0403747558594,122.22649383544922,283.1073913574219,131.6168975830078,372.40216064453125,282.9038391113281,333.33563232421875,42.993717193603516,140.7607421875,264.6099853515625,456.9847717285156,94.70664978027344
2023-06-23,184.44110107421875,129.3300018310547,79.5943603515625,26.022504806518555,505.2717590332031,121.42256927490234,282.75958251953125,130.9285125732422,374.3834228515625,286.7271423339844,328.733642578125,42.178314208984375,139.36203002929688,256.6000061035156,455.0292053222656,93.88151550292969
2023-06-26,183.04803466796875,127.33000183105469,79.54402923583984,26.341339111328125,504.2889709472656,117.45256042480469,289.41473388671875,131.2491455078125,372.0276184082031,276.53826904296875,322.4341125488281,40.60246276855469,139.50283813476562,241.0500030517578,456.9943542480469,95.61429595947266
2023-06-27,185.8045654296875,129.17999267578125,82.13568115234375,26.48200225830078,510.9463806152344,117.442626953125,294.91363525390625,131.258544921875,376.335205078125,285.05877685546875,328.2920837402344,41.845558166503906,140.82643127441406,250.2100067138672,460.3331604003906,95.85265350341797
2023-06-28,186.9803009033203,129.0399932861328,82.09114837646484,26.32258415222168,513.326171875,119.27876281738281,288.1175537109375,130.68338012695312,374.7974548339844,283.3110046386719,329.5481262207031,41.08710861206055,140.79830932617188,256.239990234375,452.5966491699219,96.6319580078125
2023-06-29,187.3162078857422,127.9000015258789,83.50753021240234,26.8758544921875,512.2567138671875,118.20686340332031,289.3489074707031,135.2472381591797,382.13116455078125,279.5770263671875,328.7630615234375,40.79232406616211,140.2256622314453,257.5,454.4949951171875,97.82381439208984
2023-06-30,191.64370727539062,130.36000061035156,83.97804260253906,26.90398406982422,518.7022705078125,118.8023681640625,291.99969482421875,137.14259338378906,387.6806640625,284.9892883300781,334.1501159667969,42.271244049072266,142.44102478027344,261.7699890136719,458.5015869140625,98.32805633544922
2023-07-03,190.15179443359375,130.22000122070312,84.8503189086914,27.38223648071289,521.2650146484375,119.00086975097656,291.4169006347656,138.24581909179688,388.33123779296875,284.0359191894531,331.64788818359375,42.38216018676758,143.15444946289062,279.82000732421875,455.8686828613281,98.52059173583984
2023-07-05,189.03533935546875,130.3800048828125,83.43878173828125,27.26970672607422,521.3517456054688,120.83699798583984,292.1501159667969,137.3248748779297,389.0902404785156,292.3279724121094,331.804931640625,42.28623580932617,142.91038513183594,282.4800109863281,449.5154113769531,98.01634216308594
2023-07-06,189.50958251953125,128.36000061035156,82.09696960449219,26.51951026916504,517.7290649414062,119.20928955078125,283.8969421386719,135.9672088623047,388.0834045410156,289.9645080566406,334.86639404296875,42.07239532470703,142.67572021484375,276.5400085449219,447.7410888671875,94.3582534790039
2023-07-07,188.3931427001953,129.77999877929688,81.9759521484375,26.753950119018555,505.85943603515625,118.58402252197266,284.6395263671875,137.04002380371094,383.6807556152344,288.5146484375,330.89239501953125,42.472103118896484,139.6811981201172,274.42999267578125,440.3194274902344,94.57829284667969
2023-07-10,186.3479766845703,127.12999725341797,84.97520446777344,26.8758544921875,507.7477722167969,115.57673645019531,291.66131591796875,137.80909729003906,387.115966796875,292.0599060058594,325.6034851074219,42.14933776855469,139.73751831054688,269.6099853515625,441.72174072265625,95.98101806640625
2023-07-11,185.8243408203125,128.77999877929688,85.39344024658203,27.213443756103516,510.2816162109375,116.26156616210938,294.8385314941406,139.9642791748047,392.6834411621094,296.2208557128906,326.23150634765625,42.37416458129883,139.00531005859375,269.7900085449219,441.56915283203125,97.154541015625
2023-07-12,187.49407958984375,130.8000030517578,86.15824890136719,27.532278060913086,518.3360595703125,118.03813171386719,298.46685791015625,140.6573486328125,395.53631591796875,307.19415283203125,330.872802734375,43.87008285522461,139.72811889648438,271.989990234375,430.8945617675781,97.63127136230469
2023-07-13,188.2548370361328,134.3000030517578,86.19795227050781,27.822980880737305,518.7696533203125,123.60606384277344,295.72210693359375,141.34092712402344,395.407958984375,311.23590087890625,336.2303466796875,45.943572998046875,139.82203674316406,277.8999938964844,427.1264953613281,95.84349822998047
2023-07-14,188.40301513671875,134.67999267578125,86.02561950683594,27.297842025756836,526.7180786132812,124.47945404052734,297.508056640625,142.19541931152344,397.3328552246094,306.7274169921875,338.7618408203125,45.435943603515625,140.8545684814453,281.3800048828125,458.0531921386719,92.54296875
2023-07-17,191.66343688964844,133.55999755859375,88.13323974609375,27.56978988647461,532.7493286132812,123.71524810791016,297.0850830078125,145.62283325195312,397.02685546875,308.46527099609375,339.24267578125,46.42721939086914,139.85955810546875,290.3800048828125,461.7831115722656,92.94636535644531
2023-07-18,191.4065704345703,132.8300018310547,87.4632797241211,28.788860321044922,533.3564453125,122.83191680908203,297.7524719238281,145.88868713378906,393.0388488769531,309.8852844238281,352.7445068359375,47.459468841552734,140.1223907470703,293.3399963378906,476.9698181152344,92.52462005615234
2023-07-19,192.76014709472656,135.36000061035156,87.26384735107422,29.56719207763672,533.8572998046875,121.11488342285156,300.3092041015625,146.44883728027344,393.1474304199219,313.8179016113281,348.4172058105469,47.04277038574219,141.07989501953125,291.260009765625,480.49945068359375,93.16638946533203
2023-07-20,190.8137664794922,129.9600067138672,86.00237274169922,29.71723175048828,536.6031494140625,118.30610656738281,299.9426574707031,148.2527313232422,392.94012451171875,300.42144775390625,340.3612976074219,45.486907958984375,142.22384643554688,262.8999938964844,481.0145568847656,94.80750274658203
2023-07-21,189.63804626464844,130.0,86.81658935546875,29.989177703857422,537.4701538085938,119.11995697021484,301.2398681640625,147.11346435546875,392.3774108886719,292.2187805175781,337.3194885253906,44.27678298950195,144.46261596679688,260.0199890136719,483.1990051269531,95.24756622314453
2023-07-24,190.43833923339844,128.8000030517578,87.28514099121094,30.61746597290039,543.318359375,120.61864471435547,305.6014709472656,150.0092010498047,399.58355712890625,289.58709716796875,338.6343078613281,44.57957077026367,144.92547607421875,269.05999755859375,485.25006103515625,96.74195861816406
2023-07-25,191.2978973388672,129.1300048828125,88.87287902832031,30.14859962463379,544.5323486328125,121.29354095458984,305.6202392578125,148.8888702392578,396.1186828613281,292.4272766113281,344.39422607421875,45.64579772949219,145.26553344726562,265.2799987792969,487.3963623046875,96.8886489868164
2023-07-26,192.16732788085938,128.14999389648438,86.46224212646484,30.39240837097168,545.4764404296875,128.3006134033203,309.8125915527344,149.7813262939453,397.234130859375,296.4989013671875,331.4320068359375,45.41895294189453,145.41668701171875,264.3500061035156,484.6013488769531,96.34773254394531
2023-07-27,190.9026641845703,128.25,86.50484466552734,29.96104621887207,541.2951049804688,128.4296112060547,309.9253845214844,148.12933349609375,389.4259338378906,309.5476989746094,324.51434326171875,45.86663818359375,143.68801879882812,255.7100067138672,481.9589538574219,96.65029907226562
2023-07-28,193.48133850097656,132.2100067138672,87.11087799072266,29.91415786743164,542.7305908203125,131.58578491210938,311.4857482910156,148.97430419921875,387.90570068359375,323.22222900390625,332.0207824707031,46.71601104736328,147.74993896484375,266.44000244140625,479.74578857421875,95.49510192871094
2023-07-31,194.09396362304688,133.67999267578125,87.00051879882812,30.007930755615234,540.177490234375,131.7247314453125,313.8075866699219,149.9712371826172,389.208740234375,316.38995361328125,329.6167907714844,46.695030212402344,147.64602661132812,267.42999267578125,483.04638671875,98.31887817382812
2023-08-01,193.26402282714844,131.69000244140625,89.06746673583984,29.65159034729004,535.1676025390625,130.5635223388672,312.143798828125,149.23065185546875,391.9628601074219,320.4714050292969,330.0289611816406,46.47319030761719,147.59878540039062,261.07000732421875,481.491455078125,97.75047302246094
2023-08-02,190.27037048339844,128.2100067138672,86.3857650756836,29.24835968017578,532.16162109375,127.41726684570312,308.7879943847656,147.5406951904297,385.00347900390625,312.129638671875,321.3547668457031,44.23681640625,147.91998291015625,254.11000061035156,481.5486755371094,96.5311050415039
2023-08-03,188.87725830078125,128.91000366210938,85.67709350585938,29.454662322998047,537.3065185546875,127.48675537109375,310.0569763183594,148.44264221191406,387.955078125,311.0174560546875,320.5305480957031,44.48263931274414,148.30728149414062,259.32000732421875,481.6059265136719,98.2088623046875
2023-08-04,179.807373046875,139.57000732421875,85.3547134399414,29.35150909423828,531.8628540039062,127.14929962158203,306.84222412109375,148.12933349609375,386.3164367675781,308.57452392578125,321.6295471191406,44.64751434326172,146.6824951171875,253.86000061035156,479.5740966796875,98.48391723632812
2023-08-07,176.7050323486328,142.22000122070312,86.84658813476562,29.895402908325195,538.0001220703125,130.54364013671875,309.4178161621094,148.83189392089844,391.7654724121094,314.36407470703125,323.915771484375,45.38398361206055,148.23170471191406,251.4499969482422,487.2151794433594,98.2822036743164
2023-08-08,177.6436309814453,139.94000244140625,85.50090026855469,29.32337760925293,535.7937622070312,130.41461181640625,308.1393737792969,147.99639892578125,388.1327819824219,310.4712829589844,319.93194580078125,44.63153076171875,148.3922882080078,249.6999969482422,482.5599060058594,98.76811981201172
2023-08-09,176.0529327392578,137.85000610351562,82.36126708984375,28.93889808654785,539.2429809570312,128.6876678466797,308.515380859375,146.01211547851562,388.6065673828125,303.09283447265625,316.1836853027344,42.52306365966797,148.20335388183594,242.19000244140625,478.98260498046875,100.44588470458984
2023-08-10,175.8355712890625,138.55999755859375,81.60323333740234,29.0139217376709,540.9675903320312,128.7174530029297,309.6340026855469,145.7937469482422,392.031982421875,303.619140625,316.8705139160156,42.3571891784668,147.466552734375,245.33999633789062,480.2895202636719,100.95929718017578
2023-08-11,175.89492797851562,138.41000366210938,80.33112335205078,29.342132568359375,542.3838500976562,128.5884246826172,311.24139404296875,146.63873291015625,389.8997802734375,299.547607421875,314.986572265625,40.825294494628906,148.326171875,242.64999389648438,484.61090087890625,102.52705383300781
2023-08-14,177.54713439941406,140.57000732421875,82.68753051757812,29.004539489746094,540.9481811523438,130.3451690673828,310.15093994140625,146.94256591796875,393.4533996582031,304.0660095214844,317.959716796875,43.72118377685547,147.16424560546875,239.75999450683594,487.3963623046875,102.60955810546875
2023-08-15,175.55857849121094,137.6699981689453,81.56644439697266,28.076171875,538.096435546875,128.8067626953125,312.2095642089844,143.20184326171875,389.3765563964844,299.8554382324219,315.82061767578125,43.908058166503906,146.21963500976562,232.9600067138672,483.3517150878906,99.97522735595703
2023-08-16,174.68797302246094,135.07000732421875,80.6438217163086,27.466636657714844,538.61669921875,127.73486328125,313.04620361328125,142.59417724609375,389.29754638671875,292.2485656738281,315.0535888671875,43.45438766479492,144.7270965576172,225.60000610351562,480.3658447265625,98.29296112060547
2023-08-17,172.14535522460938,133.97999572753906,80.0735855102539,27.457258224487305,527.1130981445312,128.94569396972656,307.64117431640625,141.1130828857422,387.570068359375,283.1124267578125,311.59234619140625,43.3124885559082,143.68801879882812,219.22000122070312,471.2080383300781,100.19708251953125
2023-08-18,172.63009643554688,133.22000122070312,79.95160675048828,27.297842025756836,525.0223999023438,126.5041732788086,307.7257995605469,141.43588256835938,387.12591552734375,281.2851257324219,311.1990051269531,43.26751708984375,144.0941925048828,215.49000549316406,475.481689453125,101.71296691894531
2023-08-21,173.96572875976562,134.67999267578125,83.75634002685547,27.33534812927246,523.355712890625,127.40734100341797,304.6144104003906,141.92010498046875,388.1426086425781,287.88897705078125,316.5089416503906,46.93285369873047,143.3668670654297,231.27999877929688,474.7566833496094,100.48360443115234
2023-08-22,175.34091186523438,134.25,82.85114288330078,26.669551849365234,518.6925659179688,128.11203002929688,305.0091857910156,138.97686767578125,392.7229309082031,285.60498046875,317.0792236328125,45.634796142578125,143.42349243164062,233.19000244140625,469.6626281738281,99.91976928710938
2023-08-23,179.18943786621094,135.52000427246094,84.86385345458984,26.67892837524414,521.0914306640625,131.37734985351562,306.5226135253906,139.9167938232422,395.9015808105469,292.1988830566406,321.5434875488281,47.08175277709961,144.764892578125,236.86000061035156,466.8962097167969,99.0416488647461
2023-08-24,174.4999542236328,131.83999633789062,82.72236633300781,26.838340759277344,513.2439575195312,128.8067626953125,303.23260498046875,139.78384399414062,392.55517578125,284.7608642578125,314.6308288574219,47.12871170043945,144.0941925048828,230.0399932861328,465.6179504394531,98.30220031738281
2023-08-25,176.70619201660156,133.25999450683594,82.46678924560547,26.725812911987305,515.464111328125,128.90602111816406,303.4864196777344,139.6129913330078,397.7080078125,283.5195617675781,317.590576171875,45.98454284667969,145.03883361816406,238.58999633789062,466.5909423828125,100.05841064453125
2023-08-28,178.26937866210938,133.13999938964844,83.36327362060547,26.969633102416992,517.5682983398438,130.0275421142578,306.3534240722656,140.09718322753906,402.1994934082031,288.2465515136719,318.2985534667969,46.80094909667969,145.26553344726562,238.82000732421875,468.6514587402344,100.8995590209961
2023-08-29,182.15745544433594,134.91000366210938,86.15631866455078,27.35410499572754,523.9197998046875,133.56085205078125,309.6152038574219,141.23651123046875,406.3553161621094,295.9228515625,322.9299621582031,48.74852752685547,145.35057067871094,257.17999267578125,470.1300964355469,101.50035858154297
2023-08-30,185.64984130859375,135.07000732421875,86.38381958007812,27.23219871520996,523.4275512695312,134.8610382080078,312.7748718261719,140.6668701171875,408.5863037109375,293.05291748046875,323.3036193847656,49.22818374633789,145.5111541748047,256.8999938964844,468.8899230957031,102.48939514160156
2023-08-31,185.86749267578125,138.00999450683594,89.34724426269531,27.109275817871094,530.2037353515625,135.1488494873047,312.4626159667969,138.92941284179688,407.3326110839844,293.8374938964844,322.2908020019531,49.319114685058594,145.79457092285156,258.0799865722656,454.6286315917969,102.77593994140625
2023-09-01,187.44053649902344,138.1199951171875,84.47080993652344,27.40239715576172,525.3484497070312,134.64268493652344,315.0924987792969,139.39463806152344,410.2248840332031,294.3240661621094,323.17584228515625,48.473731994628906,145.95513916015625,245.00999450683594,454.3042297363281,104.92961883544922
2023-09-05,187.677978515625,137.27000427246094,84.43692779541016,27.090364456176758,525.8116455078125,134.75186157226562,310.0787658691406,137.85653686523438,406.2072448730469,298.06787109375,327.984130859375,48.5127067565918,143.99974060058594,256.489990234375,458.66375732421875,104.93887329101562
2023-09-06,180.96034240722656,135.36000061035156,84.44661712646484,26.844514846801758,527.7036743164062,133.45166015625,308.3948669433594,137.62869262695312,407.8656311035156,297.0946960449219,327.3253479003906,47.030670166015625,143.71633911132812,251.9199981689453,454.9720153808594,105.84471130371094
2023-09-07,175.66738891601562,137.85000610351562,82.97119903564453,26.598669052124023,529.5665893554688,134.2456512451172,310.6842041015625,136.451416015625,409.287109375,296.59814453125,324.4049072265625,46.2111930847168,145.08607482910156,251.49000549316406,462.4794616699219,105.32708740234375
2023-09-08,176.28076171875,138.22999572753906,83.02153778076172,26.816150665283203,532.0473022460938,135.35728454589844,310.9585266113281,136.55581665039062,409.5042724609375,295.8236389160156,328.6921691894531,45.54261779785156,144.46261596679688,248.5,460.41094970703125,106.86146545410156
2023-09-11,177.4481964111328,143.10000610351562,83.17546844482422,26.929616928100586,539.373779296875,135.89324951171875,310.6368713378906,137.15399169921875,411.33050537109375,305.4265441894531,332.30096435546875,45.14887237548828,146.1818389892578,273.5799865722656,459.079833984375,105.52119445800781
2023-09-12,174.42080688476562,141.22999572753906,81.76006317138672,27.3929443359375,539.3833618164062,134.3250732421875,308.65972900390625,138.9388885498047,410.9158935546875,299.5674133300781,326.23388671875,44.84107208251953,143.6124267578125,267.4800109863281,459.57781982421875,108.59919738769531
2023-09-13,172.3531036376953,144.85000610351562,82.57424926757812,27.307844161987305,540.3197631835938,135.68482971191406,308.2813415527344,139.00537109375,410.9455261230469,302.9438781738281,330.452392578125,45.45568084716797,144.61376953125,271.29998779296875,459.5203552246094,107.62865447998047
2023-09-14,173.86680603027344,144.72000122070312,84.3856201171875,27.610424041748047,545.1558227539062,137.06439208984375,311.828857421875,141.70172119140625,408.02362060546875,309.5576477050781,333.0482482910156,45.55161666870117,146.2007598876953,276.0400085449219,463.12115478515625,109.5512466430664
2023-09-15,173.14454650878906,140.38999938964844,82.45323944091797,27.270021438598633,537.0377807617188,136.36962890625,304.04327392578125,141.28396606445312,408.9811096191406,298.226806640625,324.7097473144531,43.871700286865234,144.9727325439453,274.3900146484375,466.08990478515625,107.86898040771484
2023-09-18,176.07301330566406,139.97999572753906,82.29059600830078,27.194374084472656,543.177001953125,137.17356872558594,300.12689208984375,141.5782928466797,411.76483154296875,300.45123291015625,323.5691223144531,43.937652587890625,145.52059936523438,265.2799987792969,465.4769287109375,108.73785400390625
2023-09-19,177.1613006591797,137.6300048828125,82.2131576538086,27.090364456176758,544.750244140625,137.0048065185547,297.6199645996094,141.3979034423828,408.2110900878906,302.9537658691406,323.1658935546875,43.491943359375,145.0955352783203,266.5,460.3055725097656,108.4513168334961
2023-09-20,173.61944580078125,135.2899932861328,80.84746551513672,26.995803833007812,544.24853515625,132.73707580566406,294.0724792480469,140.79977416992188,405.23980712890625,297.59124755859375,315.41741943359375,42.211769104003906,144.9727325439453,262.5899963378906,471.2899169921875,107.5916748046875
2023-09-21,172.0760955810547,129.3300018310547,78.68556213378906,26.523027420043945,535.8023681640625,129.46182250976562,290.19390869140625,139.69845581054688,398.1719665527344,293.6785583496094,314.1981201171875,40.99055480957031,143.71633911132812,255.6999969482422,479.91839599609375,106.07579040527344
2023-09-22,172.92689514160156,129.1199951171875,80.7024154663086,26.135345458984375,539.1903686523438,129.27325439453125,289.21954345703125,138.35972595214844,397.0466003417969,297.0052795410156,311.72015380859375,41.58317947387695,143.1873779296875,244.8800048828125,484.6683349609375,106.24217224121094
2023-09-25,174.20315551757812,131.27000427246094,81.1706314086914,26.09752082824707,539.2193603515625,130.12680053710938,289.93841552734375,139.0433349609375,397.3131103515625,298.7431640625,312.2413330078125,42.19477844238281,142.3183135986328,246.99000549316406,488.6713562011719,107.43455505371094
2023-09-26,170.12705993652344,125.9800033569336,79.4477310180664,25.690929412841797,533.7559814453125,127.60585021972656,286.2018127441406,137.60018920898438,390.2945861816406,296.88616943359375,306.931396484375,41.88398361206055,141.05252075195312,244.1199951171875,484.04583740234375,107.60094451904297
2023-09-27,168.61337280273438,125.9800033569336,79.50807189941406,25.785490036010742,543.9588623046875,129.56106567382812,285.52069091796875,138.40721130371094,390.393310546875,295.67462158203125,307.5705871582031,42.44062042236328,139.18211364746094,240.5,482.39862060546875,111.1041259765625
2023-09-28,168.87060546875,125.9800033569336,80.9866714477539,26.05970001220703,548.8817138671875,131.3177947998047,287.10052490234375,140.12567138671875,394.3023681640625,301.8514404296875,308.4064636230469,43.061214447021484,138.23748779296875,246.3800048828125,488.4989318847656,110.42936706542969
2023-09-29,169.38507080078125,127.12000274658203,80.84844207763672,25.889497756958008,545.339111328125,129.878662109375,285.8423156738281,137.68563842773438,390.8177795410156,298.1274719238281,310.481201171875,43.47095489501953,137.7840576171875,250.22000122070312,482.8391418457031,108.68240356445312
2023-10-02,171.8980255126953,129.4600067138672,81.27381896972656,25.246517181396484,551.4685668945312,133.16383361816406,283.63812255859375,136.49887084960938,390.758544921875,304.69158935546875,316.43023681640625,44.75313186645508,137.15115356445312,251.60000610351562,492.7796630859375,106.87994384765625
2023-10-03,170.56239318847656,124.72000122070312,79.31533813476562,24.499521255493164,545.4163208007812,131.43690490722656,276.1742248535156,135.4924774169922,386.0301208496094,298.8523864746094,308.1606140136719,43.48894119262695,137.43453979492188,246.52999877929688,487.8955993652344,107.0648193359375
2023-10-04,171.8089599609375,127.0,80.18944549560547,24.527891159057617,551.941650390625,134.225830078125,276.5999450683594,136.10011291503906,388.6954040527344,303.460205078125,313.63763427734375,44.01261520385742,137.88800048828125,261.1600036621094,488.9969177246094,103.06249237060547
2023-10-05,173.04563903808594,125.95999908447266,80.19432067871094,24.641357421875,549.7408447265625,134.05711364746094,275.9472351074219,136.67398071289062,389.6938781738281,302.67572021484375,314.0309753417969,44.65919494628906,135.83811950683594,260.04998779296875,494.36932373046875,100.74241638183594
2023-10-06,175.59815979003906,127.95999908447266,82.27739715576172,24.65081024169922,538.1671752929688,136.54827880859375,277.0067443847656,138.77813720703125,393.4207458496094,313.24188232421875,321.79913330078125,45.73250198364258,136.112060546875,260.5299987792969,502.5860290527344,99.06014251708984
2023-10-09,177.08216857910156,128.25999450683594,83.31114196777344,24.877748489379883,539.55712890625,137.38197326660156,279.40948486328125,138.46249389648438,390.2276916503906,316.1515808105469,324.3164367675781,45.24381637573242,135.4224853515625,259.6700134277344,504.214111328125,102.52635955810547
2023-10-10,176.48855590820312,129.47999572753906,83.55741119384766,25.539642333984375,542.56884765625,137.02467346191406,283.06109619140625,139.3041534423828,395.7933044433594,319.6074523925781,322.9103088378906,45.76847457885742,136.76385498046875,263.6199951171875,502.04010009765625,102.09193420410156
2023-10-11,177.88351440429688,131.8300018310547,85.12944793701172,25.549097061157227,545.8797607421875,139.49600219726562,281.9542236328125,139.78237915039062,395.2397155761719,325.54595947265625,326.873046875,46.77582550048828,135.08241271972656,262.989990234375,501.9348449707031,98.43160247802734
2023-10-12,178.7838134765625,132.3300018310547,88.15087890625,25.43562889099121,544.2002563476562,137.9278564453125,277.19586181640625,139.45716857910156,395.3287353515625,321.91131591796875,325.63409423828125,46.914730072021484,135.3846893310547,258.8699951171875,503.28509521484375,98.41311645507812
2023-10-13,176.94363403320312,129.7899932861328,85.968505859375,25.30324935913086,547.1538696289062,136.32994079589844,276.1553039550781,141.5517578125,393.4800720214844,312.5070495605469,322.2613525390625,45.43169021606445,136.67886352539062,251.1199951171875,516.5582885742188,101.55583190917969
2023-10-16,176.81503295898438,132.5500030517578,87.85592651367188,25.520729064941406,552.3662719726562,138.05690002441406,281.27313232421875,141.40830993652344,396.5743103027344,318.9222106933594,327.0893859863281,46.065284729003906,137.9824676513672,253.9199981689453,515.2462768554688,101.62976837158203
2023-10-17,175.2617645263672,131.47000122070312,86.08727264404297,26.116437911987305,554.3933715820312,138.6722412109375,279.95819091796875,141.10223388671875,397.1773376464844,321.7524719238281,326.5190124511719,43.90967559814453,138.16192626953125,254.85000610351562,513.9246826171875,102.9607925415039
2023-10-18,173.96572875976562,128.1300048828125,86.34327697753906,25.823312759399414,554.6829833984375,136.92543029785156,274.5660095214844,139.55284118652344,388.71514892578125,314.77117919921875,324.6015625,42.16879653930664,141.72317504882812,242.67999267578125,513.359619140625,104.40275573730469
2023-10-19,173.5897979736328,128.39999389648438,84.47434997558594,25.492366790771484,545.9859619140625,136.7169952392578,271.28338623046875,138.9598388671875,383.43621826171875,310.6400451660156,325.7913513183594,42.0738639831543,140.9256591796875,220.11000061035156,509.1172790527344,104.46746063232422
2023-10-20,171.0372772216797,125.16999816894531,83.09212493896484,24.877748489379883,533.7269287109375,134.5831298828125,270.9429016113281,136.72178649902344,380.0157775878906,306.5089416503906,321.2190246582031,41.36031723022461,140.7355194091797,211.99000549316406,504.7120666503906,102.67427825927734
2023-10-23,171.15599060058594,126.55999755859375,83.92826843261719,24.17803192138672,533.109130859375,135.47637939453125,269.6752624511719,134.85675048828125,379.28424072265625,311.83172607421875,323.8247985839844,42.94729232788086,140.83058166503906,212.0800018310547,499.4831848144531,101.1676025390625
2023-10-24,171.59132385253906,128.55999755859375,85.76702117919922,24.083471298217773,532.6748046875,137.76905822753906,268.01025390625,135.01934814453125,382.4872131347656,310.3818664550781,325.0145568847656,43.634849548339844,142.49411010742188,216.52000427246094,502.7680358886719,100.18781280517578
2023-10-25,169.27626037597656,121.38999938964844,82.70276641845703,24.15911865234375,530.8890380859375,124.66805267333984,265.75885009765625,134.28289794921875,381.8940734863281,297.4521789550781,334.9853820800781,41.752071380615234,143.15953063964844,212.4199981689453,507.7574768066406,100.3726806640625
2023-10-26,165.11111450195312,119.56999969482422,80.47562408447266,24.698091506958008,528.58203125,121.36302185058594,262.9870300292969,134.62722778320312,360.42236328125,286.3497009277344,322.4186706542969,40.30000305175781,142.39907836914062,205.75999450683594,505.9857177734375,99.45760345458984
2023-10-27,166.42694091796875,127.73999786376953,81.6057357788086,23.799808502197266,524.1708374023438,121.25382995605469,261.5301818847656,129.77810668945312,359.91815185546875,294.671630859375,324.30657958984375,40.47389221191406,139.88949584960938,207.3000030517578,502.4423522949219,97.56273651123047
2023-10-30,168.47486877441406,132.7100067138672,81.88704681396484,24.2914981842041,535.6092529296875,123.52665710449219,266.27911376953125,131.43272399902344,368.1628112792969,300.56048583984375,331.6814270019531,41.13446807861328,141.88572692871094,197.36000061035156,507.54656982421875,97.86775970458984
2023-10-31,168.9497833251953,133.08999633789062,81.89872741699219,24.90611457824707,533.2539672851562,123.14950561523438,269.3157958984375,133.0012664794922,372.04791259765625,299.1801452636719,332.4681091308594,40.75371170043945,142.61770629882812,200.83999633789062,512.8807983398438,97.84003448486328
2023-11-01,172.1156768798828,137.0,83.02496337890625,24.962848663330078,537.4624633789062,125.50173950195312,271.15093994140625,132.8865203857422,373.5010986328125,309.68670654296875,340.2952880859375,42.29772186279297,142.2184295654297,205.66000366210938,509.0884094238281,97.64592742919922
2023-11-02,175.67730712890625,138.07000732421875,84.8121109008789,26.116437911987305,537.646240234375,126.53394317626953,278.6243591308594,135.25845336914062,378.3154602050781,308.7135314941406,342.50775146484375,43.47794723510742,143.95803833007812,218.50999450683594,513.4265747070312,100.85333251953125
2023-11-03,174.76708984375,138.60000610351562,85.91983795166016,26.87288475036621,542.4137573242188,128.13186645507812,279.64599609375,136.7696075439453,381.63702392578125,312.4176940917969,346.9129638671875,44.97598648071289,142.6557159423828,219.9600067138672,508.4181823730469,99.62397766113281
2023-11-06,177.31961059570312,139.74000549316406,85.73977661132812,26.787784576416016,551.0398559570312,129.27325439453125,278.6622314453125,137.8025665283203,381.7457580566406,313.6092834472656,350.5807189941406,45.72150802612305,143.48272705078125,219.27000427246094,510.8697204589844,97.8585205078125
2023-11-07,179.8819580078125,142.7100067138672,87.39356231689453,26.62704086303711,552.4420776367188,129.98785400390625,278.8514099121094,137.735595703125,384.4247741699219,316.6084289550781,354.5140380859375,45.925376892089844,143.15003967285156,222.17999267578125,515.0546264648438,96.32414245605469
2023-11-08,180.94058227539062,142.0800018310547,88.68916320800781,26.371736526489258,548.68017578125,130.851318359375,279.9393005371094,138.4146728515625,385.24530029296875,317.5617370605469,357.139404296875,46.54397964477539,142.59866333007812,222.11000061035156,514.001220703125,95.14098358154297
2023-11-09,180.4656982421875,140.60000610351562,88.71349334716797,26.031333923339844,544.7057495117188,129.2633056640625,272.3240051269531,138.00340270996094,383.5251770019531,318.32635498046875,354.6712646484375,46.91973114013672,142.92189025878906,209.97999572753906,516.1751098632812,95.16871643066406
2023-11-10,184.65609741210938,143.55999755859375,93.20475006103516,26.173168182373047,558.0993041992188,131.595703125,275.8431091308594,140.05018615722656,389.8717956542969,326.4893493652344,363.5014953613281,48.303836822509766,143.9295196533203,214.64999389648438,518.2915649414062,95.8989486694336
2023-11-13,183.07110595703125,142.58999633789062,92.1739273071289,26.192079544067383,559.172607421875,131.09945678710938,272.5132141113281,139.42848205566406,389.8421630859375,326.9064636230469,360.56134033203125,48.588653564453125,144.92764282226562,223.7100067138672,519.5939331054688,96.90644836425781
2023-11-14,185.68638610839844,145.8000030517578,94.70767211914062,27.62933349609375,571.3282470703125,132.61798095703125,287.2328796386719,141.97259521484375,393.10443115234375,333.9770202636719,364.0914001464844,49.623985290527344,144.6044158935547,237.41000366210938,517.5733642578125,97.27957916259766
2023-11-15,186.25103759765625,143.1999969482422,94.94520568847656,28.0075626373291,577.1112670898438,133.61045837402344,291.54669189453125,143.21595764160156,392.2938232421875,330.40203857421875,364.2392272949219,48.856483459472656,143.93902587890625,242.83999633789062,515.6101684570312,96.69193267822266
2023-11-16,187.9351348876953,142.8300018310547,93.40234375,27.931915283203125,559.510986328125,135.90313720703125,289.89117431640625,144.8514404296875,392.56072998046875,331.871826171875,370.6437683105469,49.44810485839844,145.27935791015625,233.58999633789062,516.9603881835938,95.57257843017578
2023-11-17,187.9153594970703,145.17999267578125,95.17198944091797,28.34796142578125,558.1282348632812,134.29530334472656,290.6763000488281,146.16177368164062,395.7241516113281,332.7158508300781,364.4166259765625,49.2662239074707,143.60630798339844,234.3000030517578,513.5797729492188,97.90453338623047
2023-11-20,189.6588592529297,146.1300048828125,96.92214965820312,28.376327514648438,561.657958984375,135.22825622558594,291.54669189453125,146.6112823486328,399.77728271484375,337.6116943359375,371.8951416015625,50.37650680541992,142.8458251953125,235.60000610351562,512.4403076171875,97.4754638671875
2023-11-21,188.85647583007812,143.89999389648438,95.509765625,28.045381546020508,565.0425415039062,135.94284057617188,288.8505554199219,146.3052215576172,404.2752990722656,334.64239501953125,367.5893249511719,49.911800384521484,142.2184295654297,241.1999969482422,516.7401733398438,97.43814849853516
2023-11-22,189.5201873779297,146.7100067138672,94.61422729492188,28.01701545715332,569.6651000976562,137.4514617919922,292.50213623046875,146.64956665039062,405.6394958496094,339.12109375,372.299072265625,48.684593200683594,143.5587921142578,234.2100067138672,520.7335205078125,97.01839447021484
2023-11-24,188.19273376464844,146.74000549316406,95.28294372558594,28.111572265625,571.8699951171875,135.66494750976562,293.921142578125,146.85037231445312,407.78466796875,335.8837890625,371.8852233886719,47.745201110839844,143.9010009765625,235.4499969482422,523.9320678710938,97.54075622558594
2023-11-27,188.01437377929688,147.72999572753906,92.49612426757812,27.950828552246094,575.2932739257812,135.3870391845703,294.1293029785156,146.51564025878906,404.2950439453125,332.3782043457031,373.0478820800781,48.21089553833008,143.76791381835938,236.0800018310547,520.5707397460938,96.97175598144531
2023-11-28,188.6186981201172,147.02999877929688,92.1174545288086,27.922462463378906,574.4229125976562,136.171142578125,296.41851806640625,146.85037231445312,404.3345947265625,336.6384582519531,377.077880859375,47.790164947509766,144.76602172851562,246.72000122070312,517.6403198242188,96.91578674316406
2023-11-29,187.59832763671875,146.32000732421875,91.58014678955078,28.659997940063477,568.4852905273438,133.97772216796875,296.1994934082031,147.59642028808594,405.13531494140625,329.8955993652344,373.284423828125,48.108970642089844,143.66336059570312,244.13999938964844,512.3253173828125,95.46066284179688
2023-11-30,188.1728973388672,146.08999633789062,90.11031341552734,29.060300827026367,573.204345703125,131.53614807128906,298.5517883300781,149.2797393798828,409.0994873046875,324.88067626953125,373.343505859375,46.73984909057617,145.93527221679688,240.0800018310547,529.553466796875,95.8337631225586
2023-12-01,189.4508514404297,147.02999877929688,90.52595520019531,29.508268356323242,576.5987548828125,130.8711700439453,304.3897399902344,150.0066375732422,409.6234130859375,322.5667419433594,369.0081481933594,46.7348518371582,145.11776733398438,238.8300018310547,525.777099609375,96.06696319580078
2023-12-04,187.65773010253906,144.83999633789062,89.93900299072266,29.37483024597168,579.3355102539062,128.3006134033203,308.58001708984375,151.10653686523438,403.5635070800781,317.800048828125,363.717041015625,45.48065948486328,144.54737854003906,235.5800018310547,526.8533935546875,95.54460144042969
2023-12-05,191.6104278564453,146.8800048828125,88.88286590576172,29.14608383178711,585.3988037109375,130.00770568847656,308.08477783203125,151.08737182617188,404.01824951171875,316.08203125,367.0473327636719,46.540077209472656,139.50921630859375,238.72000122070312,528.7559814453125,93.6883773803711
2023-12-06,190.52073669433594,144.52000427246094,87.9600830078125,29.09842872619629,587.4102172851562,129.04498291015625,310.5704345703125,149.49969482421875,405.68890380859375,315.24786376953125,363.3820495605469,45.4776611328125,139.4046630859375,239.3699951171875,528.0545043945312,92.44778442382812
2023-12-07,192.45249938964844,146.8800048828125,89.77255249023438,29.222335815429688,590.814208984375,135.90313720703125,310.62762451171875,149.9587860107422,408.4272766113281,324.324462890625,365.50048828125,46.57005310058594,139.2620849609375,242.63999938964844,526.84375,91.80416870117188
2023-12-08,193.87901306152344,147.4199981689453,91.91792297363281,29.508268356323242,590.6498413085938,133.97772216796875,310.9132995605469,151.61341857910156,407.4486083984375,330.4417724609375,368.73223876953125,47.479549407958984,137.97879028320312,243.83999633789062,528.2850952148438,92.85820770263672
2023-12-11,191.3726806640625,145.88999938964844,100.18595886230469,29.403425216674805,603.2987060546875,132.29043579101562,315.5417175292969,152.1681365966797,410.95794677734375,323.0235595703125,365.8453063964844,46.60103988647461,138.61570739746094,239.74000549316406,522.43310546875,92.92349243164062
2023-12-12,192.88836669921875,147.47999572753906,104.37545776367188,29.298580169677734,608.7529296875,131.52622985839844,317.32257080078125,153.52630615234375,415.94036865234375,331.9015808105469,368.8800354003906,47.630462646484375,138.72976684570312,237.00999450683594,524.3933715820312,91.45903015136719
2023-12-13,196.10801696777344,148.83999633789062,106.07013702392578,30.537626266479492,620.8408813476562,131.57586669921875,327.0365295410156,154.04275512695312,419.825439453125,332.4179382324219,368.87017822265625,48.06122970581055,141.2393341064453,239.2899932861328,527.5548095703125,92.27055358886719
2023-12-14,196.25656127929688,147.4199981689453,107.70545196533203,32.34852981567383,609.99072265625,130.95057678222656,335.0458068847656,156.8450927734375,413.7754211425781,330.85888671875,360.55413818359375,48.323081970214844,137.51300048828125,251.0500030517578,513.3619995117188,94.75175476074219
2023-12-15,195.7216033935547,149.97000122070312,109.9686050415039,32.02447509765625,637.1065673828125,131.6056365966797,337.1314392089844,158.0310821533203,413.7852783203125,332.5967102050781,365.2836608886719,48.86277389526367,136.8476104736328,253.5,510.3638916015625,94.11744689941406
2023-12-18,194.05734252929688,154.07000732421875,111.648681640625,31.862443923950195,658.7877197265625,134.78164672851562,334.0934753417969,158.98748779296875,419.5782775878906,342.22943115234375,367.17547607421875,50.04911804199219,138.9484100341797,252.0800018310547,505.9725341796875,94.81704711914062
2023-12-19,195.09751892089844,153.7899932861328,111.43648529052734,31.938692092895508,655.4029541015625,135.62522888183594,335.29339599609375,161.1107940673828,420.6064453125,347.9295959472656,367.7765197753906,49.57637405395508,138.9484100341797,257.2200012207031,503.5606384277344,96.06696319580078
2023-12-20,193.00726318359375,152.1199951171875,108.58110046386719,31.433547973632812,639.2147216796875,137.30258178710938,332.0458984375,159.29356384277344,414.65521240234375,346.8570556640625,365.1752624511719,48.08420944213867,136.80003356933594,247.13999938964844,495.7675476074219,94.46257019042969
2023-12-21,192.85862731933594,153.83999633789062,110.23468017578125,31.643226623535156,643.237548828125,139.36695861816406,332.3411865234375,160.20216369628906,418.5995788574219,351.6337585449219,368.0523986816406,48.96272277832031,137.1327667236328,254.5,499.56317138671875,94.89166259765625
2023-12-22,191.78875732421875,153.4199981689453,109.71542358398438,31.862443923950195,649.46533203125,140.42897033691406,331.979248046875,160.10653686523438,419.2520751953125,350.9385986328125,369.07708740234375,48.80281066894531,138.1023712158203,252.5399932861328,499.97637939453125,95.0595703125
2023-12-26,191.243896484375,153.41000366210938,110.68451690673828,32.272281646728516,652.3857421875,140.45872497558594,332.6649169921875,161.0533905029297,418.8269958496094,352.36859130859375,369.1559143066406,49.251556396484375,138.72976684570312,256.6099853515625,499.70745849609375,95.27410888671875
2023-12-27,191.34298706054688,153.33999633789062,110.12516021728516,32.25321960449219,659.4871215820312,139.3173370361328,331.922119140625,162.01939392089844,419.5091247558594,355.3477783203125,368.57464599609375,49.389488220214844,138.8438262939453,261.44000244140625,502.3594665527344,94.82636260986328
2023-12-28,191.76895141601562,153.3800048828125,109.75746154785156,32.291343688964844,655.8276977539062,139.1783905029297,330.8078918457031,162.8802032470703,421.4466857910156,355.8343811035156,369.7668151855469,49.49442672729492,138.53012084960938,253.17999267578125,504.3869934082031,93.4551773071289
2023-12-29,190.728759765625,151.94000244140625,109.15509796142578,32.091190338134766,652.8408203125,138.64244079589844,330.0364685058594,162.6888885498047,421.634521484375,351.5046081542969,370.51568603515625,49.49442672729492,139.3000946044922,248.47999572753906,505.89569091796875,93.2593002319336
2024-01-02,183.9032440185547,149.92999267578125,106.13642883300781,32.31040954589844,643.5142211914062,137.13385009765625,328.6365051269531,164.5826416015625,417.0673522949219,343.8878173828125,365.4216003417969,48.141178131103516,141.39141845703125,248.4199981689453,518.2626953125,95.47930908203125
2024-01-03,182.52622985839844,148.47000122070312,103.51570892333984,31.95775032043457,637.61962890625,137.8782196044922,322.1415100097656,163.86529541015625,413.9830017089844,342.0804748535156,365.15557861328125,47.54250717163086,140.535888671875,238.4499969482422,520.8475952148438,96.28150939941406
2024-01-04,180.20811462402344,144.57000732421875,102.57989501953125,32.21509552001953,641.2394409179688,135.36720275878906,322.45574951171875,164.95274353027344,414.9715881347656,344.7120666503906,362.5346374511719,47.97127914428711,141.30587768554688,237.92999267578125,524.1051025390625,95.44200134277344
2024-01-05,179.4849395751953,145.24000549316406,102.60628509521484,32.815555572509766,648.8153686523438,134.71214294433594,326.59844970703125,165.78033447265625,414.6256408691406,349.5085754394531,362.3474426269531,49.069664001464844,140.1366424560547,237.49000549316406,516.37939453125,95.73116302490234
2024-01-08,183.82398986816406,149.10000610351562,105.10670471191406,32.55821228027344,654.43310546875,137.798828125,331.35064697265625,165.53976440429688,417.8138122558594,356.17205810546875,369.18548583984375,52.223899841308594,141.34390258789062,240.4499969482422,515.552978515625,94.13609313964844
2024-01-09,183.4079132080078,151.3699951171875,105.85380554199219,32.05306625366211,659.8629150390625,139.89300537109375,329.6936340332031,164.2310028076172,418.4277038574219,354.9505615234375,370.26934814453125,53.11041259765625,141.9237823486328,234.9600067138672,517.3306884765625,92.97013092041016
2024-01-10,184.44808959960938,153.72999572753906,105.66604614257812,32.02447509765625,665.3817138671875,141.21304321289062,339.7980651855469,164.57745361328125,424.0416564941406,367.9001159667969,377.1468200683594,54.31973648071289,142.53213500976562,233.94000244140625,516.629150390625,92.05601501464844
2024-01-11,183.85366821289062,155.17999267578125,107.5641098022461,31.59557342529297,666.1926879882812,141.01454162597656,339.5408630371094,163.8845672607422,422.5069885253906,367.10565185546875,378.9794616699219,54.79146957397461,143.07395935058594,227.22000122070312,518.5894165039062,92.037353515625
2024-01-12,184.1806182861328,154.6199951171875,108.31706237792969,31.261987686157227,675.7467041015625,141.5802459716797,338.75994873046875,162.68165588378906,424.8635559082031,371.8921813964844,382.7630310058594,54.679534912109375,143.15953063964844,218.88999938964844,501.1294860839844,93.23130798339844
2024-01-16,181.91204833984375,153.16000366210938,109.02897644042969,30.613872528076172,674.0159301757812,141.42147827148438,341.3503723144531,161.6615753173828,424.12091064453125,364.91094970703125,384.5366516113281,56.350608825683594,142.3895721435547,219.91000366210938,498.8617858886719,91.12323760986328
2024-01-17,180.9709014892578,151.7100067138672,107.9249267578125,30.308876037597656,676.686279296875,140.40911865234375,338.7504577636719,160.7954864501953,423.20013427734375,365.8146667480469,383.7483825683594,56.02178955078125,142.53213500976562,215.5500030517578,504.4254455566406,90.46095275878906
2024-01-18,186.8652801513672,153.5,111.85990905761719,30.242158889770508,679.7721557617188,142.40403747558594,340.8456115722656,161.113037109375,426.46746826171875,373.5208435058594,388.0837097167969,57.07520294189453,141.71041870117188,211.8800048828125,496.16156005859375,90.29306030273438
2024-01-19,189.76783752441406,155.33999633789062,118.44001770019531,30.709186553955078,687.3480834960938,145.28228759765625,345.1407470703125,163.89418029785156,432.4676818847656,380.7900390625,392.813232421875,59.4578742980957,141.1651611328125,212.19000244140625,483.8809509277344,90.43297576904297
2024-01-22,192.07603454589844,154.77999877929688,119.34944152832031,31.02370834350586,684.9151611328125,144.89520263671875,339.6932373046875,163.7017059326172,435.4084167480469,379.13165283203125,390.6849670410156,59.620784759521484,141.44256591796875,208.8000030517578,492.9424743652344,90.31172180175781
2024-01-23,193.35398864746094,156.02000427246094,119.91757202148438,31.23339080810547,680.049072265625,145.93734741210938,334.0649108886719,162.62391662597656,434.4281005859375,382.5279846191406,393.0398254394531,59.83966827392578,147.2969512939453,209.13999938964844,495.3736267089844,91.32844543457031
2024-01-24,192.68035888671875,156.8699951171875,122.61260986328125,31.433547973632812,678.9808959960938,147.5848846435547,330.7221374511719,164.0770263671875,434.36871337890625,387.9897766113281,396.6460876464844,61.32783126831055,145.51766967773438,207.8300018310547,493.1730651855469,92.90483856201172
2024-01-25,192.35342407226562,157.75,120.27840423583984,31.824317932128906,672.4434814453125,150.73109436035156,334.245849609375,166.42510986328125,432.48748779296875,390.4525146484375,398.9220886230469,61.58268737792969,148.86575317382812,182.6300048828125,474.1180114746094,95.26476287841797
2024-01-26,190.6197967529297,159.1199951171875,117.82199096679688,31.862443923950195,679.3468627929688,151.0487060546875,338.3694763183594,165.7899627685547,434.2004089355469,391.40594482421875,397.99591064453125,60.99701690673828,149.3632049560547,183.25,483.53509521484375,96.0762939453125
2024-01-29,189.93626403808594,161.25999450683594,119.08247375488281,32.034000396728516,686.3986206054688,152.3588104248047,338.7504577636719,166.2230224609375,436.2301330566406,398.2381896972656,403.7008972167969,62.430213928222656,149.38235473632812,190.92999267578125,484.8226623535156,96.19754791259766
2024-01-30,186.28077697753906,159.0,118.14273834228516,33.15867614746094,693.0548706054688,150.32420349121094,340.083740234375,169.62966918945312,440.7946472167969,397.28485107421875,402.5874938964844,62.739044189453125,150.65460205078125,191.58999633789062,483.9290771484375,97.80194091796875
2024-01-31,182.67483520507812,155.1999969482422,115.38905334472656,32.415245056152344,687.2590942382812,139.0493927001953,336.1409912109375,167.79161071777344,444.79473876953125,387.4336853027344,391.73919677734375,61.492740631103516,150.31982421875,187.2899932861328,491.7413024902344,95.89905548095703
2024-02-01,185.11178588867188,159.27999877929688,117.34577941894531,31.9768123626709,697.7781372070312,140.1014404296875,342.9122314453125,167.18533325195312,456.369384765625,392.0414733886719,397.84814453125,62.99190902709961,152.271240234375,188.86000061035156,487.32110595703125,95.50729370117188
2024-02-02,184.11126708984375,171.80999755859375,119.72492980957031,31.900569915771484,702.73046875,141.31227111816406,340.2076110839844,168.14767456054688,456.0326843261719,471.695068359375,405.1788635253906,66.12316131591797,151.2285614013672,187.91000366210938,490.2903137207031,95.11551666259766
2024-02-05,185.92413330078125,170.30999755859375,121.5594253540039,31.44308090209961,704.39453125,142.6025390625,338.21710205078125,167.9263458251953,452.25042724609375,456.2231140136719,399.6906433105469,69.29339599609375,151.34336853027344,181.05999755859375,483.3044128417969,94.7237548828125
2024-02-06,187.5290069580078,169.14999389648438,119.55968475341797,31.490734100341797,704.028076171875,143.0193634033203,339.2742614746094,168.5037384033203,455.9534912109375,451.565673828125,399.53302001953125,68.18501281738281,152.06080627441406,185.10000610351562,490.713134765625,95.37670135498047
2024-02-07,187.6379852294922,170.52999877929688,122.9245376586914,31.624170303344727,712.9325561523438,144.44857788085938,345.4073791503906,168.82130432128906,457.34954833984375,466.3324890136719,407.9673156738281,70.0599594116211,152.21385192871094,187.5800018310547,499.0924377441406,95.34872436523438
2024-02-08,186.5581512451172,169.83999633789062,124.65538024902344,31.56698226928711,717.2708129882812,144.8157958984375,346.3883056640625,168.21502685546875,453.73565673828125,466.73968505859375,408.0263366699219,69.60221099853516,151.7546844482422,189.55999755859375,499.7649841308594,96.98109436035156
2024-02-09,187.32192993164062,174.4499969482422,125.50416564941406,31.519325256347656,716.5181274414062,147.8826446533203,345.845458984375,168.41712951660156,453.3594055175781,464.8627624511719,414.3717956542969,72.09284973144531,150.587646484375,193.57000732421875,497.9680480957031,94.92897033691406
2024-02-12,185.63568115234375,172.33999633789062,123.70097351074219,32.04353332519531,715.5374755859375,146.4236602783203,348.03582763671875,169.167724609375,454.18115234375,465.6473388671875,409.1595153808594,72.20777130126953,150.2910919189453,188.1300048828125,497.4107666015625,96.23485565185547
2024-02-13,183.54273986816406,168.63999938964844,122.3955078125,31.21432876586914,707.4552001953125,144.05157470703125,340.55035400390625,167.6953582763672,455.91387939453125,456.9282531738281,400.35076904296875,72.08784484863281,149.48757934570312,184.02000427246094,496.651611328125,95.40638732910156
2024-02-14,182.65994262695312,170.97999572753906,123.42912292480469,31.576513290405273,715.3096923828125,144.84559631347656,341.1598815917969,169.39869689941406,460.59722900390625,469.99688720703125,404.22039794921875,73.85885620117188,148.87535095214844,188.7100067138672,496.7381286621094,94.93566131591797
2024-02-15,182.37228393554688,169.8000030517578,123.70781707763672,32.47243118286133,717.6174926757812,141.6993408203125,343.8740539550781,173.09402465820312,466.6270446777344,480.67236328125,401.32806396484375,72.6175308227539,150.19544982910156,200.4499969482422,500.5241394042969,97.65645599365234
2024-02-16,180.83485412597656,169.50999450683594,121.79216003417969,32.49149703979492,717.1024169921875,139.4662322998047,345.0836181640625,172.28567504882812,463.5081481933594,470.0366516113281,398.8602600097656,72.57255554199219,150.67373657226562,199.9499969482422,501.16796875,97.65645599365234
2024-02-20,180.0908966064453,167.0800018310547,119.94105529785156,32.36759948730469,718.7862548828125,140.06173706054688,345.2931213378906,172.95928955078125,447.2898864746094,468.4775085449219,397.6065979003906,69.41332244873047,151.63034057617188,193.75999450683594,500.6971130371094,96.73382568359375
2024-02-21,180.8447723388672,168.58999633789062,120.02906036376953,32.11978530883789,716.1417236328125,141.48101806640625,346.77874755859375,174.0852508544922,454.51776123046875,465.2764892578125,397.00445556640625,67.43443298339844,153.43829345703125,194.77000427246094,501.57147216796875,98.71087646484375
2024-02-22,182.87818908691406,174.5800018310547,127.60272216796875,32.034000396728516,727.4133911132812,143.00946044921875,353.6451416015625,176.1735076904297,466.904296875,483.27001953125,406.3525695800781,78.49427032470703,153.59136962890625,197.41000366210938,505.924560546875,98.62614440917969
2024-02-23,181.0431365966797,174.99000549316406,126.7685546875,32.329471588134766,730.9098510742188,142.8804473876953,354.2356872558594,177.058837890625,468.7459411621094,481.1823425292969,405.0594177246094,78.77311706542969,154.04095458984375,191.97000122070312,506.6355895996094,97.760009765625
2024-02-26,179.6941375732422,174.72999572753906,128.0163116455078,32.034000396728516,738.2592163085938,136.5383758544922,353.8927917480469,176.45257568359375,469.8251647949219,478.90582275390625,402.2955017089844,79.04796600341797,153.26611328125,199.39999389648438,504.7906799316406,98.14600372314453
2024-02-27,181.1522674560547,173.5399932861328,126.7548828125,32.67258834838867,737.62548828125,137.83853149414062,357.6640625,176.53915405273438,470.0627746582031,484.1846008300781,402.23626708984375,78.65717315673828,152.38604736328125,199.72999572753906,493.35565185546875,97.93888854980469
2024-02-28,179.9520263671875,173.16000366210938,126.08894348144531,32.70117950439453,740.844482421875,135.35728454589844,359.61639404296875,177.4341583251953,474.122314453125,481.17242431640625,402.47320556640625,77.61975860595703,153.10350036621094,202.0399932861328,478.80731201171875,98.21190643310547
2024-02-29,179.28746032714844,176.75999450683594,127.17144775390625,33.13310623168945,736.8131713867188,137.42169189453125,362.4734191894531,179.05084228515625,470.07269287109375,487.2464599609375,408.3170166015625,79.06793975830078,152.0417022705078,201.8800048828125,474.3102722167969,98.40019989013672
2024-03-01,178.206298828125,178.22000122070312,136.82110595703125,32.96992874145508,742.310302734375,136.11158752441406,366.1304931640625,178.3098602294922,471.92425537109375,499.3448181152344,410.15301513671875,82.2331771850586,151.95558166503906,202.63999938964844,470.3992614746094,99.64289855957031
2024-03-04,173.6831817626953,177.5800018310547,137.12326049804688,33.73779296875,751.9577026367188,132.35000610351562,362.2449035644531,179.64749145507812,463.8645935058594,495.2590637207031,409.58050537109375,85.18952941894531,152.63473510742188,188.13999938964844,463.03863525390625,98.24955749511719
2024-03-05,168.74346923828125,174.1199951171875,131.3039093017578,33.96814727783203,752.7203979492188,131.67510986328125,360.4163818359375,181.44703674316406,462.9041748046875,487.3359069824219,397.4683837890625,85.920166015625,152.4051971435547,180.74000549316406,454.6593933105469,99.45462036132812
2024-03-06,167.75157165527344,173.50999450683594,132.0128936767578,33.9969482421875,765.8839111328125,130.41461181640625,361.6043395996094,182.39013671875,466.94390869140625,493.1714172363281,396.91558837890625,88.65476989746094,152.64431762695312,176.5399932861328,454.1309509277344,100.51844787597656
2024-03-07,167.63255310058594,176.82000732421875,137.5877685546875,34.19850540161133,778.1165161132812,133.3722686767578,360.7516784667969,180.79266357421875,462.9239807128906,509.1766662597656,403.8749084472656,92.62173461914062,153.64877319335938,178.64999389648438,460.0693664550781,101.08332061767578
2024-03-08,169.34854125976562,175.35000610351562,127.97623443603516,34.169708251953125,718.657470703125,134.39453125,357.6860046386719,181.1294708251953,464.6269836425781,502.9733581542969,400.99249267578125,87.4833755493164,153.3905029296875,175.33999633789062,459.7510681152344,102.03418731689453
2024-03-11,171.35220336914062,171.9600067138672,126.45075225830078,34.448055267333984,707.2868041992188,136.6376190185547,355.9327697753906,181.1968536376953,464.5279846191406,480.7449645996094,399.3143005371094,85.73026275634766,154.53839111328125,177.77000427246094,471.8870544433594,102.63670349121094
2024-03-12,171.8283233642578,175.38999938964844,126.32948303222656,34.5152473449707,729.869873046875,137.4613800048828,358.8260192871094,182.68846130371094,468.20135498046875,496.8099060058594,409.9358825683594,91.86614227294922,154.90188598632812,177.5399932861328,472.08001708984375,101.97769927978516
2024-03-13,169.7453155517578,176.55999755859375,123.00375366210938,34.63042449951172,727.21533203125,138.74169921875,363.08929443359375,184.1704559326172,470.914306640625,492.6544494628906,409.7581787109375,90.8416519165039,155.255859375,169.47999572753906,470.7776794433594,103.1168441772461
2024-03-14,171.60015869140625,178.75,123.43401336669922,34.2560920715332,724.98681640625,142.02687072753906,359.5254211425781,180.88890075683594,474.7461242675781,488.93646240234375,419.74798583984375,87.89915466308594,154.49057006835938,162.5,471.7424011230469,104.9432601928711
2024-03-15,171.22323608398438,174.4199981689453,120.81625366210938,33.98734664916992,718.7269287109375,140.12127685546875,357.5710144042969,183.13111877441406,471.1321105957031,481.251953125,411.06121826171875,87.79219818115234,154.3757781982422,163.57000732421875,473.4981384277344,104.75495910644531
2024-03-18,172.3143310546875,174.47999572753906,120.98640441894531,34.563236236572266,724.58056640625,146.57254028320312,356.30633544921875,185.40223693847656,474.1618957519531,494.05615234375,411.9495849609375,88.4098892211914,154.2131805419922,173.8000030517578,469.8611755371094,105.72466278076172
2024-03-19,174.65525817871094,175.89999389648438,121.06170654296875,34.58243179321289,725.20458984375,145.92739868164062,363.4917297363281,186.48965454101562,479.2214050292969,493.3205261230469,415.9870300292969,89.35242462158203,154.80625915527344,171.32000732421875,475.909912109375,106.46841430664062
2024-03-20,177.22430419921875,178.14999389648438,125.30802154541016,35.27350616455078,733.67333984375,147.62461853027344,368.281982421875,188.93397521972656,483.2215881347656,502.5458984375,419.7577819824219,90.32592010498047,154.9593048095703,175.66000366210938,476.7878112792969,106.37425994873047
2024-03-21,169.98333740234375,178.14999389648438,132.37872314453125,36.00297546386719,735.4957885742188,146.49314880371094,378.6192626953125,191.56109619140625,483.815673828125,504.77276611328125,423.8445129394531,91.38836669921875,154.8349609375,172.82000732421875,474.3374328613281,106.84497833251953
2024-03-22,170.88600158691406,178.8699951171875,132.91586303710938,35.56145095825195,727.8095703125,149.63937377929688,373.9056396484375,189.21304321289062,476.91448974609375,506.58203125,423.22265625,94.24092102050781,154.6436309814453,170.8300018310547,472.7746276855469,106.84497833251953
2024-03-25,169.4675750732422,179.7100067138672,132.7302703857422,35.379085540771484,724.0062255859375,148.9446258544922,367.419677734375,187.48086547851562,471.3400573730469,500.0605773925781,417.4183349609375,94.95355224609375,153.2374267578125,172.6300048828125,468.7324523925781,107.93706512451172
2024-03-26,168.33680725097656,178.3000030517578,130.7573699951172,35.59984588623047,724.0259399414062,149.5401153564453,363.98992919921875,188.35658264160156,472.092529296875,492.97259521484375,416.223876953125,92.5137939453125,153.581787109375,177.6699981689453,474.9355773925781,107.12742614746094
2024-03-27,171.9076690673828,179.8300018310547,129.5042724609375,36.29092788696289,725.1156005859375,149.73861694335938,369.69989013671875,192.0038299560547,473.231201171875,490.9544982910156,416.0067443847656,90.20397186279297,155.55238342285156,179.8300018310547,475.6976318359375,108.23834228515625
2024-03-28,170.0924530029297,180.3800048828125,130.1602783203125,36.39650344848633,725.6602172851562,149.79815673828125,367.50592041015625,192.75442504882812,476.8154602050781,482.7232360839844,415.305908203125,90.30992126464844,155.2080078125,175.7899932861328,477.24114990234375,109.43396759033203
2024-04-01,168.65420532226562,180.97000122070312,132.6006317138672,36.012577056884766,714.378662109375,154.32398986816406,352.5891418457031,191.44564819335938,473.6767578125,488.4592590332031,419.1063537597656,90.3169174194336,153.61048889160156,175.22000122070312,472.417724609375,110.14005279541016
2024-04-02,167.4738311767578,180.69000244140625,131.47129821777344,35.801414489746094,704.533203125,153.40090942382812,347.7701721191406,191.36865234375,474.6966247558594,494.4438781738281,416.0166320800781,89.40638732910156,153.60093688964844,166.6300048828125,441.9714660644531,112.29597473144531
2024-04-03,168.2772674560547,182.41000366210938,133.8723907470703,35.935787200927734,698.9766235351562,153.7582244873047,344.80023193359375,190.8297576904297,472.7064208984375,503.7587585449219,415.039306640625,88.91864013671875,149.37277221679688,168.3800048828125,443.51495361328125,112.31480407714844
2024-04-04,167.45399475097656,180.0,129.38348388671875,35.436676025390625,698.1741943359375,149.4011688232422,342.6734313964844,189.3778533935547,465.1319885253906,507.9141845703125,412.5024108886719,85.8611831665039,148.70314025878906,171.11000061035156,439.3088684082031,112.71021270751953
2024-04-05,168.2078399658203,185.07000732421875,131.53709411621094,35.619041442871094,706.9301147460938,151.35638427734375,342.8554382324219,191.1201171875,472.4390563964844,524.237548828125,420.0440673828125,87.96311950683594,149.32493591308594,164.89999389648438,439.6561279296875,114.26360321044922
2024-04-08,167.0869903564453,185.19000244140625,131.21009826660156,35.99338150024414,705.038330078125,153.6887969970703,346.86004638671875,192.1171112060547,474.7790222167969,516.1951293945312,419.1260681152344,87.08856201171875,149.26751708984375,172.97999572753906,439.9070129394531,113.49161529541016
2024-04-09,168.297119140625,185.6699981689453,131.01170349121094,36.214134216308594,711.7539672851562,155.42564392089844,346.2565002441406,190.8297576904297,468.1459045410156,513.8590698242188,420.7943420410156,85.31045532226562,149.8606414794922,176.8800048828125,443.4956970214844,114.084716796875
2024-04-10,166.42242431640625,185.9499969482422,129.86172485351562,35.17752456665039,715.7058715820312,154.96910095214844,335.8521423339844,189.20361328125,465.18133544921875,516.7717895507812,417.81317138671875,86.99461364746094,150.4154510498047,171.75999450683594,434.1669921875,115.04499816894531
2024-04-11,173.62368774414062,189.0500030517578,135.76280212402344,34.88957595825195,725.3829345703125,158.21458435058594,332.79595947265625,189.16488647460938,464.3285827636719,520.0820922851562,422.4230651855469,90.56979370117188,149.07623291015625,174.60000610351562,426.1309509277344,114.65900421142578
2024-04-12,175.1214599609375,186.1300048828125,131.9927520751953,34.35207748413086,724.352783203125,156.5471649169922,328.4847717285156,176.9301300048828,461.42352294921875,508.88836669921875,416.4706726074219,88.14102935791016,148.58836364746094,171.0500030517578,423.6998596191406,113.32215881347656
2024-04-15,171.29269409179688,183.6199951171875,128.71469116210938,34.505645751953125,711.44677734375,153.69871520996094,323.75201416015625,177.02691650390625,455.88104248046875,497.287109375,408.3170166015625,85.9571533203125,148.70314025878906,161.47999572753906,429.9029541015625,112.67255401611328
2024-04-16,168.0094757080078,183.32000732421875,130.5187225341797,33.28667449951172,709.15869140625,153.24212646484375,320.78204345703125,175.00392150878906,455.91082763671875,496.81982421875,409.2448425292969,87.37042236328125,149.1814422607422,157.11000061035156,452.342041015625,111.74052429199219
2024-04-17,166.64064025878906,181.27999877929688,125.95912170410156,33.8145751953125,708.38623046875,154.30410766601562,318.8659973144531,174.30697631835938,456.24786376953125,491.2626953125,406.5401306152344,83.99214172363281,150.14759826660156,155.4499969482422,462.08563232421875,111.68402862548828
2024-04-18,165.68838500976562,179.22000122070312,123.63758087158203,34.332881927490234,704.483642578125,154.840087890625,318.9234619140625,175.43946838378906,450.8343811035156,498.8478088378906,399.06756591796875,84.62782287597656,151.43484497070312,149.92999267578125,475.7748107910156,111.5804672241211
2024-04-19,163.6649169921875,174.6300048828125,118.30709075927734,35.48467254638672,702.76025390625,152.93447875976562,321.2898254394531,179.84359741210938,451.5184631347656,478.23974609375,393.98382568359375,76.16114807128906,152.25320434570312,147.0500030517578,483.4443054199219,112.86084747314453
2024-04-22,164.49810791015625,177.22999572753906,120.2466049194336,36.214134216308594,708.6537475585938,155.10801696777344,322.0083923339844,183.337890625,452.86688232421875,478.8959045410156,395.8001403808594,79.47745513916016,154.56387329101562,142.0500030517578,473.8937072753906,113.50102996826172
2024-04-23,165.5495147705078,179.5399932861328,122.67518615722656,36.82841491699219,715.804931640625,157.0731964111328,324.7771301269531,185.98037719726562,458.8853454589844,493.1813659667969,402.32513427734375,82.38097381591797,155.48814392089844,144.67999267578125,469.0218505859375,113.94351196289062
2024-04-24,167.65235900878906,176.58999633789062,123.42448425292969,36.78042984008789,717.0034790039062,157.9366912841797,319.0384521484375,186.89022827148438,458.5680236816406,490.5966491699219,403.7959289550781,79.6363754272461,156.54718017578125,162.1300048828125,470.10235595703125,113.96234130859375
2024-04-25,168.51535034179688,173.6699981689453,127.11693572998047,36.38690185546875,716.1403198242188,154.83013916015625,318.0516662597656,187.17092895507812,458.1813049316406,438.78326416015625,393.9048767089844,82.58985900878906,156.49905395507812,170.17999267578125,476.4308776855469,114.22594451904297
2024-04-26,167.93011474609375,179.6199951171875,131.9927520751953,36.310123443603516,723.40234375,170.66055297851562,321.03118896484375,187.287109375,458.4887390136719,440.6820373535156,401.0911865234375,87.69026947021484,155.28594970703125,168.2899932861328,477.8682861328125,111.05326080322266
2024-04-29,172.09613037109375,180.9600067138672,131.45755004882812,36.0413703918457,720.5748901367188,164.90403747558594,322.66943359375,187.08383178710938,453.21392822265625,430.07476806640625,397.07354736328125,87.7122573852539,155.6421661376953,194.0500030517578,471.7713317871094,112.63489532470703
2024-04-30,168.95175170898438,175.0,127.69142150878906,35.52305603027344,717.1720581054688,161.55931091308594,320.19769287109375,185.5931854248047,447.3641052246094,427.6392517089844,384.3197937011719,86.35794830322266,157.12484741210938,183.27999877929688,466.62939453125,111.34510040283203
2024-05-01,167.93011474609375,179.0,122.05357360839844,35.46546936035156,716.4974365234375,162.63119506835938,318.0420837402344,185.70936584472656,438.3117370605469,436.6061096191406,389.8575744628906,82.99864196777344,157.3173828125,179.99000549316406,467.0249328613281,109.23626708984375
2024-05-02,171.6299285888672,184.72000122070312,121.63226318359375,35.398284912109375,726.6365356445312,165.37049865722656,321.4527282714844,185.51577758789062,437.3499755859375,439.08154296875,392.7203063964844,85.77323913574219,157.7410125732422,180.00999450683594,475.572265625,109.43396759033203
2024-05-03,181.89617919921875,186.2100067138672,125.5152359008789,35.75342559814453,738.0056762695312,165.98587036132812,328.465576171875,184.40261840820312,439.8088684082031,449.3009948730469,401.42681884765625,88.74372100830078,158.3379364013672,181.19000244140625,475.07061767578125,109.20801544189453
2024-05-06,180.23971557617188,188.6999969482422,128.6774139404297,36.17573928833008,750.456298828125,166.83941650390625,327.9291076660156,185.84486389160156,445.54962158203125,462.9403381347656,408.2182922363281,92.09300994873047,158.31869506835938,184.75999450683594,476.9324951171875,109.91410827636719
2024-05-07,180.92410278320312,188.75999450683594,127.9703369140625,36.31972122192383,765.1985473632812,169.9657745361328,326.3962707519531,185.6028594970703,449.2082824707031,465.4851989746094,404.0722961425781,90.50782775878906,159.58953857421875,177.80999755859375,483.2802429199219,109.36807250976562
2024-05-08,181.2613525390625,188.0,130.15634155273438,36.194942474365234,757.3612060546875,168.1098175048828,324.6142578125,189.3778533935547,450.9037170410156,469.8196105957031,405.2568359375,90.36589813232422,158.92523193359375,174.72000122070312,485.45086669921875,109.34923553466797
2024-05-09,183.07652282714844,189.5,128.2217254638672,36.742034912109375,772.8673095703125,168.68548583984375,332.863037109375,191.16856384277344,451.6176452636719,472.623046875,407.01397705078125,88.70175170898438,159.85910034179688,171.97000122070312,489.1360778808594,111.50516510009766
2024-05-10,181.8151397705078,187.47999572753906,130.885986328125,36.905208587646484,780.9526977539062,167.38528442382812,331.8953552246094,192.3978271484375,453.0949401855469,473.3984069824219,409.40283203125,89.83216094970703,160.63897705078125,168.47000122070312,494.71209716796875,111.05326080322266
2024-05-13,185.02333068847656,186.57000732421875,131.3485565185547,36.67484664916992,769.0081787109375,167.87161254882812,326.6548767089844,192.35910034179688,453.86834716796875,465.256591796875,408.3959045410156,90.35291290283203,159.69544982910156,171.88999938964844,493.6797790527344,111.00618743896484
2024-05-14,186.16554260253906,187.07000732421875,135.52418518066406,36.943599700927734,771.736328125,169.0626220703125,326.21417236328125,195.0499725341797,450.338623046875,469.07403564453125,411.19940185546875,91.3094253540039,159.58953857421875,177.5500030517578,495.7443542480469,111.68003845214844
2024-05-15,188.44012451171875,185.99000549316406,141.03732299804688,37.34672164916992,780.8038330078125,171.21632385253906,334.0414123535156,195.63075256347656,454.10626220703125,478.7070007324219,418.3887634277344,94.58174133300781,160.31163024902344,173.99000549316406,499.2847900390625,112.5437240600586
2024-05-16,188.55931091308594,183.6300048828125,138.67649841308594,37.64427185058594,786.7860717773438,172.87379455566406,328.3506774902344,195.9792022705078,454.9688720703125,470.4458923339844,416.3219299316406,94.3108901977539,161.6113739013672,174.83999633789062,502.87347412109375,111.86986541748047
2024-05-17,188.58909606933594,184.6999969482422,137.0227813720703,37.71146011352539,789.5043334960938,174.73973083496094,329.76849365234375,198.22483825683594,456.3569641113281,469.1336364746094,415.5506286621094,92.43183135986328,161.39956665039062,177.4600067138672,506.11492919921875,113.54976654052734
2024-05-20,189.751220703125,183.5399932861328,138.8630828857422,37.26034164428711,786.7166748046875,175.59327697753906,323.6466064453125,189.3101043701172,455.7521667480469,466.0816955566406,420.6237487792969,94.73167419433594,161.08184814453125,174.9499969482422,498.97607421875,112.62914276123047
2024-05-21,191.05238342285156,183.14999389648438,137.40670776367188,38.0569953918457,794.5838012695312,176.5163116455078,322.04669189453125,193.12380981445312,455.1969299316406,461.8964538574219,424.28271484375,95.33735656738281,162.0831298828125,186.60000610351562,505.0730285644531,111.85088348388672
2024-05-22,189.61216735839844,183.1300048828125,136.72323608398438,38.162574768066406,795.5064086914062,175.05731201171875,316.719970703125,191.95257568359375,452.6388244628906,465.0279541015625,425.7463073730469,94.90158081054688,161.56324768066406,180.11000061035156,502.95068359375,109.60153198242188
2024-05-23,185.61929321289062,181.0500030517578,136.82635498046875,37.59627914428711,790.0302124023438,172.24855041503906,313.1752014160156,190.60714721679688,447.3739929199219,463.0397033691406,422.2653503417969,103.74607849121094,159.32960510253906,173.74000549316406,498.5902099609375,107.73181915283203
2024-05-24,188.6983642578125,180.75,138.25521850585938,38.10498809814453,803.3141479492188,173.67774963378906,311.4603576660156,194.27565002441406,447.3442687988281,475.40655517578125,425.3902893066406,106.41470336914062,159.17556762695312,179.24000549316406,490.2358093261719,107.64640045166016
2024-05-28,188.70831298828125,182.14999389648438,138.7079315185547,37.74025344848633,806.7268676757812,175.07716369628906,314.9092712402344,193.10440063476562,441.2961120605469,477.0965881347656,425.54852294921875,113.8429183959961,157.03819274902344,176.75,485.9042663574219,109.01309204101562
2024-05-29,189.00628662109375,182.02000427246094,136.5690460205078,37.16436004638672,800.1295776367188,174.5808868408203,312.236328125,191.7589874267578,438.7083435058594,471.5692138671875,424.4112854003906,114.76644897460938,155.63253784179688,176.19000244140625,467.6134338378906,107.84568786621094
2024-05-30,189.99952697753906,179.32000732421875,133.95782470703125,37.077972412109375,808.8797607421875,170.8193359375,317.5615234375,192.9398651123047,438.3414611816406,464.3022766113281,410.0720520019531,110.44365692138672,156.5279083251953,178.7899932861328,464.6517333984375,108.1873779296875
2024-05-31,190.9530792236328,176.44000244140625,130.46864318847656,38.383338928222656,803.4727783203125,171.20640563964844,323.0506591796875,196.13409423828125,443.2691955566406,464.0835266113281,410.5269775390625,109.57710266113281,158.4149627685547,178.0800018310547,477.88751220703125,111.2909164428711
2024-06-03,192.72105407714844,178.33999633789062,129.8155975341797,38.27775573730469,808.9292602539062,171.8713836669922,316.43280029296875,195.3500518798828,439.42218017578125,474.6807556152344,408.9347839355469,114.94136047363281,158.52085876464844,176.2899932861328,479.884521484375,108.62395477294922
2024-06-04,193.0388946533203,179.33999633789062,130.69154357910156,38.085792541503906,820.834228515625,172.4867401123047,316.6739807128906,192.77532958984375,440.98876953125,474.1837158203125,411.4565124511719,116.37763977050781,160.7930145263672,174.77000427246094,487.6503601074219,106.93456268310547
2024-06-05,194.5486297607422,181.27999877929688,138.7707977294922,38.35454559326172,827.6893920898438,174.09458923339844,318.6033935546875,190.9362335205078,442.86273193359375,492.1474609375,419.3084716796875,122.3775634765625,159.8687744140625,175.0,485.364013671875,107.36166381835938
2024-06-06,193.1680145263672,185.0,137.61000061035156,38.10498809814453,835.9633178710938,175.4047088623047,319.41375732421875,190.5974578857422,444.86553955078125,490.8551330566406,419.8128356933594,120.93629455566406,162.19866943359375,177.94000244140625,484.2063903808594,108.16839599609375
2024-06-07,195.56175231933594,184.3000030517578,138.13735961914062,38.41400146484375,838.8800659179688,173.15171813964844,315.4873962402344,193.5399932861328,445.9660949707031,490.059814453125,419.1502990722656,120.82636260986328,160.84117126464844,177.47999572753906,473.37274169921875,107.01050567626953
2024-06-10,191.81716918945312,187.05999755859375,141.45957946777344,38.30777359008789,841.6182250976562,173.89694213867188,320.82220458984375,193.2108917236328,445.4306640625,499.6430969238281,423.12567138671875,121.72789764404297,161.120361328125,173.7899932861328,477.53057861328125,107.3237075805664
2024-06-11,205.75253295898438,187.22999572753906,143.47866821289062,37.525596618652344,842.5805053710938,175.49668884277344,323.87066650390625,188.1291961669922,445.222412109375,504.4844665527344,427.88232421875,120.8582763671875,161.24549865722656,170.66000366210938,478.70758056640625,106.46002197265625
2024-06-12,211.6326141357422,186.88999938964844,146.86471557617188,38.05670166015625,841.0923461914062,176.6592559814453,331.9934997558594,185.38992309570312,439.2338562011719,505.8464050292969,436.1694030761719,125.14643859863281,159.0311279296875,177.2899932861328,475.6687316894531,105.28314971923828
2024-06-13,212.79470825195312,183.8300018310547,164.88316345214844,37.9118537902832,839.2570190429688,174.04598999023438,335.6015319824219,187.45164489746094,441.2168273925781,501.13427734375,436.68365478515625,129.55453491210938,160.21534729003906,182.47000122070312,479.74945068359375,104.43844604492188
2024-06-14,211.05653381347656,183.66000366210938,170.38748168945312,37.89254379272461,848.89013671875,175.66561889648438,334.59820556640625,187.56777954101562,440.8499450683594,501.6915283203125,437.6626892089844,131.82359313964844,160.58119201660156,178.00999450683594,479.5758056640625,103.5557861328125
2024-06-17,215.20831298828125,184.05999755859375,179.60195922851562,38.153263092041016,861.0330200195312,176.11276245117188,337.1643371582031,188.72930908203125,444.30035400390625,504.1494445800781,443.3984069824219,130.92396545410156,161.26478576660156,187.44000244140625,473.9664306640625,102.84397888183594
2024-06-18,212.8443603515625,182.80999755859375,177.0142822265625,38.61678695678711,863.8505249023438,173.97640991210938,341.38006591796875,190.6845703125,446.2833251953125,497.04443359375,441.3908996582031,135.52200317382812,162.2853240966797,184.86000061035156,466.0416564941406,103.81204223632812
2024-06-20,208.26547241210938,186.10000610351562,170.34033203125,38.61678695678711,855.6063842773438,175.17874145507812,340.9652099609375,192.30104064941406,448.6629943847656,499.24359130859375,440.75799560546875,130.72406005859375,161.42843627929688,181.57000732421875,469.4033508300781,106.05191040039062
2024-06-21,206.0902557373047,189.0800018310547,162.88372802734375,38.13396072387695,841.5884399414062,178.48756408691406,343.241943359375,190.0070037841797,450.9830627441406,492.35748291015625,444.792724609375,126.5158462524414,161.99647521972656,183.00999450683594,467.5335998535156,105.1218032836914
2024-06-24,206.7358856201172,185.57000732421875,156.85752868652344,38.645755767822266,841.4395751953125,178.0801544189453,338.49560546875,192.5043182373047,453.0751037597656,496.46728515625,442.7061462402344,118.05946350097656,162.1793975830078,182.5800018310547,474.6930847167969,108.24433135986328
2024-06-25,207.65960693359375,186.33999633789062,155.73248291015625,38.02773666381836,848.7313232421875,182.85958862304688,326.37890625,191.72027587890625,451.7762756347656,508.1000061035156,445.94976806640625,126.03604888916016,160.63897705078125,187.35000610351562,469.3840637207031,108.54803466796875
2024-06-26,211.81138610839844,193.61000061035156,156.8368377685547,37.66078186035156,850.0508422851562,182.71054077148438,329.75537109375,191.1007843017578,448.5340576171875,510.60760498046875,447.1463928222656,126.3459243774414,161.21664428710938,196.3699951171875,468.93841552734375,108.58599090576172
2024-06-27,212.65567016601562,197.85000610351562,156.31077575683594,37.90219497680664,843.8800659179688,184.23080444335938,329.4369812011719,192.7849884033203,438.9859619140625,517.0159912109375,447.8287048339844,123.93695068359375,160.4175262451172,197.4199981689453,471.2635192871094,109.05104064941406
2024-06-28,209.19912719726562,193.25,158.16973876953125,38.40434265136719,843.255126953125,180.99151611328125,332.0899658203125,195.77593994140625,437.40948486328125,501.7512512207031,441.994140625,123.48715209960938,158.78082275390625,197.8800048828125,493.3715515136719,109.25985717773438
2024-07-01,215.2877655029297,197.1999969482422,161.6444091796875,38.63610076904297,838.96923828125,181.82618713378906,324.3240661621094,198.86367797851562,433.88958740234375,502.208984375,451.6656799316406,124.246826171875,156.66270446777344,209.86000061035156,479.21734619140625,109.10799407958984
2024-07-02,218.7840576171875,200.0,163.2876434326172,39.524505615234375,852.5508422851562,184.06187438964844,323.14715576171875,202.1353302001953,440.8697814941406,507.00537109375,454.1873779296875,122.61751556396484,157.79876708984375,231.25999450683594,482.69537353515625,108.3676986694336
2024-07-03,220.05540466308594,197.58999633789062,170.35516357421875,39.49554443359375,855.82470703125,184.63818359375,321.86407470703125,201.99981689453125,444.36981201171875,507.463134765625,455.660888671875,128.22511291503906,157.7313995361328,246.38999938964844,474.6058654785156,108.91818237304688
2024-07-05,224.81307983398438,200.0,167.8026123046875,39.02236557006836,878.65234375,189.38780212402344,322.7708435058594,199.32322692871094,445.66864013671875,537.2665405273438,462.3755798339844,125.77616119384766,159.06004333496094,251.52000427246094,472.7845153808594,107.59893798828125
2024-07-08,226.28309631347656,199.2899932861328,171.9944610595703,39.225154876708984,873.8607177734375,187.82774353027344,327.61370849609375,199.69308471679688,442.4462585449219,526.7283935546875,461.07025146484375,128.14512634277344,160.32125854492188,252.94000244140625,474.0730285644531,106.4695053100586
2024-07-09,227.1372833251953,199.33999633789062,170.75808715820312,39.9976806640625,879.8229370117188,187.778076171875,325.19232177734375,202.08741760253906,441.57244873046875,527.4050903320312,454.4444885253906,131.3238067626953,159.49325561523438,262.3299865722656,476.7565612792969,105.29263305664062
2024-07-10,231.40829467773438,199.7899932861328,171.8791961669922,40.306697845458984,877.3031005859375,189.96409606933594,332.03204345703125,202.25286865234375,430.5902404785156,532.0721435546875,461.0801086425781,134.852294921875,160.59083557128906,263.260009765625,485.30145263671875,106.22274780273438
2024-07-11,226.03477478027344,195.0500030517578,168.0626983642578,40.37428665161133,839.882080078125,184.38980102539062,341.3029479980469,201.91221618652344,433.35064697265625,510.1897277832031,449.658203125,127.34550476074219,159.37774658203125,241.02999877929688,488.6243896484375,107.48504638671875
2024-07-12,228.9847412109375,194.49000549316406,167.5425262451172,40.16184616088867,836.2212524414062,183.8929443359375,347.07183837890625,199.46922302246094,437.01470947265625,496.4274597167969,448.5209045410156,129.1847381591797,160.40792846679688,248.22999572753906,495.5707092285156,107.50402069091797
2024-07-15,232.81869506835938,192.72000122070312,168.8754425048828,40.451541900634766,842.0050659179688,185.3436737060547,345.8080139160156,204.4427947998047,440.87738037109375,493.7306823730469,448.9263916015625,128.3850555419922,158.45346069335938,252.63999938964844,499.29095458984375,109.34526824951172
2024-07-16,233.23587036132812,193.02000427246094,166.86575317382812,42.6146240234375,844.0289916992188,182.75025939941406,356.091796875,207.91751098632812,440.41070556640625,487.3919372558594,444.5356140136719,126.3059310913086,160.73524475097656,256.55999755859375,531.7457275390625,110.13302612304688
2024-07-17,227.3359375,187.92999267578125,153.66464233398438,42.46977996826172,839.574462890625,179.86871337890625,358.7640380859375,211.08074951171875,447.9870300292969,459.7279968261719,438.6021423339844,117.93951416015625,163.13255310058594,248.5,555.3941650390625,111.65157318115234
2024-07-18,222.66763305664062,183.75,158.1372528076172,41.533084869384766,832.71923828125,176.5598907470703,353.1590881347656,204.37466430664062,445.564208984375,473.5201721191406,435.4870300292969,121.0381851196289,162.16978454589844,249.22999572753906,546.7330932617188,112.75253295898438
2024-07-19,222.79678344726562,183.1300048828125,155.01431274414062,41.42686462402344,831.489013671875,176.5301055908203,350.5351257324219,204.18002319335938,440.5695495605469,474.45556640625,432.26324462890625,117.87955474853516,162.6802215576172,239.1999969482422,547.6921997070312,110.16149139404297
2024-07-22,222.4491424560547,182.5500030517578,158.6692352294922,40.84746551513672,840.7054443359375,180.51458740234375,350.42901611328125,204.66665649414062,444.7896423339844,485.01361083984375,438.0285949707031,123.48715209960938,162.96109008789062,251.50999450683594,541.1043701171875,109.40221405029297
2024-07-23,223.49208068847656,186.41000366210938,161.33900451660156,40.95368576049805,845.3582763671875,180.63380432128906,346.9270935058594,204.71531677246094,438.6134338378906,486.29730224609375,439.9173889160156,122.53755187988281,161.38232421875,246.3800048828125,537.393798828125,107.63690948486328
2024-07-24,217.06570434570312,180.8300018310547,149.09352111816406,40.741241455078125,824.2369995117188,171.53208923339844,337.94573974609375,203.0217742919922,429.4085998535156,459.0115051269531,424.1442565917969,114.20111846923828,162.71896362304688,215.99000549316406,542.2862548828125,109.15545654296875
2024-07-25,216.02279663085938,179.85000610351562,147.04441833496094,40.248756408691406,809.48486328125,166.21609497070312,340.8205261230469,203.09967041015625,426.5786437988281,451.1900329589844,413.7607116699219,112.2319564819336,161.65353393554688,220.25,542.2184448242188,111.45225524902344
2024-07-26,216.48963928222656,182.5,149.3792266845703,40.239097595214844,812.2764282226562,165.93789672851562,346.8210144042969,206.5743408203125,435.0982971191406,463.41986083984375,420.55450439453125,113.0116195678711,163.7940673828125,219.8000030517578,551.9451293945312,111.35735321044922
2024-07-29,216.7677459716797,183.1999969482422,147.9901580810547,39.679012298583984,810.2498168945312,168.4517822265625,348.90478515625,205.22146606445312,438.1963806152344,463.4297790527344,421.9983215332031,111.54225158691406,164.58827209472656,232.10000610351562,549.0679321289062,110.1899642944336
2024-07-30,217.32395935058594,181.7100067138672,141.3896026611328,39.86248779296875,804.7557983398438,169.20693969726562,350.8534851074219,209.44558715820312,444.3031311035156,460.9221496582031,418.2305908203125,103.68562316894531,156.6170196533203,222.6199951171875,558.3489990234375,112.15460205078125
2024-07-31,220.58181762695312,186.97999572753906,158.2948760986328,38.92580032348633,816.6478271484375,170.44898986816406,355.16571044921875,207.11940002441406,460.4487609863281,472.5050964355469,413.71124267578125,116.96991729736328,155.70654296875,232.07000732421875,558.1842651367188,112.5531997680664
2024-08-01,216.8869171142578,184.07000732421875,144.837646484375,38.14361572265625,811.5711059570312,169.67396545410156,345.923828125,202.4086151123047,459.15789794921875,495.3029479980469,412.4849853515625,109.16327667236328,160.48158264160156,216.86000061035156,554.900146484375,110.99668884277344
2024-08-02,218.37680053710938,167.89999389648438,141.6851348876953,36.289546966552734,816.7273559570312,165.6000518798828,342.885009765625,193.82403564453125,458.7706298828125,485.7499694824219,403.9605712890625,107.2240982055664,164.73358154296875,207.6699981689453,571.4277954101562,110.93025970458984
2024-08-05,207.8582305908203,161.02000427246094,139.97097778320312,35.391483306884766,796.6091918945312,158.2371826171875,337.65631103515625,189.69723510742188,438.8914794921875,473.4007568359375,390.7684631347656,100.40702056884766,162.77708435058594,198.8800048828125,552.1777954101562,108.92767333984375
2024-08-06,205.83200073242188,161.92999267578125,141.7836456298828,35.65220642089844,811.5612182617188,157.2832794189453,341.41864013671875,194.99200439453125,445.1471252441406,491.67083740234375,395.1790466308594,104.20539855957031,162.80613708496094,200.63999938964844,550.6179809570312,108.34871673583984
2024-08-07,208.404541015625,162.77000427246094,134.24722290039062,36.01915740966797,805.0239868164062,157.92916870117188,330.31488037109375,195.05039978027344,446.6763000488281,486.5261535644531,394.01214599609375,98.86769104003906,164.6754608154297,191.75999450683594,548.4188842773438,109.79135131835938
2024-08-08,211.87098693847656,165.8000030517578,143.57666015625,36.897911071777344,833.96435546875,160.99948120117188,336.04522705078125,198.61270141601562,452.3759460449219,507.134765625,398.2248840332031,104.92508697509766,165.4987335205078,198.83999633789062,548.5737915039062,111.88884735107422
2024-08-09,214.78123474121094,166.94000244140625,146.05921936035156,36.96550369262695,849.3634643554688,162.6290740966797,336.3346862792969,200.30625915527344,453.5675048828125,515.23486328125,401.5179443359375,104.70518493652344,165.17910766601562,200.0,541.3271484375,112.79997253417969
2024-08-12,216.31260681152344,166.8000030517578,146.41387939453125,36.85927963256836,857.9471435546875,161.25784301757812,333.6045227050781,200.68585205078125,452.48516845703125,513.423828125,402.2991638183594,108.97335815429688,161.5663604736328,197.49000549316406,547.6535034179688,112.94234466552734
2024-08-13,220.0316925048828,170.22999572753906,153.84197998046875,37.13932418823242,859.1890869140625,163.11593627929688,337.71417236328125,202.3891143798828,456.12933349609375,525.9521484375,409.41937255859375,116.0903091430664,162.03126525878906,207.8300018310547,556.32421875,111.8603744506836
2024-08-14,220.47914123535156,170.10000610351562,155.34925842285156,37.4773063659668,857.0928344726562,159.35003662109375,343.10687255859375,204.6277313232422,456.9237365722656,524.180908203125,412.2377624511719,118.02948760986328,163.4938201904297,201.3800048828125,561.5847778320312,112.89488983154297
2024-08-15,223.46237182617188,177.58999633789062,163.6639862060547,37.689754486083984,871.6373901367188,160.27415466308594,347.3612365722656,205.90277099609375,465.41357421875,534.6990966796875,417.1119384765625,122.80744171142578,162.64146423339844,214.13999938964844,561.5266723632812,113.59330749511719
2024-08-16,224.78494262695312,177.05999755859375,163.26007080078125,37.98910903930664,864.9214477539062,161.92356872558594,349.281005859375,208.25814819335938,465.5823974609375,524.837646484375,414.5758056640625,124.52668762207031,162.6124267578125,216.1199951171875,559.6568603515625,113.05754089355469
2024-08-19,224.62582397460938,178.22000122070312,165.2205352783203,38.30777359008789,866.669921875,165.6099853515625,350.2553405761719,209.69863891601562,463.6957702636719,526.6885375976562,417.6073303222656,129.94439697265625,163.12576293945312,222.72000122070312,560.7225341796875,113.4019546508789
2024-08-20,225.24234008789062,178.8800048828125,163.4866485595703,37.361427307128906,870.4949340820312,166.11672973632812,354.3070983886719,208.79348754882812,465.8207092285156,524.1510009765625,420.846923828125,127.195556640625,165.05320739746094,221.10000610351562,562.5342407226562,109.62285614013672
2024-08-21,225.13296508789062,180.11000061035156,163.31915283203125,37.41936492919922,875.680908203125,164.7952117919922,357.384521484375,208.871337890625,464.7085876464844,532.539794921875,420.19305419921875,128.4450225830078,164.81106567382812,223.27000427246094,560.0347290039062,108.92442321777344
2024-08-22,223.27342224121094,176.1300048828125,159.93023681640625,37.89254379272461,871.8460693359375,162.7582244873047,352.4644775390625,210.84716796875,465.5227966308594,529.3255615234375,411.6829528808594,123.68705749511719,164.8013916015625,210.66000366210938,560.6644287109375,109.766357421875
2024-08-23,225.5705108642578,177.0399932861328,163.8905792236328,38.40434265136719,873.4854125976562,164.56666564941406,362.33343505859375,212.48231506347656,463.1595458984375,525.414794921875,412.9114074707031,129.31463623046875,163.85218811035156,220.32000732421875,566.2738037109375,111.28755950927734
2024-08-26,225.90858459472656,175.5,157.2506103515625,38.549190521240234,886.69873046875,165.1032257080078,360.9056701660156,213.31935119628906,465.3441162109375,518.5685424804688,409.64215087890625,126.40589904785156,164.99510192871094,213.2100067138672,568.81201171875,113.66983795166016
2024-08-27,226.7538299560547,173.1199951171875,158.9943389892578,38.30777359008789,902.9820556640625,163.63262939453125,360.00848388671875,214.30235290527344,471.6493835449219,516.5584716796875,409.9888916015625,128.2451171875,163.92967224121094,209.2100067138672,569.025146484375,112.58873748779297
2024-08-28,225.22247314453125,170.8000030517578,155.8319854736328,38.57815933227539,882.2677612304688,161.8142852783203,359.53582763671875,215.3827362060547,468.48187255859375,514.249755859375,406.77899169921875,125.55626678466797,163.74563598632812,205.75,570.177978515625,111.47891998291016
2024-08-29,228.50399780273438,172.1199951171875,154.60052490234375,38.79060363769531,880.8569946289062,160.7510986328125,356.25531005859375,216.27821350097656,477.4185791015625,515.6826171875,409.27557373046875,117.53968811035156,164.68515014648438,206.27999877929688,573.1135864257812,113.0192642211914
2024-08-30,227.71841430664062,178.5,160.40313720703125,39.35069274902344,886.5695190429688,162.34091186523438,357.6529235839844,218.799072265625,479.9407043457031,518.7575073242188,413.2582092285156,119.31893157958984,166.14767456054688,214.11000061035156,571.7862548828125,112.83748626708984
2024-09-03,221.5233154296875,176.25,150.52200317382812,39.30241012573242,872.8494262695312,156.3591766357422,354.0035705566406,214.419189453125,478.7292785644531,509.25433349609375,405.6298522949219,107.95378875732422,169.0340118408203,210.60000610351562,580.001708984375,110.47434997558594
2024-09-04,219.61402893066406,173.3300018310547,151.83226013183594,39.109275817871094,884.2249755859375,155.45498657226562,353.9356689453125,213.47506713867188,479.74212646484375,510.2294921875,405.0948791503906,106.16455841064453,170.37063598632812,219.41000366210938,585.330078125,109.1253433227539
2024-09-05,221.13546752929688,177.88999938964844,150.55157470703125,38.761634826660156,880.211181640625,156.2399444580078,351.19866943359375,211.82046508789062,474.00274658203125,514.3292846679688,404.5896301269531,107.16413879394531,169.95413208007812,230.1699981689453,576.9112548828125,108.27384948730469
2024-09-06,219.58419799804688,171.38999938964844,134.9663848876953,37.67304229736328,870.9717407226562,149.9601287841797,349.45166015625,206.78848266601562,472.7714538574219,497.8205871582031,397.9618835449219,102.7860107421875,170.0703887939453,210.72999572753906,578.2578735351562,107.76677703857422
2024-09-09,219.6737060546875,175.39999389648438,138.7296905517578,38.36313247680664,890.65283203125,147.9602813720703,354.7606201171875,211.02235412597656,483.6643371582031,502.3185119628906,401.9444580078125,106.42444610595703,170.5255889892578,216.27000427246094,575.5645751953125,110.03424835205078
2024-09-10,218.87815856933594,179.5500030517578,146.00997924804688,38.178462982177734,888.4671020507812,147.91053771972656,359.953125,200.07266235351562,484.5877990722656,502.3185119628906,410.3455810546875,108.05374908447266,172.20120239257812,226.1699981689453,580.3408203125,106.02552795410156
2024-09-11,221.41390991210938,184.52000427246094,155.920654296875,37.906314849853516,894.537353515625,150.39791870117188,359.58428955078125,201.6980743408203,484.74664306640625,509.3239440917969,419.1033020019531,116.85997772216797,168.45286560058594,228.1300048828125,571.3502807617188,104.97310638427734
2024-09-12,221.5233154296875,187.0,162.11729431152344,37.69248580932617,909.0722045898438,153.91014099121094,363.4083251953125,201.0849151611328,488.64898681640625,523.0265502929688,423.02642822265625,119.0992202758789,168.0170135498047,229.80999755859375,570.0617065429688,106.41778564453125
2024-09-13,221.2548065185547,186.49000549316406,165.20082092285156,37.56612777709961,910.0357666015625,156.6661834716797,368.8046875,198.8657684326172,489.8902282714844,522.0514526367188,426.5830383300781,119.0592269897461,168.60784912109375,230.2899932861328,575.7777099609375,106.34124755859375
2024-09-16,215.10939025878906,184.88999938964844,161.58529663085938,38.003509521484375,901.958740234375,157.2631378173828,370.7652282714844,202.31126403808594,494.2096252441406,531.1751708984375,427.3260192871094,116.7400131225586,171.66851806640625,226.77999877929688,572.783203125,107.83375549316406
2024-09-17,215.5767364501953,186.8800048828125,160.0583038330078,38.44089126586914,891.4277954101562,158.51681518554688,371.95904541015625,203.66416931152344,497.466552734375,534.2032470703125,431.1005859375,115.55043029785156,170.35125732421875,227.8699951171875,561.9136352539062,109.24015045166016
2024-09-18,219.45492553710938,186.42999267578125,159.27017211914062,38.50892639160156,886.7086181640625,159.00433349609375,372.70635986328125,201.9900665283203,491.2803649902344,535.8268432617188,426.80096435546875,113.33118438720703,168.45286560058594,227.1999969482422,564.5289916992188,109.62285614013672
2024-09-19,227.58914184570312,189.8699951171875,165.477294921875,39.723873138427734,894.8751831054688,161.32257080078125,378.85003662109375,204.861328125,489.542724609375,556.893310546875,434.607666015625,117.82965087890625,166.14767456054688,243.9199981689453,561.04833984375,110.98141479492188
2024-09-20,226.92288208007812,191.60000610351562,169.1146240234375,39.14070129394531,901.074462890625,162.76527404785156,378.3841552734375,205.4550323486328,489.27459716796875,559.1343994140625,431.2194519042969,115.96029663085938,168.7434539794922,238.25,559.0358276367188,110.28298950195312
2024-09-23,225.20257568359375,193.8800048828125,170.9332733154297,38.75191879272461,911.1087646484375,161.03404235839844,380.4223327636719,205.79568481445312,493.6436767578125,562.182373046875,429.475830078125,116.22020721435547,168.3075714111328,250.0,557.4899291992188,112.28257751464844
2024-09-24,226.09754943847656,193.9600067138672,172.8112030029297,38.34369659423828,895.6699829101562,161.47181701660156,388.8662414550781,205.94168090820312,483.9820861816406,561.1066284179688,425.1762390136719,120.82862854003906,167.7942657470703,254.27000427246094,559.2205810546875,111.98599243164062
2024-09-25,225.10311889648438,192.52999877929688,173.4833221435547,38.14930725097656,902.505126953125,160.6758575439453,385.2460632324219,204.57907104492188,486.00775146484375,566.0669555664062,428.0888671875,123.46772003173828,166.84503173828125,257.0199890136719,560.3094482421875,109.80462646484375
2024-09-26,226.2467041015625,191.16000366210938,176.0234832763672,38.41173553466797,895.570556640625,161.90960693359375,385.0228576660156,204.18002319335938,487.8149108886719,565.5988159179688,427.2962646484375,123.9975357055664,167.7651824951172,254.22000122070312,558.85107421875,107.91986083984375
2024-09-27,226.5151824951172,187.97000122070312,170.68614196777344,38.29510498046875,879.8536376953125,163.1234588623047,387.76947021484375,204.88079833984375,490.1683044433594,565.1207275390625,424.0368957519531,121.35844421386719,168.09451293945312,260.4599914550781,565.695556640625,110.8092041015625
2024-09-30,231.69601440429688,186.3300018310547,170.49835205078125,38.56724548339844,880.747802734375,165.01388549804688,393.2726135253906,205.23118591308594,490.3271484375,570.1806640625,426.2957458496094,121.39842987060547,167.75550842285156,261.6300048828125,568.447021484375,112.14862823486328
2024-10-01,224.9440460205078,185.1300048828125,165.5267333984375,38.120147705078125,871.667236328125,166.1481170654297,397.0093078613281,201.51315307617188,492.8890075683594,574.1947021484375,416.7751770019531,116.95995330810547,167.6005096435547,258.0199890136719,567.1052856445312,114.74138641357422
2024-10-02,225.51083374023438,184.75999450683594,168.67971801757812,38.12986373901367,872.8097534179688,165.02381896972656,399.15423583984375,201.7564697265625,492.084716796875,570.5491943359375,413.248291015625,118.80931854248047,166.5157470703125,249.02000427246094,575.8651733398438,116.26260375976562
2024-10-03,224.4070587158203,181.9600067138672,169.8954315185547,38.14930725097656,869.9683227539062,165.02381896972656,399.4648132324219,199.75148010253906,491.4888916015625,580.4698486328125,412.6637878417969,122.80794525146484,164.77230834960938,240.66000366210938,576.2929077148438,117.27674102783203
2024-10-04,225.53073120117188,186.50999450683594,174.59031677246094,38.985191345214844,877.3599243164062,166.2177734375,396.339599609375,206.8413848876953,494.19970703125,593.5879516601562,412.1882629394531,124.87723541259766,163.57130432128906,250.0800018310547,574.7860717773438,119.42939758300781
2024-10-07,220.4493408203125,180.8000030517578,173.04843139648438,38.839393615722656,867.9019165039062,162.15834045410156,396.0484313964844,206.55738830566406,487.8446960449219,582.4720458984375,405.7289123535156,127.67627716064453,161.8666229248047,240.8300018310547,567.358154296875,119.94603729248047
2024-10-08,224.50648498535156,182.72000122070312,178.6328582763672,38.81023406982422,884.6223754882812,163.55128479003906,401.98828125,206.38111877441406,493.564208984375,590.5499877929688,410.8507995605469,132.84449768066406,162.8739471435547,244.5,565.43310546875,116.76010131835938
2024-10-09,228.25538635253906,185.1699981689453,183.79229736328125,39.06294250488281,903.1806640625,161.0439910888672,403.8226623535156,208.99578857421875,497.0939636230469,588.1793212890625,413.5751953125,132.6045684814453,163.94903564453125,241.0500030517578,574.8054809570312,116.80792999267578
2024-10-10,227.7581787109375,186.64999389648438,183.5353240966797,38.84911346435547,887.8114624023438,161.26287841796875,397.89251708984375,208.4278106689453,495.1749267578125,581.5256958007812,411.9702453613281,134.7638397216797,163.63909912109375,238.77000427246094,581.1055908203125,117.81251525878906
2024-10-11,226.27655029296875,188.82000732421875,179.3741455078125,40.773590087890625,883.2413940429688,162.41702270507812,399.7753601074219,217.681884765625,499.3907470703125,587.6216430664062,412.4458312988281,134.7538604736328,165.71182250976562,217.8000030517578,581.44580078125,118.26217651367188
2024-10-14,230.00555419921875,187.5399932861328,180.1945343017578,40.734710693359375,883.9666748046875,164.1283721923828,403.1917724609375,216.88868713378906,503.765625,588.0897216796875,415.2395935058594,138.0227508544922,167.08718872070312,219.16000366210938,588.5917358398438,118.71184539794922
2024-10-15,232.54127502441406,187.69000244140625,173.93797302246094,40.9582633972168,888.7850341796875,164.6258544921875,403.3470764160156,217.7798309326172,504.33233642578125,583.9560546875,414.84326171875,131.55496215820312,168.1138916015625,219.57000732421875,540.8452758789062,115.14321899414062
2024-10-16,230.48284912109375,186.88999938964844,174.76824951171875,41.59975051879883,881.6021728515625,164.3273468017578,406.287841796875,219.00392150878906,511.1332702636719,574.513427734375,412.2476501464844,135.67355346679688,166.96128845214844,221.3300018310547,555.4774780273438,115.4398193359375
2024-10-17,230.8507843017578,187.52999877929688,179.423583984375,41.405364990234375,879.5256958007812,162.1085968017578,403.366455078125,219.7677459716797,510.82501220703125,574.6529541015625,412.84210205078125,136.8831329345703,166.86441040039062,220.88999938964844,550.3148803710938,115.14321899414062
2024-10-18,233.68484497070312,188.99000549316406,177.8026123046875,41.13321304321289,883.7679443359375,162.59613037109375,402.7841491699219,220.6980438232422,513.3903198242188,574.1947021484375,414.2686767578125,137.9527587890625,166.87123107910156,220.6999969482422,553.7954711914062,114.81792449951172
2024-10-21,235.1565399169922,189.07000732421875,177.90145874023438,40.58891677856445,880.9961547851562,163.2428741455078,394.4372863769531,218.377197265625,512.06787109375,572.889892578125,414.8829040527344,143.6608123779297,165.176025390625,218.85000610351562,555.6038208007812,114.88490295410156
2024-10-22,234.54002380371094,189.6999969482422,177.2985382080078,41.113773345947266,887.67236328125,164.3074493408203,390.0212707519531,219.4739532470703,510.0892639160156,579.712890625,423.5317077636719,143.5408477783203,165.3319091796875,217.97000122070312,554.0384521484375,115.47808074951172
2024-10-23,229.46856689453125,184.7100067138672,171.49664306640625,41.152652740478516,893.3153686523438,161.95936584472656,387.87628173828125,218.7786865234375,510.7951965332031,561.4651489257812,420.6487731933594,139.51222229003906,165.21499633789062,213.64999389648438,548.9634399414062,115.06668090820312
2024-10-24,229.2796173095703,186.3800048828125,169.36170959472656,41.45396041870117,887.602783203125,161.89964294433594,390.8267822265625,220.31613159179688,507.7029724121094,565.5390625,420.7775573730469,140.3619384765625,165.2539520263672,260.4800109863281,545.23974609375,114.41609954833984
2024-10-25,230.1149444580078,187.8300018310547,170.9925537109375,40.71527099609375,885.4171142578125,164.43682861328125,387.16778564453125,217.70147705078125,504.4615783691406,570.9874267578125,424.1656799316406,141.49154663085938,163.88999938964844,269.19000244140625,548.8856811523438,114.32042694091797
2024-10-28,232.0937957763672,188.38999938964844,170.02395629882812,41.42479705810547,885.1588134765625,165.87948608398438,391.0306396484375,220.8253631591797,505.3067626953125,575.8780517578125,422.6202087402344,140.47190856933594,164.9422149658203,262.510009765625,549.5467529296875,113.75595092773438
2024-10-29,232.36228942871094,190.8300018310547,177.16014099121094,41.33732223510742,881.2147216796875,168.82455444335938,383.4407958984375,218.2792510986328,503.38775634765625,590.9384765625,427.9303894042969,141.20164489746094,162.86703491210938,259.5199890136719,546.5230712890625,112.20602416992188
2024-10-30,228.81227111816406,192.72999572753906,174.59031677246094,41.12349319458008,873.3661499023438,173.58045959472656,380.9658508300781,219.75794982910156,510.75543212890625,589.4641723632812,428.5049743652344,139.29229736328125,161.88302612304688,257.54998779296875,547.330078125,111.64155578613281
2024-10-31,224.64572143554688,186.39999389648438,167.800048828125,40.64723587036133,868.4880981445312,170.24734497070312,382.15966796875,217.31956481933594,496.7359619140625,565.3399047851562,402.568603515625,132.7145538330078,160.92825317382812,249.85000610351562,548.8273315429688,111.72767639160156
2024-11-01,221.6625213623047,197.92999267578125,166.9599151611328,40.58891677856445,872.7557983398438,170.4264373779297,381.0337829589844,218.3184356689453,505.17742919921875,564.9214477539062,406.5511474609375,135.35365295410156,160.85032653808594,248.97999572753906,551.8024291992188,109.97683715820312
2024-11-04,220.7675323486328,195.77999877929688,166.59420776367188,40.17097473144531,881.4703369140625,168.38677978515625,383.92608642578125,215.22393798828125,502.6917724609375,558.4671020507812,404.6589660644531,136.00343322753906,160.83084106445312,242.83999633789062,542.2841186523438,113.47850036621094
2024-11-05,222.199462890625,199.5,171.88211059570312,40.7055549621582,885.549072265625,168.88427734375,388.31298828125,216.8984832763672,502.6719055175781,570.170654296875,407.6310119628906,139.8621063232422,161.49331665039062,251.44000244140625,551.2871704101562,113.8133544921875
2024-11-06,221.4735565185547,207.08999633789062,177.46656799316406,44.136558532714844,894.5819091796875,175.62013244628906,376.93798828125,241.93841552734375,518.1529541015625,569.7921752929688,416.2698669433594,145.56016540527344,156.90455627441406,288.5299987792969,580.1236572265625,115.76509094238281
2024-11-07,226.20692443847656,210.0500030517578,181.6771240234375,43.51450729370117,909.185791015625,179.83876037597656,387.6821594238281,231.4798126220703,514.9215087890625,589.36474609375,421.47100830078125,148.8290557861328,159.2038116455078,296.9100036621094,588.6404418945312,115.90862274169922
2024-11-08,225.93814086914062,208.17999267578125,181.50909423828125,43.86441421508789,938.9006958007812,177.45086669921875,393.9519958496094,232.06735229492188,521.76220703125,587.0139770507812,418.6079406738281,147.5794677734375,163.3931427001953,321.2200012207031,598.7127685546875,115.87033081054688
2024-11-11,223.22042846679688,206.83999633789062,176.83399963378906,44.78777313232422,928.037353515625,179.44078063964844,396.27166748046875,234.32948303222656,527.0916137695312,580.8682861328125,414.1200866699219,145.2102508544922,161.75637817382812,350.0,607.8907470703125,115.25802612304688
2024-11-12,223.22042846679688,208.91000366210938,174.17520141601562,44.57394027709961,927.5400390625,180.70437622070312,391.21502685546875,234.59388732910156,526.14697265625,582.51171875,419.0933532714844,148.2392120361328,161.57127380371094,328.489990234375,597.6043701171875,115.14321899414062
2024-11-13,224.10643005371094,214.10000610351562,171.56582641601562,44.583656311035156,928.8829345703125,177.9781951904297,398.11572265625,236.1607208251953,518.898681640625,577.7108154296875,421.2431640625,146.21994018554688,162.29222106933594,330.239990234375,589.048828125,116.21476745605469
2024-11-14,227.19247436523438,211.47999572753906,168.40296936035156,44.612823486328125,919.0940551757812,174.69482421875,393.77734375,236.8560028076172,517.4271240234375,574.8819580078125,422.91748046875,146.70974731445312,162.7793426513672,311.17999267578125,576.6819458007812,116.29193115234375
2024-11-15,223.98695373535156,202.61000061035156,162.92723083496094,45.43898391723633,902.361328125,171.62037658691406,396.1648864746094,240.22467041015625,518.9085693359375,551.8931274414062,411.1380920410156,141.93138122558594,165.176025390625,320.7200012207031,575.7874755859375,115.08617401123047
2024-11-18,226.99337768554688,201.6999969482422,163.7476043701172,45.40982437133789,914.7367553710938,174.41622924804688,398.3583679199219,239.95050048828125,518.6500854492188,552.2118530273438,411.8910217285156,140.1020050048828,166.35488891601562,338.739990234375,573.2791137695312,116.05078887939453
2024-11-19,227.252197265625,204.61000061035156,163.4313201904297,45.108516693115234,925.321533203125,177.22201538085938,394.82550048828125,238.05072021484375,516.4924926757812,558.8754272460938,413.90216064453125,146.9596710205078,166.3646240234375,346.0,560.9802856445312,114.43025207519531
2024-11-20,227.9689483642578,202.8800048828125,161.35569763183594,44.768333435058594,923.2622680664062,175.09278869628906,388.2256774902344,235.78858947753906,509.61199951171875,563.2879638671875,411.6235046386719,145.84005737304688,166.4912872314453,342.0299987792969,583.8278198242188,116.06043243408203
2024-11-21,227.49111938476562,198.3800048828125,162.0376739501953,45.15711212158203,950.689208984375,166.784912109375,398.3680725097656,239.68609619140625,512.1573486328125,560.8675537109375,409.8466491699219,146.6197967529297,168.30340576171875,339.6400146484375,580.9013671875,117.61343383789062
2024-11-22,228.83502197265625,197.1199951171875,162.32432556152344,45.681968688964844,959.0057983398438,163.92935180664062,407.636962890625,243.3975372314453,517.8844604492188,556.9331665039062,413.9464111328125,141.90138244628906,171.74253845214844,352.55999755859375,574.4652099609375,117.47838592529297
2024-11-25,231.82151794433594,201.4499969482422,162.90748596191406,46.16795349121094,955.9020385742188,166.80477905273438,416.0517578125,245.10145568847656,523.5916748046875,562.8795776367188,415.7232971191406,135.9734344482422,172.823974609375,338.5899963378906,589.0098876953125,115.72282409667969
2024-11-26,234.0016632080078,207.86000061035156,162.8284149169922,46.41093826293945,966.4568481445312,168.2673797607422,416.8767395019531,244.7880859375,525.4609375,571.2762451171875,424.8559265136719,136.87313842773438,174.69454956054688,338.2300109863281,589.9431762695312,113.79362487792969
2024-11-27,233.87225341796875,205.74000549316406,157.81723022460938,46.43037414550781,956.5585327148438,168.37684631347656,416.7987060546875,244.61180114746094,529.3386840820312,566.9534301757812,419.89251708984375,135.2936553955078,174.74327087402344,332.8900146484375,591.4890747070312,113.49459838867188
2024-11-29,236.26145935058594,207.88999938964844,160.19927978515625,46.177669525146484,966.8349609375,168.09825134277344,418.6914978027344,244.54327392578125,529.8955078125,572.05322265625,420.3591003417969,138.2026824951172,174.6458282470703,345.1600036621094,593.258544921875,113.78397369384766
2024-12-02,238.51126098632812,210.7100067138672,164.57786560058594,45.720855712890625,969.938720703125,170.6254425048828,416.5742492675781,241.1452178955078,528.3245239257812,590.490234375,427.82403564453125,138.58253479003906,175.0745086669922,357.0899963378906,591.6251831054688,113.67787170410156
2024-12-03,241.5574951171875,213.44000244140625,166.19882202148438,45.50701904296875,977.0516357421875,170.4761962890625,418.9061584472656,239.74485778808594,523.1741333007812,611.2279663085938,428.04241943359375,140.2119903564453,170.90467834472656,351.4200134277344,588.4264526367188,113.50424194335938
2024-12-04,241.91586303710938,218.16000366210938,168.58087158203125,45.069637298583984,985.7760620117188,173.49090576171875,417.5109558105469,238.35426330566406,518.1629638671875,611.3574829101562,434.2168884277344,145.09033203125,170.6026611328125,357.92999267578125,593.8321533203125,110.23426055908203
2024-12-05,241.9457244873047,220.5500030517578,168.49191284179688,45.681968688964844,977.1610107421875,171.76963806152344,416.1645202636719,240.39117431640625,521.7721557617188,606.526611328125,439.3787841796875,145.0203399658203,171.49896240234375,369.489990234375,562.8955078125,110.71654510498047
2024-12-06,241.74664306640625,227.02999877929688,177.44677734375,45.69174575805664,987.4573364257812,173.82920837402344,420.87701416015625,242.23220825195312,525.5504760742188,621.30810546875,440.32183837890625,142.4010467529297,169.3458709716797,389.2200012207031,534.3604736328125,109.54939270019531
2024-12-09,245.6390380859375,226.08999633789062,176.8636474609375,44.870758056640625,982.73193359375,174.68585205078125,418.7402648925781,238.7557830810547,519.833251953125,611.1483154296875,442.75384521484375,138.77203369140625,166.39382934570312,389.7900085449219,547.1456298828125,108.90311431884766
2024-12-10,246.65444946289062,225.0399932861328,169.8163604736328,44.714378356933594,988.2432861328125,184.4476318359375,412.3105773925781,237.8254852294922,525.9879150390625,616.8756713867188,440.0835876464844,135.03306579589844,167.84548950195312,400.989990234375,551.6057739257812,108.6812515258789
2024-12-11,245.3802032470703,230.25999450683594,181.07420349121094,45.03691482543945,989.5264282226562,194.6376953125,411.1300048828125,238.48158264160156,531.3968505859375,630.182861328125,445.7021484375,139.2718963623047,166.23797607421875,424.7699890136719,520.7067260742188,107.95780944824219
2024-12-12,246.84359741210938,228.97000122070312,178.56369018554688,45.03691482543945,983.2592163085938,191.21115112304688,404.3393249511719,236.52305603027344,529.3684692382812,628.30029296875,446.26800537109375,137.3024444580078,166.4523162841797,418.1000061035156,503.36376953125,107.86133575439453
2024-12-13,247.0128173828125,227.4600067138672,222.19151306152344,44.63618850708008,984.2142333984375,189.07948303222656,406.8370361328125,234.96600341796875,525.9779663085938,617.9015502929688,443.9947509765625,134.21328735351562,166.6569061279297,436.2300109863281,507.97027587890625,106.9160385131836
2024-12-16,249.90969848632812,232.92999267578125,247.09906005859375,44.44071960449219,987.7159423828125,195.89280700683594,400.71954345703125,234.61346435546875,527.2804565429688,622.2777709960938,448.2831115722656,131.96389770507812,166.73484802246094,463.0199890136719,486.5186462402344,104.62994384765625
2024-12-17,252.33872985839844,231.14999389648438,237.44244384765625,44.03022384643555,976.9819946289062,194.65762329101562,398.5340576171875,233.4187774658203,527.9765014648438,617.4928588867188,451.1320495605469,130.35433959960938,165.94569396972656,479.8599853515625,473.8506164550781,104.18623352050781
2024-12-18,246.9331817626953,220.52000427246094,221.02517700195312,42.51531219482422,959.73193359375,187.66502380371094,384.24041748046875,225.59439086914062,516.9896240234375,595.312744140625,434.1871032714844,128.874755859375,164.7278594970703,440.1300048828125,487.7093200683594,102.65251159667969
2024-12-19,248.66534423828125,223.2899932861328,215.78668212890625,42.39802932739258,949.8436279296875,187.7745819091797,375.6544494628906,228.13072204589844,520.2906494140625,593.6979370117188,433.8297119140625,130.6442413330078,164.8350372314453,436.1700134277344,477.490966796875,101.77473449707031
2024-12-20,253.34420776367188,224.9199981689453,218.22801208496094,43.170143127441406,949.1173706054688,190.66326904296875,383.0500793457031,232.67453002929688,525.0136108398438,583.4103393554688,433.40289306640625,134.6631622314453,163.734130859375,421.05999755859375,488.1094665527344,102.12198638916016
2024-12-23,254.1206817626953,225.05999755859375,230.2692108154297,42.896484375,944.9788818359375,193.87071228027344,382.9037170410156,233.44813537597656,525.938232421875,597.9644165039062,432.06280517578125,139.63180541992188,163.7828369140625,430.6000061035156,494.1701965332031,102.5367660522461
2024-12-24,257.0374755859375,229.0500030517578,237.53355407714844,43.375396728515625,953.8426513671875,195.34494018554688,386.5039978027344,237.28688049316406,532.649658203125,605.8395385742188,436.11285400390625,140.18167114257812,164.5914764404297,462.2799987792969,493.93597412109375,102.63322448730469
2024-12-26,257.853759765625,227.0500030517578,243.16268920898438,43.54154586791992,951.1765747070312,194.83692932128906,385.5283203125,238.09967041015625,533.0870971679688,601.4534301757812,434.9018249511719,139.89173889160156,165.7800750732422,454.1300048828125,498.8646240234375,102.72003173828125
2024-12-27,254.43923950195312,223.75,239.58502197265625,43.336299896240234,934.8219604492188,192.00799560546875,383.3037414550781,236.17051696777344,529.1597290039062,597.9244995117188,427.3773193359375,136.9725341796875,165.16629028320312,431.6600036621094,497.73248291015625,102.71038818359375
2024-12-30,251.06451416015625,221.3000030517578,233.4702911376953,42.91603088378906,917.4227905273438,190.49395751953125,379.9571838378906,234.35887145996094,522.547607421875,589.3814086914062,421.71905517578125,137.452392578125,162.78907775878906,417.4100036621094,495.5951232910156,102.01588439941406
2024-12-31,249.29251098632812,219.38999938964844,229.76377868652344,42.95512390136719,911.5136108398438,188.56150817871094,379.5278625488281,234.7407989501953,523.5618286132812,583.6695556640625,418.4134521484375,134.25328063964844,163.3346710205078,403.8399963378906,493.7017517089844,103.76179504394531
2025-01-02,242.75210571289062,220.22000122070312,229.9025115966797,43.28742980957031,905.0870971679688,188.6909942626953,379.0107727050781,235.02474975585938,519.4156494140625,597.3563842773438,415.51483154296875,138.2721710205078,161.70765686035156,379.2799987792969,492.3841857910156,103.5110092163086
2025-01-03,242.26429748535156,224.19000244140625,230.46742248535156,43.795658111572266,911.822021484375,191.04177856445312,379.7132873535156,238.2367706298828,518.381591796875,602.7294311523438,420.24993896484375,144.4304962158203,160.87954711914062,410.44000244140625,500.670166015625,104.04153442382812
2025-01-06,243.8969268798828,227.61000061035156,234.2928466796875,44.3723030090332,917.920166015625,196.10198974609375,379.8986511230469,237.0752716064453,509.0054626464844,628.218994140625,424.7169494628906,149.38912963867188,156.46615600585938,411.04998779296875,501.32403564453125,103.92578887939453
2025-01-07,241.11949157714844,222.11000061035156,226.59243774414062,45.03691482543945,916.5870971679688,194.7273712158203,374.8836669921875,239.35890197753906,508.478515625,615.9476928710938,419.2770690917969,140.10166931152344,157.1481170654297,394.3599853515625,501.8901062011719,104.9000244140625
2025-01-08,241.60726928710938,222.1300048828125,227.2564239501953,45.16396713256836,922.555908203125,193.19337463378906,377.7814636230469,239.3195343017578,513.449951171875,608.8002319335938,421.4510192871094,140.07168579101562,157.9275360107422,394.94000244140625,511.913330078125,103.14446258544922
2025-01-10,235.7836151123047,218.94000244140625,222.30120849609375,44.0888671875,932.0762939453125,191.29080200195312,380.4060363769531,236.11061096191406,502.52655029296875,613.9240112304688,415.88214111328125,135.8728485107422,154.47865295410156,394.739990234375,508.1753234863281,102.76826477050781
2025-01-13,233.34461975097656,218.4600067138672,223.27244567871094,44.040000915527344,919.8998413085938,190.26483154296875,379.7132873535156,240.38262939453125,502.7655029296875,606.4177856445312,414.135009765625,133.19357299804688,154.75144958496094,403.30999755859375,528.1337890625,105.42091369628906
2025-01-14,232.2296600341797,217.75999450683594,222.6876983642578,44.74370193481445,912.4685668945312,188.92010498046875,383.2257080078125,243.5915069580078,506.8580627441406,592.3819580078125,412.62615966796875,131.7239532470703,155.6282958984375,396.3599853515625,530.6713256835938,105.835693359375
2025-01-15,236.79901123046875,223.35000610351562,225.95816040039062,46.03382110595703,918.7060546875,194.78712463378906,396.2119140625,248.39503479003906,520.1314086914062,615.18017578125,423.188232421875,136.2027587890625,155.5406036376953,428.2200012207031,530.3590087890625,107.56231689453125
2025-01-16,227.23228454589844,220.66000366210938,227.3555450439453,45.584232330322266,914.9755249023438,192.1574249267578,399.37310791015625,250.28494262695312,520.9180908203125,609.37841796875,421.4708557128906,133.53347778320312,156.3687286376953,413.82000732421875,498.3180847167969,107.3790512084961
2025-01-17,228.9445343017578,225.94000244140625,235.3136444091797,45.47671890258789,938.2938842773438,195.23536682128906,399.4219055175781,255.09829711914062,522.4714965820312,610.8438720703125,425.8883361816406,137.67234802246094,156.9824981689453,426.5,497.50799560546875,108.34364318847656
2025-01-21,221.63758850097656,230.7100067138672,238.1579132080078,45.603782653808594,942.810302734375,197.2773895263672,408.2517395019531,258.9076232910156,525.8171997070312,614.522216796875,425.3622131347656,140.79148864746094,157.55731201171875,424.07000732421875,512.3719482421875,107.52372741699219
2025-01-22,222.8222198486328,235.00999450683594,238.75254821777344,44.753475189208984,939.7960205078125,197.59613037109375,400.1244201660156,258.7206115722656,524.94091796875,621.5401000976562,442.9326171875,147.02981567382812,160.49957275390625,415.1099853515625,507.22857666015625,105.65242004394531
2025-01-23,222.6529998779297,235.4199981689453,238.12818908691406,45.33989334106445,937.2691650390625,197.20765686035156,404.31005859375,261.7818908691406,531.9509887695312,634.4493408203125,443.4388122558594,147.17974853515625,161.873291015625,412.3800048828125,517.037109375,106.2504653930664
2025-01-24,221.77696228027344,234.85000610351562,242.50860595703125,45.46695327758789,934.8020629882812,199.42893981933594,404.4173889160156,260.6893005371094,531.22412109375,645.4546508789062,440.8082580566406,142.58099365234375,160.87054443359375,406.5799865722656,519.7112426757812,104.81321716308594
2025-01-27,228.8250732421875,235.4199981689453,200.31983947753906,46.0240478515625,960.2393798828125,191.0617218017578,414.5351257324219,261.6834411621094,545.3140258789062,657.8057250976562,431.3778381347656,118.38761138916016,166.3008575439453,397.1499938964844,530.4566040039062,106.2697525024414
2025-01-28,237.18727111816406,238.14999389648438,205.5030059814453,45.77970504760742,953.6934814453125,194.53810119628906,408.64202880859375,262.9532470703125,545.03515625,672.2103881835938,443.9252624511719,128.95472717285156,162.89956665039062,398.0899963378906,529.4415283203125,104.21515655517578
2025-01-29,238.28231811523438,237.07000732421875,204.50204467773438,45.69174575805664,959.0157470703125,194.64767456054688,403.3636474609375,262.4019775390625,546.4690551757812,674.3634643554688,439.0909118652344,123.66617584228516,162.9387664794922,389.1000061035156,525.1668701171875,104.82286071777344
2025-01-30,236.520263671875,234.63999938964844,213.72866821289062,45.66242599487305,973.9279174804688,200.0863800048828,404.4173889160156,264.0261535644531,563.6060180664062,684.8404541015625,411.95111083984375,124.61592102050781,164.09539794921875,400.2799987792969,532.4573364257812,105.69099426269531
2025-01-31,234.93743896484375,237.67999267578125,219.28843688964844,45.251930236816406,974.7933959960938,203.2240753173828,401.95867919921875,263.1107177734375,553.0709838867188,687.013671875,412.0205993652344,120.03717041015625,162.70352172851562,404.6000061035156,529.4513549804688,103.0479965209961
2025-02-03,226.98341369628906,237.4199981689453,215.78012084960938,45.16396713256836,1000.6087036132812,200.44496154785156,398.8169860839844,262.6283874511719,561.5547485351562,695.267578125,407.9109191894531,116.62810516357422,165.4186553955078,383.67999267578125,535.0045776367188,103.29878997802734
2025-02-04,231.75184631347656,242.05999755859375,220.4380340576172,45.652645111083984,1016.555419921875,205.57489013671875,401.4805603027344,263.74072265625,556.7352294921875,701.9764404296875,409.3503112792969,118.6175537109375,164.8011474609375,392.2099914550781,532.3402709960938,106.06719207763672
2025-02-05,231.42333984375,236.1699981689453,229.92233276367188,46.04359436035156,1037.4664306640625,190.58360290527344,403.7538757324219,266.191650390625,563.8848266601562,702.654296875,410.26361083984375,124.79586791992188,165.66371154785156,378.1700134277344,526.8357543945312,105.99002838134766
2025-02-06,232.1699676513672,238.8300018310547,229.28807067871094,46.65933609008789,1045.5341796875,190.8525390625,404.0856628417969,272.5602722167969,564.7510375976562,709.7518920898438,412.7750244140625,128.64480590820312,165.5363006591797,374.32000732421875,517.3005981445312,104.59135437011719
2025-02-07,226.60511779785156,229.14999389648438,222.85618591308594,46.32703399658203,1039.538818359375,184.61695861816406,397.4607849121094,271.4775085449219,560.35986328125,712.27392578125,406.7494812011719,129.80447387695312,164.64430236816406,361.6199951171875,514.363037109375,105.03507232666016
2025-02-10,226.8741912841797,233.13999938964844,232.93511962890625,45.61355209350586,1057.5748291015625,185.7425537109375,403.91973876953125,266.7921447753906,563.0881958007812,715.1448974609375,409.201416015625,133.53347778320312,164.21302795410156,350.7300109863281,520.550537109375,107.04144287109375
2025-02-11,231.82725524902344,232.75999450683594,232.93511962890625,45.730838775634766,1054.0093994140625,184.59706115722656,406.2320861816406,270.68017578125,562.3016357421875,717.537353515625,408.4270935058594,132.76370239257812,166.0753936767578,328.5,521.0872802734375,107.7166519165039
2025-02-12,236.06277465820312,228.92999267578125,234.2333984375,45.16396713256836,1060.7615966796875,182.89370727539062,397.23638916015625,271.1330261230469,562.2019653320312,723.099853515625,406.0447082519531,131.10414123535156,166.22242736816406,336.510009765625,514.7240600585938,104.47581481933594
2025-02-13,240.70689392089844,230.3699951171875,233.6883087158203,45.281253814697266,1072.4534912109375,185.41384887695312,402.397705078125,271.9893798828125,563.9047241210938,726.2698364257812,407.53369140625,135.2530059814453,167.63392639160156,355.94000244140625,518.4131469726562,105.23493194580078
2025-02-14,243.76644897460938,228.67999267578125,230.95301818847656,45.89698791503906,1067.4639892578125,184.5073699951172,399.5389709472656,272.255126953125,562.3612670898438,734.354248046875,405.43914794921875,138.81204223632812,159.66488647460938,355.8399963378906,510.9275817871094,105.34198760986328
2025-02-18,243.6368865966797,226.64999389648438,226.4833984375,45.47671890258789,1051.7088623046875,183.05308532714844,393.4995422363281,275.5625,566.1949462890625,714.1181640625,406.64031982421875,139.3618927001953,162.1545867919922,354.1099853515625,488.695068359375,107.19111633300781
2025-02-19,244.03550720214844,226.6300048828125,226.68162536621094,44.9684944152832,1058.1922607421875,184.5472412109375,385.8112487792969,274.8734436035156,566.08544921875,701.5577392578125,411.73272705078125,139.19192504882812,163.19361877441406,360.55999755859375,498.75726318359375,107.34683227539062
2025-02-20,244.9922332763672,222.8800048828125,224.70945739746094,44.274566650390625,1030.5955810546875,183.83999633789062,385.04046630859375,262.6185607910156,560.8876342773438,692.65576171875,413.91107177734375,140.07168579101562,163.8993682861328,354.3999938964844,490.3444519042969,109.00131225585938
2025-02-21,244.71319580078125,216.5800018310547,216.70181274414062,43.795658111572266,1030.7947998046875,178.95912170410156,375.92767333984375,260.0986633300781,555.1421508789062,681.4013061523438,406.03326416015625,134.3932342529297,166.85955810546875,337.79998779296875,455.2096862792969,107.72639465332031
2025-02-24,246.25791931152344,212.7100067138672,206.06790161132812,43.453582763671875,1031.3624267578125,178.55072021484375,373.11773681640625,257.244140625,556.6257934570312,666.02978515625,401.8457336425781,130.244384765625,167.16342163085938,330.5299987792969,450.4274597167969,108.29085540771484
2025-02-25,246.1981201171875,212.8000030517578,200.7261505126953,42.94535446166992,1051.34033203125,174.73565673828125,383.7232971191406,253.3658905029297,561.6344604492188,655.4332275390625,395.77825927734375,126.59537506103516,169.2316436767578,302.79998779296875,459.07452392578125,106.7920913696289
2025-02-26,239.5408935546875,214.35000610351562,211.0330352783203,42.94535446166992,1027.7471923828125,172.05615234375,380.98162841796875,254.7340850830078,558.88623046875,671.5823364257812,397.5985412597656,131.24411010742188,167.9083709716797,290.79998779296875,452.44769287109375,106.52931213378906
2025-02-27,236.49131774902344,208.74000549316406,196.02862548828125,43.12127685546875,1017.5293579101562,167.84266662597656,380.7767333984375,254.989990234375,562.4210815429688,656.1708984375,390.4368896484375,120.11714935302734,168.5651092529297,281.95001220703125,457.2982482910156,107.20084381103516
2025-02-28,241.01583862304688,212.27999877929688,197.64401245117188,45.056461334228516,1044.3192138671875,169.61570739746094,386.9527587890625,260.50225830078125,573.8622436523438,666.099609375,394.87310791015625,124.8858413696289,170.39810180664062,292.9800109863281,463.5444030761719,108.34925842285156
2025-03-03,237.2188262939453,205.02000427246094,185.69200134277344,44.528682708740234,1042.56640625,166.35845947265625,380.2108459472656,256.5354309082031,572.4781494140625,652.9909057617188,386.4184265136719,114.02880859375,172.1134490966797,284.6499938964844,455.8245544433594,104.87483978271484
2025-03-04,235.1259765625,203.8000030517578,185.801025390625,41.70409393310547,1032.6273193359375,170.2532196044922,372.3957214355469,246.3279571533203,552.7125244140625,637.9882202148438,386.53778076171875,115.95828247070312,169.7511444091797,272.0400085449219,463.20281982421875,104.66072845458984
2025-03-05,234.93663024902344,208.36000061035156,189.8643341064453,41.332706451416016,1043.4627685546875,172.34503173828125,376.9521179199219,247.587890625,555.9287109375,654.4064331054688,398.8816223144531,117.26792907714844,171.15283203125,279.1000061035156,464.5399475097656,102.61695861816406
2025-03-06,234.5280303955078,200.6999969482422,177.8429412841797,40.52149200439453,1022.419189453125,171.67764282226562,372.44451904296875,242.6760711669922,547.4848022460938,625.9561157226562,394.773681640625,110.53976440429688,171.2018585205078,263.45001220703125,475.99774169921875,104.73858642578125
2025-03-07,238.2552947998047,199.25,193.21405029296875,40.71820068359375,960.3641357421875,173.18173217773438,367.6343994140625,238.4828643798828,544.44775390625,623.6932373046875,391.2127380371094,112.65918731689453,172.46630859375,262.6700134277344,481.6192932128906,106.1010971069336
2025-03-10,226.70477294921875,194.5399932861328,182.7981719970703,39.17405319213867,930.5865478515625,165.41319274902344,365.5367126464844,228.5805206298828,534.8386840820312,596.1102905273438,378.1328430175781,106.95074462890625,172.77017211914062,222.14999389648438,470.6809997558594,108.80667114257812
2025-03-11,220.08740234375,196.58999633789062,188.38766479492188,38.95767593383789,926.6825561523438,163.58822631835938,359.20458984375,225.54879760742188,523.5667724609375,603.8060302734375,378.4213562011719,108.73026275634766,169.6923370361328,230.5800018310547,476.3853759765625,106.23735809326172
2025-03-12,216.24057006835938,198.88999938964844,192.49058532714844,39.25273513793945,923.2864990234375,166.64979553222656,355.8580322265625,224.3282012939453,522.4116821289062,617.6124877929688,381.2262878417969,115.71900177001953,165.03639221191406,248.08999633789062,471.55328369140625,106.2081527709961
2025-03-13,208.96543884277344,193.88999938964844,189.64627075195312,39.016685485839844,886.9757080078125,162.311767578125,340.9532775878906,221.66070556640625,517.6221923828125,588.7833862304688,376.750244140625,115.55902862548828,165.2520294189453,240.67999267578125,471.95513916015625,105.7604751586914
2025-03-14,212.762451171875,197.9499969482422,193.78884887695312,40.21659469604492,900.2212524414062,165.0342559814453,344.93963623046875,228.7970733642578,525.3989868164062,606.2288818359375,386.4880676269531,121.64791870117188,164.64430236816406,249.97999572753906,478.9435119628906,108.90399932861328
2025-03-17,213.27073669433594,195.74000549316406,192.7581787109375,40.757537841796875,912.8593139648438,163.83753967285156,347.70849609375,230.2637176513672,529.73046875,603.5350341796875,386.6273193359375,119.50830841064453,166.39886474609375,238.00999450683594,489.1075439453125,110.71419525146484
2025-03-18,211.96519470214844,192.82000732421875,186.98037719726562,40.964080810546875,894.3753051757812,160.22750854492188,343.2312316894531,231.28741455078125,527.9381713867188,581.0458374023438,381.4749450683594,115.40904998779297,164.38946533203125,225.30999755859375,493.7926025390625,110.59740447998047
2025-03-19,214.50650024414062,195.5399932861328,193.818603515625,41.514854431152344,900.3507080078125,163.4386444091797,347.01141357421875,235.36253356933594,533.8131103515625,582.7420654296875,385.75201416015625,117.49866485595703,165.23245239257812,235.86000061035156,493.20452880859375,112.32002258300781
2025-03-20,213.37037658691406,194.9499969482422,189.40504455566406,41.78041076660156,891.7361450195312,162.35165405273438,349.07330322265625,235.2641143798828,534.1018676757812,584.6776123046875,384.7772521972656,118.50848388671875,164.23263549804688,236.25999450683594,501.1435852050781,112.7968978881836
2025-03-21,217.5261688232422,196.2100067138672,190.51837158203125,41.77057647705078,905.5394287109375,163.5383758544922,344.7825622558594,237.84304809570312,533.4147338867188,594.904541015625,389.1736755371094,117.67863464355469,163.38966369628906,248.7100067138672,506.5833435058594,112.40760040283203
2025-03-24,219.97779846191406,203.25999450683594,190.11080932617188,42.360694885253906,922.250732421875,167.2182159423828,357.1737060546875,244.17227172851562,541.3609008789062,617.4534912109375,390.98394775390625,121.38796997070312,162.3702392578125,278.3900146484375,506.2403564453125,112.69957733154297
2025-03-25,222.9875030517578,205.7100067138672,187.13861083984375,42.56723403930664,926.4535522460938,170.09027099609375,354.44415283203125,247.19415283203125,542.8445434570312,624.896728515625,393.0528869628906,120.66809844970703,159.6256866455078,288.1400146484375,503.2312927246094,113.46841430664062
2025-03-26,220.77505493164062,201.1300048828125,178.20216369628906,42.114810943603516,925.945556640625,164.6054229736328,355.5634765625,247.09573364257812,546.7379150390625,609.6012573242188,387.89056396484375,113.7393569946289,163.28182983398438,272.05999755859375,507.9065246582031,115.10343933105469
2025-03-27,223.087158203125,201.36000061035156,170.9655303955078,41.85909652709961,934.90869140625,161.793212890625,356.152587890625,244.2313232421875,555.2018432617188,601.22021484375,388.4972839355469,111.40977478027344,165.3696746826172,273.1300048828125,505.4757995605469,114.7336196899414
2025-03-28,217.15740966796875,192.72000122070312,168.1126251220703,40.5706672668457,925.8558959960938,153.90499877929688,351.6556091308594,239.04393005371094,538.3138427734375,575.4385375976562,376.78009033203125,109.65009307861328,164.703125,263.54998779296875,505.7894287109375,114.5779037475586
2025-03-31,221.37301635742188,190.25999450683594,166.43267822265625,41.04275894165039,941.9100341796875,154.21412658691406,359.8443908691406,241.45553588867188,545.7919921875,575.0594482421875,373.3883056640625,108.3603286743164,167.04579162597656,259.1600036621094,513.3463134765625,115.74576568603516
2025-04-01,222.4293975830078,192.1699981689453,167.51620483398438,40.80671691894531,950.4948120117188,156.63743591308594,358.8919982910156,239.84121704101562,546.1803588867188,584.6776123046875,380.1520080566406,110.13001251220703,167.1830291748047,268.4599914550781,512.7288208007812,115.85283660888672
2025-04-02,223.12701416015625,196.00999450683594,171.06494140625,41.16078567504883,961.131103515625,156.60751342773438,364.16461181640625,241.96739196777344,545.05517578125,582.6123046875,380.1023254394531,110.39995574951172,166.14401245117188,282.760009765625,512.8072509765625,115.49272918701172
2025-04-03,202.49755859375,178.41000366210938,153.09263610839844,36.60704040527344,963.122802734375,150.304931640625,349.4562683105469,225.1058349609375,528.2965698242188,530.4203491210938,371.12042236328125,101.78153228759766,168.97679138183594,267.2799987792969,529.7047729492188,109.4197998046875
2025-04-04,187.738037109375,171.0,145.41860961914062,33.82364273071289,912.7298583984375,145.1990203857422,347.4826965332031,208.25929260253906,487.6897888183594,503.591064453125,357.92120361328125,94.29288482666016,160.5078582763672,239.42999267578125,514.6205444335938,101.54639434814453
2025-04-07,180.84161376953125,175.25999450683594,153.2218475341797,34.994049072265625,904.4140014648438,146.34585571289062,335.3173522949219,212.37933349609375,483.4578552246094,515.0850219726562,355.9517822265625,97.62227630615234,157.0575408935547,233.2899932861328,514.2774047851562,100.18389129638672
2025-04-08,171.83242797851562,170.66000366210938,155.1005859375,34.45309829711914,905.031494140625,144.301513671875,329.1610412597656,214.7859649658203,477.88165283203125,509.29815673828125,352.66937255859375,96.28252410888672,155.2539825439453,221.86000061035156,542.0936889648438,98.07198333740234
2025-04-09,198.17234802246094,191.10000610351562,184.04713439941406,36.53818893432617,961.2405395507812,158.27291870117188,348.9456787109375,232.0880889892578,514.0548706054688,584.4481811523438,388.40777587890625,114.30924987792969,159.10618591308594,272.20001220703125,567.0087280273438,102.96731567382812
2025-04-10,189.77105712890625,181.22000122070312,171.273681640625,35.25959396362305,960.3641357421875,152.39913940429688,347.207763671875,224.92758178710938,498.0078125,545.0573120117188,379.3165283203125,107.55047607421875,160.32162475585938,252.39999389648438,582.5929565429688,97.25447845458984
2025-04-11,197.4747314453125,184.8699951171875,180.85626220703125,35.357948303222656,959.4677734375,156.70724487304688,347.4433898925781,233.93020629882812,508.3900146484375,542.3434448242188,386.378662109375,110.90986633300781,163.6053009033203,252.30999755859375,587.5621948242188,100.37853240966797
2025-04-14,201.829833984375,182.1199951171875,177.29757690429688,36.06609344482422,975.3128051757812,158.63194274902344,350.7228698730469,232.4644317626953,511.09283447265625,530.2806396484375,385.7420654296875,110.68990325927734,165.78135681152344,252.35000610351562,575.398681640625,100.62183380126953
2025-04-15,201.45114135742188,179.58999633789062,177.88406372070312,37.364356994628906,972.9225463867188,155.87953186035156,347.6888732910156,230.8897247314453,515.9996948242188,520.3432006835938,383.6731872558594,112.17963409423828,165.13441467285156,254.11000061035156,571.9976806640625,100.339599609375
2025-04-16,193.6079559326172,174.3300018310547,173.56991577148438,36.71522521972656,963.7901000976562,152.90773010253906,339.71612548828125,227.40354919433594,512.0601806640625,501.176513671875,369.6284484863281,104.47103881835938,163.09559631347656,241.5500030517578,573.4188842773438,101.40042114257812
2025-04-17,196.3087158203125,172.61000061035156,169.97149658203125,36.793907165527344,990.4306640625,150.74371337890625,348.6216735839844,229.73097229003906,515.9498291015625,500.348388671875,365.8188781738281,101.4715805053711,167.25164794921875,241.3699951171875,445.0896301269531,104.05732727050781
2025-04-21,192.50172424316406,167.32000732421875,165.219970703125,36.31197738647461,953.8509521484375,147.2633056640625,340.609619140625,226.7895050048828,507.961181640625,483.56634521484375,357.2050476074219,96.89241790771484,163.48098754882812,227.5,416.88128662109375,102.52935791015625
2025-04-22,199.059326171875,173.17999267578125,168.56988525390625,37.68892288208008,975.22314453125,151.0528564453125,348.0030517578125,233.32608032226562,525.9231567382812,499.1510925292969,364.864013671875,98.87205505371094,165.5818328857422,237.97000122070312,418.6945495605469,105.40038299560547
2025-04-23,203.9027557373047,180.60000610351562,175.85623168945312,38.111839294433594,971.8470458984375,154.92218017578125,349.9570007324219,238.56524658203125,528.5960083007812,519.0960083007812,372.3936462402344,102.69136047363281,163.46124267578125,250.74000549316406,419.4590759277344,104.49527740478516
2025-04-24,207.65989685058594,186.5399932861328,187.02926635742188,38.92817306518555,971.4884643554688,158.8413543701172,353.11859130859375,242.2891082763672,534.0314331054688,531.9469604492188,385.2347717285156,106.41067504882812,157.34613037109375,259.510009765625,415.82275390625,105.7215347290039
2025-04-25,208.56678771972656,188.99000549316406,191.16448974609375,39.03635787963867,973.1615600585938,161.51397705078125,351.095947265625,241.2095947265625,532.0567016601562,546.0350952148438,389.7605285644531,110.98986053466797,158.81573486328125,284.95001220703125,410.3241882324219,105.66314697265625
2025-04-28,209.42388916015625,187.6999969482422,191.3235321044922,39.124874114990234,974.535888671875,160.16769409179688,350.44793701171875,240.8827667236328,533.0640258789062,548.49951171875,389.07421875,108.71026611328125,159.63438415527344,285.8800048828125,411.6571960449219,105.7215347290039
2025-04-29,210.490234375,187.38999938964844,190.03128051757812,39.331417083740234,987.64208984375,159.71893310546875,352.4902038574219,242.26930236816406,538.2401733398438,553.1889038085938,391.9388732910156,109.00021362304688,160.03875732421875,292.0299987792969,401.1011047363281,105.45877838134766
2025-04-30,211.7758331298828,184.4199981689453,191.3235321044922,39.22323226928711,990.4306640625,158.3626708984375,353.9531555175781,242.26930236816406,546.5978393554688,547.7611694335938,393.15234375,108.90023040771484,160.3445281982422,282.1600036621094,403.2672119140625,102.80186462402344
2025-05-01,212.59304809570312,190.1999969482422,196.15460205078125,39.508453369140625,994.9520874023438,160.85577392578125,351.8028869628906,244.51748657226562,545.171630859375,570.9187622070312,423.1316223144531,111.5897445678711,157.7899627685547,280.5199890136719,392.720947265625,102.94784545898438
2025-05-02,204.65020751953125,189.97999572753906,202.427001953125,40.39363098144531,1005.4825439453125,163.57826232910156,357.91009521484375,250.08348083496094,557.8975830078125,595.6728515625,432.9589538574219,114.4792251586914,158.32257080078125,287.2099914550781,391.97607421875,103.3663330078125
2025-05-05,198.21221923828125,186.35000610351562,199.52439880371094,40.442806243896484,1012.0540771484375,163.75778198242188,355.1707458496094,250.1330108642578,559.6229858398438,597.917724609375,433.8442077636719,113.79934692382812,156.65573120117188,280.260009765625,396.7688903808594,100.50504302978516
2025-05-06,197.83351135253906,185.00999450683594,198.8981475830078,40.167423248291016,1007.6763916015625,162.7804718017578,352.8633117675781,246.8548126220703,557.4986572265625,585.9847412109375,430.99945068359375,113.51940155029297,157.06996154785156,275.3500061035156,386.6734924316406,101.906494140625
2025-05-07,195.58120727539062,188.7100067138672,203.5900421142578,40.25593566894531,1004.3357543945312,150.96310424804688,356.1722106933594,246.99346923828125,564.819091796875,595.4632568359375,431.03924560546875,117.03875732421875,157.10940551757812,276.2200012207031,383.2920227050781,101.80917358398438
2025-05-08,196.81698608398438,192.0800018310547,206.5323944091797,40.91490173339844,1004.8941650390625,153.85513305664062,358.24395751953125,251.03427124023438,565.60693359375,596.6605834960938,435.83355712890625,117.34870910644531,156.47817993164062,284.82000732421875,377.8914794921875,103.23008728027344
2025-05-09,197.8534393310547,193.05999755859375,206.95982360839844,41.10177230834961,1005.273193359375,152.32933044433594,356.1329650878906,250.6480255126953,567.1229248046875,591.153076171875,436.3905334472656,116.62882995605469,155.50173950195312,298.260009765625,373.07904052734375,104.43687438964844
2025-05-12,210.3471221923828,208.63999938964844,220.26014709472656,42.64591979980469,1013.3106079101562,158.0236053466797,369.76123046875,257.551025390625,576.7272338867188,637.987060546875,446.8644104003906,122.9776840209961,158.69737243652344,318.3800048828125,371.2265625,106.23735809326172
2025-05-13,212.48263549804688,211.3699951171875,231.0355682373047,43.55076599121094,996.2384643554688,159.0906524658203,366.8254699707031,260.48260498046875,575.0517578125,654.5496826171875,446.74505615234375,129.9064178466797,156.5570831298828,334.07000732421875,305.1947937011719,106.52931213378906
2025-05-14,211.8839111328125,210.25,230.7373504638672,44.003196716308594,988.7693481445312,164.91458129882812,366.0498046875,263.08734130859375,571.7505493164062,657.8720703125,450.5247802734375,135.3154296875,155.8568115234375,347.67999267578125,301.8917541503906,105.57556915283203
2025-05-15,211.00575256347656,205.1699981689453,231.25425720214844,43.64912414550781,1007.646484375,163.50845336914062,371.7642517089844,264.9195251464844,580.6467895507812,642.4270629882812,451.54119873046875,134.80552673339844,160.18670654296875,342.82000732421875,268.90032958984375,106.64614868164062
2025-05-16,210.81614685058594,205.58999633789062,227.24826049804688,43.95401382446289,1022.9635009765625,165.73233032226562,373.87530517578125,264.9888610839844,581.723876953125,638.8950805664062,452.6772155761719,135.37542724609375,161.04478454589844,349.9800109863281,286.1115417480469,106.26309967041016
2025-05-19,208.3413543701172,206.16000366210938,229.25624084472656,44.03269958496094,1031.44970703125,166.0813446044922,372.50067138671875,262.3346252441406,584.8455200195312,638.98486328125,457.26104736328125,135.54539489746094,162.514404296875,342.0899963378906,309.615234375,104.57372283935547
2025-05-20,206.42539978027344,204.07000732421875,230.29998779296875,43.95401382446289,1033.9227294921875,163.52841186523438,370.212890625,263.1269226074219,579.5596313476562,635.662353515625,456.56353759765625,134.35562133789062,163.3724822998047,343.82000732421875,315.1921691894531,103.08079528808594
2025-05-21,201.66542053222656,201.1199951171875,228.36158752441406,42.5377311706543,1022.4351196289062,168.09579467773438,364.1155090332031,258.5315246582031,568.0205078125,634.0659790039062,450.983154296875,131.7760772705078,163.1653594970703,334.6199951171875,296.961669921875,101.81377410888672
2025-05-22,200.93695068359375,203.10000610351562,229.15682983398438,42.596744537353516,1015.2850341796875,170.39942932128906,359.4909362792969,258.16510009765625,568.618896484375,635.133544921875,453.26513671875,132.80589294433594,162.77084350585938,341.0400085449219,290.7769775390625,101.13606262207031
2025-05-23,194.8597412109375,200.99000549316406,227.35760498046875,42.488555908203125,1005.6819458007812,168.0060272216797,356.1329650878906,258.2046813964844,562.0764770507812,625.64501953125,448.6015625,131.26617431640625,163.5894775390625,339.3399963378906,289.6988525390625,101.19499206542969
2025-05-27,199.78936767578125,206.02000427246094,234.24632263183594,43.491756439208984,1014.9459838867188,172.423828125,363.6834716796875,262.7406921386719,573.0171508789062,640.8705444335938,459.0746765136719,135.47540283203125,165.46347045898438,362.8900146484375,289.1401672363281,101.67626190185547
2025-05-28,199.99893188476562,204.72000122070312,238.00381469726562,43.33439254760742,1010.3090209960938,171.8853302001953,361.38592529296875,260.9579772949219,574.3834838867188,642.1277465820312,455.7563781738281,134.78553771972656,165.06895446777344,356.8999938964844,292.1883544921875,100.2913818359375
2025-05-29,199.5299072265625,205.6999969482422,240.5286865234375,43.51142883300781,1005.9213256835938,171.38668823242188,361.6117858886719,261.82952880859375,576.2385864257812,643.5944213867188,457.0717468261719,139.1647491455078,166.25250244140625,358.42999267578125,292.2472229003906,100.86105346679688
2025-05-30,200.4280242919922,205.00999450683594,240.6280975341797,43.40324020385742,1037.2734375,171.2670440673828,361.6117858886719,261.46307373046875,584.0376586914062,646.0288696289062,458.7458190917969,135.10548400878906,167.56431579589844,346.4599914550781,295.9129333496094,100.4780044555664
2025-06-02,201.27622985839844,206.64999389648438,247.22854614257812,43.35406494140625,1053.8968505859375,168.56451416015625,361.2877197265625,262.1167297363281,579.6693725585938,669.3861083984375,460.3502197265625,137.35507202148438,165.48318481445312,342.69000244140625,298.6670837402344,101.21463775634766
2025-06-03,202.8429412841797,205.7100067138672,255.320068359375,43.914676666259766,1052.6402587890625,165.7223358154297,366.31488037109375,263.71124267578125,580.4173583984375,665.3451538085938,461.3467102050781,141.19436645507812,164.56593322753906,344.2699890136719,295.2366027832031,101.95128631591797
2025-06-04,202.3938751220703,207.22999572753906,259.52484130859375,43.62945556640625,1048.751220703125,167.58718872070312,365.647216796875,261.68096923828125,582.5715942382812,686.3975830078125,462.2435302734375,141.8942413330078,163.67823791503906,332.04998779296875,294.4132995605469,100.4780044555664
2025-06-05,200.20848083496094,207.91000366210938,258.3817138671875,43.64912414550781,1007.9855346679688,167.7467803955078,364.83709716796875,259.43280029296875,583.8781127929688,683.0750732421875,466.0401611328125,139.964599609375,160.57138061523438,284.70001220703125,289.9635009765625,100.01637268066406
2025-06-06,203.49156188964844,213.57000732421875,245.45912170410156,44.49005126953125,1012.1039428710938,173.20169067382812,362.9105529785156,263.17645263671875,588.5455932617188,696.1356201171875,468.730712890625,141.69427490234375,161.77467346191406,295.1400146484375,297.1968688964844,102.41291046142578
2025-06-09,201.02674865722656,216.97999572753906,242.82492065429688,44.39111328125,1003.3684692382812,175.817626953125,360.8061828613281,264.1767272949219,582.7711181640625,692.4938354492188,471.0924072265625,142.6041259765625,160.33465576171875,308.5799865722656,297.1675109863281,103.1004409790039
2025-06-10,202.24420166015625,217.61000061035156,243.1728515625,44.608768463134766,1004.4553833007812,178.3237762451172,363.4836120605469,266.0188903808594,587.9671630859375,700.8150024414062,469.2688293457031,143.9338836669922,160.61082458496094,326.0899963378906,297.75555419921875,105.31037139892578
2025-06-11,198.36236572265625,213.1999969482422,251.40353393554688,44.25260925292969,993.9947509765625,177.07569885253906,356.1231994628906,265.5732116699219,589.1639404296875,692.5736694335938,470.9628601074219,142.81399536132812,159.8908233642578,326.42999267578125,304.3910827636719,107.36314392089844
2025-06-12,198.78147888183594,213.24000549316406,254.54469299316406,44.14378356933594,999.908203125,175.42823791503906,358.7907409667969,265.6623229980469,587.7078857421875,691.79541015625,477.1909484863281,144.98374938964844,160.9461669921875,319.1099853515625,312.17333984375,107.77566528320312
2025-06-13,196.03726196289062,212.10000610351562,247.21859741210938,43.619441986083984,987.443115234375,174.39984130859375,350.39300537109375,262.4039306640625,560.5305786132812,681.3291015625,473.2946472167969,141.95408630371094,158.08587646484375,325.30999755859375,307.3020935058594,110.12310028076172
2025-06-16,198.0031280517578,216.10000610351562,250.5983428955078,43.9360237121582,981.6094360351562,176.49659729003906,349.30621337890625,267.7619323730469,567.15283203125,701.0746459960938,477.46002197265625,144.6737823486328,158.6776580810547,329.1300048828125,303.6893310546875,110.47669219970703
2025-06-17,195.2289581298828,214.82000732421875,247.88461303710938,43.7579460144043,974.9879760742188,175.6778564453125,344.583740234375,266.92999267578125,567.9307861328125,696.19189453125,476.3638610839844,144.1038360595703,156.3499755859375,316.3500061035156,304.88372802734375,111.96961212158203
2025-06-18,196.1669921875,212.52000427246094,249.76333618164062,44.5790901184082,972.1759033203125,173.05194091796875,342.85479736328125,271.3273620605469,537.292724609375,694.734130859375,478.5561218261719,145.46368408203125,155.8568115234375,322.04998779296875,303.23529052734375,111.17404174804688
2025-06-20,200.5777130126953,209.69000244140625,249.0858154296875,45.0143928527832,977.55078125,166.38226318359375,345.41363525390625,272.35736083984375,531.5480346679688,681.3340454101562,475.7261047363281,143.83387756347656,156.9022979736328,322.1600036621094,298.11224365234375,112.65714263916016
2025-06-23,201.07664489746094,208.47000122070312,252.85214233398438,45.80585479736328,1001.6731567382812,164.9344940185547,352.6653137207031,275.595947265625,540.9030151367188,697.4900512695312,484.2959289550781,144.15383911132812,158.82559204101562,348.67999267578125,296.7994079589844,109.74986267089844
2025-06-24,199.87918090820312,212.77000427246094,262.81597900390625,46.16201400756836,999.1203002929688,166.51206970214844,356.0837097167969,278.5572204589844,556.0425415039062,711.1396484375,488.3915100097656,147.88340759277344,158.16476440429688,340.4700012207031,301.6756286621094,106.4104232788086
2025-06-25,201.1365203857422,211.99000549316406,263.69281005859375,46.34998321533203,983.7833251953125,170.41600036621094,357.5063781738281,281.3302917480469,548.2334594726562,707.6248779296875,490.5439453125,154.29270935058594,156.79380798339844,327.54998779296875,298.1221008300781,106.43988800048828
2025-06-26,200.5777130126953,217.1199951171875,269.1928405761719,46.95347595214844,980.1634521484375,173.27159118652344,359.12664794921875,285.9752197265625,544.3538208007812,725.0089721679688,495.705810546875,155.00262451171875,156.45846557617188,325.7799987792969,298.7143859863281,108.03103637695312
2025-06-27,200.6575469970703,223.3000030517578,268.3758239746094,46.617103576660156,982.3872680664062,178.25387573242188,364.3035888671875,284.3509826660156,548.851806640625,732.5377197265625,494.20111083984375,157.73231506347656,157.67161560058594,323.6300048828125,305.1205749511719,107.43190002441406
2025-06-30,204.7389373779297,219.38999938964844,274.6529846191406,46.81496810913086,987.173828125,175.95741271972656,362.2288818359375,287.12408447265625,560.4407958984375,736.9911499023438,495.66595458984375,157.97230529785156,157.13902282714844,317.6600036621094,307.9436950683594,105.88004302978516
2025-07-01,207.3833770751953,220.4600067138672,263.7824401855469,47.636112213134766,983.2049560546875,175.56802368164062,368.67041015625,287.6192626953125,563.1036987304688,718.149169921875,490.3247375488281,153.2828369140625,159.01300048828125,300.7099914550781,321.93084716796875,107.29438781738281
2025-07-02,211.99366760253906,219.9199981689453,268.9237976074219,48.19013214111328,979.614990234375,178.3636932373047,367.3761901855469,289.19403076171875,560.0219116210938,712.507568359375,489.36810302734375,157.2323760986328,158.99327087402344,315.6499938964844,303.5906066894531,109.07215881347656
2025-07-03,213.10133361816406,223.41000366210938,274.1846923828125,48.40778350830078,984.2620239257812,179.2523193359375,367.2082214355469,294.56787109375,567.7213134765625,717.9395141601562,497.0909423828125,159.3221435546875,158.62832641601562,315.3500061035156,304.56781005859375,110.20166778564453
2025-07-07,209.50889587402344,223.47000122070312,273.18829345703125,48.140663146972656,989.4075317382812,176.5165557861328,363.2168273925781,290.557373046875,563.6123046875,717.2804565429688,495.974853515625,158.22227478027344,158.3028564453125,293.94000244140625,299.7903137207031,109.13108825683594
2025-07-08,209.5687713623047,219.36000061035156,270.8169250488281,46.64678192138672,983.0853271484375,174.09031677246094,363.0785217285156,281.4118347167969,560.939453125,719.5969848632812,494.8786926269531,159.98207092285156,155.72857666015625,297.80999755859375,303.72882080078125,112.1562271118164
2025-07-09,210.69639587402344,222.5399932861328,276.8948669433594,46.340091705322266,979.3458251953125,176.34681701660156,366.5759582519531,281.7900085449219,564.3649291992188,731.6890258789062,501.74456787109375,162.86175537109375,155.36366271972656,295.8800048828125,299.0006408691406,111.77318572998047
2025-07-10,211.9637451171875,222.25999450683594,274.4039001464844,46.46870422363281,967.4590454101562,177.34527587890625,368.8087463378906,286.7956848144531,562.7770385742188,726.1572265625,499.7216796875,164.0816192626953,156.32037353515625,309.8699951171875,295.64453125,112.88304901123047
2025-07-11,210.7163543701172,225.02000427246094,273.3876037597656,46.23126220703125,967.61865234375,179.91131591796875,365.61761474609375,285.4720764160156,549.45458984375,716.4417724609375,501.55523681640625,164.90151977539062,154.90008544921875,313.510009765625,300.17529296875,113.3741455078125
2025-07-14,208.1816864013672,225.69000244140625,274.6031799316406,46.56763458251953,978.1690673828125,181.2791748046875,365.6571044921875,287.30322265625,552.2908935546875,719.8466186523438,501.2562561035156,164.05162048339844,151.65512084960938,316.8999938964844,296.70068359375,111.89103698730469
2025-07-15,208.67066955566406,226.35000610351562,279.9238586425781,45.65745544433594,964.97607421875,181.718505859375,354.32513427734375,285.1636047363281,549.6343383789062,709.3323974609375,504.04644775390625,170.6808624267578,150.58990478515625,310.7799987792969,287.9451599121094,110.89903259277344
2025-07-16,209.7184600830078,223.19000244140625,279.7943420410156,45.538734436035156,948.7116088867188,182.68701171875,353.10003662109375,284.4371337890625,554.78759765625,701.8634033203125,503.8471374511719,171.35079956054688,151.6255340576172,321.6700134277344,288.7151184082031,110.23114013671875
2025-07-17,209.57875061035156,223.8800048828125,285.4139404296875,46.51817321777344,951.2445068359375,183.29605102539062,354.7203063964844,288.4974060058594,554.87744140625,700.3656616210938,509.9058532714844,172.98062133789062,153.48963928222656,319.4100036621094,284.3521728515625,109.67129516601562
2025-07-18,210.73631286621094,226.1300048828125,282.315185546875,46.81496810913086,948.2927856445312,184.77377319335938,355.07598876953125,289.8607482910156,551.9313354492188,703.2314453125,508.2616271972656,172.39068603515625,154.02293395996094,329.6499938964844,279.0021057128906,105.85057067871094
2025-07-21,212.03358459472656,229.3000030517578,287.1675720214844,46.973262786865234,944.9122924804688,189.8059844970703,359.66015625,289.5622253417969,553.9187622070312,711.908447265625,508.2715759277344,171.36080932617188,153.9534149169922,328.489990234375,278.49871826171875,106.1255874633789
2025-07-22,213.9495391845703,227.47000122070312,277.5823669433594,47.26016616821289,938.9788818359375,191.04405212402344,366.5462951660156,290.0199890136719,558.0233154296875,703.7606201171875,503.4983825683594,167.01129150390625,157.2205810546875,332.1099853515625,281.4501037597656,106.60685729980469
2025-07-23,213.7000732421875,228.2899932861328,282.6639099121094,47.62621307373047,938.56005859375,189.93577575683594,371.822021484375,295.32421875,561.3489379882812,712.517578125,504.0962829589844,170.7608642578125,157.18084716796875,332.55999755859375,288.73486328125,107.97209930419922
2025-07-24,213.31089782714844,232.22999572753906,287.665771484375,47.8735466003418,931.1907348632812,191.8727569580078,368.60125732421875,295.1152038574219,562.757080078125,713.7357788085938,509.0887145996094,173.7205352783203,157.70716857910156,305.29998779296875,274.984619140625,108.81678771972656
2025-07-25,213.43064880371094,231.44000244140625,289.13043212890625,47.93290710449219,932.865966796875,192.88119506835938,370.8241882324219,297.1752014160156,567.4708251953125,711.618896484375,511.9088439941406,173.48056030273438,157.20071411132812,316.05999755859375,277.4326171875,108.43373107910156
2025-07-28,213.6002960205078,232.7899932861328,293.23553466796875,47.71525573730469,931.380126953125,192.28213500976562,372.69146728515625,296.83685302734375,567.53076171875,716.5615844726562,510.7030334472656,176.73019409179688,156.0189666748047,325.5899963378906,278.47894287109375,109.45521545410156
2025-07-29,210.8261260986328,231.00999450683594,296.3442687988281,47.4382438659668,931.9585571289062,195.44723510742188,372.8001403808594,295.6028747558594,562.5772705078125,698.957763671875,510.7727966308594,175.49032592773438,155.52244567871094,321.20001220703125,257.70062255859375,110.86956024169922
2025-07-30,208.6107940673828,230.19000244140625,301.52545166015625,47.44813919067383,924.9182739257812,196.2260284423828,367.6034240722656,298.1803283691406,558.372802734375,694.1749267578125,511.4404296875,179.2499237060547,151.81834411621094,319.0400085449219,262.6064758300781,109.90702056884766
2025-07-31,207.1339111328125,234.11000061035156,292.6377258300781,46.7655029296875,937.014404296875,191.60317993164062,363.0884094238281,294.80670166015625,565.7230834960938,772.2884521484375,531.62939453125,177.85006713867188,149.42507934570312,308.2699890136719,246.33917236328125,109.65164947509766
2025-08-01,201.95480346679688,214.75,287.5960388183594,45.17268753051758,951.1743774414062,188.8374786376953,369.1644287109375,287.969970703125,559.15185546875,748.8933715820312,522.2723388671875,173.70053100585938,149.60382080078125,302.6300048828125,234.70132446289062,107.68727111816406
2025-08-04,202.9227752685547,211.64999389648438,296.6431884765625,45.36065673828125,954.0203247070312,194.7383270263672,376.2382507324219,292.8363037109375,569.0587158203125,775.214111328125,533.7619018554688,179.97982788085938,149.7130584716797,309.260009765625,237.86988830566406,105.45770263671875
2025-08-05,202.49366760253906,213.75,291.8705139160156,45.073753356933594,942.296875,194.368896484375,380.7730407714844,289.96026611328125,565.293701171875,762.3233032226562,525.8995361328125,178.24002075195312,149.4647979736328,308.7200012207031,247.7605743408203,105.33000946044922
2025-08-06,212.8019561767578,222.30999755859375,300.57891845703125,44.935245513916016,967.191650390625,195.78671264648438,382.14630126953125,289.9403991699219,568.379638671875,770.8406372070312,523.0994262695312,179.39988708496094,151.79849243164062,319.9100036621094,242.6079559326172,104.6130142211914
2025-08-07,219.56771850585938,223.1300048828125,302.6613464355469,44.440582275390625,976.069091796875,196.21604919433594,381.52392578125,285.5517272949219,560.4800415039062,760.6957397460938,519.0138549804688,180.749755859375,152.4241180419922,322.2699890136719,241.51226806640625,104.06298828125
2025-08-08,228.86813354492188,222.69000244140625,303.8669738769531,45.51894760131836,979.5941162109375,201.10845947265625,383.1836853027344,287.3629150390625,573.5628051757812,768.1546630859375,520.2095947265625,182.6795196533203,152.4439697265625,329.6499938964844,247.65200805664062,104.89785766601562
2025-08-11,226.95997619628906,221.3000030517578,302.80084228515625,45.66735076904297,987.3431396484375,200.68911743164062,382.8675231933594,288.1590270996094,572.8338012695312,764.729736328125,519.9405517578125,182.0395965576172,153.9037628173828,339.0299987792969,249.11288452148438,103.94512939453125
2025-08-12,229.42758178710938,221.47000122070312,311.6985168457031,46.99304962158203,989.849609375,203.02549743652344,391.2356262207031,291.4331359863281,573.4229736328125,788.8237915039062,527.3843383789062,183.1394805908203,154.01300048828125,340.8399963378906,258.1941833496094,104.23977661132812
2025-08-13,233.10403442382812,224.55999755859375,307.9720764160156,46.73582458496094,977.4671020507812,201.6476287841797,402.2810974121094,289.1243591308594,577.1380615234375,778.9186401367188,518.7547607421875,181.5696563720703,154.33078002929688,339.3800048828125,268.302001953125,105.68360137939453
2025-08-14,232.5545654296875,230.97999572753906,310.1043395996094,47.2008056640625,974.0120239257812,202.62611389160156,395.503662109375,292.7367858886719,582.9903564453125,780.9655151367188,520.6480102539062,181.99960327148438,152.67237854003906,335.5799865722656,267.98614501953125,105.46752166748047
2025-08-15,231.36570739746094,231.02999877929688,305.23199462890625,46.439022064208984,970.666748046875,203.58462524414062,394.5749816894531,289.08453369140625,580.9330444335938,784.0609130859375,518.3461303710938,180.42977905273438,153.28807067871094,330.55999755859375,300.08642578125,105.566650390625
2025-08-18,230.66639709472656,231.49000549316406,304.65411376953125,47.408565521240234,977.9663696289062,203.18524169921875,389.9512634277344,290.1195068359375,583.369873046875,766.2274780273438,515.286865234375,181.98959350585938,154.6386260986328,335.1600036621094,304.50860595703125,105.79466247558594
2025-08-19,230.3367156982422,228.00999450683594,293.8433532714844,47.566856384277344,979.4642944335938,201.25823974609375,402.3008728027344,289.25372314453125,584.738037109375,750.3611450195312,507.98260498046875,175.6203155517578,157.3000030517578,329.30999755859375,300.3134460449219,106.48858642578125
2025-08-20,225.79110717773438,223.80999755859375,290.11688232421875,47.8339729309082,993.1649169921875,199.01171875,396.90655517578125,290.8260803222656,591.8985595703125,746.6067504882812,503.9468078613281,175.38034057617188,158.4022979736328,323.8999938964844,295.9702453613281,107.5889663696289
2025-08-21,224.68218994140625,221.9499969482422,288.55255126953125,47.744930267333984,968.31005859375,199.44105529785156,392.9151916503906,290.059814453125,591.1395874023438,737.9995727539062,503.2980041503906,174.96038818359375,157.62771606445312,320.1099853515625,299.4349670410156,108.28289794921875
2025-08-22,227.53941345214844,228.83999633789062,292.9366455078125,48.95191192626953,957.185791015625,205.771240234375,407.8236389160156,294.80670166015625,598.1703491210938,753.6661987304688,506.2824401855469,177.97006225585938,157.56813049316406,340.010009765625,303.45245361328125,110.31511688232422
2025-08-25,226.94000244140625,227.94000244140625,293.16583251953125,48.95191192626953,940.2498168945312,208.1675262451172,403.98040771484375,293.47320556640625,592.4279174804688,752.1784057617188,503.3179931640625,179.78985595703125,155.0656280517578,346.6000061035156,300.92547607421875,110.77112579345703
2025-08-26,229.08792114257812,228.7100067138672,296.93212890625,49.71369552612305,940.0101318359375,206.81961059570312,402.6368103027344,297.1254577636719,590.8299560546875,752.9772338867188,501.1021423339844,181.7496337890625,154.8868865966797,351.6700134277344,296.5526428222656,110.5232925415039
2025-08-27,230.26678466796875,229.1199951171875,299.1640319824219,49.842308044433594,948.1785888671875,207.15908813476562,403.3283386230469,297.8320007324219,589.8812255859375,746.2672729492188,505.7933349609375,181.57965087890625,155.87002563476562,349.6000061035156,299.9581298828125,111.77237701416016
2025-08-28,232.33477783203125,231.60000610351562,307.53363037109375,49.95113754272461,943.625,211.31265258789062,402.5478820800781,299.6133728027344,589.7014770507812,749.99169921875,508.68792724609375,180.14981079101562,154.56910705566406,345.9800109863281,298.38861083984375,112.36717224121094
2025-08-29,231.91517639160156,229.0,296.31439208984375,50.19846725463867,941.9873046875,212.58070373535156,401.87603759765625,299.961669921875,594.505126953125,737.6002197265625,505.7434387207031,174.1604766845703,155.94944763183594,333.8699951171875,305.87078857421875,113.29901885986328
2025-09-02,229.49752807617188,225.33999633789062,297.16131591796875,49.88187789916992,937.4937133789062,211.0231170654297,401.4216003417969,298.25,591.0896606445312,734.0155029296875,504.1763610839844,170.7608642578125,156.8928680419922,329.3599853515625,304.8146057128906,113.695556640625
2025-09-03,238.2390594482422,225.99000549316406,301.2962951660156,49.52572250366211,948.438232421875,230.30325317382812,402.80474853515625,298.0609130859375,592.497802734375,735.95263671875,504.40594482421875,170.60089111328125,157.0716094970703,334.0899963378906,303.906494140625,110.93965911865234
2025-09-04,239.5477752685547,235.67999267578125,304.9928894042969,50.07974624633789,954.549560546875,231.94070434570312,409.0444030761719,302.3500671386719,594.8546752929688,747.535400390625,507.02105712890625,171.64077758789062,158.08453369140625,338.5299987792969,306.3742370605469,111.42540740966797
2025-09-05,239.45787048339844,232.3300018310547,333.6787414550781,49.5126953125,962.1188354492188,234.63653564453125,416.25775146484375,292.9557189941406,583.44970703125,751.3297119140625,494.0752868652344,167.0012969970703,158.9087677001953,350.8399963378906,311.319580078125,108.28289794921875
2025-09-08,237.64962768554688,235.83999633789062,344.3998107910156,49.20429611206055,970.4769897460938,233.8870086669922,417.2413635253906,291.4928283691406,585.8265991210938,751.1798706054688,497.2693176269531,168.2911376953125,157.90577697753906,346.3999938964844,316.1168518066406,108.89751434326172
2025-09-09,234.123046875,238.24000549316406,335.45233154296875,50.030006408691406,977.8665771484375,239.47335815429688,412.6709289550781,296.408935546875,583.2300415039062,764.5599975585938,497.4789123535156,170.74085998535156,158.3526611328125,346.9700012207031,343.42974853515625,109.69058227539062
2025-09-10,226.5703582763672,230.3300018310547,368.2333068847656,49.87083435058594,954.93896484375,239.01365661621094,410.5744934082031,299.0859375,578.6160888671875,750.8604125976562,499.43524169921875,177.3101348876953,156.25730895996094,347.7900085449219,342.304443359375,111.52454376220703
2025-09-11,229.80722045898438,229.9499969482422,358.3292541503906,50.48762893676758,962.9576416015625,240.21287536621094,420.69903564453125,304.0816345214844,587.9537963867188,749.7820434570312,500.0740661621094,177.16014099121094,157.52842712402344,368.80999755859375,349.0462951660156,111.16766357421875
2025-09-12,233.84332275390625,228.14999389648438,358.5683898925781,50.31850814819336,966.5326538085938,240.64259338378906,419.97369384765625,305.42510986328125,579.6447143554688,754.4650268554688,508.94744873046875,177.8101043701172,156.80348205566406,395.94000244140625,347.96051025390625,111.18749237060547
2025-09-15,236.47076416015625,231.42999267578125,362.77313232421875,50.32845687866211,958.7435913085938,251.44552612304688,419.9935607910156,307.40545654296875,582.19140625,763.5614624023438,514.397216796875,177.74009704589844,155.7409210205078,410.0400085449219,345.56658935546875,111.37583923339844
2025-09-16,237.9193572998047,234.0500030517578,358.69793701171875,50.398094177246094,950.7249755859375,250.99581909179688,418.7416687011719,307.6940612792969,585.6467895507812,777.8401489257812,508.08905029296875,174.87026977539062,156.95245361328125,421.6199951171875,337.5107421875,113.68563842773438
2025-09-17,238.75856018066406,231.6199951171875,344.9179382324219,51.13426971435547,961.6694946289062,249.36688232421875,414.3202819824219,310.2416687011719,597.8407592773438,774.5650634765625,509.06719970703125,170.280517578125,159.21661376953125,425.8599853515625,339.3285217285156,114.29035186767578
2025-09-18,237.64962768554688,231.22999572753906,344.1009216308594,51.860496520996094,951.0145263671875,251.86524963378906,414.79718017578125,311.71453857421875,585.2772827148438,779.0883178710938,507.5001525878906,176.23019409179688,156.22752380371094,416.8500061035156,332.5838928222656,112.942138671875
2025-09-19,245.26223754882812,231.47999572753906,343.6923828125,51.97987365722656,949.8162231445312,254.55349731445312,413.0186767578125,313.25701904296875,583.3897705078125,777.2210693359375,516.96240234375,176.66015625,154.95639038085938,426.07000732421875,334.4413757324219,111.84176635742188
2025-09-22,255.8319854736328,227.6300048828125,338.14300537109375,51.65157699584961,941.9274291992188,252.36492919921875,409.3523864746094,310.9283447265625,583.7193603515625,764.5364379882812,513.4889526367188,183.5997772216797,152.0070343017578,434.2099914550781,339.0205993652344,111.04869842529297
2025-09-23,254.18359375,220.7100067138672,338.292724609375,51.43272018432617,942.2669067382812,251.49549865722656,408.2694091796875,311.22686767578125,569.218505859375,754.784423828125,508.2787170410156,178.42005920410156,151.44097900390625,425.8500061035156,345.367919921875,112.96196746826172
2025-09-24,252.06564331054688,220.2100067138672,338.6620178222656,51.43272018432617,943.9345703125,246.97845458984375,407.13671875,311.90362548828125,568.06005859375,760.0401000976562,509.19696044921875,176.96014404296875,151.36154174804688,442.7900085449219,349.4604187011719,113.5666732788086
2025-09-25,256.6212158203125,218.14999389648438,335.4581298828125,51.581939697265625,941.9773559570312,245.6293182373047,404.8316650390625,311.9334716796875,566.552001953125,748.2996826171875,506.0827941894531,177.68011474609375,151.09341430664062,423.3900146484375,343.25213623046875,114.5877456665039
2025-09-26,255.2126007080078,219.77999877929688,333.8911437988281,51.94007873535156,914.656005859375,246.3788299560547,407.4546813964844,314.53082275390625,564.3848876953125,743.1439208984375,510.5045166015625,178.18008422851562,151.44097900390625,440.3999938964844,341.7820129394531,116.20361328125
2025-09-29,254.18359375,222.1699981689453,327.2738037109375,52.14899444580078,915.57470703125,243.89047241210938,404.185791015625,314.1626281738281,567.3909301757812,742.794189453125,513.6386108398438,181.8398895263672,152.46383666992188,443.2099914550781,342.87469482421875,113.22962951660156
2025-09-30,254.38340759277344,219.57000732421875,329.27996826171875,51.32328796386719,924.3223266601562,242.94110107421875,402.5861511230469,313.90386962890625,568.06005859375,733.7815551757812,516.982421875,186.56961059570312,152.58299255371094,444.7200012207031,342.9938659667969,111.77237701416016
2025-10-01,255.20260620117188,220.6300048828125,332.7533264160156,50.417991638183594,916.0440673828125,244.7399139404297,394.4686584472656,309.2066955566406,573.0135498046875,716.7554321289062,518.7391357421875,187.22958374023438,152.1162567138672,459.4599914550781,345.9738464355469,111.01895904541016
2025-10-02,256.8809814453125,222.41000366210938,337.5341491699219,50.219024658203125,915.474853515625,245.52940368652344,392.4715881347656,306.0619812011719,576.56884765625,726.45751953125,514.7765502929688,188.87948608398438,150.99411010742188,436.0,351.357666015625,110.32503509521484
2025-10-03,257.7701110839844,219.50999450683594,337.7237854003906,50.378196716308594,914.0867919921875,245.1896209716797,392.5212707519531,308.5299987792969,579.6846923828125,709.98095703125,516.3834838867188,187.6095428466797,151.21258544921875,429.8299865722656,357.79437255859375,112.2779541015625
2025-10-06,256.44140625,220.89999389648438,334.84930419921875,50.12948989868164,909.653076171875,250.26629638671875,386.82806396484375,309.17999267578125,578.046875,715.0767822265625,527.5825805664062,185.5296630859375,149.36550903320312,453.25,356.3739013671875,113.20980072021484
2025-10-07,256.23162841796875,221.77999877929688,335.7675476074219,50.030006408691406,913.5076293945312,245.59934997558594,384.32427978515625,307.69000244140625,579.0755615234375,712.4989013671875,523.0010986328125,185.02969360351562,151.48069763183594,433.0899963378906,361.23126220703125,113.26927947998047
2025-10-08,257.8100891113281,225.22000122070312,344.8401794433594,49.582332611083984,913.5076293945312,244.46009826660156,381.3236999511719,304.0299987792969,575.6799926757812,717.2550659179688,523.8695068359375,189.09947204589844,149.6435546875,438.69000244140625,367.449462890625,113.03135681152344
2025-10-09,253.79396057128906,227.74000549316406,344.361083984375,49.5325927734375,941.5579223632812,241.3721160888672,375.26287841796875,305.5299987792969,564.5499877929688,732.9122314453125,521.4241333007812,192.5592803955078,149.53431701660156,435.5400085449219,365.2343444824219,111.93099212646484
2025-10-10,245.032470703125,216.3699951171875,324.0100402832031,48.39848709106445,928.6961669921875,236.4153594970703,373.3353576660156,300.8900146484375,557.47998046875,704.7252197265625,510.0054626464844,183.14981079101562,148.65049743652344,413.489990234375,352.1324462890625,109.76988983154297
2025-10-13,247.42015075683594,220.07000732421875,356.018798828125,48.607398986816406,934.23828125,243.9904022216797,376.93206787109375,307.9700012207031,559.239990234375,715.1167602539062,513.0896606445312,188.3095245361328,146.4657745361328,435.8999938964844,356.2646484375,111.26679229736328
2025-10-14,247.53004455566406,216.38999938964844,343.4728088378906,49.8310432434082,945.1728515625,245.28955078125,385.2284240722656,302.0799865722656,567.9199829101562,708.072509765625,512.610595703125,180.0199737548828,148.12417602539062,429.239990234375,357.52618408203125,111.31636047363281
2025-10-15,249.09852600097656,215.57000732421875,350.6590270996094,52.00971984863281,953.6408081054688,250.86590576171875,385.8046875,305.69000244140625,562.8099975585938,716.9652709960938,512.4708251953125,179.8199920654297,146.39625549316406,435.1499938964844,358.738037109375,110.64225769042969
2025-10-16,247.21035766601562,214.47000122070312,353.4736633300781,50.179229736328125,924.3123168945312,251.29562377929688,384.90057373046875,298.5400085449219,549.8800048828125,711.48974609375,510.65423583984375,181.7998809814453,148.56112670898438,428.75,354.2879638671875,109.68067169189453
2025-10-17,252.045654296875,213.0399932861328,348.6628723144531,51.014888763427734,935.0072021484375,253.13442993164062,389.3815612792969,297.55999755859375,560.969970703125,716.3357543945312,512.62060546875,183.20980834960938,150.34861755371094,439.30999755859375,354.2184143066406,111.26679229736328
2025-10-20,261.98602294921875,216.47999572753906,348.5730285644531,51.77096176147461,934.7874755859375,256.3822937011719,386.39093017578125,302.3599853515625,566.3599853515625,731.5733032226562,515.8245239257812,182.6298370361328,150.9047393798828,447.42999267578125,362.0458068847656,111.7228012084961
2025-10-21,262.5155029296875,222.02999877929688,342.005615234375,51.2536506652832,936.175537109375,250.29627990722656,388.38800048828125,297.0899963378906,572.030029296875,732.6724853515625,516.6929321289062,181.14991760253906,150.5670928955078,442.6000061035156,362.9298400878906,111.73271942138672
2025-10-22,258.19970703125,217.9499969482422,339.6501159667969,50.835819244384766,943.3453979492188,251.52548217773438,386.47039794921875,294.1099853515625,571.3599853515625,732.8123168945312,519.5675659179688,180.26995849609375,151.14306640625,438.9700012207031,359.07574462890625,113.71537780761719
2025-10-23,259.3285827636719,221.08999633789062,343.63250732421875,51.49240493774414,940.7191162109375,252.91456604003906,382.55572509765625,294.5400085449219,573.77001953125,733.40185546875,519.5875244140625,182.1498565673828,151.1529998779297,448.9800109863281,358.042724609375,114.97437286376953
2025-10-24,262.56549072265625,224.2100067138672,353.4537048339844,52.298221588134766,930.8231201171875,259.7501220703125,384.1950988769531,300.44000244140625,573.6699829101562,737.75830078125,522.6318359375,186.24961853027344,152.49000549316406,433.7200012207031,360.0790100097656,114.38948059082031
2025-10-27,268.5496520996094,226.97000122070312,361.35858154296875,52.74589538574219,928.5363159179688,269.0939636230469,382.7941589355469,304.1499938964844,572.3599853515625,750.2081298828125,530.527099609375,191.47933959960938,151.74000549316406,452.4200134277344,363.5357971191406,114.9347152709961
2025-10-28,268.7394714355469,229.25,372.2577209472656,52.5966682434082,922.8543701171875,267.295166015625,383.2710876464844,305.3599853515625,565.9299926757812,750.82763671875,541.057373046875,201.01881408691406,151.3699951171875,460.54998779296875,365.38336181640625,114.03260040283203
2025-10-29,269.4388122558594,230.3000030517578,385.2428894042969,52.308170318603516,911.1309814453125,274.3905334472656,375.61065673828125,305.510009765625,554.5800170898438,751.0574340820312,540.538330078125,207.02847290039062,148.77000427246094,461.510009765625,352.88739013671875,115.4402847290039
2025-10-30,271.13714599609375,222.86000061035156,375.75103759765625,52.75584030151367,918.8800048828125,281.2960205078125,377.1109313964844,309.44000244140625,553.6799926757812,665.9268798828125,524.77783203125,202.8787078857422,149.5800018310547,440.1000061035156,342.44757080078125,113.695556640625
2025-10-31,270.108154296875,244.22000122070312,368.9241027832031,53.17367172241211,911.4500122070312,281.0061950683594,377.1506652832031,311.1199951171875,551.989990234375,647.8216552734375,516.8426513671875,202.47872924804688,150.3699951171875,456.55999755859375,339.27886962890625,113.36841583251953
2025-11-03,268.7894287109375,254.0,361.85760498046875,53.283103942871094,928.0399780273438,283.5345458984375,375.91864013671875,309.3500061035156,544.0700073242188,637.1903686523438,516.0641479492188,206.8684844970703,148.02000427246094,468.3699951171875,331.5607604980469,112.77362060546875
2025-11-04,269.7784729003906,249.32000732421875,351.26788330078125,53.263206481933594,940.739990234375,277.35858154296875,380.61822509765625,309.25,552.75,626.8087768554688,513.3692016601562,198.67893981933594,147.1699981689453,444.260009765625,328.6205139160156,113.15032196044922
2025-11-05,269.8783874511719,250.1999969482422,358.2944641113281,52.17884063720703,935.030029296875,284.1241455078125,371.4376220703125,311.67999267578125,553.3099975585938,635.4317626953125,506.2125549316406,195.1991424560547,145.7899932861328,462.07000732421875,325.5511474609375,112.6943130493164
2025-11-06,269.50872802734375,243.0399932861328,354.9109191894531,53.01449966430664,923.5800170898438,284.5638732910156,366.6982727050781,313.4200134277344,553.280029296875,618.4356079101562,496.1713562011719,188.0695343017578,146.1300048828125,445.9100036621094,319.4124450683594,113.5072021484375
2025-11-07,268.2099914550781,244.41000366210938,348.7626647949219,52.924964904785156,922.739990234375,278.647705078125,368.72515869140625,314.2099914550781,551.969970703125,621.203369140625,495.8918762207031,188.1395263671875,146.97999572753906,429.5199890136719,322.04473876953125,116.20361328125
2025-11-10,269.42999267578125,248.39999389648438,357.7055969238281,53.14382553100586,915.5599975585938,289.9103698730469,368.0495300292969,316.8900146484375,552.9600219726562,631.2451782226562,505.0547180175781,199.03892517089844,145.5,445.2300109863281,319.4322814941406,117.1949462890625
2025-11-11,275.25,249.10000610351562,351.287841796875,53.35274124145508,913.8599853515625,291.11956787109375,371.8350524902344,315.6199951171875,558.3499755859375,626.5690307617188,507.7297058105469,193.1492462158203,148.5399932861328,439.6199951171875,325.26312255859375,118.74141693115234
2025-11-12,273.4700012207031,244.1999969482422,354.5416259765625,53.830257415771484,914.0,286.5225830078125,368.74505615234375,320.4100036621094,561.22998046875,608.5137329101562,510.1851501464844,193.78921508789062,148.00999450683594,430.6000061035156,336.7955627441406,117.09581756591797
2025-11-13,272.95001220703125,237.5800018310547,339.33074951171875,52.5966682434082,925.0800170898438,278.3879089355469,365.7047119140625,309.4800109863281,555.5700073242188,609.3930053710938,502.34979248046875,186.84959411621094,147.9600067138672,401.989990234375,330.2992248535156,117.76000213623047
2025-11-14,272.4100036621094,234.69000244140625,341.80596923828125,52.3380126953125,922.97998046875,276.22930908203125,360.0313720703125,303.6099853515625,545.72998046875,608.96337890625,509.2268981933594,190.15940856933594,147.6699981689453,404.3500061035156,319.7104187011719,119.29000091552734
2025-11-17,267.4599914550781,232.8699951171875,341.9956359863281,51.2138557434082,912.5900268554688,284.83367919921875,355.7292175292969,300.3699951171875,536.8499755859375,601.5194091796875,506.54193115234375,186.58961486816406,145.82000732421875,408.9200134277344,318.3793640136719,117.68000030517578
2025-11-18,267.44000244140625,222.5500030517578,339.8497314453125,51.37302780151367,895.0800170898438,284.09417724609375,334.3177185058594,299.4100036621094,527.5800170898438,597.2029418945312,492.8675537109375,181.3498992919922,146.99000549316406,401.25,311.4857177734375,119.02999877929688
2025-11-19,268.55999755859375,222.69000244140625,353.7431640625,51.75106430053711,890.5999755859375,292.61859130859375,332.3504333496094,303.2699890136719,530.3599853515625,589.8389282226562,486.2099914550781,186.50961303710938,146.99000549316406,403.989990234375,307.0257263183594,117.3499984741211
2025-11-20,266.25,217.13999938964844,346.1576843261719,50.73633575439453,893.2899780273438,289.26080322265625,330.2440490722656,298.3800048828125,527.8800048828125,588.669921875,478.42999267578125,180.62994384765625,148.19000244140625,395.2300109863281,309.4593505859375,117.0199966430664
2025-11-21,271.489990234375,220.69000244140625,339.5503234863281,51.29344177246094,899.010009765625,299.464111328125,341.11376953125,298.0199890136719,540.4000244140625,593.7657470703125,472.1199951171875,178.8700408935547,150.9199981689453,391.0899963378906,317.83306884765625,117.08000183105469
2025-11-24,275.9200134277344,226.27999877929688,377.2381896972656,51.661529541015625,886.1199951171875,318.3717346191406,334.41705322265625,298.0,537.8499755859375,612.5504150390625,474.0,182.5398406982422,146.97999572753906,417.7799987792969,316.919189453125,115.97000122070312
2025-11-25,276.9700012207031,229.6699981689453,384.2947082519531,52.208683013916016,894.3300170898438,323.22857666015625,348.81396484375,303.0,546.469970703125,635.7014770507812,476.989990234375,177.8101043701172,148.49000549316406,419.3999938964844,324.1009216308594,114.51000213623047
2025-11-26,277.54998779296875,229.16000366210938,396.8107604980469,52.71604919433594,908.260009765625,319.7408752441406,353.1856689453125,307.6400146484375,544.9299926757812,633.0936279296875,485.5,180.2499542236328,148.25,426.5799865722656,327.50799560546875,114.7699966430664
2025-11-28,278.8500061035156,233.22000122070312,402.1904602050781,53.37263870239258,913.5900268554688,319.970703125,354.6263732910156,313.0799865722656,550.530029296875,647.4219970703125,492.010009765625,176.99014282226562,148.16000366210938,430.1700134277344,327.5675964355469,115.91999816894531
2025-12-01,283.1000061035156,233.8800048828125,385.3426818847656,52.96475601196289,911.9600219726562,314.6841735839844,355.0337219238281,308.9200134277344,543.969970703125,640.3477172851562,486.739990234375,179.9099884033203,147.44000244140625,430.1400146484375,321.0514221191406,116.62999725341797
2025-12-02,286.19000244140625,234.4199981689453,380.84130859375,52.91501235961914,922.030029296875,315.6035461425781,351.7549133300781,307.8800048828125,545.9099731445312,646.5726318359375,490.0,181.4499053955078,145.86000061035156,429.239990234375,322.3725280761719,115.37999725341797
2025-12-03,284.1499938964844,232.3800048828125,379.88311767578125,53.81036376953125,922.260009765625,319.42108154296875,355.6099853515625,312.1300048828125,553.72998046875,639.0787353515625,477.7300109863281,179.5800018310547,146.7100067138672,446.739990234375,337.44122314453125,117.80000305175781
2025-12-04,280.70001220703125,229.11000061035156,380.3023376464844,53.880001068115234,895.8599853515625,317.4123840332031,351.1700134277344,316.1000061035156,542.3099975585938,660.990966796875,480.8399963378906,183.3800048828125,145.36000061035156,454.5299987792969,331.26275634765625,117.13999938964844
2025-12-05,278.7799987792969,229.52999877929688,389.4947509765625,53.95000076293945,894.6799926757812,321.0599670410156,354.6099853515625,315.0400085449219,545.52001953125,672.8712158203125,483.1600036621094,182.41000366210938,143.4499969482422,455.0,328.6999816894531,116.54000091552734
2025-12-08,277.8900146484375,226.88999938964844,400.3340148925781,53.900001525878906,887.52001953125,313.7200012207031,349.9100036621094,315.2099914550781,540.4400024414062,666.256591796875,491.0199890136719,185.5500030517578,138.33999633789062,439.5799865722656,323.6199951171875,115.9800033569336
2025-12-09,277.17999267578125,227.9199981689453,405.51409912109375,53.540000915527344,888.4400024414062,317.0799865722656,345.2699890136719,300.510009765625,537.5499877929688,656.4246826171875,492.0199890136719,184.97000122070312,139.6300048828125,445.1700134277344,323.6000061035156,118.25
2025-12-10,278.7799987792969,231.77999877929688,412.18133544921875,54.08000183105469,874.4099731445312,320.2099914550781,351.1300048828125,310.1099853515625,538.8599853515625,649.6002197265625,478.55999755859375,183.77999877929688,139.82000732421875,451.45001220703125,328.3699951171875,119.54000091552734
2025-12-11,278.0299987792969,230.27999877929688,405.59393310546875,54.560001373291016,884.47998046875,312.42999267578125,357.4599914550781,317.3800048828125,563.3699951171875,652.1781005859375,483.4700012207031,180.92999267578125,140.75999450683594,446.8900146484375,336.7300109863281,119.54000091552734
2025-12-12,278.2799987792969,226.19000244140625,359.24261474609375,55.13999938964844,884.469970703125,309.2900085449219,359.6499938964844,318.5199890136719,571.9299926757812,643.7050170898438,478.5299987792969,175.02000427246094,142.83999633789062,458.9599914550781,341.8399963378906,118.81999969482422
2025-12-15,274.1099853515625,222.5399932861328,339.1610412597656,55.33000183105469,860.5599975585938,308.2200012207031,356.989990234375,320.0199890136719,569.1300048828125,647.510009765625,474.82000732421875,176.2899932861328,145.1300048828125,475.30999755859375,341.1000061035156,117.76000213623047
2025-12-16,274.6099853515625,222.55999755859375,340.648193359375,54.810001373291016,860.3900146484375,306.57000732421875,352.67999267578125,315.54998779296875,566.02001953125,657.1500244140625,476.3900146484375,177.72000122070312,145.2100067138672,489.8800048828125,334.20001220703125,114.68000030517578
2025-12-17,271.8399963378906,221.27000427246094,325.3973693847656,54.54999923706055,862.6500244140625,296.7200012207031,356.75,314.9800109863281,565.469970703125,649.5,476.1199951171875,170.94000244140625,147.80999755859375,467.260009765625,331.6300048828125,117.41000366210938
2025-12-18,272.19000244140625,226.75999450683594,329.2500305175781,54.2599983215332,857.5900268554688,302.4599914550781,354.989990234375,313.0,566.2100219726562,664.4500122070312,483.9800109863281,174.13999938964844,145.52000427246094,483.3699951171875,328.1400146484375,116.54000091552734
2025-12-19,273.6700134277344,227.35000610351562,339.7099914550781,55.27000045776367,855.6199951171875,307.1600036621094,345.0,317.2099914550781,572.22998046875,658.77001953125,485.9200134277344,180.99000549316406,144.4600067138672,481.20001220703125,327.4200134277344,116.69000244140625
2025-12-22,270.9700012207031,228.42999267578125,341.45001220703125,55.880001068115234,850.0,309.7799987792969,346.3900146484375,323.0899963378906,575.7000122070312,661.5,484.9200134277344,183.69000244140625,142.69000244140625,488.7300109863281,325.1600036621094,118.1500015258789
