ticker,date,attention_index_z,n_terms_used,attention_ma_8,attention_abn
AAPL,2020-12-21,0.6602260245001911,4,,
AAPL,2020-12-28,0.5037185964315665,4,,
AAPL,2021-01-04,0.9040078409217209,4,,
AAPL,2021-01-11,0.839763694045756,4,,
AAPL,2021-01-18,1.1507613892520525,4,,
AAPL,2021-01-25,3.613447191292381,4,,
AAPL,2021-02-01,1.4590930805305422,4,,
AAPL,2021-02-08,0.6223422302111923,4,1.2191700058981754,-0.5968277756869831
AAPL,2021-02-15,0.434364611820748,4,1.1909373293132448,-0.7565727174924968
AAPL,2021-02-22,1.0407587584130125,4,1.2580673495609256,-0.21730859114791312
AAPL,2021-03-01,0.9616763358932621,4,1.2652759114323684,-0.3035995755391063
AAPL,2021-03-08,1.0440195763756837,4,1.2908078967236094,-0.24678832034792575
AAPL,2021-03-15,0.5695250412571808,4,1.2181533532242503,-0.6486283119670695
AAPL,2021-03-22,0.2959973804007254,4,0.8034721268627935,-0.5074747464620681
AAPL,2021-03-29,0.11643152074995125,4,0.6356394318902195,-0.5192079111402683
AAPL,2021-04-05,0.38647857073722036,4,0.606156474455973,-0.21967790371875262
AAPL,2021-04-12,0.4837552058846545,4,0.6123302987139614,-0.1285750928293069
AAPL,2021-04-19,0.48045328487983796,4,0.5422921145223145,-0.061838829642476556
AAPL,2021-04-26,1.4790442093883929,4,0.6069630987092058,0.872081110679187
AAPL,2021-05-03,0.27619976678124697,4,0.5109856225099012,-0.23478585572865424
AAPL,2021-05-10,0.23665855552137177,4,0.4693773117929252,-0.23271875627155342
AAPL,2021-05-17,-0.10433296713157449,4,0.4193360183513877,-0.5236689854829621
AAPL,2021-05-24,-0.2213531999194054,4,0.3771129282677181,-0.5984661281871235
AAPL,2021-05-31,-0.3415802346908259,4,0.28610557758921235,-0.6276858122800382
AAPL,2021-06-07,-0.21643496498585785,4,0.19858180623039828,-0.41501677121625613
AAPL,2021-06-14,-0.15549273911470943,4,0.11908855323107982,-0.27458129234578926
AAPL,2021-06-21,-0.13569512549523102,4,-0.08275386362937318,-0.05294126186585785
AAPL,2021-06-28,-0.09449649726447942,4,-0.12909089663508896,0.03459439937060954
AAPL,2021-07-05,0.042267333163748325,4,-0.1533897994297919,0.19565713259354023
AAPL,2021-07-12,0.3732566090221659,4,-0.09369110241057434,0.4669477114327402
AAPL,2021-07-19,0.3518144913687473,4,-0.022045140999555263,0.37385963236830255
AAPL,2021-07-26,0.9569116161980868,4,0.14026634036155883,0.816645275836528
AAPL,2021-08-02,-0.19663735136637944,4,0.14274104206399363,-0.33937839343037307
AAPL,2021-08-09,-0.25923699420840424,4,0.12977301017728177,-0.389010004385686
AAPL,2021-08-16,-0.11921234581750535,4,0.1318333576369975,-0.25104570345450283
AAPL,2021-08-23,-0.26089441117928064,4,0.11103361839764735,-0.371928029576928
AAPL,2021-08-30,-0.07806773356583532,4,0.09599173505644938,-0.17405946862228472
AAPL,2021-09-06,-0.23949339656800744,4,0.01939798435767771,-0.25889138092568514
AAPL,2021-09-13,0.05709269587059762,4,-0.017442240079591,0.07453493595018862
AAPL,2021-09-20,-0.17855117069685902,4,-0.15937508844145923,-0.019176082255399796
AAPL,2021-09-27,-0.25923699420840424,4,-0.16720004379671233,-0.09203695041169191
AAPL,2021-10-04,-0.18175797268044858,4,-0.1575151661057179,-0.024242806574730685
AAPL,2021-10-11,-0.2805839928405959,4,-0.1776866219836042,-0.10289737085699169
AAPL,2021-10-18,-0.012235462866348494,4,-0.14660425344448766,0.13436879057813916
AAPL,2021-10-25,0.8253527425259397,4,-0.03367669393301578,0.8590294364589555
AAPL,2021-11-01,-0.10267555016069813,4,-0.01657446313210213,-0.086101087028596
AAPL,2021-11-08,-0.2838988267823486,4,-0.059198403463720406,-0.22470042331862822
AAPL,2021-11-15,-0.06479175587169925,4,-0.04497847661057544,-0.019813279261123806
AAPL,2021-11-22,-0.2427542145306786,4,-0.042918129150859734,-0.19983608537981887
AAPL,2021-11-29,0.17897714761289452,4,0.002173760885808153,0.17680338672708637
AAPL,2021-12-06,0.434364611820748,4,0.09154233646847613,0.34282227535227183
AAPL,2021-12-13,0.3552821893009974,4,0.13748204298939437,0.21780014631160305
AAPL,2021-12-20,-0.09946874817710852,4,0.021879356651513342,-0.12134810482862186
AAPL,2021-12-27,0.05548929487880283,4,0.04164996228145096,0.013839332597351872
AAPL,2022-01-03,0.14945109608448415,4,0.09581870263980506,0.053632393444679086
AAPL,2022-01-10,-0.14216274544149177,4,0.086147328943581,-0.22831007438507278
AAPL,2022-01-17,-0.1768268248099648,4,0.09438825265867022,-0.27121507746863505
AAPL,2022-01-24,1.4607137746973369,4,0.2546053310442255,1.2061084436531113
AAPL,2022-01-31,0.2744601437260799,4,0.234617272532392,0.0398428711936879
AAPL,2022-02-07,-0.20481640426259815,4,0.16460494833694256,-0.3694213525995407
AAPL,2022-02-14,-0.22295660091120018,4,0.14916896674518113,-0.3721255676563813
AAPL,2022-02-21,-0.2080772222252693,4,0.1162231521071721,-0.3243003743324414
AAPL,2022-02-28,-0.3052998413936218,4,0.05937928492240886,-0.36467912631603067
AAPL,2022-03-07,-0.14387417839144973,4,0.05916535580366412,-0.20303953419511384
AAPL,2022-03-14,-0.20481640426259815,4,0.05566665837208494,-0.26048306263468307
AAPL,2022-03-21,-0.3020390234309507,4,-0.16467744139395102,-0.13736158203699966
AAPL,2022-03-28,-0.224560001902995,4,-0.22705495959758534,0.0024949576945903496
AAPL,2022-04-04,-0.3976042256284268,4,-0.2511534372683139,-0.14645078836011288
AAPL,2022-04-11,-0.5573724716597226,4,-0.2929554211118792,-0.26441705054784337
AAPL,2022-04-18,-0.173607109889439,4,-0.28864665706990045,0.11503954718046144
AAPL,2022-04-25,1.1407543387488404,4,-0.10788988455209267,1.248644223300933
AAPL,2022-05-02,-0.07810883660798071,4,-0.09966921682915905,0.021560380221178344
AAPL,2022-05-09,0.27293894881857583,4,-0.039949797694012315,0.31288874651258813
AAPL,2022-05-16,-0.003849530000550813,4,-0.0026761110152123315,-0.0011734189853384817
AAPL,2022-05-23,-0.12081574680930016,4,0.010291920871499525,-0.13110766768079968
AAPL,2022-05-30,-0.49648426176765564,4,-0.0020680836459040855,-0.49441617812175154
AAPL,2022-06-06,-0.3201792200795527,4,0.02758107280161716,-0.34776029288116983
AAPL,2022-06-13,-0.16527519300272292,4,0.02862256241245667,-0.1938977554151796
AAPL,2022-06-20,-0.45854645149957524,4,-0.17129003636859527,-0.28725641513098
AAPL,2022-06-27,-0.4980876627594505,4,-0.223787389637529,-0.2743002731219215
AAPL,2022-07-04,-0.6167112965390762,4,-0.3349936703072355,-0.2817176262318407
AAPL,2022-07-11,-0.43066490400510504,4,-0.3883455920578048,-0.042319311947300264
AAPL,2022-07-18,-0.15060269428637102,4,-0.39206896049243867,0.24146626620606765
AAPL,2022-07-25,0.6485296379307045,4,-0.24894222303014363,0.8974718609608481
AAPL,2022-08-01,-0.2725540749446857,4,-0.24298907988828525,-0.02956499505640045
AAPL,2022-08-08,-0.35972043133942794,4,-0.2672947346803734,-0.09242569665905453
AAPL,2022-08-15,-0.2806380088196775,4,-0.24505617934538615,-0.03558182947429134
AAPL,2022-08-22,-0.45694305050778045,4,-0.23991310281392741,-0.21702994769385303
AAPL,2022-08-29,-0.5558230866470093,4,-0.23230207657741905,-0.3235210100695902
AAPL,2022-09-05,-0.5046633146638744,4,-0.24155187790976523,-0.26311143675410914
AAPL,2022-09-12,-0.2806380088196775,4,-0.25780629222642854,-0.022831716593248952
AAPL,2022-09-19,-0.4206626572105764,4,-0.39145532911908865,-0.02920732809148774
AAPL,2022-09-26,-0.1882796086057909,4,-0.3809210208267268,0.1926414122209359
AAPL,2022-10-03,-0.37786062798803,4,-0.38318854540780206,0.005327917419772066
AAPL,2022-10-10,-0.4996910637512453,4,-0.41057017727424805,-0.08912088647699723
AAPL,2022-10-17,-0.36810636420522563,4,-0.3994655914864287,0.03135922728120305
AAPL,2022-10-24,0.9611344631189845,4,-0.20984589776567944,1.170980360884664
AAPL,2022-10-31,-0.27421149191556204,4,-0.1810394199221404,-0.09317207199342165
AAPL,2022-11-07,-0.2987782054682795,4,-0.18330694450321564,-0.11547126096506385
AAPL,2022-11-14,-0.5178852763789289,4,-0.19545977189925973,-0.32242550447966917
AAPL,2022-11-21,-0.8177321867802051,4,-0.2741413441710615,-0.5435908426091436
AAPL,2022-11-28,-0.5211460943416,4,-0.2920520274652577,-0.22909406687634226
AAPL,2022-12-05,-0.6727893034557586,4,-0.3136893074283219,-0.3590999960274367
AAPL,2022-12-12,-0.5755666842874061,4,-0.33962184743859447,-0.23594483684881162
AAPL,2022-12-19,-0.5146244584162577,4,-0.5240917126304997,0.009467254214241994
AAPL,2022-12-26,-0.4816048830817248,4,-0.5500158865262701,0.06841100344454532
AAPL,2023-01-02,-0.28384481080326707,4,-0.5481492121931436,0.26430440138987654
AAPL,2023-01-09,-0.4469278907763155,4,-0.5392795389928169,0.09235164821650138
AAPL,2023-01-16,-0.4981287658015958,4,-0.49932911137049074,0.0012003455688949227
AAPL,2023-01-23,-0.13732671659223494,4,-0.45135168915182006,0.3140249725595851
AAPL,2023-01-30,0.9299920976618432,4,-0.2510040140121198,1.180996111673963
AAPL,2023-02-06,-0.38438226391337227,4,-0.2271059614653656,-0.15727630244800667
AAPL,2023-02-13,-0.503005897692998,4,-0.22565364137495814,-0.27735225631803984
AAPL,2023-02-20,-0.7369923472895783,4,-0.25757707440093985,-0.47941527288863844
AAPL,2023-02-27,-0.7369923472895783,4,-0.3142205164617287,-0.4227718308278496
AAPL,2023-03-06,-0.6546491068071566,4,-0.34018566846558385,-0.31446343834157275
AAPL,2023-03-13,-0.6365089101585546,4,-0.3574831865102037,-0.2790257236483509
AAPL,2023-03-20,-0.5969676988986794,4,-0.4149383092985093,-0.18202938960017012
AAPL,2023-03-27,-0.6546491068071566,4,-0.6130184598571342,-0.04163064695002239
AAPL,2023-04-03,-0.6941903180670319,4,-0.6517444666263417,-0.04244585144069024
AAPL,2023-04-10,-0.5541116536970514,4,-0.6581326861268484,0.10402103242979699
AAPL,2023-04-17,-0.4520119026372967,4,-0.6225101305453131,0.17049822790801644
AAPL,2023-04-24,-0.31560408717895644,4,-0.5698365980314855,0.254232510852529
AAPL,2023-05-01,0.5330717030925229,4,-0.4213714967940255,0.9544431998865485
AAPL,2023-05-08,-0.5360254730275309,4,-0.40881106715264753,-0.12721440587488336
AAPL,2023-05-15,-0.6151078955472813,4,-0.4110785917337228,-0.2040293038135585
AAPL,2023-05-22,-0.5755666842874061,4,-0.40119328891875394,-0.17437339536865215
AAPL,2023-05-29,-0.5360254730275309,4,-0.38142268328881634,-0.15460278973871455
AAPL,2023-06-05,0.2878183275045067,4,-0.2761814356386216,0.5639997631431283
AAPL,2023-06-12,-0.2987782054682795,4,-0.2570272234924944,-0.041750981975785084
AAPL,2023-06-19,-0.6365089101585546,4,-0.2971403263649442,-0.3393685837936104
AAPL,2023-06-26,-0.33505859876548355,4,-0.405656614097195,0.07059801533171145
AAPL,2023-07-03,-0.5788275022500773,4,-0.41100686775001327,-0.16782063450006401
AAPL,2023-07-10,-0.41734782326882364,4,-0.38628685871520607,-0.031060964553617565
AAPL,2023-07-17,-0.29224365660600093,4,-0.35087148025503045,0.05862782364902952
AAPL,2023-07-24,-0.2098875031866431,4,-0.3101042340249195,0.1002167308382764
AAPL,2023-07-31,0.6730963514834218,4,-0.2619444810275551,0.9350408325109769
AAPL,2023-08-07,-0.22814864473034452,4,-0.2531157859353132,0.02496714120496868
AAPL,2023-08-14,-0.5146244584162577,4,-0.2378802294675261,-0.27674422894873163
AAPL,2023-08-21,-0.5755666842874061,4,-0.26794374015776645,-0.30762294412963964
AAPL,2023-08-28,-0.5146244584162577,4,-0.259918359678539,-0.2547060987377187
AAPL,2023-09-04,-0.35645961337675675,4,-0.2523073334420306,-0.10415227993472614
AAPL,2023-09-11,-0.08293195252030128,4,-0.22614337043131816,0.14321141791101688
AAPL,2023-09-18,-0.45694305050778045,4,-0.2570253138464603,-0.19991773666132012
AAPL,2023-09-25,-0.5969676988986794,4,-0.415783320144223,-0.18118437875445642
AAPL,2023-10-02,-0.6579099247698277,4,-0.4695034801491584,-0.1884064446206693
AAPL,2023-10-09,-0.6743927044475535,4,-0.48947451090307037,-0.18491819354448313
AAPL,2023-10-16,-0.6941363020879503,4,-0.5042957131281384,-0.18984058895981193
AAPL,2023-10-23,-0.4851265969930565,4,-0.5006084804502382,0.015481883457181711
AAPL,2023-10-30,0.2401564595655582,4,-0.4260314713324489,0.6661879308980071
AAPL,2023-11-06,-0.5723058663247349,4,-0.4872032105580031,-0.08510265576673182
AAPL,2023-11-13,-0.5360254730275309,4,-0.4970885133729719,-0.03893695965455901
AAPL,2023-11-20,-0.7551325439381802,4,-0.5168591190029095,-0.2382734249352707
AAPL,2023-11-27,-0.6546491068071566,4,-0.5164515167575756,-0.138197590049581
AAPL,2023-12-04,-0.5969676988986794,4,-0.5067733910639663,-0.09019430783471305
AAPL,2023-12-11,-0.49648426176765564,4,-0.4820668860239295,-0.014417375743726146
AAPL,2023-12-18,-0.5376828899984073,4,-0.4886364226495984,-0.04904646734880891
AAPL,2023-12-25,-0.7979345731607267,4,-0.618397801740384,-0.17953677142034274
AAPL,2024-01-01,-0.5146244584162577,4,-0.6111876257518243,0.09656316733556658
AAPL,2024-01-08,-0.5162278594080525,4,-0.6087129240493896,0.0924850646413371
AAPL,2024-01-15,-0.5327106390857781,4,-0.5809101859428393,0.04819954685706118
AAPL,2024-01-22,-0.37132607912575144,4,-0.5454948074826635,0.1741687283569121
AAPL,2024-01-29,0.45931754645528916,4,-0.4134591518134175,0.8727766982687066
AAPL,2024-02-05,-0.33509970180762894,4,-0.3932860818184142,0.058186380010785244
AAPL,2024-02-12,-0.4948268447967793,4,-0.38792907616821065,-0.10689776862856865
AAPL,2024-02-19,-0.5921445829863587,4,-0.36220532739641464,-0.2299392555899441
AAPL,2024-02-26,-0.45046251762458345,4,-0.3541850847974554,-0.09627743282712803
AAPL,2024-03-04,0.007495221837112105,4,-0.2887196996418099,0.296214921478922
AAPL,2024-03-11,-0.4504214145824381,4,-0.27843354657889235,-0.17198786800354576
AAPL,2024-03-18,-0.09455051324356098,4,-0.24383660084361852,0.14928608760005754
AAPL,2024-03-25,-0.4734258301855061,4,-0.36042952292371794,-0.11299630726178816
AAPL,2024-04-01,-0.5508508357343802,4,-0.3873984146645619,-0.16345242106981833
AAPL,2024-04-08,-0.4717684132146297,4,-0.38451611071679315,-0.08725230249783655
AAPL,2024-04-15,-0.48508549395091116,4,-0.37113372458736216,-0.113951769363549
AAPL,2024-04-22,-0.31882380209948225,4,-0.3546788851467246,0.03585508304724233
AAPL,2024-04-29,0.8544147471262994,4,-0.24881394448557612,1.1032286916118754
AAPL,2024-05-06,-0.3055736502792186,4,-0.2307079739476737,-0.07486567633154492
AAPL,2024-05-13,-0.4899626258423133,4,-0.2801344880225177,-0.2098281378197956
AAPL,2024-05-20,-0.5311072380939834,4,-0.2873446640110774,-0.24376257408290603
AAPL,2024-05-27,-0.6695284854930874,4,-0.3021793702309158,-0.3673491152621716
AAPL,2024-06-03,-0.4899626258423133,4,-0.30445364680937625,-0.18550897903293706
AAPL,2024-06-10,1.0091638942059047,4,-0.11767247328977429,1.126836367495679
AAPL,2024-06-17,-0.22805352570911758,4,-0.10632618874097868,-0.1217273369681389
AAPL,2024-06-24,-0.3927400066739608,4,-0.2622205329660112,-0.13051947370794958
AAPL,2024-07-01,-0.4701650122228349,4,-0.28279445320896324,-0.18737055901387167
AAPL,2024-07-08,-0.1917191164328319,4,-0.24551401453277807,0.05379489809994617
AAPL,2024-07-15,-0.08475514641861129,4,-0.18972000307335654,0.10496485665474525
AAPL,2024-07-22,-0.262758708119736,4,-0.13887378090168762,-0.12388492721804839
AAPL,2024-07-29,0.44292988579879045,4,-0.02226221694654966,0.4651921027453401
AAPL,2024-08-05,0.477125538001149,4,-0.08876701147214411,0.5658925494732931
AAPL,2024-08-12,-0.41088020332256286,4,-0.1116203461738248,-0.29925985714873804
AAPL,2024-08-19,-0.5327646550648597,4,-0.12912342722268716,-0.40364122784217255
AAPL,2024-08-26,-0.5097062234827101,4,-0.13406607863017156,-0.37564014485253855
AAPL,2024-09-02,-0.6727893034557586,4,-0.1941998520080374,-0.4785894514477212
AAPL,2024-09-09,-0.25923699420840424,4,-0.2160100829817615,-0.04322691122664274
AAPL,2024-09-16,-0.3531987954140856,4,-0.2273150938935552,-0.1258837015205304
AAPL,2024-09-23,-0.5574264876388041,4,-0.35235964057325453,-0.20506684706554956
AAPL,2024-09-30,-0.5937068809360082,4,-0.4862136929403992,-0.10749318799560903
AAPL,2024-10-07,-0.6529916898362802,4,-0.5164776287546139,-0.1365140610816663
AAPL,2024-10-14,-0.5278875231734576,4,-0.5158679872681886,-0.012019535905268941
AAPL,2024-10-21,-0.4851265969930565,4,-0.512795533956982,0.027668936963925472
AAPL,2024-10-28,0.1515358371793297,4,-0.40975489137759585,0.5612907285569255
AAPL,2024-11-04,-0.3762032110171536,4,-0.4243756684786895,0.04817245746153592
AAPL,2024-11-11,-0.5194886773707237,4,-0.44516190372326925,-0.07432677364745444
AAPL,2024-11-18,-0.6365089101585546,4,-0.4550472065382381,-0.1814617036203165
AAPL,2024-11-25,-0.7583933619008514,4,-0.4756330166588435,-0.2827603452420079
AAPL,2024-12-02,-0.5360254730275309,4,-0.46101223955774984,-0.07501323346978106
AAPL,2024-12-09,-0.49648426176765564,4,-0.4570868318820246,-0.03939742988563105
AAPL,2024-12-16,-0.4520788315533145,4,-0.45295586120205683,0.0008770296487423113
AAPL,2024-12-23,-0.6958477350379082,4,-0.5588788077292116,-0.1369689273086966
AAPL,2024-12-30,-0.6760501214184298,4,-0.5963596715293711,-0.07969044988905871
AAPL,2025-01-06,-0.613450478576405,4,-0.6081048966800813,-0.005345581896323726
AAPL,2025-01-13,-0.4750292311773009,4,-0.5879199368074245,0.1128907056301236
AAPL,2025-01-20,-0.2526484293670441,4,-0.5247018202406987,0.27205339087365454
AAPL,2025-01-27,0.9567753941347146,4,-0.338101711845418,1.2948771059801325
AAPL,2025-02-03,-0.16232928696779392,4,-0.2963323399954353,0.13400305302764137
AAPL,2025-02-10,-0.4734258301855061,4,-0.2990007148244592,-0.17442511536104688
AAPL,2025-02-17,-0.5937068809360082,4,-0.2862331080617217,-0.3074737728742865
AAPL,2025-02-24,-0.45694305050778045,4,-0.25884472419789056,-0.19809832630988988
AAPL,2025-03-03,-0.49814167873853205,4,-0.24443112421815644,-0.2537105545203756
AAPL,2025-03-10,-0.22461401788207655,4,-0.21312922255625336,-0.011484795325823194
AAPL,2025-03-17,-0.5574264876388041,4,-0.2512264798402234,-0.3062000077985807
AAPL,2025-03-24,-0.6941903180670319,4,-0.4575971938654417,-0.23659312420159023
AAPL,2025-03-31,0.5152831411757446,4,-0.3728956403474994,0.888178781523244
AAPL,2025-04-07,1.6654717915182489,4,-0.10553343763452999,1.771005229152779
AAPL,2025-04-14,0.17577034562930494,4,-0.009348784313865863,0.1851191299431708
AAPL,2025-04-21,-0.1554798261777732,4,0.028334118727385043,-0.18381394490515823
AAPL,2025-04-28,0.4132958023122169,4,0.14226380385872867,0.27103199845348824
AAPL,2025-05-05,-0.3548021964058804,4,0.12599028154325317,-0.4807924779491336
AAPL,2025-05-12,-0.2987782054682795,4,0.15832131681456876,-0.4570995222828482
AAPL,2025-05-19,-0.3927400066739608,4,0.19600260573870265,-0.5887426124126635
AAPL,2025-05-26,-0.4980876627594505,4,0.06933125524680328,-0.5674189180062538
AAPL,2025-06-02,-0.5755666842874061,4,-0.2107985542289036,-0.3647681300585025
AAPL,2025-06-09,-0.3415802346908259,4,-0.27546737676891997,-0.06611285792190591
AAPL,2025-06-16,-0.6184638325311795,4,-0.33334037756309576,-0.2851234549680838
AAPL,2025-06-23,-0.4339797379468578,4,-0.4392498200954801,0.00527008214862229
AAPL,2025-06-30,-0.4916611458553351,4,-0.4563571887766619,-0.035303957078673176
AAPL,2025-07-07,-0.4916611458553351,4,-0.48046755632504384,-0.01119358953029126
AAPL,2025-07-14,-0.38308086191238344,4,-0.4792601632298467,0.09617930131746327
AAPL,2025-07-21,0.09423627011461232,4,-0.40521967162058886,0.4994559417352012
AAPL,2025-07-28,2.0220091190693377,4,-0.08052269620099589,2.1025318152703334
AAPL,2025-08-04,3.131228118034353,4,0.3535783478896515,2.7776497701447016
AAPL,2025-08-11,3.479621099486577,4,0.865838964391871,2.613782135094706
AAPL,2025-08-18,2.495705037925711,4,1.2320495613759421,1.263655476549769
AAPL,2025-08-25,2.2666497361996143,4,1.5768384216328108,0.6898113145668034
AAPL,2025-09-01,1.80149741790822,4,1.8634832421032552,-0.06198582419503529
AAPL,2025-09-08,3.5664566155374295,4,2.3571754267844818,1.2092811887529478
AAPL,2025-09-15,1.9442403602396374,4,2.58842593805011,-0.6441855778104726
AAPL,2025-09-22,2.2124397552135764,4,2.61222976756814,-0.39979001235456346
AAPL,2025-09-29,1.6002733766877006,4,2.4208604248998085,-0.8205870482121078
AAPL,2025-10-06,1.1857179354399745,4,2.134122529393983,-0.9484045939540084
AAPL,2025-10-13,1.3205223499065202,4,1.9872246933915843,-0.6667023434850641
AAPL,2025-10-20,2.488525388039675,4,2.0149591498715917,0.4735662381680834
AAPL,2025-10-27,4.992955589668226,4,2.4138914213415923,2.5790641683266333
AAPL,2025-11-03,2.069481690254065,4,2.2267695556811717,-0.1572878654271066
AAPL,2025-11-10,1.1209298997830048,4,2.1238557481240927,-1.0029258483410879
AAPL,2025-11-17,1.3291361849070857,4,2.0134428018357813,-0.6843066169286955
AAPL,2025-11-24,0.9564091957455952,4,1.9329597792180182,-0.976550583472423
AAPL,2025-12-01,1.106639241910413,4,1.923074942526823,-0.81643570061641
AAPL,2025-12-08,-0.2449449715769601,4,1.727391527341388,-1.972336498918348
AAPL,2025-12-15,-0.5825934701829445,4,1.3435016700635607,-1.9260951402465052
AAPL,2025-12-22,-0.6632792936944898,4,0.6364723096432211,-1.299751603337711
AMZN,2020-12-21,-0.34835008667296685,4,,
AMZN,2020-12-28,-0.14217319987820326,4,,
AMZN,2021-01-04,0.10121944375874484,4,,
AMZN,2021-01-11,0.214187954993798,4,,
AMZN,2021-01-18,0.13835770068309433,4,,
AMZN,2021-01-25,0.559484647665837,4,,
AMZN,2021-02-01,1.956525574200263,4,,
AMZN,2021-02-08,-0.08710882630673594,4,0.2990179010554789,-0.3861267273622148
AMZN,2021-02-15,-0.3692357501694875,4,0.29640719311841385,-0.6656429432879014
AMZN,2021-02-22,-0.1250555456198596,4,0.29854689990070676,-0.42360244552056636
AMZN,2021-03-01,-0.05214255531910944,4,0.27937665001597495,-0.3315192053350844
AMZN,2021-03-08,-0.182369405045885,4,0.22980698001101463,-0.41217638505689963
AMZN,2021-03-15,-0.3126528532144012,4,0.17343066077382766,-0.4860835139882289
AMZN,2021-03-22,-0.4197445535900981,4,0.05102701061683577,-0.4707715642069339
AMZN,2021-03-29,-0.5522774876131724,4,-0.26257337210984366,-0.28970411550332875
AMZN,2021-04-05,-0.3236964139382692,4,-0.29214682056378527,-0.03154959337448393
AMZN,2021-04-12,-0.2686320403668019,4,-0.2795713568384496,0.010939316471647698
AMZN,2021-04-19,-0.4332348828436435,4,-0.3180937739914226,-0.1151411088522209
AMZN,2021-04-26,0.8678485757043948,4,-0.20309488261348457,1.0709434583178794
AMZN,2021-05-03,-0.23366576937917538,4,-0.20950692815514588,-0.024158841224029504
AMZN,2021-05-10,-0.2894611054215819,4,-0.20660795968104345,-0.08285314574053843
AMZN,2021-05-17,-0.5127556464746891,4,-0.2182343462916173,-0.29452130018307177
AMZN,2021-05-24,-0.45920979628684067,4,-0.20660088487582584,-0.2526089114110148
AMZN,2021-05-31,-0.7227571409493703,4,-0.2564834757522135,-0.4662736651971568
AMZN,2021-06-07,-0.51202468400375,4,-0.286907556206832,-0.225117127796918
AMZN,2021-06-14,-0.5112371230910702,4,-0.2966578362377603,-0.21457928685330985
AMZN,2021-06-21,-0.38252879674791357,4,-0.45295500779429887,0.0704262110463853
AMZN,2021-06-28,-0.5864561976881191,4,-0.4970538113329168,-0.08940238635520226
AMZN,2021-07-05,-0.13379302204742885,4,-0.4775953009111477,0.34380227886371884
AMZN,2021-07-12,-0.34002650728393313,4,-0.4560041585123032,0.11597765122837006
AMZN,2021-07-19,-0.24108200509824507,4,-0.4287381846137287,0.18765617951548363
AMZN,2021-07-26,0.6789300274013536,4,-0.25352728856988827,0.9324573159712418
AMZN,2021-08-02,-0.284174572799786,4,-0.22504602466939277,-0.0591285481303932
AMZN,2021-08-09,-0.5298733007330327,4,-0.22737554687463812,-0.3024977538583946
AMZN,2021-08-16,-0.436074646935762,4,-0.23406877814811916,-0.20200586878764282
AMZN,2021-08-23,-0.5127556464746891,4,-0.2248562092464404,-0.2878994372282487
AMZN,2021-08-30,-0.4717718803943276,4,-0.2671035665398027,-0.20466831385452489
AMZN,2021-09-06,-0.756935851024317,4,-0.31921723450735073,-0.4377186165169663
AMZN,2021-09-13,-0.756935851024317,4,-0.38369896524810976,-0.3732368857762073
AMZN,2021-09-20,-0.6430390946432053,4,-0.5489451055036796,-0.09409398913952571
AMZN,2021-09-27,-0.662406234756107,4,-0.5962240632482196,-0.06618217150788741
AMZN,2021-10-04,-0.5670890575752173,4,-0.6008760328534928,0.033786975278275455
AMZN,2021-10-11,-0.6795238890144508,4,-0.631307188113329,-0.048216700901121845
AMZN,2021-10-18,-0.5418451066029593,4,-0.6349433706293627,0.09309826402640342
AMZN,2021-10-25,0.3014859263577122,4,-0.5382861447853577,0.83977207114307
AMZN,2021-11-01,-0.4182260302064792,4,-0.49594741718312796,0.07772138697664877
AMZN,2021-11-08,-0.4770584130161235,4,-0.4609627374321038,-0.016095675584019697
AMZN,2021-11-15,-0.39885889009357745,4,-0.4304402118634003,0.03158132176982287
AMZN,2021-11-22,-0.6631371972270462,4,-0.43053158217226767,-0.23260561505477856
AMZN,2021-11-29,-0.5321227865875908,4,-0.42616079829881437,-0.10596198828877645
AMZN,2021-12-06,-0.5514899267004926,4,-0.41015655300956955,-0.14133337369092303
AMZN,2021-12-13,-0.6259214403848616,4,-0.4206660947323074,-0.2052553456525542
AMZN,2021-12-20,-0.7197200941821325,4,-0.5483168472997879,-0.17140324688234454
AMZN,2021-12-27,-0.7197200941821325,4,-0.5860036052967447,-0.13371648888538779
AMZN,2022-01-03,-0.5894932444553569,4,-0.6000579592266488,0.01056471477129195
AMZN,2022-01-10,-0.6050923753300816,4,-0.6258371448812119,0.02074476955113025
AMZN,2022-01-17,-0.3691159674122032,4,-0.5890844911543565,0.21996852374215325
AMZN,2022-01-24,0.19955276623077806,4,-0.49762504705206034,0.6971778132828383
AMZN,2022-01-31,2.136765348146682,4,-0.1615931376961635,2.298358485842846
AMZN,2022-02-07,-0.07510132347116322,4,-0.09274062308195119,0.017639299610787973
AMZN,2022-02-14,-0.436074646935762,4,-0.057284942176154874,-0.3787897047596071
AMZN,2022-02-21,-0.51202468400375,4,-0.03132301590385707,-0.48070166809989295
AMZN,2022-02-28,-0.6043048144174019,4,-0.033174462149112696,-0.5711303522682892
AMZN,2022-03-07,0.5983739277273106,4,0.11725882573306133,0.48111510199424923
AMZN,2022-03-14,-0.05214255531910944,4,0.15688050224469804,-0.20902305756380749
AMZN,2022-03-21,-0.25455143287569604,4,0.10011747735638879,-0.3546689102320848
AMZN,2022-03-28,-0.2173356760335115,4,-0.1941451506661354,-0.02319052536737609
AMZN,2022-04-04,-0.3661987034022497,4,-0.23053232315752123,-0.13566638024472846
AMZN,2022-04-11,-0.47711501145786417,4,-0.235662368722784,-0.24145264273508016
AMZN,2022-04-18,-0.21662561503866676,4,-0.19873748510214861,-0.017888129936518143
AMZN,2022-04-25,1.7943211114271072,4,0.10109075562841503,1.693230355798692
AMZN,2022-05-02,0.6661767666052898,4,0.10956611048816244,0.5566106561171273
AMZN,2022-05-09,0.6207781146074501,4,0.1936811942289824,0.42709692037846775
AMZN,2022-05-16,0.1711519857339978,4,0.24689412155519413,-0.07574213582119632
AMZN,2022-05-23,0.15634041577195287,4,0.29360363303087716,-0.1372632172589243
AMZN,2022-05-30,0.3914094800198672,4,0.3883046559586418,0.0031048240612254197
AMZN,2022-06-06,1.817382763217687,4,0.6751168777930856,1.1422658854246015
AMZN,2022-06-13,0.7487554784796676,4,0.7957895144828775,-0.04703403600320988
AMZN,2022-06-20,-0.013408275093305999,4,0.5698233411678258,-0.5832316162611318
AMZN,2022-06-27,-0.10568840550695788,4,0.4733401946537949,-0.5790286001607527
AMZN,2022-07-04,-0.27166908713403976,4,0.3617842944361086,-0.6334533815701484
AMZN,2022-07-11,-0.09829307126398258,4,0.3281036623113611,-0.4263967335753437
AMZN,2022-07-18,0.1562629158541178,4,0.3280939748216317,-0.1718310589675139
AMZN,2022-07-25,1.3009555381728126,4,0.4417872320907499,0.8591683060820627
AMZN,2022-08-01,0.3490835717549117,4,0.25824983315790295,0.09083373859700877
AMZN,2022-08-08,0.02684452851611642,4,0.16801096441245908,-0.14116643589634265
AMZN,2022-08-15,-0.08632126539405614,4,0.15889684062486528,-0.2452181060189214
AMZN,2022-08-22,-0.23518429276279432,4,0.14270985471788575,-0.37789414748068006
AMZN,2022-08-29,-0.3669296658731888,4,0.1308022823754921,-0.49773194824868094
AMZN,2022-09-05,-0.6073418611846397,4,0.06717118363540997,-0.6745130448200497
AMZN,2022-09-12,-0.29024866633426166,4,0.011357235861862526,-0.3016059021961242
AMZN,2022-09-19,-0.3661987034022497,4,-0.19703704433502028,-0.1691616590672294
AMZN,2022-09-26,-0.4197445535900981,4,-0.2931405600031465,-0.12660399358695162
AMZN,2022-10-03,-0.45847883381590154,4,-0.3538059802946487,-0.10467285352125283
AMZN,2022-10-10,-0.45847883381590154,4,-0.4003256763473794,-0.05815315746852212
AMZN,2022-10-17,-0.35278587406653933,4,-0.4150258740103476,0.062239999943808244
AMZN,2022-10-24,1.533220535294255,4,-0.17750709886441707,1.7107276341586721
AMZN,2022-10-31,0.38933637536433413,4,-0.052922319295795335,0.44225869466012946
AMZN,2022-11-07,0.3230520598699738,4,0.0237402714797341,0.2993117883902397
AMZN,2022-11-14,0.12064318231338725,4,0.08459550719418872,0.03604767511919853
AMZN,2022-11-21,-0.5351598333548288,4,0.07016859722359738,-0.6053284305784261
AMZN,2022-11-28,-0.34531303990572904,4,0.08431432146236893,-0.429627361368098
AMZN,2022-12-05,-0.4182260302064792,4,0.08934592191354675,-0.5075719521200259
AMZN,2022-12-12,-0.3259458997928273,4,0.09270091869776076,-0.41864681849058805
AMZN,2022-12-19,-0.30506023629630663,4,-0.13708417775105947,-0.16797605854524716
AMZN,2022-12-26,-0.4391116937029998,4,-0.2406401863844762,-0.1984715073185236
AMZN,2023-01-02,-0.23293480690823626,4,-0.3101385447317525,0.07720373782351625
AMZN,2023-01-09,-0.09373750111312582,4,-0.33693613016006657,0.24319862904694076
AMZN,2023-01-16,-0.3007019488205692,4,-0.3076288945932842,0.006926945772714965
AMZN,2023-01-23,0.04917121547842096,4,-0.2583183626702654,0.3074895781486864
AMZN,2023-01-30,1.2942702649246822,4,-0.04425632577887023,1.3385265907035524
AMZN,2023-02-06,-0.04165357586715565,4,-0.008719785288161277,-0.03293379057899437
AMZN,2023-02-13,-0.30657875967992554,4,-0.00890960071111364,-0.2976691589688119
AMZN,2023-02-20,-0.51202468400375,4,-0.018023724498707414,-0.4940009595050426
AMZN,2023-02-27,-0.5313918241166518,4,-0.05533085164975936,-0.4760609724668924
AMZN,2023-03-06,-0.5871871601590581,4,-0.1170120590305009,-0.47017510112855726
AMZN,2023-03-13,-0.4375931703193809,4,-0.13412346171785236,-0.30346970860152855
AMZN,2023-03-20,-0.4197445535900981,4,-0.19273793285141724,-0.22700662073868086
AMZN,2023-03-27,-0.5298733007330327,4,-0.4207558785586316,-0.10911742217440112
AMZN,2023-04-03,-0.5648395717206594,4,-0.48615412804031954,-0.0786854436803398
AMZN,2023-04-10,-0.4286793126927867,4,-0.5014166971669272,0.07273738447414047
AMZN,2023-04-17,-0.33038168718639976,4,-0.47871132256475846,0.1483296353783587
AMZN,2023-04-24,1.0323821278791503,4,-0.2832395785652832,1.3156217064444335
AMZN,2023-05-01,-0.3162444812535533,4,-0.24937174370209508,-0.06687273755145823
AMZN,2023-05-08,-0.3794917499806757,4,-0.2421090661597569,-0.13738268382091878
AMZN,2023-05-15,-0.30354171291268767,4,-0.2275837110750806,-0.07595800183760706
AMZN,2023-05-22,-0.3407574697548722,4,-0.20394423220281055,-0.13681323755206165
AMZN,2023-05-29,-0.34227599313849116,4,-0.17612378488003952,-0.16615220825845164
AMZN,2023-06-05,-0.24999586272483926,4,-0.15378835363404608,-0.09620750909079318
AMZN,2023-06-12,-0.23062872261193754,4,-0.14131923306223831,-0.08930948954969922
AMZN,2023-06-19,-0.4732904037779465,4,-0.32952829951937546,-0.14376210425857106
AMZN,2023-06-26,-0.41670750682286023,4,-0.34208617771553873,-0.0746213291073215
AMZN,2023-07-03,-0.5686075809588362,4,-0.36572565658780887,-0.20288192437102737
AMZN,2023-07-10,-0.20386624825606053,4,-0.35326622350573045,0.14939997524966991
AMZN,2023-07-17,-0.1771037739001835,4,-0.3328095115238944,0.15570573762371087
AMZN,2023-07-24,0.051399799856884656,4,-0.28360003739947237,0.334999837256357
AMZN,2023-07-31,0.949036756568187,4,-0.1337209599878441,1.0827577165560311
AMZN,2023-08-07,-0.26632595607050313,4,-0.13818311417016482,-0.1281428419003383
AMZN,2023-08-14,-0.47402136624888563,4,-0.1382744844790322,-0.33574688176985346
AMZN,2023-08-21,-0.5484528799332548,4,-0.1547426561178315,-0.39371022381542325
AMZN,2023-08-28,-0.5678200200461565,4,-0.15464421100374653,-0.41317580904240997
AMZN,2023-09-04,-0.7747844677535999,4,-0.22600898844093897,-0.5487754793126609
AMZN,2023-09-11,-0.45240474028142585,4,-0.26042160923859425,-0.1919831310428316
AMZN,2023-09-18,-0.605035776888341,4,-0.3424760563317475,-0.2625597205565935
AMZN,2023-09-25,-0.4717718803943276,4,-0.5200771359520617,0.04830525555773413
AMZN,2023-10-02,-0.6043048144174019,4,-0.5623244932454241,-0.04198032117197781
AMZN,2023-10-09,-0.6020553285628438,4,-0.5783287385346689,-0.0237265900281749
AMZN,2023-10-16,-0.6132395735200904,4,-0.5864270752330234,-0.026812498287067
AMZN,2023-10-23,0.6393663833106815,4,-0.43552877481341856,1.0748951581241002
AMZN,2023-10-30,-0.2953588177570326,4,-0.37560056856384766,0.08024175080681506
AMZN,2023-11-06,-0.3392389463712533,4,-0.36145484432507613,0.02221589795382284
AMZN,2023-11-13,-0.30657875967992554,4,-0.3241477171740242,0.017568957494098647
AMZN,2023-11-20,-0.5484528799332548,4,-0.3337328421163901,-0.21472003781686466
AMZN,2023-11-27,-0.36012460986777395,4,-0.3032103165476866,-0.05691429332008735
AMZN,2023-12-04,-0.5298733007330327,4,-0.2941875630689602,-0.23568573766407253
AMZN,2023-12-11,-0.45392326366504476,4,-0.27427302433707945,-0.1796502393279653
AMZN,2023-12-18,-0.3213903296419705,4,-0.394367613456161,0.0729772838141905
AMZN,2023-12-25,-0.6787363281017709,4,-0.44228980224925324,-0.23644652585251763
AMZN,2024-01-01,-0.6043048144174019,4,-0.4754230357550218,-0.1288817786623801
AMZN,2024-01-08,-0.4144580209683022,4,-0.4889079434160689,0.07444992244776671
AMZN,2024-01-15,-0.5998058427082857,4,-0.4953270637629478,-0.10447877894533797
AMZN,2024-01-22,-0.2492858017299945,4,-0.4814722127457254,0.23218641101573087
AMZN,2024-01-29,0.9750682684531248,4,-0.2933545165974557,1.2684227850505805
AMZN,2024-02-05,-0.033329996478121904,4,-0.24078035819909033,0.20745036172096842
AMZN,2024-02-12,-0.24029444418556528,4,-0.23064337251703967,-0.009651071668525607
AMZN,2024-02-19,-0.31472595786993435,4,-0.18514207623806012,-0.12958388163187423
AMZN,2024-02-26,-0.39885889009357745,4,-0.15946133569758206,-0.2393975543959954
AMZN,2024-03-04,-0.3973403667099585,4,-0.15732162891528909,-0.2400187377946694
AMZN,2024-03-11,-0.4896204971236104,4,-0.14354846071720467,-0.3460720364064057
AMZN,2024-03-18,-0.4702533570107087,4,-0.17116940512729395,-0.29908395188341474
AMZN,2024-03-25,-0.5462033940786967,4,-0.36132836294377163,-0.18487503113492504
AMZN,2024-04-01,-0.37347425488794067,4,-0.403846395244999,0.03037214035705832
AMZN,2024-04-08,-0.29310933190247457,4,-0.4104482562096126,0.11733892430713805
AMZN,2024-04-15,-0.3675974440285843,4,-0.41705719197944385,0.049459747950859556
AMZN,2024-04-22,0.06183218086709777,4,-0.3594708081093595,0.42130298897645724
AMZN,2024-04-29,0.957219651723842,4,-0.19015080580513438,1.1473704575289765
AMZN,2024-05-06,-0.35708756310053613,4,-0.17358418905225012,-0.183503374048286
AMZN,2024-05-13,-0.35708756310053613,4,-0.15943846481347854,-0.1976490982870576
AMZN,2024-05-20,-0.4702533570107087,4,-0.14994471017998007,-0.3203086468307286
AMZN,2024-05-27,-0.6578506646052503,4,-0.18549176139464377,-0.4723589032106066
AMZN,2024-06-03,-0.5268362539657949,4,-0.2147076266525588,-0.3121286273132361
AMZN,2024-06-10,-0.4680038711561506,4,-0.2272584300435046,-0.240745441112646
AMZN,2024-06-17,-0.5819006275372622,4,-0.3077250310940496,-0.27417559644321265
AMZN,2024-06-24,-0.22230514322290376,4,-0.45516563046239283,0.23286048723948907
AMZN,2024-07-01,-0.39357235747178154,4,-0.4597262297587985,0.06615387228701697
AMZN,2024-07-08,-0.2603084609777681,4,-0.44762884199345254,0.18732038101568443
AMZN,2024-07-15,-0.12116775362439831,4,-0.4039931415701637,0.2828253879457654
AMZN,2024-07-22,-0.11000441014324604,4,-0.33551235976241317,0.22550794961916715
AMZN,2024-07-29,0.8850942223357716,4,-0.15902105022471735,1.044115272560489
AMZN,2024-08-05,0.3581947120566253,4,-0.05574622732312035,0.41394093937974563
AMZN,2024-08-12,-0.2632889093032653,4,-0.015919762543870737,-0.2473691467593946
AMZN,2024-08-19,-0.41367046005562236,4,-0.03984042714796056,-0.3738300329076618
AMZN,2024-08-26,-0.5640520108079795,4,-0.061150383814985304,-0.5029016269929942
AMZN,2024-09-02,-0.7166830474148946,4,-0.11819720711962611,-0.5984858402952685
AMZN,2024-09-09,-0.4881019737399915,4,-0.16406398463407526,-0.3240379891059162
AMZN,2024-09-16,-0.3943033199427206,4,-0.19960134835900958,-0.19470197158371103
AMZN,2024-09-23,-0.5074691138528933,4,-0.37367176538259267,-0.13379734847030061
AMZN,2024-09-30,-0.6191163843794468,4,-0.4958356524371017,-0.12328073194234512
AMZN,2024-10-07,-0.4695223945397695,4,-0.5216148380916648,0.05209244355189524
AMZN,2024-10-14,-0.4598775744422362,4,-0.5273907273899915,0.06751315294775528
AMZN,2024-10-21,-0.4130169975025183,4,-0.5085113507268088,0.09549435322429045
AMZN,2024-10-28,0.7674569440663803,4,-0.32299385179164947,1.0904507958580298
AMZN,2024-11-04,0.14912146272800256,4,-0.24334092223315018,0.3924623849611527
AMZN,2024-11-11,-0.03774488239559998,4,-0.19877111753976012,0.16102623514416015
AMZN,2024-11-18,-0.22092730407266353,4,-0.1629533913172314,-0.05797391275543212
AMZN,2024-11-25,-0.4903514595945495,4,-0.14685777571911923,-0.3434936838754303
AMZN,2024-12-02,-0.03926340577921891,4,-0.09307540212405042,0.05381199634483151
AMZN,2024-12-09,-0.13531154543104779,4,-0.052504648497651865,-0.08280689693339592
AMZN,2024-12-16,-0.1569281713985076,4,-0.02049354523465053,-0.13643462616385707
AMZN,2024-12-23,-0.6422515337305256,4,-0.19670710495926375,-0.4455444287712618
AMZN,2024-12-30,-0.5648395717206594,4,-0.2859522342653465,-0.27888733745531286
AMZN,2025-01-06,-0.5261052914948559,4,-0.3469972854027535,-0.17910800609210237
AMZN,2025-01-13,-0.40779364919626604,4,-0.3703555785432038,-0.03743807065306226
AMZN,2025-01-20,-0.2358520709181898,4,-0.33854315495865883,0.10269108404046903
AMZN,2025-01-27,0.23008324982483208,4,-0.30487482300815244,0.5349580728329846
AMZN,2025-02-03,1.1289721569425477,4,-0.146839360211453,1.2758115171540008
AMZN,2025-02-10,-0.2775102010277498,4,-0.1619121139151083,-0.11559808711264152
AMZN,2025-02-17,-0.4278917517801069,4,-0.13511714117130597,-0.29277461060880094
AMZN,2025-02-24,-0.18219302384686006,4,-0.08728632268708104,-0.09490670115977902
AMZN,2025-03-03,-0.09809578858886324,4,-0.03378513482383197,-0.06431065376503127
AMZN,2025-03-10,-0.044549938401014816,4,0.011620329025574432,-0.056170267426589246
AMZN,2025-03-17,-0.3244273764092084,4,0.0005484158391971111,-0.3249757922484055
AMZN,2025-03-24,-0.3794917499806757,4,-0.07564845913649136,-0.3038432908441843
AMZN,2025-03-31,0.5733063579540775,4,-0.1451066840100501,0.7184130419641276
AMZN,2025-04-07,0.9847884848392867,4,0.012680651723329411,0.9721078331159573
AMZN,2025-04-14,-0.18601763152677772,4,0.04291491675499555,-0.22893254828177328
AMZN,2025-04-21,0.1616060469176544,4,0.08588980060055987,0.07571624631709453
AMZN,2025-04-28,0.9966008086289466,4,0.22272687525278612,0.7738739333761605
AMZN,2025-05-05,-0.25662453753122916,4,0.1962175503615093,-0.4528420878927385
AMZN,2025-05-12,0.1654515560736664,4,0.25745241692186865,-0.09200086084820225
AMZN,2025-05-19,-0.3958218433263396,4,0.25541115525366065,-0.6512329985800003
AMZN,2025-05-26,-0.5074691138528933,4,0.12031422127778932,-0.6277833351306826
AMZN,2025-06-02,-0.35419120056667697,4,-0.04705823939795613,-0.30713296116872085
AMZN,2025-06-09,-0.31545692034087347,4,-0.0632381504997181,-0.2522187698411554
AMZN,2025-06-16,-0.5239398914319358,4,-0.14893139279341686,-0.37500849863851893
AMZN,2025-06-23,-0.25814306091484807,4,-0.30577437648639116,0.0476313155715431
AMZN,2025-06-30,-0.46662603200591035,4,-0.3320245632957263,-0.13460146871018402
AMZN,2025-07-07,-0.25893062182752785,4,-0.38507233553337566,0.1261417137058478
AMZN,2025-07-14,-0.07076393747152016,4,-0.3444400973015232,0.27367615983000304
AMZN,2025-07-21,0.380057543366605,4,-0.23349926514908592,0.6135568085156909
AMZN,2025-07-28,3.0957144934746177,4,0.19773894660607594,2.8979755468685418
AMZN,2025-08-04,3.8525840386514556,4,0.718744066480117,3.1338399721713386
AMZN,2025-08-11,3.7014715254281594,4,1.246920493587629,2.4545510318405306
AMZN,2025-08-18,2.8586884339114507,4,1.6365244304409163,1.2221640034705343
AMZN,2025-08-25,2.078971747678243,4,1.9547241529014354,0.12424759477680758
AMZN,2025-09-01,1.5196093333828882,4,2.1770416473027376,-0.6574323139198495
AMZN,2025-09-08,1.9332359588549233,4,2.4275416343435428,-0.4943056754886195
AMZN,2025-09-15,1.364195131125595,4,2.5505588328134166,-1.1863637016878215
AMZN,2025-09-22,1.8054201806921788,4,2.389272043715612,-0.5838518630234333
AMZN,2025-09-29,1.3353238551485387,4,2.074614520777747,-0.7392906656292084
AMZN,2025-10-06,1.3874627550943037,4,1.7853634244860153,-0.39790066939171154
AMZN,2025-10-13,1.5429126543172431,4,1.6208914520367392,-0.07797879771949612
AMZN,2025-10-20,2.9630958499179596,4,1.7314069648167036,1.231688885101256
AMZN,2025-10-27,6.263280430615046,4,2.3243658519707235,3.9389145786443223
AMZN,2025-11-03,3.068518898300205,4,2.466276219401384,0.6022426788988211
AMZN,2025-11-10,1.408799636336952,4,2.471851782552803,-1.063052146215851
AMZN,2025-11-17,1.9212739863426915,4,2.4863335082591176,-0.565059521916426
AMZN,2025-11-24,1.326008846297903,4,2.4851691321527882,-1.1591602858548853
AMZN,2025-12-01,1.5566987215939854,4,2.5063236279652483,-0.949624906371263
AMZN,2025-12-08,0.007941777896948332,4,2.3144522684127113,-2.306510490515763
AMZN,2025-12-15,-0.2806522350627201,4,1.9089837577901265,-2.1896359928528466
AMZN,2025-12-22,-0.5069838228830652,4,1.0627007261028627,-1.569684548985928
AVGO,2020-12-21,-0.4725662513479212,4,,
AVGO,2020-12-28,-0.4725662513479212,4,,
AVGO,2021-01-04,-0.4599694685786434,4,,
AVGO,2021-01-11,-0.4599694685786434,4,,
AVGO,2021-01-18,-0.4725662513479212,4,,
AVGO,2021-01-25,-0.4599694685786434,4,,
AVGO,2021-02-01,-0.42651658644801965,4,,
AVGO,2021-02-08,-0.4599694685786434,4,-0.4605116518507946,0.0005421832721512199
AVGO,2021-02-15,-0.4725662513479212,4,-0.4605116518507946,-0.012054599497126561
AVGO,2021-02-22,-0.4599694685786434,4,-0.45893705400463486,-0.0010324145740085444
AVGO,2021-03-01,-0.38785178251695734,4,-0.4499223432469241,0.06207056072996675
AVGO,2021-03-08,-0.43433867522847336,4,-0.4467184940781529,0.012379818849679536
AVGO,2021-03-15,-0.4339014474168589,4,-0.44188539358677004,0.00798394616991116
AVGO,2021-03-22,-0.48560026192881345,4,-0.44508924275554135,-0.0405110191732721
AVGO,2021-03-29,-0.4725662513479212,4,-0.450845450868029,-0.021720800479892166
AVGO,2021-04-05,-0.4725662513479212,4,-0.4524200487141887,-0.020146202633732457
AVGO,2021-04-12,-0.48560026192881345,4,-0.4540493000368003,-0.031550961892013174
AVGO,2021-04-19,-0.4725662513479212,4,-0.45562389788296004,-0.016942353464961146
AVGO,2021-04-26,-0.49819704469809134,4,-0.46941705565560177,-0.028779989042489573
AVGO,2021-05-03,-0.48560026192881345,4,-0.4758247539931443,-0.00977550793566917
AVGO,2021-05-10,-0.48560026192881345,4,-0.4822871058071386,-0.0033131561216748207
AVGO,2021-05-17,-0.49819704469809134,4,-0.48386170365329834,-0.014335341044793004
AVGO,2021-05-24,-0.49819704469809134,4,-0.4870655528220696,-0.011131491876021748
AVGO,2021-05-31,-0.4391133692172975,4,-0.48288394255574163,0.04377057333844414
AVGO,2021-06-07,-0.49819704469809134,4,-0.48445854040190134,-0.013738504296190002
AVGO,2021-06-14,-0.48560026192881345,4,-0.4860877917245129,0.00048752979569943733
AVGO,2021-06-21,-0.49819704469809134,4,-0.4860877917245129,-0.012109252973578455
AVGO,2021-06-28,-0.49819704469809134,4,-0.48766238957067265,-0.01053465512741869
AVGO,2021-07-05,-0.5112310552789836,4,-0.4908662387394439,-0.0203648165395397
AVGO,2021-07-12,-0.4599694685786434,4,-0.4860877917245129,0.026118323145869482
AVGO,2021-07-19,-0.4851630341171991,4,-0.4844585404019014,-0.0007044937152976827
AVGO,2021-07-26,-0.49819704469809134,4,-0.4918439998370006,-0.006353044861090729
AVGO,2021-08-02,-0.49819704469809134,4,-0.4918439998370006,-0.006353044861090729
AVGO,2021-08-09,-0.5112310552789836,4,-0.49504784900577187,-0.016183206273211737
AVGO,2021-08-16,-0.5112310552789836,4,-0.4966771003283834,-0.01455395495060019
AVGO,2021-08-23,-0.5112310552789836,4,-0.4983063516509949,-0.012924703627988698
AVGO,2021-08-30,-0.4260793586364052,4,-0.48766238957067265,0.061583030934267424
AVGO,2021-09-06,-0.49819704469809134,4,-0.49244083658560367,-0.005756208112487671
AVGO,2021-09-13,-0.49819704469809134,4,-0.49407008790821516,-0.004126956789876179
AVGO,2021-09-20,-0.48560026192881345,4,-0.49249549006205545,0.006895228133242004
AVGO,2021-09-27,-0.5112310552789836,4,-0.494124741384667,-0.017106313894316605
AVGO,2021-10-04,-0.49819704469809134,4,-0.49249549006205545,-0.005701554636035888
AVGO,2021-10-11,-0.49819704469809134,4,-0.4908662387394439,-0.007330805958647435
AVGO,2021-10-18,-0.49819704469809134,4,-0.4892369874168324,-0.008960057281258926
AVGO,2021-10-25,-0.48560026192881345,4,-0.49667710032838336,0.01107683839956991
AVGO,2021-11-01,-0.48560026192881345,4,-0.49510250248222365,0.009502240553410202
AVGO,2021-11-08,-0.4725662513479212,4,-0.4918986533134524,0.01933240196553121
AVGO,2021-11-15,-0.49819704469809134,4,-0.4934732511596121,-0.004723793538479237
AVGO,2021-11-22,-0.5112310552789836,4,-0.4934732511596121,-0.0177578041193715
AVGO,2021-11-29,-0.49819704469809134,4,-0.49347325115961216,-0.004723793538479182
AVGO,2021-12-06,-0.3617837613551728,4,-0.47642159074174734,0.11463782938657452
AVGO,2021-12-13,-0.4339014474168589,4,-0.4683846410815933,0.0344831936647344
AVGO,2021-12-20,-0.459532240767029,4,-0.4651261384363702,0.005593897669341208
AVGO,2021-12-27,-0.44693545799775114,4,-0.46029303794498744,0.013357579947236298
AVGO,2022-01-03,-0.4725662513479212,4,-0.46029303794498744,-0.012273213402933747
AVGO,2022-01-10,-0.48560026192881345,4,-0.4587184400988277,-0.026881821829985775
AVGO,2022-01-17,-0.49819704469809134,4,-0.4570891887762162,-0.04110785592187516
AVGO,2022-01-24,-0.44693545799775114,4,-0.45068149043867356,0.00374603244092242
AVGO,2022-01-31,-0.4725662513479212,4,-0.4645293016877672,-0.008036949660154002
AVGO,2022-02-07,-0.4851630341171991,4,-0.4709370000253097,-0.014226034091889384
AVGO,2022-02-14,-0.4725662513479212,4,-0.47256625134792124,5.551115123125783e-17
AVGO,2022-02-21,-0.48560026192881345,4,-0.47739935183930404,-0.008200910089509406
AVGO,2022-02-28,-0.41304534805551296,4,-0.46995923892775293,0.05691389087223997
AVGO,2022-03-07,-0.48560026192881345,4,-0.469959238927753,-0.01564102300106046
AVGO,2022-03-14,-0.4725662513479212,4,-0.46675538975898173,-0.005810861588939453
AVGO,2022-03-21,-0.48560026192881345,4,-0.47158849025036453,-0.014011771678448914
AVGO,2022-03-28,-0.4725662513479212,4,-0.4715884902503645,-0.0009777610975567064
AVGO,2022-04-04,-0.48560026192881345,4,-0.47164314372681626,-0.013957118201997187
AVGO,2022-04-11,-0.49819704469809134,4,-0.47484699289558757,-0.02335005180250377
AVGO,2022-04-18,-0.49819704469809134,4,-0.4764215907417473,-0.02177545395634406
AVGO,2022-04-25,-0.4391133692172975,4,-0.4796800933869704,0.040566724169672885
AVGO,2022-05-02,-0.45350638972617957,4,-0.47566835936164115,0.022161969635461576
AVGO,2022-05-09,-0.4851630341171991,4,-0.47724295720780086,-0.007920076909398222
AVGO,2022-05-16,-0.4599694685786434,4,-0.4740391080390296,0.014069639460386196
AVGO,2022-05-23,-0.21062236812383903,4,-0.4412961226360193,0.23067375451218028
AVGO,2022-05-30,-0.44737268580936557,4,-0.4365176756210884,-0.01085501018827717
AVGO,2022-06-06,-0.4599694685786434,4,-0.4317392286061573,-0.028230239972486082
AVGO,2022-06-13,-0.43433867522847336,4,-0.4237569324224551,-0.010581742806018257
AVGO,2022-06-20,-0.4599694685786434,4,-0.42636394484262335,-0.03360552373602005
AVGO,2022-06-27,-0.48560026192881345,4,-0.4303756788679526,-0.055224583060860866
AVGO,2022-07-04,-0.48560026192881345,4,-0.4304303323444044,-0.05516992958440903
AVGO,2022-07-11,-0.48560026192881345,4,-0.4336341815131756,-0.05196608041563783
AVGO,2022-07-18,-0.4599694685786434,4,-0.4648025690700262,0.004833100491382802
AVGO,2022-07-25,-0.4599694685786434,4,-0.4663771669161859,0.006407698337542511
AVGO,2022-08-01,-0.4599694685786434,4,-0.4663771669161859,0.006407698337542511
AVGO,2022-08-08,-0.4599694685786434,4,-0.46958101608495717,0.009611547506313767
AVGO,2022-08-15,-0.4725662513479212,4,-0.4711556139311169,-0.0014106374168043057
AVGO,2022-08-22,-0.4725662513479212,4,-0.46952636260850533,-0.0030398887394158525
AVGO,2022-08-29,-0.4004485652862352,4,-0.4588824005281831,0.058433835241947896
AVGO,2022-09-05,-0.48560026192881345,4,-0.4588824005281831,-0.02671786140063037
AVGO,2022-09-12,-0.4725662513479212,4,-0.4604569983743428,-0.0121092529735784
AVGO,2022-09-19,-0.4599694685786434,4,-0.4604569983743428,0.0004875297956993818
AVGO,2022-09-26,-0.4725662513479212,4,-0.46203159622050255,-0.010534655127418635
AVGO,2022-10-03,-0.4725662513479212,4,-0.46360619406666226,-0.008960057281258926
AVGO,2022-10-10,-0.4725662513479212,4,-0.46360619406666226,-0.008960057281258926
AVGO,2022-10-17,-0.48560026192881345,4,-0.4652354453892738,-0.020364816539539643
AVGO,2022-10-24,-0.48560026192881345,4,-0.4758794074695961,-0.009720854459217332
AVGO,2022-10-31,-0.48560026192881345,4,-0.47587940746959606,-0.009720854459217387
AVGO,2022-11-07,-0.4725662513479212,4,-0.47587940746959606,0.003313156121674876
AVGO,2022-11-14,-0.4725662513479212,4,-0.47745400531575577,0.004887753967834585
AVGO,2022-11-21,-0.4661031724954574,4,-0.4766461204591978,0.01054294796374039
AVGO,2022-11-28,-0.49819704469809134,4,-0.4798499696279691,-0.018347075070122232
AVGO,2022-12-05,-0.4004485652862352,4,-0.47083525887025834,0.07038669358402316
AVGO,2022-12-12,-0.44693545799775114,4,-0.46600215837887554,0.019066700381124402
AVGO,2022-12-19,-0.48560026192881345,4,-0.4660021583788756,-0.01959810354993785
AVGO,2022-12-26,-0.48560026192881345,4,-0.46600215837887554,-0.019598103549937906
AVGO,2023-01-02,-0.4725662513479212,4,-0.46600215837887554,-0.006564092969045643
AVGO,2023-01-09,-0.4339014474168589,4,-0.46116905788749274,0.027267610470633863
AVGO,2023-01-16,-0.48560026192881345,4,-0.46360619406666226,-0.02199406786215119
AVGO,2023-01-23,-0.44693545799775114,4,-0.4571984957291197,0.010263037731368552
AVGO,2023-01-30,-0.4599694685786434,4,-0.46463860864067075,0.004669140062027344
AVGO,2023-02-06,-0.4725662513479212,4,-0.467842457809442,-0.004723793538479182
AVGO,2023-02-13,-0.4725662513479212,4,-0.46621320648683046,-0.006353044861090729
AVGO,2023-02-20,-0.49819704469809134,4,-0.4677878043329902,-0.03040924036510112
AVGO,2023-02-27,-0.4004485652862352,4,-0.4587730935752795,0.05832452828904433
AVGO,2023-03-06,-0.44693545799775114,4,-0.460402344897891,0.013466886900139863
AVGO,2023-03-13,-0.44693545799775114,4,-0.45556924440650826,0.008633786408757116
AVGO,2023-03-20,-0.459532240767029,4,-0.45714384225266796,-0.002388398514361012
AVGO,2023-03-27,-0.4725662513479212,4,-0.4587184400988277,-0.013847811249093511
AVGO,2023-04-03,-0.49819704469809134,4,-0.46192228926759893,-0.03627475543049241
AVGO,2023-04-10,-0.48560026192881345,4,-0.4635515405902105,-0.022048721338602972
AVGO,2023-04-17,-0.4725662513479212,4,-0.4603476914214392,-0.012218559926481964
AVGO,2023-04-24,-0.48560026192881345,4,-0.47099165350176153,-0.014608608427051917
AVGO,2023-05-01,-0.4391133692172975,4,-0.47001389240420477,0.03090052318690728
AVGO,2023-05-08,-0.49819704469809134,4,-0.47642159074174734,-0.021775453956344004
AVGO,2023-05-15,-0.44693545799775114,4,-0.47484699289558757,0.027911534897836432
AVGO,2023-05-22,-0.15114879132457731,4,-0.4346698103926696,0.2835210190680923
AVGO,2023-05-29,0.038214463582320904,4,-0.3676183718576181,0.405832835439939
AVGO,2023-06-05,-0.34441228459707085,4,-0.3499698746911502,0.0055575900940793566
AVGO,2023-06-12,-0.2801166873158385,4,-0.32591367918713987,0.045796991871301374
AVGO,2023-06-19,-0.3700430779472409,4,-0.3114690311894433,-0.05857404675779759
AVGO,2023-06-26,-0.395673871297411,4,-0.3060390939494575,-0.0896347773479535
AVGO,2023-07-03,-0.4213046646475811,4,-0.29642754644314373,-0.12487711820443737
AVGO,2023-07-10,-0.33181550182779307,4,-0.28203755192189894,-0.049777949905894125
AVGO,2023-07-17,-0.34441228459707085,4,-0.30619548858096063,-0.03821679601611022
AVGO,2023-07-24,-0.34962420639750946,4,-0.35467532232843946,0.005051115930929995
AVGO,2023-07-31,-0.395673871297411,4,-0.361083020665982,-0.03459085063142897
AVGO,2023-08-07,-0.4213046646475811,4,-0.37873151783244985,-0.042573146815131246
AVGO,2023-08-14,-0.4213046646475811,4,-0.38513921616999236,-0.036165448477588735
AVGO,2023-08-21,-0.3113966302780616,4,-0.37460456104257367,0.06320793076451209
AVGO,2023-08-28,-0.12805922641201273,4,-0.3379488812631276,0.20988965485111488
AVGO,2023-09-04,-0.38307708852813316,4,-0.3443565796006701,-0.03872050892746304
AVGO,2023-09-11,-0.3961110991090254,4,-0.35081893141466447,-0.04529216769436095
AVGO,2023-09-18,-0.3700430779472409,4,-0.3533712903583809,-0.01667178758886001
AVGO,2023-09-25,-0.395673871297411,4,-0.35337129035838083,-0.042302580939030165
AVGO,2023-10-02,-0.43433867522847336,4,-0.3550005416809924,-0.07933813354748098
AVGO,2023-10-09,-0.3700430779472409,4,-0.34859284334344987,-0.02145023460379103
AVGO,2023-10-16,-0.38307708852813316,4,-0.3575529006247088,-0.025524187903424367
AVGO,2023-10-23,-0.3704803057588554,4,-0.3878555355430642,0.0173752297842088
AVGO,2023-10-30,-0.3370274236282316,4,-0.38209932743057645,0.045071903802344826
AVGO,2023-11-06,-0.34441228459707085,4,-0.37563697561658216,0.031224691019511308
AVGO,2023-11-13,-0.30618470847762297,4,-0.36765467943287994,0.06146997095525697
AVGO,2023-11-20,-0.2679571323581751,4,-0.35169008706547544,0.08373295470730036
AVGO,2023-11-27,-0.2727318263469992,4,-0.33148923095529115,0.05875740460829193
AVGO,2023-12-04,-0.14891532577335861,4,-0.30384826193355585,0.15493293616019724
AVGO,2023-12-11,0.08046333083300025,4,-0.2459057095134142,0.32636904034641445
AVGO,2023-12-18,-0.1775935139151582,4,-0.22179486053295205,0.044201346617793846
AVGO,2023-12-25,-0.3574462951779631,4,-0.2243472194766685,-0.13309907570129462
AVGO,2024-01-01,-0.3700430779472409,4,-0.22755106864543972,-0.14249200930180117
AVGO,2024-01-08,-0.30618470847762297,4,-0.22755106864543972,-0.07863363983218324
AVGO,2024-01-15,-0.30618470847762297,4,-0.23232951566037072,-0.07385519281725225
AVGO,2024-01-22,-0.17020865294631896,4,-0.2195141189852857,0.04930546603896674
AVGO,2024-01-29,-0.2214702396466591,4,-0.22858348321944824,0.007113243572789141
AVGO,2024-02-05,-0.09342412577177336,4,-0.250319415295045,0.1568952895232716
AVGO,2024-02-12,-0.19627667410810345,4,-0.2526548103191631,0.05637813621105964
AVGO,2024-02-19,-0.17064588075793338,4,-0.22930475851665938,0.058658877758726
AVGO,2024-02-26,0.0038871258284683165,4,-0.18256348304469575,0.18645060887316406
AVGO,2024-03-04,0.8434917738001566,4,-0.03885392275997329,0.88234569656013
AVGO,2024-03-11,-0.0802822623149165,4,-0.010616116989634983,-0.06966614532528152
AVGO,2024-03-18,-0.05465146896474643,4,0.0038285310080615823,-0.05847999997280801
AVGO,2024-03-25,-0.2418891111963906,4,0.0012761720643451428,-0.24316528326073572
AVGO,2024-04-01,-0.22929232842711275,4,-0.015707353267572277,-0.21358497515954047
AVGO,2024-04-08,-0.2549231217772828,4,-0.023038159226219698,-0.2318849625510631
AVGO,2024-04-15,-0.25969781576610695,4,-0.03416965110224139,-0.22552816466386555
AVGO,2024-04-22,-0.22103301183504467,4,-0.06228466831018052,-0.15874834352486417
AVGO,2024-04-29,-0.24710103299682917,4,-0.19860876915980374,-0.04849226383702543
AVGO,2024-05-06,-0.25969781576610695,4,-0.22103571334120253,-0.03866210242490442
AVGO,2024-05-13,-0.20799900125415244,4,-0.2402041548773783,0.032205153623225874
AVGO,2024-05-20,-0.1954022184848746,4,-0.2343932932884388,0.0389910748035642
AVGO,2024-05-27,-0.2214702396466591,4,-0.2334155321908821,0.011945292544222996
AVGO,2024-06-03,-0.09298689796015894,4,-0.21317350421374162,0.12018660625358268
AVGO,2024-06-10,1.4386748849100046,4,-0.0008769166292276753,1.4395518015392323
AVGO,2024-06-17,1.1599692343928383,4,0.1717483641492577,0.9882208702435806
AVGO,2024-06-24,0.5196366284502008,4,0.26759057183013646,0.2520460566200643
AVGO,2024-07-01,0.48184628014236736,4,0.36028358381869574,0.12156269632367162
AVGO,2024-07-08,0.8032164136725647,4,0.48668551068453536,0.31653090298802933
AVGO,2024-07-15,0.9764982632069412,4,0.6331730708960124,0.34332519231092884
AVGO,2024-07-22,0.4817384272664027,4,0.7210741542601451,-0.2393357269937424
AVGO,2024-07-29,0.4843012677532712,4,0.7932351749743238,-0.30893390722105263
AVGO,2024-08-05,0.3093310333552551,4,0.6520671935299802,-0.34273616017472514
AVGO,2024-08-12,0.23944681284478775,4,0.5370018908364739,-0.2975550779916861
AVGO,2024-08-19,0.22027909834708148,4,0.4995821995735839,-0.2793031012265024
AVGO,2024-08-26,0.2732290699110613,4,0.47350504829467066,-0.2002759783836094
AVGO,2024-09-02,0.9060989862177493,4,0.48636536986281875,0.41973361635493056
AVGO,2024-09-09,0.3159019650836835,4,0.40379083259741155,-0.08788886751372804
AVGO,2024-09-16,0.2403212684680166,4,0.3736136877476133,-0.13329241927959667
AVGO,2024-09-23,0.16732912678310166,4,0.3339921701263421,-0.16666304334324042
AVGO,2024-09-30,0.014418822305310115,4,0.297128143745099,-0.2827093214397889
AVGO,2024-10-07,0.1881852261444476,4,0.2907204454075564,-0.10253521926310882
AVGO,2024-10-14,0.11775592494640119,4,0.2779050487324714,-0.1601491237860702
AVGO,2024-10-21,0.11162222102958719,4,0.25770419262228716,-0.14608197159269998
AVGO,2024-10-28,0.08599142767941712,4,0.15519074780499562,-0.0691993201255785
AVGO,2024-11-04,0.07262804216287505,4,0.12478150743989457,-0.052153465277019515
AVGO,2024-11-11,0.118085299882051,4,0.10950201136664886,0.008583288515402146
AVGO,2024-11-18,0.12378177598725057,4,0.10405859251716748,0.01972318347008309
AVGO,2024-11-25,-0.10591305566508658,4,0.0890171077708679,-0.19493016343595448
AVGO,2024-12-02,0.08609928055538175,4,0.07625636457223466,0.0098429159831471
AVGO,2024-12-09,1.723587965616475,4,0.27698536965599385,1.4466025959604811
AVGO,2024-12-16,1.846351505235377,4,0.4938265301817176,1.3525249750536594
AVGO,2024-12-23,0.6721097051163779,4,0.5670913148613377,0.10501839025504023
AVGO,2024-12-30,0.3706265623380045,4,0.6043411298832289,-0.23371456754522435
AVGO,2025-01-06,0.3406583028106247,4,0.6321627552493005,-0.29150445243867584
AVGO,2025-01-13,0.3024307266911768,4,0.6544938740872913,-0.3520631473961145
AVGO,2025-01-20,0.2767999333410068,4,0.702332997713053,-0.42553306437204624
AVGO,2025-01-27,1.4894908316391389,4,0.8777569415985227,0.6117338900406162
AVGO,2025-02-03,0.8118051052002826,4,0.7637840840464987,0.04802102115378393
AVGO,2025-02-10,0.36661847109644463,4,0.578817454779132,-0.21219898368268741
AVGO,2025-02-17,0.21940464272385263,4,0.5222293219800664,-0.3028246792562138
AVGO,2025-02-24,0.36661847109644463,4,0.5217283105748715,-0.15510983947842683
AVGO,2025-03-03,1.327927206856191,4,0.6451369235805673,0.6827902832756236
AVGO,2025-03-10,0.5079143013041518,4,0.6708223704071892,-0.16290806910303735
AVGO,2025-03-17,0.20555670290254957,4,0.661916966602382,-0.4563602636998324
AVGO,2025-03-24,0.15473234401382385,4,0.4950721556492176,-0.34033981163539373
AVGO,2025-03-31,0.3723754735844622,4,0.44014345169724,-0.0677679781127778
AVGO,2025-04-07,0.6612618335935578,4,0.4769738720093792,0.18428796158417865
AVGO,2025-04-14,0.17558844337516977,4,0.4714968470907938,-0.29590840371562405
AVGO,2025-04-21,0.24021341559205198,4,0.4556962151527447,-0.21548279956069274
AVGO,2025-04-28,0.22071632615869594,4,0.3172948550655579,-0.09657852890686194
AVGO,2025-05-05,0.13736086725572189,4,0.2709756758095041,-0.13361480855378222
AVGO,2025-05-12,0.37406385844810186,4,0.29203907025269815,0.08202478819540371
AVGO,2025-05-19,0.14382394610818572,4,0.2906755205144934,-0.1468515744063077
AVGO,2025-05-26,0.2732290699110613,4,0.2782822200553183,-0.0050531501442570015
AVGO,2025-06-02,1.6366011169007373,4,0.40019963046871576,1.2364014864320216
AVGO,2025-06-09,0.44667929870422046,4,0.43408598738484705,0.012593311319373413
AVGO,2025-06-16,0.17558844337516977,4,0.42600786585773676,-0.250419422482567
AVGO,2025-06-23,0.3680380074072525,4,0.4444230760138064,-0.07638506860655386
AVGO,2025-06-30,0.23988404065640218,4,0.4572384726888914,-0.21735443203248922
AVGO,2025-07-07,0.30417963793763453,4,0.448502945125083,-0.14432330718744846
AVGO,2025-07-14,0.43135129618929136,4,0.4844438638852212,-0.05309256769592985
AVGO,2025-07-21,0.6588342743396729,4,0.5326445144387977,0.12618975990087522
AVGO,2025-07-28,0.9306785325263163,4,0.44440419139199494,0.48627434113432133
AVGO,2025-08-04,2.2232903361081364,4,0.6664805710674845,1.556809765040652
AVGO,2025-08-11,2.936058517071574,4,1.011539330279535,1.924519186792039
AVGO,2025-08-18,2.1983788190120843,4,1.240331931730139,0.9580468872819454
AVGO,2025-08-25,2.2311340369378536,4,1.4892381812653204,0.7418958556725332
AVGO,2025-09-01,8.454050636397607,4,2.507972056072817,5.94607858032479
AVGO,2025-09-08,3.26727676470213,4,2.862462739636922,0.4048140250652077
AVGO,2025-09-15,1.5444412607181164,4,2.9731636129342274,-1.428722352216111
AVGO,2025-09-22,1.4154601648371836,4,3.0337613169730857,-1.618301152135902
AVGO,2025-09-29,1.424156709240866,4,2.933869613614677,-1.509712904373811
AVGO,2025-10-06,1.2915963377703963,4,2.7283118412020295,-1.4367155034316332
AVGO,2025-10-13,1.9025589076741356,4,2.691334352284786,-0.7887754446106505
AVGO,2025-10-20,1.271883542585111,4,2.571428040490693,-1.2995444979055821
AVGO,2025-10-27,1.7934648025450266,4,1.7388548112591207,0.054609991285905934
AVGO,2025-11-03,1.206774016063468,4,1.481291967679288,-0.27451795161582004
AVGO,2025-11-10,0.9802128200294618,4,1.410763412593206,-0.4305505925637443
AVGO,2025-11-17,1.1030470121039089,4,1.3717117685015467,-0.26866475639763787
AVGO,2025-11-24,1.4893051500960643,4,1.3798553236084465,0.10944982648761781
AVGO,2025-12-01,1.9296707922956076,4,1.459614630424098,0.47005616187150956
AVGO,2025-12-08,3.436957248632597,4,1.6514144230439056,1.7855428255886916
AVGO,2025-12-15,1.3410474582637848,4,1.6600599125037399,-0.31901245423995506
AVGO,2025-12-22,0.5109143696026347,4,1.4997411083859409,-0.9888267387833062
BAC,2020-12-21,-0.14129642049729424,4,,
BAC,2020-12-28,-0.1737436086497928,4,,
BAC,2021-01-04,0.19410687783129127,4,,
BAC,2021-01-11,0.405576887075354,4,,
BAC,2021-01-18,0.6506556219855189,4,,
BAC,2021-01-25,0.4102773161849341,4,,
BAC,2021-02-01,0.2808925496537352,4,,
BAC,2021-02-08,-0.0341784736520902,4,0.19903634374145704,-0.23321481739354724
BAC,2021-02-15,-0.13114451394103788,4,0.20030533206098908,-0.331449846002027
BAC,2021-02-22,0.1839549712750349,4,0.24501765455159252,-0.06106268327655762
BAC,2021-03-01,0.19529037415743,4,0.2451655915923599,-0.0498752174349299
BAC,2021-03-08,0.2597807643836318,4,0.2269410762558946,0.03283968812773719
BAC,2021-03-15,0.17339907863998316,4,0.16728400833770263,0.006115070302280534
BAC,2021-03-22,0.15188330729108435,4,0.13498475722597142,0.016898550065112927
BAC,2021-03-29,0.03305443339493713,4,0.10400499269362165,-0.07095055929868452
BAC,2021-04-05,0.01583510507682312,4,0.11025669003473583,-0.09442158495791271
BAC,2021-04-12,0.8198682815250409,4,0.22913328946799566,0.5907349920570453
BAC,2021-04-19,0.4308095435962207,4,0.2599901110081439,0.1708194325880768
BAC,2021-04-26,0.03265044731614178,4,0.23966012015298285,-0.20700967283684107
BAC,2021-05-03,0.13077152202098086,4,0.22353396485765148,-0.09276244283667062
BAC,2021-05-10,0.1413274146560326,4,0.21952500685965767,-0.07819759220362507
BAC,2021-05-17,0.055725239159727366,4,0.20750524834323805,-0.1517800091835107
BAC,2021-05-24,0.09910384411582572,4,0.21576142468334913,-0.11665758056752341
BAC,2021-05-31,0.04516934652467566,4,0.2194282048643307,-0.17425885833965504
BAC,2021-06-07,0.12099513963327256,4,0.13206906212785965,-0.011073922494587093
BAC,2021-06-14,0.4822157466262692,4,0.13849483750661573,0.3437209091196535
BAC,2021-06-21,0.23085560329930213,4,0.16327048200451078,0.06758512129479136
BAC,2021-06-28,0.32975618825148467,4,0.18814356528332374,0.14161262296816093
BAC,2021-07-05,1.3371313062225876,4,0.3376190517291431,0.9995122544934445
BAC,2021-07-12,0.46611789652907165,4,0.38891813390031116,0.0771997626287605
BAC,2021-07-19,0.18040957658134613,4,0.3990813504585012,-0.21867177387715506
BAC,2021-07-26,-0.15069727871645452,4,0.3745980223033599,-0.5252953010198145
BAC,2021-08-02,-0.249597863668637,4,0.32827389689062125,-0.5778717605592583
BAC,2021-08-09,-0.10806972209745225,4,0.25448821330015603,-0.3625579353976083
BAC,2021-08-16,-0.24841436734249828,4,0.19457946696993098,-0.4429938343124292
BAC,2021-08-23,-0.10729021185010887,4,0.1399486669572318,-0.24723887880734066
BAC,2021-08-30,-0.003717659698593556,4,-0.02765745378291584,0.023939794084322282
BAC,2021-09-06,-0.345755931799994,4,-0.12914168232404905,-0.21661424947594493
BAC,2021-09-13,-0.24841436734249828,4,-0.1827446753145296,-0.06566969202796868
BAC,2021-09-20,-0.16162869552005427,4,-0.18411110241497958,0.02248240689492531
BAC,2021-09-27,-0.06350762081521517,4,-0.1608498220583018,0.09734220124308664
BAC,2021-10-04,0.020911058354951273,4,-0.14472722450175138,0.16563828285670265
BAC,2021-10-11,0.22061321672757617,4,-0.0860987764929921,0.30671199322056825
BAC,2021-10-18,-0.07095056674562088,4,-0.08155632085493109,0.010605754109310209
BAC,2021-10-25,-0.12528905041556632,4,-0.09675274469455268,-0.028536305721013636
BAC,2021-11-01,-0.10847370817624762,4,-0.06709246674158438,-0.041381241434663235
BAC,2021-11-08,-0.1409208963287462,4,-0.05365578286486537,-0.08726511346388081
BAC,2021-11-15,-0.28164106574234027,4,-0.06865732914265113,-0.21298373659968914
BAC,2021-11-22,-0.3684267375647842,4,-0.10677221873634726,-0.26165451882843693
BAC,2021-11-29,-0.3140882538948388,4,-0.14864713276757102,-0.16544112112726778
BAC,2021-12-06,-0.249597863668637,4,-0.20742351781709767,-0.04217434585153934
BAC,2021-12-13,-0.28164106574234027,4,-0.23375983019168758,-0.047881235550652684
BAC,2021-12-20,-0.3684267375647842,4,-0.2641520410853398,-0.10427469647944443
BAC,2021-12-27,-0.3473149522946808,4,-0.29400719660014396,-0.05330775569453683
BAC,2022-01-03,0.010759151798694938,4,-0.27504719058421384,0.2858063423829088
BAC,2022-01-10,0.11314820762407145,4,-0.22569853141341237,0.3388467390374838
BAC,2022-01-17,0.5215841385482868,4,-0.11444717189927849,0.6360313104475652
BAC,2022-01-24,0.02639099771187481,4,-0.07188726544843929,0.0982782631603141
BAC,2022-01-31,-0.15851574881540828,4,-0.060502001091785704,-0.09801374772362258
BAC,2022-02-07,-0.043983317950045855,4,-0.0307947826177489,-0.013188535332296955
BAC,2022-02-14,-0.09754229137264787,4,0.003065773156268145,-0.10060806452891602
BAC,2022-02-21,-0.14640083568566975,4,0.028180037732394525,-0.17458087341806428
BAC,2022-02-28,-0.1409208963287462,4,0.009220031716464384,-0.15014092804521056
BAC,2022-03-07,-0.0979178155411959,4,-0.017163221179194034,-0.08075459436200186
BAC,2022-03-14,0.00020325916364319352,4,-0.08233583110227449,0.08253909026591769
BAC,2022-03-21,-0.20541128655494795,4,-0.11131111663562732,-0.09410016991932063
BAC,2022-03-28,-0.08072694913332921,4,-0.10158751667536743,0.020860567542038216
BAC,2022-04-04,-0.2112952119906669,4,-0.12250150343044507,-0.08879370856022183
BAC,2022-04-11,-0.06590307537774007,4,-0.11854660143108159,0.05264352605334152
BAC,2022-04-18,0.1717546724145543,4,-0.07877716291855359,0.2505318353331079
BAC,2022-04-25,-0.07057504257707287,4,-0.06998393119959442,-0.0005911113774784427
BAC,2022-05-02,0.04984131372400847,4,-0.05151404004144387,0.10135535376545235
BAC,2022-05-09,0.3457635583332126,4,-0.008319002645247701,0.3540825609784603
BAC,2022-05-16,-0.03146441874151197,4,0.013424355831431796,-0.04488877457294377
BAC,2022-05-23,-0.13506543280327463,4,0.006632045372688619,-0.14169747817596323
BAC,2022-05-30,-0.11747058031661256,4,0.018360124331945414,-0.13583070464855798
BAC,2022-06-06,-0.06313209664666714,4,0.018706496673329527,-0.08183859331999666
BAC,2022-06-13,0.5752324061427327,4,0.06914121338935184,0.5060911927533809
BAC,2022-06-20,0.19408351020577141,4,0.10222353248720736,0.09185997771856405
BAC,2022-06-27,0.139745026535826,4,0.11346149658868455,0.026283529947141435
BAC,2022-07-04,0.9340911147681794,4,0.18700244114305542,0.747088673625124
BAC,2022-07-11,0.5357177962283765,4,0.25790021801429147,0.277817578214085
BAC,2022-07-18,0.44379415302258207,4,0.3302576662425235,0.11353648678005857
BAC,2022-07-25,-0.12413401599967488,4,0.32942473678214074,-0.4535587527818156
BAC,2022-08-01,-0.3637547703654514,4,0.29184690256729273,-0.6556016729327441
BAC,2022-08-08,-0.3477189383734761,4,0.1764779845027666,-0.5241969228762428
BAC,2022-08-15,-0.2707096489387405,4,0.11837883960970264,-0.38908848854844313
BAC,2022-08-22,-0.40127791179607813,4,0.05075097231821461,-0.45202888411429276
BAC,2022-08-29,-0.3793866162786313,4,-0.11343374406263673,-0.26595287221599456
BAC,2022-09-05,-0.563889376727119,4,-0.25088464068207367,-0.31300473604504536
BAC,2022-09-12,-0.4501364561091,4,-0.36262596682353393,-0.0875104892855661
BAC,2022-09-19,-0.4989950004221219,4,-0.4094835898763398,-0.0895114105457821
BAC,2022-09-26,-0.44506050283097187,4,-0.41964680643452984,-0.02541369639644203
BAC,2022-10-03,-0.44506050283097187,4,-0.43181450199171684,-0.013246000839255034
BAC,2022-10-10,-0.3641587564442468,4,-0.44349564042990514,0.07933688398565836
BAC,2022-10-17,0.09471692106957129,4,-0.38149628632169896,0.47621320739127027
BAC,2022-10-24,-0.34812292445227155,4,-0.37758832484340393,0.02946540039113238
BAC,2022-10-31,-0.3531988777303997,4,-0.35125201246881405,-0.0019468652615856619
BAC,2022-11-07,-0.3801661265259747,4,-0.3425057212709234,-0.03766040525505132
BAC,2022-11-14,-0.47750769098347046,4,-0.3398198075910919,-0.13768788339237853
BAC,2022-11-21,-0.6182278603970645,4,-0.36146572728685356,-0.2567621331102109
BAC,2022-11-28,-0.5318461746534158,4,-0.37231393626465903,-0.15953223838875674
BAC,2022-12-05,-0.4669517983484187,4,-0.3851630665026805,-0.0817887318457382
BAC,2022-12-12,-0.5314421885746206,4,-0.4634329552082045,-0.06800923336641607
BAC,2022-12-19,-0.6295632632794596,4,-0.49861299756160304,-0.1309502657178565
BAC,2022-12-26,-0.5314421885746206,4,-0.5208934114171306,-0.01054877715748992
BAC,2023-01-02,-0.44506050283097187,4,-0.5290052084552552,0.08394470562428336
BAC,2023-01-09,0.03648598044763647,4,-0.46475599952636687,0.5012419799740033
BAC,2023-01-16,-0.1909913988781542,4,-0.41135144183650313,0.22036004295834893
BAC,2023-01-23,-0.39112600523982183,4,-0.39376142065980385,0.0026354154199820234
BAC,2023-01-30,-0.2656336956606123,4,-0.36859665782382806,0.10296296216321577
BAC,2023-02-06,-0.3793866162786313,4,-0.34958971128682936,-0.02979690499180193
BAC,2023-02-13,-0.46069234874415177,4,-0.32848084696991586,-0.1322115017742359
BAC,2023-02-20,-0.4986194762535739,4,-0.3243780079297851,-0.17424146832378878
BAC,2023-02-27,-0.4118338044311299,4,-0.3202246706298048,-0.09160913380132507
BAC,2023-03-06,0.23788946886618495,4,-0.2950492345774863,0.5329387034436712
BAC,2023-03-13,2.678843064323736,4,0.06368007332275005,2.615162991000986
BAC,2023-03-20,1.1073052075853116,4,0.25098397492589175,0.8563212326594198
BAC,2023-03-27,0.39353071811790874,4,0.33337952664820686,0.06015119146970188
BAC,2023-04-03,-0.1522562992111413,4,0.3617708162816431,-0.5140271154927845
BAC,2023-04-10,0.3746602575072948,4,0.4661898920630739,-0.09152963455577906
BAC,2023-04-17,0.9018628212530763,4,0.6412501792514053,0.260612642001671
BAC,2023-04-24,-0.00020072691515216068,4,0.6927043139409024,-0.6929050408560545
BAC,2023-05-01,0.19448240199983924,4,0.6872784305826092,-0.49279602858276994
BAC,2023-05-08,-0.026388465463383803,4,0.34912448935921914,-0.37551295482260294
BAC,2023-05-15,-0.10769419792890422,4,0.19724956366994217,-0.3049437615988464
BAC,2023-05-22,-0.17258857423390137,4,0.1264846521259659,-0.2990732263598673
BAC,2023-05-29,-0.19329637342520944,4,0.1213546428492074,-0.31465101627441683
BAC,2023-06-05,-0.013869566254849905,4,0.07278841487893932,-0.08665798113378922
BAC,2023-06-12,0.3207593161111197,4,0.00015047673619474067,0.32060883937492496
BAC,2023-06-19,0.014656703035411889,4,0.002007655480015247,0.012649047555396642
BAC,2023-06-26,0.18941154300643864,4,0.0013737981058401724,0.18803774490059846
BAC,2023-07-03,1.1729323588866125,4,0.1512889011495897,1.0216434577370228
BAC,2023-07-10,0.6775317218575476,4,0.2494421411228962,0.4280895807346514
BAC,2023-07-17,1.376905093036385,4,0.44312884953168197,0.9337762435047031
BAC,2023-07-24,-0.07565099585520103,4,0.45783452172793304,-0.5334855175831341
BAC,2023-07-31,-0.39072201916102645,4,0.410727965114661,-0.8014499842756875
BAC,2023-08-07,-0.4239487175608684,4,0.3176394609056624,-0.7415881784665308
BAC,2023-08-14,-0.46654781226962333,4,0.25748889649253304,-0.7240367087621564
BAC,2023-08-21,-0.48843910778707017,4,0.17275756514334445,-0.6611966729304146
BAC,2023-08-28,-0.4771037049046751,4,-0.03349694283056649,-0.4436067620741086
BAC,2023-09-04,-0.5306626783272771,4,-0.18452124285366958,-0.34614143547360754
BAC,2023-09-11,-0.5263662352964923,4,-0.4224301588952793,-0.103936076401213
BAC,2023-09-18,-0.536922127931544,4,-0.4800890504048221,-0.05683307752672195
BAC,2023-09-25,-0.5095508930571737,4,-0.49494265964184053,-0.014608233415333183
BAC,2023-10-02,-0.4126133146784733,4,-0.4935257342815412,0.08091241960306789
BAC,2023-10-09,-0.1194270837923826,4,-0.45013564322188604,0.33070855942950345
BAC,2023-10-16,0.0348984980427023,4,-0.3847184424931645,0.4196169405358668
BAC,2023-10-23,-0.4786911873096092,4,-0.38491687779378125,-0.09377430951582794
BAC,2023-10-30,-0.37509017324784655,4,-0.36547031465885244,-0.009619858588994112
BAC,2023-11-06,-0.42316920731352503,4,-0.35257068616098153,-0.0705985211525435
BAC,2023-11-13,-0.4552124093872282,4,-0.3423569713429421,-0.1128554380442861
BAC,2023-11-20,-0.5201067856922253,4,-0.3436764579223235,-0.17643032776990186
BAC,2023-11-27,-0.42316920731352503,4,-0.344995944501705,-0.07817326281182002
BAC,2023-12-04,-0.35827483100852786,4,-0.3748519129037231,0.016577081895195245
BAC,2023-12-11,-0.363350784286656,4,-0.4246330731948929,0.06128228890823689
BAC,2023-12-18,-0.47202775162654687,4,-0.42380014373451014,-0.04822760789203673
BAC,2023-12-25,-0.4993989865009173,4,-0.439338745391144,-0.060060241109773316
BAC,2024-01-01,-0.5533334840920674,4,-0.4556092799884618,-0.0977242041036056
BAC,2024-01-08,-0.17498402879642627,4,-0.4205807324146116,0.2455967036181853
BAC,2024-01-15,-0.34226746092679994,4,-0.39835081681893336,0.056083355892133424
BAC,2024-01-22,-0.39112600523982183,4,-0.3943454165597205,0.0032194113198986685
BAC,2024-01-29,-0.35827483100852786,4,-0.39434541655972044,0.03607058555119258
BAC,2024-02-05,-0.44506050283097187,4,-0.40455913137775995,-0.04050137145321192
BAC,2024-02-12,-0.5048789258578408,4,-0.4086655281566717,-0.0962133977011691
BAC,2024-02-19,-0.5048789258578408,4,-0.40935052057628707,-0.09552840528155371
BAC,2024-02-26,-0.42316920731352503,4,-0.3930799859789693,-0.030089221334555716
BAC,2024-03-04,-0.3356040252437376,4,-0.41315748553488324,0.07755346029114563
BAC,2024-03-11,-0.4556163954660236,4,-0.4273261023522862,-0.02829029311373743
BAC,2024-03-18,-0.4771037049046751,4,-0.43807331481039286,-0.03903039009428222
BAC,2024-03-25,-0.42316920731352503,4,-0.4461851118485175,0.02301590453499247
BAC,2024-04-01,-0.5095508930571737,4,-0.4542464106267927,-0.055304482430381
BAC,2024-04-08,-0.3747146490792985,4,-0.43797587602947496,0.06326122695017644
BAC,2024-04-15,0.0036348062163425038,4,-0.37441165952020206,0.37804646573654455
BAC,2024-04-22,-0.45054044218789546,4,-0.37783306387949833,-0.07270737830839713
BAC,2024-04-29,-0.41223779050992526,4,-0.3874122845377718,-0.02482550597215344
BAC,2024-05-06,-0.3191926690832143,4,-0.3703593187399206,0.05116664965670631
BAC,2024-05-13,-0.3348245149963942,4,-0.3525744200013855,0.017749905004991295
BAC,2024-05-20,-0.3887590125875443,4,-0.34827314566063794,-0.040485866926906366
BAC,2024-05-27,-0.23084797676608357,4,-0.3134352811242517,0.0825873043581681
BAC,2024-06-03,-0.1592901647780241,4,-0.2865072205865924,0.1272170558085683
BAC,2024-06-10,0.13544858350504124,4,-0.27003049842550503,0.40547908193054627
BAC,2024-06-17,0.23434916845722376,4,-0.18441929709486513,0.4187684655520889
BAC,2024-06-24,-0.1378028553393726,4,-0.15011493019854605,0.01231207485917346
BAC,2024-07-01,-0.07134945853968871,4,-0.11913452888060534,0.04778507034091663
BAC,2024-07-08,1.2284258769724492,4,0.07627177011550008,1.1521541068569492
BAC,2024-07-15,0.3316287148094972,4,0.16632023604013027,0.1653084787693669
BAC,2024-07-22,-0.27189314526487923,4,0.16118958997778082,-0.43308273524266006
BAC,2024-07-29,-0.429428656917792,4,0.12742227846030982,-0.5568509353781018
BAC,2024-08-05,-0.3586503551770759,4,0.06565991112504518,-0.4243102663021211
BAC,2024-08-12,-0.5107343893833124,4,-0.02747553360502182,-0.4832588557782906
BAC,2024-08-19,-0.5212902820183641,4,-0.07541146193989577,-0.44587882007846835
BAC,2024-08-26,-0.3645342806127948,4,-0.11205956469903404,-0.25247471591376075
BAC,2024-09-02,-0.5267702213752876,4,-0.3314590769925011,-0.19531114438278652
BAC,2024-09-09,-0.5752247796095142,4,-0.44481576379487753,-0.1304090158146367
BAC,2024-09-16,-0.5314421885746206,4,-0.4772593942085952,-0.054182794366025355
BAC,2024-09-23,-0.5756287656883095,4,-0.4955344078049099,-0.08009435788339953
BAC,2024-09-30,-0.45639590571336697,4,-0.5077526016219464,0.051356695908579386
BAC,2024-10-07,-0.24180666963630496,4,-0.4741366366535704,0.23232996701726547
BAC,2024-10-14,0.15756364497525216,4,-0.38927989577936833,0.5468435407546205
BAC,2024-10-21,-0.5435855636146063,4,-0.4116613061545948,-0.13192425746001152
BAC,2024-10-28,-0.5048789258578408,4,-0.40892489421491396,-0.09595403164292682
BAC,2024-11-04,-0.2671927161552991,4,-0.3704208862831371,0.10322817012783797
BAC,2024-11-11,-0.4345046101959201,4,-0.35830368898579945,-0.07620092121012068
BAC,2024-11-18,-0.3805701126047701,4,-0.3339213573503571,-0.04664875525441298
BAC,2024-11-25,-0.5857806722445659,4,-0.3500944531667569,-0.23568621907780896
BAC,2024-12-02,-0.4180932540353969,4,-0.3721302762166434,-0.04596297781875347
BAC,2024-12-09,-0.47750769098347046,4,-0.4515141932114838,-0.025993497771986673
BAC,2024-12-16,-0.4669517983484187,4,-0.44193497255321035,-0.025016825795208364
BAC,2024-12-23,-0.6620104514319581,4,-0.461576413249975,-0.20043403818198313
BAC,2024-12-30,-0.6076719677620127,4,-0.5041363197008142,-0.10353564806119853
BAC,2025-01-06,-0.4180932540353969,4,-0.5020849001807488,0.08399164614535193
BAC,2025-01-13,0.05171384028202099,4,-0.44804940606989985,0.4997632463519208
BAC,2025-01-20,-0.3805701126047701,4,-0.4223980861149254,0.041827973510155325
BAC,2025-01-27,-0.3969814687652934,4,-0.4197591129561625,0.022777644190869084
BAC,2025-02-03,-0.282449037899931,4,-0.39537678132072,0.11292774342078904
BAC,2025-02-10,-0.41301730075726867,4,-0.38863496912182627,-0.0243823316354424
BAC,2025-02-17,-0.4399845495528437,4,-0.36088173138693697,-0.07910281816590675
BAC,2025-02-24,-0.3637547703654514,4,-0.33039208171236684,-0.03336268865308456
BAC,2025-03-03,-0.35827483100852786,4,-0.3229147788340082,-0.03536005217451965
BAC,2025-03-10,-0.2820450518211356,4,-0.3646346403469028,0.0825895885257672
BAC,2025-03-17,-0.3793866162786313,4,-0.3644867033061354,-0.014899912972495877
BAC,2025-03-24,-0.2707096489387405,4,-0.3487027258278163,0.07799307688907581
BAC,2025-03-31,-0.060394674110569174,4,-0.3209459303541461,0.2605512562435769
BAC,2025-04-07,0.12373256216937051,4,-0.25385219748831617,0.3775847596576867
BAC,2025-04-14,0.01967063820831781,4,-0.196395299018171,0.2160659372264888
BAC,2025-04-21,-0.34186347484800456,4,-0.19365888707849013,-0.14820458776951442
BAC,2025-04-28,-0.3410839646006612,4,-0.1915100287775068,-0.1495739358231544
BAC,2025-05-05,-0.3786071060312879,4,-0.20358028555377583,-0.17502682047751206
BAC,2025-05-12,-0.2261475476565034,4,-0.18442540197600985,-0.041722145680493566
BAC,2025-05-19,-0.3449764215526506,4,-0.19370874855274864,-0.151267672999902
BAC,2025-05-26,-0.1870653857311899,4,-0.20954258750532623,0.02247720177413634
BAC,2025-06-02,-0.09479977455182233,4,-0.23685912959547534,0.14205935504365302
BAC,2025-06-09,0.3488815993225861,4,-0.1957077594561918,0.5445893587787779
BAC,2025-06-16,0.223793275822172,4,-0.1250006656224197,0.34879394144459175
BAC,2025-06-23,-0.1667331107084298,4,-0.10320680888589079,-0.06352630182253902
BAC,2025-06-30,0.5232324532148176,4,0.009523136019872397,0.5137093171949452
BAC,2025-07-07,0.35825399563149907,4,0.08257332893087271,0.27568066670062635
BAC,2025-07-14,0.6538713149961508,4,0.20742929599947288,0.4464420189966779
BAC,2025-07-21,0.14634644411366607,4,0.2491057747300799,-0.10275933061641382
BAC,2025-07-28,0.7377610799996419,4,0.3531758815490129,0.384585198450629
BAC,2025-08-04,2.1717556369947615,4,0.5810351362580348,1.5907205007367267
BAC,2025-08-11,2.589250681133923,4,0.8767173119220038,1.7125333692119191
BAC,2025-08-18,1.6413781084391117,4,1.1027312143154464,0.5386468941236653
BAC,2025-08-25,1.6005888532750705,4,1.2374007643229779,0.36318808895209265
BAC,2025-09-01,1.3584125282815707,4,1.362420580904237,-0.004008052622666236
BAC,2025-09-08,1.0350838608206778,4,1.410072149132303,-0.3749882883116251
BAC,2025-09-15,0.9537781283551574,4,1.5110011096624891,-0.5572229813073317
BAC,2025-09-22,1.1908785000705289,4,1.5676407871713502,-0.3767622871008214
BAC,2025-09-29,1.3657307690934553,4,1.4668876786836869,-0.1011569095902316
BAC,2025-10-06,1.8221895501677623,4,1.3710050373129168,0.4511845128548455
BAC,2025-10-13,5.071595222784684,4,1.7997821766061133,3.271813046178571
BAC,2025-10-20,1.307471589530632,4,1.7631425186380585,-0.45567092910742657
BAC,2025-10-27,1.4293847252518188,4,1.7720140432593396,-0.34262931800752083
BAC,2025-11-03,1.279940461560422,4,1.8026211183518075,-0.5226806567913855
BAC,2025-11-10,1.0268327197633225,4,1.811752942277828,-0.7849202225145056
BAC,2025-11-17,1.0301328356304298,4,1.7916597342228158,-0.761526898592386
BAC,2025-11-24,0.6098041257468965,4,1.697168903804496,-1.0873647780575995
BAC,2025-12-01,1.11510866790816,4,1.6087837935220457,-0.4936751256138856
BAC,2025-12-08,-0.17735124441806266,4,0.9526654851217022,-1.130016729539765
BAC,2025-12-15,-0.40301878419913967,4,0.7388541884054808,-1.1418729726046204
BAC,2025-12-22,-0.5979240472845517,4,0.4854405918384344,-1.083364639122986
COST,2020-12-21,-0.5488669613393876,4,,
COST,2020-12-28,-0.5044723340167911,4,,
COST,2021-01-04,-0.4454888542812657,4,,
COST,2021-01-11,-0.4454888542812657,4,,
COST,2021-01-18,-0.3600829902928281,4,,
COST,2021-01-25,-0.3201206636782259,4,,
COST,2021-02-01,-0.11390274329524805,4,,
COST,2021-02-08,-0.34221436228133395,4,-0.3850797204332933,0.042865358151959354
COST,2021-02-15,-0.500143648366987,4,-0.3789893063117432,-0.12115434205524378
COST,2021-02-22,-0.31621281799585105,4,-0.3554568668091257,0.039244048813274646
COST,2021-03-01,0.5799483301392809,4,-0.22727721875655738,0.8072255488958383
COST,2021-03-08,-0.180377230513306,4,-0.1941382657855624,0.013761035272256389
COST,2021-03-15,-0.4453852392230755,4,-0.2048010469018433,-0.24058419232123218
COST,2021-03-22,-0.38640175948755007,4,-0.21308618387800882,-0.17331557560954125
COST,2021-03-29,-0.4340761624087118,4,-0.2531078612671918,-0.18096830114151996
COST,2021-04-05,-0.364308060884442,4,-0.2558695735925803,-0.10843848729186173
COST,2021-04-12,-0.4378803930328964,4,-0.24808666667581897,-0.18979372635707742
COST,2021-04-19,-0.39848775676952786,4,-0.2583710340225286,-0.14011672274699927
COST,2021-04-26,-0.4277690766535759,4,-0.38433570987163573,-0.04343336678194015
COST,2021-05-03,-0.41568307937159815,4,-0.41374894097892223,-0.0019341383926759215
COST,2021-05-10,-0.4600777066941947,4,-0.4155854994128121,-0.04449220728138259
COST,2021-05-17,-0.533650038842649,4,-0.4339915343321995,-0.09965850451044955
COST,2021-05-24,-0.4007770020494301,4,-0.4298291392872893,0.029052137237859155
COST,2021-05-31,-0.5926335185781745,4,-0.45836982149900585,-0.13426369707916863
COST,2021-06-07,-0.5335464237844588,4,-0.4703280753429511,-0.0632183484415077
COST,2021-06-14,-0.6147272171812825,4,-0.4973580078944205,-0.11736920928686206
COST,2021-06-21,-0.5595479680699418,4,-0.5138303693214662,-0.045717598748475585
COST,2021-06-28,-0.49676025771023163,4,-0.5239650166137955,0.02720475890356383
COST,2021-07-05,-0.4378803930328964,4,-0.5211903524061331,0.08330995937323671
COST,2021-07-12,-0.4302719317845271,4,-0.5082680890238679,0.07799615723934078
COST,2021-07-19,-0.3750926826731863,4,-0.5050575491018374,0.12996486642865113
COST,2021-07-26,-0.4525728605040156,4,-0.4875499668425675,0.034977106338551944
COST,2021-08-02,-0.39739361139267476,4,-0.4705308652935945,0.07313725390091974
COST,2021-08-09,-0.4378803930328964,4,-0.4484250122750462,0.010544619242149833
COST,2021-08-16,-0.42329154061996743,4,-0.4313929588437994,0.00810141822383198
COST,2021-08-23,-0.4821714052973027,4,-0.42956935229218335,-0.05260205300511933
COST,2021-08-30,-0.5558473525039473,4,-0.44431522222606473,-0.11153213027788261
COST,2021-09-06,-0.6185314478054672,4,-0.4678476617286822,-0.150683786076785
COST,2021-09-13,-0.533650038842649,4,-0.48766733124986505,-0.045982707592784
COST,2021-09-20,-0.3418971373720949,4,-0.473832865858375,0.1319357284862801
COST,2021-09-27,-0.47847078973130824,4,-0.48396751315070413,0.005496723419395888
COST,2021-10-04,-0.5189575713715299,4,-0.49410216044303334,-0.024855410928496524
COST,2021-10-11,-0.5779410511070553,4,-0.5134333492539194,-0.06450770185313592
COST,2021-10-18,-0.39739361139267476,4,-0.5028361250158409,0.10544251362316609
COST,2021-10-25,-0.23557031833229342,4,-0.46280149574438406,0.22723117741209065
COST,2021-11-01,-0.2025745441746043,4,-0.41080688279052624,0.20823233861592194
COST,2021-11-08,-0.2464447164715813,4,-0.37490621749414277,0.12846150102256146
COST,2021-11-15,-0.025741558733864717,4,-0.33538677016436397,0.3096452114304993
COST,2021-11-22,-0.40172229704247886,4,-0.32579320857826033,-0.07592908846421853
COST,2021-11-29,-0.2096585503973541,4,-0.28713083095648834,0.07747228055913424
COST,2021-12-06,0.10735892661804969,4,-0.20146833374085021,0.3088272603588999
COST,2021-12-13,-0.2431649408730161,4,-0.18218974992589287,-0.060975190947123226
COST,2021-12-20,-0.42762022626977153,4,-0.20619598841807762,-0.2214242378516939
COST,2021-12-27,-0.2615580239101297,4,-0.21356892338501832,-0.047989100525111406
COST,2022-01-03,-0.3459149778473284,4,-0.2260027060569867,-0.1199122717903417
COST,2022-01-10,-0.3421107472231438,4,-0.2655488546181466,-0.07656189260499718
COST,2022-01-17,-0.29445018300962866,4,-0.2521398403640403,-0.04231034264558836
COST,2022-01-24,-0.2501453320375758,4,-0.25720068806906804,0.007055356031492266
COST,2022-01-31,-0.13927621749692132,4,-0.2880300810834394,0.1487538635865181
COST,2022-02-07,-0.28260281246199886,4,-0.29295981503206225,0.01035700257006339
COST,2022-02-14,-0.3377820615733397,4,-0.28173004444500827,-0.05605201712833141
COST,2022-02-21,-0.40807461812322887,4,-0.3000446187216457,-0.1080299994015832
COST,2022-02-28,0.15245756166735283,4,-0.2377480512823105,0.3902056129496633
COST,2022-03-07,-0.24201241576358704,4,-0.2252357598498659,-0.016776655913721128
COST,2022-03-14,-0.3712884520490016,4,-0.23484054347978753,-0.1364479085692141
COST,2022-03-21,-0.3414826771393341,4,-0.24625771161750734,-0.09522496552182677
COST,2022-03-28,-0.28630342802799336,4,-0.26463611293389133,-0.021667315094102024
COST,2022-04-04,-0.2090304803135445,4,-0.2554395714153346,0.04640909110179009
COST,2022-04-11,-0.3306980553505898,4,-0.2545540706374908,-0.07614398471309902
COST,2022-04-18,-0.18042246583892022,4,-0.22609755160195222,0.045675085763032
COST,2022-04-25,-0.20152563412336538,4,-0.270345451075792,0.06881981695242662
COST,2022-05-02,-0.24581664638777168,4,-0.2708209799038151,0.02500433351604342
COST,2022-05-09,-0.19444162790061553,4,-0.24871512688526684,0.05427349898465131
COST,2022-05-16,0.8172011824849372,4,-0.1038796444322329,0.9210808269171701
COST,2022-05-23,1.062989153923381,4,0.06478192831168889,0.9982072256116921
COST,2022-05-30,-0.41198246380560366,4,0.03941293037518148,-0.4513953941807851
COST,2022-06-06,-0.3269974397845954,4,0.039875507320930786,-0.3668729471055262
COST,2022-06-13,-0.23873264016502183,4,0.03258673553016808,-0.27131937569518993
COST,2022-06-20,-0.3306980553505898,4,0.016440182876765033,-0.34713823822735485
COST,2022-06-27,-0.4930596421442372,4,-0.014465191592793157,-0.47859445055144406
COST,2022-07-04,-0.4779463347056888,4,-0.04990327994342732,-0.4280430547622615
COST,2022-07-11,-0.24701440682281495,4,-0.18293022860689634,-0.06408417821591861
COST,2022-07-18,-0.3231932091604107,4,-0.3562030239923703,0.03300981483195958
COST,2022-07-25,-0.12350344335659565,4,-0.3201431464362443,0.19663970307964868
COST,2022-08-01,-0.26540748985992857,4,-0.3124444026956609,0.04703691283573236
COST,2022-08-08,-0.3750926826731863,4,-0.32948940800918153,-0.04560327466400477
COST,2022-08-15,-0.3269974397845954,4,-0.3290268310634322,0.002029391278836834
COST,2022-08-22,-0.42646770116034244,4,-0.32070283844044534,-0.1057648627198971
COST,2022-08-29,-0.4632538672345696,4,-0.3188662800065555,-0.14438758722801415
COST,2022-09-05,-0.562827743668507,4,-0.35834294711226694,-0.20448479655624002
COST,2022-09-12,-0.44496439925564624,4,-0.3735643458741714,-0.07140005338147482
COST,2022-09-19,0.09826884287467495,4,-0.3458428100952626,0.44411165296993754
COST,2022-09-26,-0.40437400255723444,4,-0.3632136241824258,-0.041160378374808626
COST,2022-10-03,-0.5076484945571662,4,-0.3797831006679233,-0.1278653938892429
COST,2022-10-10,-0.548238891255578,4,-0.4074382821017961,-0.1408006091537819
COST,2022-10-17,-0.5444346606313933,4,-0.4221841520356775,-0.12225050859571585
COST,2022-10-24,-0.3675878364830072,4,-0.4102258981917322,0.04263806170872503
COST,2022-10-31,-0.422767085594348,4,-0.3927183159324623,-0.030048769661885688
COST,2022-11-07,-0.47086232848293896,4,-0.39595555708587393,-0.07490677139706503
COST,2022-11-14,-0.40067338699123994,4,-0.4583233358191132,0.057649948827873276
COST,2022-11-21,-0.6332239152765864,4,-0.48692957490903227,-0.14629434036755412
COST,2022-11-28,-0.44506801431383647,4,-0.47910701487861607,0.0340390005647796
COST,2022-12-05,-0.07149397505096133,4,-0.4195139003530389,0.3480199253020776
COST,2022-12-12,-0.5558473525039473,4,-0.42094048683710816,-0.13490686566683918
COST,2022-12-19,-0.5964377492023591,4,-0.44954672592702716,-0.146891023275332
COST,2022-12-26,-0.6185314478054672,4,-0.4740172712034171,-0.14451417660205013
COST,2023-01-02,-0.4632538672345696,4,-0.47306621354737094,0.009812346312801312
COST,2023-01-09,-0.4557490210443906,4,-0.4799506678040148,0.024201646759624218
COST,2023-01-16,-0.5406304300072087,4,-0.46837648214534255,-0.07225394786186612
COST,2023-01-23,-0.39306492574287066,4,-0.46187609607397184,0.06881117033110118
COST,2023-01-30,-0.3048001261232971,4,-0.4910393649580138,0.1862392388347167
COST,2023-02-06,-0.4372523229490868,4,-0.4762149862636562,0.038962663314569435
COST,2023-02-13,-0.4779463347056888,4,-0.46140355945157246,-0.01654277525411635
COST,2023-02-20,-0.39035484049553903,4,-0.4328814835378314,0.04252664304229237
COST,2023-02-27,-0.031894108671212396,4,-0.3789615137174117,0.3470674050461993
COST,2023-03-06,-0.4557490210443906,4,-0.3789615137174117,-0.07678750732697887
COST,2023-03-13,-0.5222373469700952,4,-0.37666237833777255,-0.1455749686323226
COST,2023-03-20,-0.47784271964749864,4,-0.38725960257585107,-0.09058311707164757
COST,2023-03-27,-0.5368261993830241,4,-0.41626286173331695,-0.12056333764970717
COST,2023-04-03,-0.514732500779916,4,-0.42594788396217054,-0.08878461681774541
COST,2023-04-10,-0.5184331163459104,4,-0.4310087316671983,-0.08742438467871211
COST,2023-04-17,-0.3231034328098671,4,-0.4226023057064893,0.09949887289662224
COST,2023-04-24,-0.47414210408150415,4,-0.47788330513277577,0.0037412010512716254
COST,2023-05-01,-0.5553228974783279,4,-0.49033003968701794,-0.06499285779130992
COST,2023-05-08,-0.5774165960814359,4,-0.4972274458259355,-0.08018915025550044
COST,2023-05-15,-0.592109063552555,4,-0.5115107388140676,-0.08059832473848738
COST,2023-05-22,-0.0369072779060928,4,-0.44902087362945114,0.4121135957233584
COST,2023-05-29,-0.5223409620282853,4,-0.4499719312854973,-0.072369030742788
COST,2023-06-05,-0.5222373469700952,4,-0.45044746011352044,-0.07178988685657473
COST,2023-06-12,-0.5038442639329815,4,-0.4730400640039097,-0.03080419992907185
COST,2023-06-19,-0.6401006913829558,4,-0.4937848874165912,-0.14631580396636457
COST,2023-06-26,-0.5666319742926915,4,-0.49519852201838666,-0.07143345227430486
COST,2023-07-03,-0.5552192824201376,4,-0.4924238578107243,-0.06279542460941334
COST,2023-07-10,-0.5000400333087969,4,-0.4809152290302545,-0.01912480427854235
COST,2023-07-17,-0.459449636610385,4,-0.5337330238682911,0.07428338725790612
COST,2023-07-24,-0.43735593800727696,4,-0.523109895865665,0.08575395785838807
COST,2023-07-31,-0.514732500779916,4,-0.5221717900918927,0.007439289311976793
COST,2023-08-07,-0.5590235130443223,4,-0.5290691962308103,-0.029954316813512016
COST,2023-08-14,-0.5552192824201376,4,-0.518459020110458,-0.03676026230967966
COST,2023-08-21,-0.5699117498912568,4,-0.5188689920602786,-0.051042757830978225
COST,2023-08-28,-0.5699117498912568,4,-0.5207055504941686,-0.04920619939708826
COST,2023-09-04,-0.6693820112670039,4,-0.5418732977389444,-0.12750871352805948
COST,2023-09-11,-0.6142027621556632,4,-0.5612174384321043,-0.05298532372355891
COST,2023-09-18,-0.5736123654572512,4,-0.578249491863351,0.004637126406099701
COST,2023-09-25,-0.11762837574454162,4,-0.5286114762339292,0.41098310048938763
COST,2023-10-02,-0.5260415775942797,4,-0.5244887343026738,-0.0015528432916058765
COST,2023-10-09,-0.5812208267056205,4,-0.5277389273383593,-0.05348189936726122
COST,2023-10-16,-0.5997175248009243,4,-0.5314646492020676,-0.06825287559885673
COST,2023-10-23,-0.577520211139626,4,-0.5324157068581138,-0.04510450428151225
COST,2023-10-30,-0.5737159805154415,4,-0.5204574530141686,-0.05325852750127291
COST,2023-11-06,-0.562827743668507,4,-0.514035575703274,-0.048792167965233
COST,2023-11-13,-0.5077521096153563,4,-0.5058030437230371,-0.001949065892319246
COST,2023-11-20,-0.5851286723879954,4,-0.5642405808034688,-0.020888091584526536
COST,2023-11-27,-0.4854511808958679,4,-0.5591667812161674,0.07371560032029945
COST,2023-12-04,-0.3675878364830072,4,-0.5324626574383408,0.16487482095533357
COST,2023-12-11,0.3895170226042753,4,-0.40880833901269076,0.7983253616169661
COST,2023-12-18,-0.13280644265033453,4,-0.35321911795152927,0.22041267530119474
COST,2023-12-25,-0.3903096051699249,4,-0.33029332103333975,-0.06001628413658516
COST,2024-01-01,-0.35669959963607273,4,-0.30452730302928543,-0.052172296606787294
COST,2024-01-08,-0.3972899963344846,4,-0.29071953886917645,-0.10657045746530813
COST,2024-01-15,-0.2507150223888094,4,-0.24891783261927825,-0.0017971897695311378
COST,2024-01-22,-0.2090304803135445,4,-0.21436524504648782,0.005334764732943337
COST,2024-01-29,-0.17552408983788248,4,-0.1903572767158472,0.014833186877964727
COST,2024-02-05,0.012960214209759019,4,-0.23742687776516178,0.2503870919749208
COST,2024-02-12,-0.27890219689600443,4,-0.25568884704587047,-0.023213349850133957
COST,2024-02-19,-0.19141431774404488,4,-0.2308269361176355,0.03941261837359061
COST,2024-02-26,0.18023773491476514,4,-0.16370976929878078,0.3439475042135459
COST,2024-03-04,1.6826222672153248,4,0.0962792636449454,1.5863430035703794
COST,2024-03-11,-0.13556176322328028,4,0.11067342104063653,-0.24623518426391683
COST,2024-03-18,-0.29771611990054725,4,0.0995877160922612,-0.39730383599280844
COST,2024-03-25,-0.32689382472640516,4,0.08066649923119586,-0.407560323957601
COST,2024-04-01,-0.3123049723134762,4,0.040008350915791455,-0.35231332322926767
COST,2024-04-08,-0.28640704308618353,4,0.039070245142019074,-0.3254772882282026
COST,2024-04-15,-0.40056977193304977,4,0.012925813368393463,-0.41349558530144326
COST,2024-04-22,-0.2420262544712336,4,-0.03985718530485638,-0.20216906916637722
COST,2024-04-29,-0.31558474791204144,4,-0.28963306219577717,-0.025951685716264272
COST,2024-05-06,-0.2421160308217772,4,-0.3029523456455893,0.060836314823812104
COST,2024-05-13,-0.13547198687273665,4,-0.28267182901711296,0.1471998421443763
COST,2024-05-20,-0.11337828826962859,4,-0.25598238696001585,0.14260409869038726
COST,2024-05-27,0.7694767457971774,4,-0.12075967219618418,0.8902364179933616
COST,2024-06-03,-0.2020500891489848,4,-0.11021505295403435,-0.09183503619495047
COST,2024-06-10,-0.15765546182638834,4,-0.07985076419070167,-0.07780469763568668
COST,2024-06-17,-0.26473418445050473,4,-0.08268925543811055,-0.18204492901239416
COST,2024-06-24,-0.35669959963607273,4,-0.08782861190361446,-0.26887098773245827
COST,2024-07-01,-0.4303755468427173,4,-0.11136105140623197,-0.3190144954364853
COST,2024-07-08,0.27744376789390907,4,-0.05974658206040125,0.3371903499543103
COST,2024-07-15,-0.17985277548768658,4,-0.06805589296265852,-0.11179688252502806
COST,2024-07-22,-0.24962087701195634,4,-0.19544309581380023,-0.05417778119815611
COST,2024-07-29,-0.15766930053403488,4,-0.1898954972369315,0.032226196702896615
COST,2024-08-05,-0.10638405839742238,4,-0.18348657180831074,0.07710251341088836
COST,2024-08-12,-0.15385123120220368,4,-0.1696262026522731,0.015774971450069425
COST,2024-08-19,-0.1835672297613276,4,-0.14798465641792996,-0.03558257334339765
COST,2024-08-26,-0.08746652033468932,4,-0.10512102810442647,0.01765450776973715
COST,2024-09-02,-0.20576454342262585,4,-0.16552206701899333,-0.040242476403632516
COST,2024-09-09,-0.25712572320213545,4,-0.17518118548329942,-0.08194453771883603
COST,2024-09-16,-0.02511348865005507,4,-0.1471177619380618,0.12200427328800674
COST,2024-09-23,0.9144469580480266,4,-0.013103229615304093,0.9275501876633306
COST,2024-09-30,-0.1329552930341389,4,-0.016424633944893664,-0.11653065908924523
COST,2024-10-07,-0.13927621749692132,4,-0.01460275723173337,-0.12467346026518794
COST,2024-10-14,-0.16517414672421402,4,-0.01230362185209417,-0.15287052487211986
COST,2024-10-21,-0.07258066145483638,4,-0.010442889492112552,-0.062137771962723826
COST,2024-10-28,-0.10576982702125931,4,0.0020564500580582644,-0.10782627707931758
COST,2024-11-04,0.08078131224666461,4,0.04429482948915828,0.036486482757506336
COST,2024-11-11,0.23496474744070908,4,0.07680460900050379,0.1581601384402053
COST,2024-11-18,0.09339176455426185,4,-0.025827290186216795,0.11921905474047864
COST,2024-11-25,-0.05057673920227193,4,-0.015529970957233425,-0.03504676824503851
COST,2024-12-02,0.2920012236888704,4,0.03837970919099054,0.25362151449787984
COST,2024-12-09,1.0428951531062292,4,0.18938837166979594,0.8535067814364332
COST,2024-12-16,0.0002738242592646989,4,0.19849518238405855,-0.19822135812479386
COST,2024-12-23,-0.1397868338148942,4,0.19424305653485419,-0.3340298903497484
COST,2024-12-30,-0.10617682828104198,4,0.1708732889688909,-0.2770501172499329
COST,2025-01-06,-0.054277354768266395,4,0.13471802619276896,-0.18899538096103535
COST,2025-01-13,0.08849338855322411,4,0.13410572919263924,-0.04561234063941513
COST,2025-01-20,0.1481363349905268,4,0.15894486346673908,-0.010808528476212276
COST,2025-01-27,0.5475435440134501,4,0.19088765350731152,0.35665589050613855
COST,2025-02-03,1.243083470059365,4,0.21591119312645352,1.0271722769329115
COST,2025-02-10,0.3901839482790306,4,0.26464995862892426,0.12553398965010631
COST,2025-02-17,0.4105240348035083,4,0.3334388172062246,0.0770852175972837
COST,2025-02-24,0.36665386250653126,4,0.3925426535546712,-0.02588879104813996
COST,2025-03-03,1.084262470272255,4,0.5348601316847363,0.5494023385875186
COST,2025-03-10,0.5672832378694113,4,0.5947088628492598,-0.027425624979848573
COST,2025-03-17,0.1962454165867643,4,0.6007224980487895,-0.4044770814620252
COST,2025-03-24,0.09286730952864239,4,0.5438879687381885,-0.45102065920954604
COST,2025-03-31,0.6414836401016754,4,0.4686879899934773,0.17279565010819803
COST,2025-04-07,1.0239341532568764,4,0.5479067656157081,0.47602738764116836
COST,2025-04-14,0.20711981472605226,4,0.522481238106026,-0.31536142337997375
COST,2025-04-21,0.2589295118882842,4,0.5090156942787452,-0.25008618239046093
COST,2025-04-28,0.3115782284533807,4,0.4124301640513859,-0.1008519355980052
COST,2025-05-05,0.08588691836408273,4,0.3522556241132198,-0.26636870574913707
COST,2025-05-12,0.4778790575473705,4,0.3874598292332956,0.0904192283140749
COST,2025-05-19,0.08578330330589254,4,0.38657432845545187,-0.30079102514955935
COST,2025-05-26,0.37565985533334617,4,0.35334635535941067,0.022313499973935502
COST,2025-06-02,0.3401103052851079,4,0.26786837436293964,0.07224193092216824
COST,2025-06-09,0.13017793062848904,4,0.25825063885074423,-0.1280727082222552
COST,2025-06-16,0.12700177008811403,4,0.24175967112572294,-0.11475790103760891
COST,2025-06-23,0.14159062250104298,4,0.22051122038168075,-0.07892059788063777
COST,2025-06-30,0.06421405972840395,4,0.21780211305222089,-0.15358805332381692
COST,2025-07-07,0.35967347134197164,4,0.20302641477654604,0.1566470565654256
COST,2025-07-14,0.5562009153130583,4,0.26182861627744175,0.2943722990356165
COST,2025-07-21,0.8671944743326037,4,0.3232704436523489,0.5439240306802547
COST,2025-07-28,1.7175070500654268,4,0.49544503674988877,1.222062013315538
COST,2025-08-04,3.831423560939534,4,0.9581007405387694,2.8733228204007646
COST,2025-08-11,3.9644862699388126,4,1.4377863030201068,2.526699966918706
COST,2025-08-18,3.4823185227075384,4,1.8553772905459185,1.62694123216162
COST,2025-08-25,3.2277842906119427,4,2.2508235694063607,0.976960721205582
COST,2025-09-01,2.496605038167246,4,2.51794001525952,-0.021334977092274165
COST,2025-09-08,2.5689657711730107,4,2.769535622242014,-0.2005698510690035
COST,2025-09-15,2.38821110134225,4,2.95966270061822,-0.5714515992759703
COST,2025-09-22,6.570484692676848,4,3.5662849059446478,3.0041997867322
COST,2025-09-29,2.2969530487160674,4,3.3744760919167143,-1.0775230432006468
COST,2025-10-06,1.6471969356052167,4,3.084814925125015,-1.4376179895197982
COST,2025-10-13,1.6193381641829132,4,2.8519423803094366,-1.2326042161265234
COST,2025-10-20,1.7331448125295947,4,2.665112445549143,-0.9319676330195483
COST,2025-10-27,1.9721124213629357,4,2.5995508684486044,-0.6274384470856686
COST,2025-11-03,1.7341353428482575,4,2.4951970649080106,-0.7610617220597531
COST,2025-11-10,1.8005136739811034,4,2.421734886487867,-0.6212212125067635
COST,2025-11-17,1.9926874154190868,4,1.849510226830647,0.14317718858843986
COST,2025-11-24,1.8878942188721983,4,1.7983778731001632,0.08951634577203516
COST,2025-12-01,2.8983939293526095,4,1.9547774973185876,0.9436164320340219
COST,2025-12-08,1.5708284610615615,4,1.9487137844284186,-0.3778853233668571
COST,2025-12-15,0.269461668235034,4,1.7657533913915984,-1.4962917231565644
COST,2025-12-22,0.14451431759942343,4,1.5373036284211592,-1.3927893108217357
GOOGL,2020-12-21,-0.6492159886417441,4,,
GOOGL,2020-12-28,-0.6495848243659458,4,,
GOOGL,2021-01-04,-0.45633984332515865,4,,
GOOGL,2021-01-11,-0.33313108393817775,4,,
GOOGL,2021-01-18,-0.2895429751850787,4,,
GOOGL,2021-01-25,-0.05243877561316318,4,,
GOOGL,2021-02-01,0.22832786169624103,4,,
GOOGL,2021-02-08,-0.33313108393817775,4,-0.3168820891639006,-0.01624899477427716
GOOGL,2021-02-15,-0.43898651602278355,4,-0.29060340508653054,-0.148383110936253
GOOGL,2021-02-22,-0.32581744763135834,4,-0.25013248299470714,-0.0756849646366512
GOOGL,2021-03-01,-0.41549513756913425,4,-0.24502689477520406,-0.1704682427939302
GOOGL,2021-03-08,-0.33770736590136685,4,-0.2455989300206027,-0.09210843588076414
GOOGL,2021-03-15,-0.5294709553919028,4,-0.2755899275464557,-0.2538810278454471
GOOGL,2021-03-22,-0.4520520194483372,4,-0.32554158302585245,-0.12651043642248472
GOOGL,2021-03-29,-0.6260934459122964,4,-0.43234424647691966,-0.19374919943537677
GOOGL,2021-04-05,-0.5687021622852404,4,-0.4617906312703025,-0.10691153101493789
GOOGL,2021-04-12,-0.5356090065431771,4,-0.4738684425853517,-0.0617405639578254
GOOGL,2021-04-19,-0.47932423008872616,4,-0.49305679039252265,0.013732560303796493
GOOGL,2021-04-26,-0.11420515590803254,4,-0.45539554268488497,0.34119038677685243
GOOGL,2021-05-03,-0.47244850748904854,4,-0.47223818538334517,-0.0002103221057033755
GOOGL,2021-05-10,-0.5051728275069101,4,-0.469200919397721,-0.035971908109189044
GOOGL,2021-05-17,-0.5483056742445291,4,-0.48123262624724505,-0.06707304799728409
GOOGL,2021-05-24,-0.6026020674586472,4,-0.47829620394053884,-0.12430586351810835
GOOGL,2021-05-31,-0.5787418532807961,4,-0.4795511653149833,-0.09919068796581276
GOOGL,2021-06-07,-0.6087401186099214,4,-0.48869255432332637,-0.12004756428659502
GOOGL,2021-06-14,-0.6492159886417441,4,-0.5099290241424537,-0.13928696449929046
GOOGL,2021-06-21,-0.6191486453296787,4,-0.5730469603201593,-0.04610168500951939
GOOGL,2021-06-28,-0.7061693585616584,4,-0.6022620667042357,-0.10390729185742276
GOOGL,2021-07-05,-0.6356952232007104,4,-0.6185773661659607,-0.01711785703474966
GOOGL,2021-07-12,-0.609108954334123,4,-0.6261777761771599,0.01706882184303682
GOOGL,2021-07-19,-0.5193621864134071,4,-0.615772791046505,0.09641060463309781
GOOGL,2021-07-26,-0.2412638254646931,4,-0.5735880375694921,0.33232421210479896
GOOGL,2021-08-02,-0.5856175758804737,4,-0.5706977197283111,-0.014919856152162625
GOOGL,2021-08-09,-0.6418332743519846,4,-0.5697748804420911,-0.07205839390989344
GOOGL,2021-08-16,-0.7061693585616584,4,-0.5806524695960886,-0.12551688896556978
GOOGL,2021-08-23,-0.5486745099687308,4,-0.5609656135219726,0.012291103553241811
GOOGL,2021-08-30,-0.6118350090228594,4,-0.5579830867497413,-0.05385192227311808
GOOGL,2021-09-06,-0.5817676657107941,4,-0.5545654256718252,-0.027202240038968872
GOOGL,2021-09-13,-0.5813988299865923,4,-0.5623200061184732,-0.0190788238681191
GOOGL,2021-09-20,-0.5413608736619113,4,-0.5998321371431256,0.05847126348121423
GOOGL,2021-09-27,-0.5552504748271467,4,-0.5960362495114596,0.04078577468431288
GOOGL,2021-10-04,-0.4350675278701638,4,-0.5701905312012321,0.1351230033310683
GOOGL,2021-10-11,-0.46816068361222707,4,-0.5404394468325532,0.07227876322032611
GOOGL,2021-10-18,-0.4558328516350768,4,-0.5288342395408464,0.0730013879057696
GOOGL,2021-10-25,-0.08457572630310896,4,-0.4629268292008777,0.37835110289776874
GOOGL,2021-11-01,-0.4081124232793748,4,-0.44121992389695025,0.03310750061757545
GOOGL,2021-11-08,-0.3784829936744512,4,-0.4158554443579326,0.037372450683481384
GOOGL,2021-11-15,-0.45087643429279206,4,-0.4045448894367927,-0.046331544855999385
GOOGL,2021-11-22,-0.5417297093861131,4,-0.4028547937566635,-0.1388749156294496
GOOGL,2021-11-29,-0.46822976159516716,4,-0.4070000729722889,-0.06122968862287825
GOOGL,2021-12-06,-0.46822976159516716,4,-0.4070087077201564,-0.061221053875010756
GOOGL,2021-12-13,-0.4847763394661988,4,-0.41062664369904667,-0.07414969576715214
GOOGL,2021-12-20,-0.6753643438011896,4,-0.4844752208863067,-0.1908891229148829
GOOGL,2021-12-27,-0.6823091443838073,4,-0.5187498110243608,-0.1635593333594465
GOOGL,2022-01-03,-0.43935535174698526,4,-0.5263588557834276,0.0870035040364423
GOOGL,2022-01-10,-0.35499161522080186,4,-0.5143732533994287,0.15938163817862688
GOOGL,2022-01-17,-0.4389174380398435,4,-0.5015217194811451,0.06260428144130159
GOOGL,2022-01-24,-0.13702189224277417,4,-0.46012073581209595,0.3230988435693218
GOOGL,2022-01-31,1.3214151380647792,4,-0.23641512335460266,1.5578302614193817
GOOGL,2022-02-07,0.15817083238489296,4,-0.1560467268732162,0.3142175592581091
GOOGL,2022-02-14,-0.1078364249984367,4,-0.08510573702287208,-0.022730687975564615
GOOGL,2022-02-21,-0.17874847406652644,4,-0.022160653233211966,-0.15658782083331446
GOOGL,2022-02-28,-0.18871908707914206,4,0.009168879850268433,-0.1978879669294105
GOOGL,2022-03-07,-0.1961018013689015,4,0.02903010658175598,-0.2251319079506575
GOOGL,2022-03-14,-0.204896829225972,4,0.05828268268348992,-0.2631795119094619
GOOGL,2022-03-21,-0.26923291343564576,4,0.04175630503438095,-0.3109892184700267
GOOGL,2022-03-28,-0.1413674944476417,4,-0.14109152402967165,-0.0002759704179700617
GOOGL,2022-04-04,-0.2618501991458863,4,-0.19359415297101906,-0.06825604617486725
GOOGL,2022-04-11,-0.22218107854540703,4,-0.20788723466439035,-0.014293843881016677
GOOGL,2022-04-18,0.17411789477340134,4,-0.1637789385593994,0.33789683333280074
GOOGL,2022-04-25,0.8123555155987416,4,-0.038644613224663935,0.8510001288234056
GOOGL,2022-05-02,0.005332643392988515,4,-0.01346530762942767,0.018797951022416187
GOOGL,2022-05-09,0.09501033333076439,4,0.024023087690164376,0.07098724564060002
GOOGL,2022-05-16,-0.16522770862549271,4,0.03702373829143351,-0.20225144691692623
GOOGL,2022-05-23,-0.007732860032565129,4,0.05372806759331808,-0.061460927625883205
GOOGL,2022-05-30,-0.3250106982000149,4,0.045833005211552015,-0.3708437034115669
GOOGL,2022-06-06,-0.2823157651695377,4,0.03831616938353567,-0.32063193455307337
GOOGL,2022-06-13,-0.29620536633477307,4,-0.02047423825498612,-0.27573112807978695
GOOGL,2022-06-20,-0.4363295393169873,4,-0.17655987011945223,-0.2597696691975351
GOOGL,2022-06-27,-0.4520693677566755,4,-0.23373512151316025,-0.21833424624351525
GOOGL,2022-07-04,-0.5229123388418252,4,-0.31097545553473394,-0.21193688330709126
GOOGL,2022-07-11,-0.22071703530349424,4,-0.31791162136948414,0.09719458606598991
GOOGL,2022-07-18,0.2976151122467499,4,-0.27974312483456976,0.5773582370813197
GOOGL,2022-07-25,0.5198137190234263,4,-0.1741400726816396,0.693953791705066
GOOGL,2022-08-01,-0.296136288351833,4,-0.17586763807942649,-0.12026865027240649
GOOGL,2022-08-08,-0.3685297289701739,4,-0.1849081834088516,-0.1836215455613223
GOOGL,2022-08-15,-0.38588305627254893,4,-0.17860237302829682,-0.2072806832442521
GOOGL,2022-08-22,-0.4050866108493768,4,-0.17272952841488445,-0.23235708243449235
GOOGL,2022-08-29,-0.5090918156595299,4,-0.17100196301709755,-0.3380898526424323
GOOGL,2022-09-05,-0.5356090065431771,4,-0.21036345942205792,-0.3252455471211192
GOOGL,2022-09-12,-0.31887264704874063,4,-0.28742442933399426,-0.031448217714746374
GOOGL,2022-09-19,-0.302326069177709,4,-0.39019190285913613,0.08786583368142714
GOOGL,2022-09-26,-0.3427328612265917,4,-0.396016474468481,0.053283613241889294
GOOGL,2022-10-03,-0.40626219600492197,4,-0.40073303284782447,-0.005529163157097505
GOOGL,2022-10-10,-0.4901880188239636,4,-0.41377115316675134,-0.07641686565721229
GOOGL,2022-10-17,-0.36306027128436297,4,-0.40851786072112456,0.04545758943676159
GOOGL,2022-10-24,0.47661179430286726,4,-0.285304909475825,0.7619167037786923
GOOGL,2022-10-31,-0.18525536094200235,4,-0.24151070377567813,0.05625534283367578
GOOGL,2022-11-07,-0.32235372149421865,4,-0.24194583808136289,-0.08040788341285576
GOOGL,2022-11-14,-0.37508834552025155,4,-0.2510411226241807,-0.12404722289607084
GOOGL,2022-11-21,-0.7023367967003169,4,-0.29599161455839634,-0.40634518214192056
GOOGL,2022-11-28,-0.5825917634504758,4,-0.3180328104890906,-0.2645589529613852
GOOGL,2022-12-05,-0.5918247050146881,4,-0.33073739626293114,-0.26108730875175695
GOOGL,2022-12-12,-0.5752781271436564,4,-0.35726462824534283,-0.21801349889831362
GOOGL,2022-12-19,-0.7165952335897541,4,-0.5064155067319205,-0.2101797268578336
GOOGL,2022-12-26,-0.7574399393457785,4,-0.5779385790323925,-0.17950136031338593
GOOGL,2023-01-02,-0.6603795351182431,4,-0.6201918057353956,-0.04018772938284754
GOOGL,2023-01-09,-0.43662929705824893,4,-0.6278844246776453,0.19125512761939634
GOOGL,2023-01-16,-0.42658960606269325,4,-0.5934160258479423,0.16682641978524904
GOOGL,2023-01-23,-0.05385108918047425,4,-0.5273234415641921,0.4734723523837178
GOOGL,2023-01-30,0.46627234556605,4,-0.3950613102415998,0.8613336558076499
GOOGL,2023-02-06,0.2435606984458474,4,-0.2927064570429118,0.5362671554887593
GOOGL,2023-02-13,-0.17911730979072812,4,-0.2255217165680336,0.04640440677730548
GOOGL,2023-02-20,-0.43589162560984557,4,-0.18532817735104198,-0.2505634482588036
GOOGL,2023-02-27,-0.43898651602278355,4,-0.15765404996410953,-0.281332466058674
GOOGL,2023-03-06,-0.33770736590136685,4,-0.14528880856949927,-0.19241855733186758
GOOGL,2023-03-13,-0.4667657183532543,4,-0.1503108226058194,-0.3164548957474349
GOOGL,2023-03-20,-0.3893467824096886,4,-0.1922477842594712,-0.19709899815021742
GOOGL,2023-03-27,-0.4524382034808772,4,-0.3070866028903371,-0.1453516005905401
GOOGL,2023-04-03,-0.5899053997572952,4,-0.41126986516572994,-0.17863553459156523
GOOGL,2023-04-10,-0.5706327671975272,4,-0.46020929734157984,-0.11042346985594736
GOOGL,2023-04-17,-0.32952920183515794,4,-0.4469139943697438,0.11738479253458589
GOOGL,2023-04-24,0.17125857102210265,4,-0.3706333584891331,0.5418919295112358
GOOGL,2023-05-01,-0.4528070392050789,4,-0.3850208176520971,-0.0677862215529818
GOOGL,2023-05-08,-0.25224842185747237,4,-0.35820615559012436,0.10595773373265199
GOOGL,2023-05-15,-0.33276224821397604,4,-0.3511330888156603,0.018370840601684257
GOOGL,2023-05-22,-0.4363295393169873,4,-0.34911950579517403,-0.08721003352181328
GOOGL,2023-05-29,-0.5729899861620619,4,-0.34700507909576983,-0.22598490706629204
GOOGL,2023-06-05,-0.47636749564166825,4,-0.3352219201512875,-0.14114557549038076
GOOGL,2023-06-12,-0.5564434082910302,4,-0.3635861959582716,-0.19285721233275865
GOOGL,2023-06-19,-0.6696124766824554,4,-0.46869507692134127,-0.2009173997611141
GOOGL,2023-06-26,-0.6130279424867427,4,-0.48872268983154926,-0.12430525265519349
GOOGL,2023-07-03,-0.7165952335897541,4,-0.5467660412980845,-0.1698291922916696
GOOGL,2023-07-10,-0.4273963554940367,4,-0.558595304708092,0.13119894921405534
GOOGL,2023-07-17,-0.37074274331538404,4,-0.5503969552078917,0.17965421189250763
GOOGL,2023-07-24,0.19703809045734652,4,-0.4541434456304656,0.6511815360878122
GOOGL,2023-07-31,-0.4662587266631725,4,-0.45287984950815363,-0.013378877155018842
GOOGL,2023-08-07,-0.5194312643963472,4,-0.4482533315213183,-0.07117793287502894
GOOGL,2023-08-14,-0.6626676760998377,4,-0.44738523144849107,-0.2152824446513466
GOOGL,2023-08-21,-0.6226297197751567,4,-0.44858545360954283,-0.17404426616561386
GOOGL,2023-08-28,-0.5752781271436564,4,-0.4309208153037806,-0.14435731183987582
GOOGL,2023-09-04,-0.7023367967003169,4,-0.4652883704545656,-0.2370484262457513
GOOGL,2023-09-11,-0.5378971475247717,4,-0.4861826709807391,-0.051714476544032606
GOOGL,2023-09-18,-0.5217194053779417,4,-0.57602735796015,0.05430795258220833
GOOGL,2023-09-25,-0.48168144905326077,4,-0.5779551982589112,0.0962737492056504
GOOGL,2023-10-02,-0.45124527001699377,4,-0.569431948961492,0.11818667894449819
GOOGL,2023-10-09,-0.5294018774089628,4,-0.5527737241251326,0.023371846716169764
GOOGL,2023-10-16,-0.4627085742347544,4,-0.5327835809325823,0.07007500669782785
GOOGL,2023-10-23,0.1380963372970993,4,-0.4436117728774878,0.5817081101745871
GOOGL,2023-10-30,-0.5090227376765898,4,-0.419447515499522,-0.08957522217706781
GOOGL,2023-11-06,-0.5051728275069101,4,-0.4153569754972892,-0.08981585200962083
GOOGL,2023-11-13,-0.4886262496358785,4,-0.41122033102953137,-0.0774059186063471
GOOGL,2023-11-20,-0.6087401186099214,4,-0.42710266472411396,-0.18163745388580743
GOOGL,2023-11-27,-0.5617573617026227,4,-0.44091667618481756,-0.12084068551780514
GOOGL,2023-12-04,-0.37545718124445326,4,-0.42167358916425385,0.046216407919800584
GOOGL,2023-12-11,-0.36851238066183556,4,-0.40989906496763895,0.04138668430580339
GOOGL,2023-12-18,-0.5660451855794442,4,-0.4979167553272069,-0.06812843025223725
GOOGL,2023-12-25,-0.8305710514125227,4,-0.5381102945441986,-0.2924607568683242
GOOGL,2024-01-01,-0.710019268731338,4,-0.563716099697252,-0.14630316903408602
GOOGL,2024-01-08,-0.4559019296180169,4,-0.5596255596950194,0.10372363007700247
GOOGL,2024-01-15,-0.43928627376404517,4,-0.5384438290892848,0.09915755532523962
GOOGL,2024-01-22,-0.18975651626880713,4,-0.4919437234100579,0.30218720714125075
GOOGL,2024-01-29,0.6094570275949388,4,-0.3688294473051339,0.9782864749000727
GOOGL,2024-02-05,-0.02421035992065672,4,-0.32579169471248653,0.3015813347918298
GOOGL,2024-02-12,-0.0499898793559006,4,-0.26128478143454353,0.21129490207864293
GOOGL,2024-02-19,-0.09697263626319927,4,-0.16958497954087812,0.07261234327767885
GOOGL,2024-02-26,0.04234478728767151,4,-0.07553947253850193,0.11788425982617345
GOOGL,2024-03-04,0.18019816759662946,4,0.003973039613328854,0.17622512798330062
GOOGL,2024-03-11,-0.14705028358343591,4,0.040502538385905014,-0.18755282196934092
GOOGL,2024-03-18,0.004981155977125098,4,0.06484474741664654,-0.05986359143952145
GOOGL,2024-03-25,-0.3384450373497703,4,-0.05364301070144209,-0.2848020266483282
GOOGL,2024-04-01,-0.17785529834390465,4,-0.07284862800434808,-0.10500667033955657
GOOGL,2024-04-08,-0.1717172471926304,4,-0.08806454898393931,-0.08365269820869109
GOOGL,2024-04-15,-0.09157225656032841,4,-0.08738950152108044,-0.004182755039247976
GOOGL,2024-04-22,0.8182111573170925,4,0.00959379473259718,0.8086173625844953
GOOGL,2024-04-29,0.07898809545815283,4,-0.003057464284712399,0.08204555974286523
GOOGL,2024-05-06,-0.0461399691862209,4,0.009556325014939478,-0.05569629420116038
GOOGL,2024-05-13,-0.03734494132915043,4,0.004265562851655036,-0.04161050418080547
GOOGL,2024-05-20,-0.12392774085398829,4,0.031080224913627788,-0.15500796576761608
GOOGL,2024-05-27,-0.3172417998777155,4,0.013656912221901435,-0.33089871209961697
GOOGL,2024-06-03,-0.1971279309036726,4,0.010480576758021158,-0.20760850766169375
GOOGL,2024-06-10,-0.13396743184954396,4,0.005181179846869215,-0.13914861169641318
GOOGL,2024-06-17,-0.35499161522080186,4,-0.14146916672036758,-0.21352244850043428
GOOGL,2024-06-24,-0.2583691247004083,4,-0.1836388192401877,-0.07473030546022058
GOOGL,2024-07-01,-0.48936392108428184,4,-0.23904181322744533,-0.2503221078568365
GOOGL,2024-07-08,-0.28873622575373525,4,-0.2704657237805184,-0.018270501973216835
GOOGL,2024-07-15,-0.18324962939333117,4,-0.27788095984793626,0.09463133045460509
GOOGL,2024-07-22,0.5386140565097891,4,-0.17089897779949823,0.7095130343092874
GOOGL,2024-07-29,-0.061522261556601385,4,-0.1539482691311143,0.09242600757451293
GOOGL,2024-08-05,0.004525893961645072,4,-0.13663660340471567,0.14116249736636075
GOOGL,2024-08-12,-0.25571214799461206,4,-0.12422667000144196,-0.13148547799317012
GOOGL,2024-08-19,-0.27491570257143993,4,-0.12629499223532092,-0.148620710336119
GOOGL,2024-08-26,-0.30720210888215976,4,-0.10352476571005564,-0.20367734317210412
GOOGL,2024-09-02,-0.2702590429704168,4,-0.10121511786214085,-0.16904392510827596
GOOGL,2024-09-09,-0.023086504439713343,4,-0.08119472724293861,0.058108222803225265
GOOGL,2024-09-16,-0.11010721767169297,4,-0.1622848865156239,0.05217766884393092
GOOGL,2024-09-23,-0.1905519660452566,4,-0.1784135995767058,-0.012138366468550793
GOOGL,2024-09-30,-0.2140433444989059,4,-0.20573475438427466,-0.008308590114631254
GOOGL,2024-10-07,-0.09120342083612672,4,-0.185171163489464,0.09396774265333728
GOOGL,2024-10-14,-0.13161021288500938,4,-0.16725797727866018,0.035647764393650805
GOOGL,2024-10-21,-0.0017564106566724247,4,-0.12907726500047426,0.12732085434380183
GOOGL,2024-10-28,0.9569230167319956,4,0.024320492462327287,0.9326025242696684
GOOGL,2024-11-04,0.046194697457351205,4,0.03298064269946036,0.013214054757890843
GOOGL,2024-11-11,0.029279283862117866,4,0.05040395539118672,-0.021124671529068856
GOOGL,2024-11-18,0.1902378585921852,4,0.09800268347086694,0.09223517512131826
GOOGL,2024-11-25,-0.26065726568200287,4,0.09217594332297982,-0.3528332090049827
GOOGL,2024-12-02,-0.053522683475980375,4,0.09688603549299811,-0.15040871896897848
GOOGL,2024-12-09,0.6028935241415434,4,0.18869900262131722,0.4141945215202262
GOOGL,2024-12-16,0.07848110376807103,4,0.19872869192441014,-0.12024758815633911
GOOGL,2024-12-23,-0.5056107412140518,4,0.015911972181154213,-0.5215227133952061
GOOGL,2024-12-30,-0.4559019296180169,4,-0.0468501062032668,-0.4090518234147501
GOOGL,2025-01-06,-0.18789498933946033,4,-0.07399689035346407,-0.11389809898599626
GOOGL,2025-01-13,-0.020729285475178744,4,-0.10036778336188457,0.07963849788670582
GOOGL,2025-01-20,0.05512788128030181,4,-0.060894639991596486,0.1160225212718983
GOOGL,2025-01-27,0.6827791870522915,4,0.031143093824437494,0.651636093227854
GOOGL,2025-02-03,1.200476324851341,4,0.1058409439131622,1.0946353809381788
GOOGL,2025-02-10,0.2533983576463138,4,0.12770560064794256,0.12569275699837124
GOOGL,2025-02-17,0.05011368560997094,4,0.1971711540009454,-0.14705746839097444
GOOGL,2025-02-24,0.15751353857432362,4,0.27384808752498796,-0.11633454895066433
GOOGL,2025-03-03,0.08542590435068875,4,0.3080131992362566,-0.22258729488556783
GOOGL,2025-03-10,0.11623091911115743,4,0.3251332248095486,-0.20890230569839116
GOOGL,2025-03-17,0.10626030609854183,4,0.3315247779118286,-0.2252644718132868
GOOGL,2025-03-24,-0.030400140746532717,4,0.2423773619369756,-0.2727775026835083
GOOGL,2025-03-31,0.35918471174797956,4,0.1372159102990554,0.22196880144892417
GOOGL,2025-04-07,0.4179883089423467,4,0.1577896542110595,0.26019865473128717
GOOGL,2025-04-14,0.06666026348100257,4,0.1598579764449385,-0.09319771296393592
GOOGL,2025-04-21,0.7762538957350187,4,0.23720052109002537,0.5390533746449933
GOOGL,2025-04-28,0.10328622334314563,4,0.23943306096408246,-0.13614683762093682
GOOGL,2025-05-05,0.39966058177980224,4,0.27486176879766305,0.12479881298213918
GOOGL,2025-05-12,0.2568103541088517,4,0.2936805247989518,-0.03687017069010007
GOOGL,2025-05-19,0.17939141816528603,4,0.3199044696629291,-0.1405130514976431
GOOGL,2025-05-26,-0.10006752667613726,4,0.26249793985991454,-0.3625654665360518
GOOGL,2025-06-02,-0.0011568951741491367,4,0.21010478934535257,-0.2112616845195017
GOOGL,2025-06-09,0.06354802475972629,4,0.209715759505193,-0.1461677347454667
GOOGL,2025-06-16,-0.08271419937376218,4,0.10234474761659541,-0.18505894699035758
GOOGL,2025-06-23,0.17641733540988985,4,0.11148613662493845,0.0649311987849514
GOOGL,2025-06-30,-0.10391743684581696,4,0.04853888429673605,-0.152456321142553
GOOGL,2025-07-07,-0.048070574098507755,4,0.010428768270816114,-0.05849934236932387
GOOGL,2025-07-14,0.39179915966506135,4,0.03697973595828803,0.35481942370677333
GOOGL,2025-07-21,1.6603785978347376,4,0.2570355015221474,1.4033430963125904
GOOGL,2025-07-28,1.2928279757051195,4,0.41878361038205597,0.8740443653230636
GOOGL,2025-08-04,3.0132308928898635,4,0.7874939688983231,2.2257369239915406
GOOGL,2025-08-11,4.512903335791167,4,1.3619461607939392,3.150957174997228
GOOGL,2025-08-18,3.6152234868841515,4,1.7917969297282221,1.8234265571559294
GOOGL,2025-08-25,3.187393127011365,4,2.2032107502103697,0.9841823768009954
GOOGL,2025-09-01,3.2073407657881723,4,2.610137167696205,0.5972035980919674
GOOGL,2025-09-08,2.876928346212229,4,2.9207783160146006,-0.04384996980237155
GOOGL,2025-09-15,2.4347126931390193,4,3.017570077927636,-0.5828573847886167
GOOGL,2025-09-22,2.638976651938849,4,3.185838662456852,-0.5468620105180029
GOOGL,2025-09-29,2.125930125087378,4,3.0749260664815417,-0.9489959413941635
GOOGL,2025-10-06,2.101586316181228,4,2.773511439030299,-0.6719251228490708
GOOGL,2025-10-13,2.3463434933212186,4,2.6149014398349326,-0.268557946513714
GOOGL,2025-10-20,3.162927348697546,4,2.611843217545705,0.5510841311518413
GOOGL,2025-10-27,4.652529808488354,4,2.7924918478832277,1.8600379606051263
GOOGL,2025-11-03,2.9206930815487944,4,2.7979624398002985,0.1227306417484959
GOOGL,2025-11-10,2.315388225287981,4,2.7830468813189184,-0.46765865603093726
GOOGL,2025-11-17,3.5242131122126223,4,2.8937014388531406,0.6305116733594818
GOOGL,2025-11-24,2.946538002661506,4,2.9962774235499063,-0.04973942088840033
GOOGL,2025-12-01,2.818435855261736,4,3.08588361593497,-0.26744776067323395
GOOGL,2025-12-08,0.7136816125085194,4,2.881800880833383,-2.1681192683248636
GOOGL,2025-12-15,0.3086049596409788,4,2.5250105822013116,-2.216405622560333
GOOGL,2025-12-22,-0.042572783699877687,4,1.9381227581777825,-1.9806955418776602
HD,2020-12-21,0.6000500839861452,4,,
HD,2020-12-28,0.6349176446563926,4,,
HD,2021-01-04,0.5797059380591126,4,,
HD,2021-01-11,0.5017910859281118,4,,
HD,2021-01-18,0.42784047242873924,4,,
HD,2021-01-25,0.6637398386058556,4,,
HD,2021-02-01,0.6878168044473398,4,,
HD,2021-02-08,0.39344880082270794,4,0.5611638336168006,-0.1677150327940926
HD,2021-02-15,0.4006971991991739,4,0.5362447230184292,-0.13554752381925528
HD,2021-02-22,0.9704040654300299,4,0.5781805256151338,0.3922235398148961
HD,2021-03-01,0.4673994143220805,4,0.5641422101480048,-0.09674279582592432
HD,2021-03-08,0.4489117609472374,4,0.5575322945253955,-0.10862053357815815
HD,2021-03-15,0.36116487529611563,4,0.5491978448838175,-0.18803296958770188
HD,2021-03-22,0.31530931315474053,4,0.5056440292024281,-0.1903347160476876
HD,2021-03-29,0.6218485150961088,4,0.49739799303352433,0.1244505220625845
HD,2021-04-05,0.6452521852310125,4,0.5288734160845624,0.11637876914645007
HD,2021-04-12,0.3457367461291435,4,0.5220033594508087,-0.17626661332166516
HD,2021-04-19,0.4884707028405786,4,0.4617616891271272,0.026709013713451413
HD,2021-04-26,0.25071484411127287,4,0.4346761178507762,-0.18396127373950333
HD,2021-05-03,0.46787530338629657,4,0.4370465606556586,0.03082874273063796
HD,2021-05-10,0.8553888816665367,4,0.49882456145196125,0.35656432021457546
HD,2021-05-17,0.8719934244989076,4,0.5684100753699821,0.3035833491289255
HD,2021-05-24,0.4395556164913325,4,0.5456234630443851,-0.10606784655305262
HD,2021-05-31,0.36349725691252105,4,0.5104040970045737,-0.14690684009205263
HD,2021-06-07,0.4484358718830213,4,0.5232414877238084,-0.0748056158407871
HD,2021-06-14,0.40702043743749067,4,0.5130602045484224,-0.10603976711093172
HD,2021-06-21,0.441887998107738,4,0.5369568487979806,-0.09506885069024257
HD,2021-06-28,0.40047256366220735,4,0.5285315063324694,-0.12805894267026202
HD,2021-07-05,0.15780068817284112,4,0.44133298214575745,-0.28353229397291635
HD,2021-07-12,0.25257133666346226,4,0.36390522116632673,-0.11133388450286447
HD,2021-07-19,0.43930436296408304,4,0.3638738144754206,0.07543054848866243
HD,2021-07-26,0.34031822231458403,4,0.36097643515067845,-0.020658212836094425
HD,2021-08-02,0.05881454752334215,4,0.31227376960571857,-0.2534592220823764
HD,2021-08-09,0.16504908654930703,4,0.2820273507446956,-0.11697826419538856
HD,2021-08-16,0.6620813636003497,4,0.30955152143127207,0.3525298421690777
HD,2021-08-23,0.25257133666346226,4,0.291063868056429,-0.03849253139296671
HD,2021-08-30,0.2247275388327143,4,0.2994297243889131,-0.07470218555619879
HD,2021-09-06,0.0794099469776242,4,0.27778455067818336,-0.19837460370055915
HD,2021-09-13,0.10233772804831173,4,0.2356637213137119,-0.13332599326540018
HD,2021-09-20,0.28696300826949356,4,0.22899431955807562,0.05796868871141794
HD,2021-09-27,0.035410877388438566,4,0.22606886079121266,-0.1906579834027741
HD,2021-10-04,-0.07503915379640418,4,0.19605783074799876,-0.27109698454440295
HD,2021-10-11,-0.04039622866312339,4,0.10824813171506463,-0.148644360378188
HD,2021-10-18,0.19969201168258785,4,0.10163821609245534,0.09805379559013251
HD,2021-10-25,0.25959509950296167,4,0.10599666117623625,0.15359843832672543
HD,2021-11-01,0.24110744612811852,4,0.12620884857004805,0.11489859755807047
HD,2021-11-08,0.19056050276364955,4,0.13723669540946526,0.053323807354184294
HD,2021-11-15,0.9443121809830572,4,0.21940534199866074,0.7249068389843965
HD,2021-11-22,0.20227564682624283,4,0.24026343817838627,-0.037987791352143446
HD,2021-11-29,0.33121333138592873,4,0.29104499882617785,0.040168332559750886
HD,2021-12-06,0.24135869965536805,4,0.3262643648659893,-0.08490566521062126
HD,2021-12-13,0.2872142617967431,4,0.3372046461302587,-0.0499903843335156
HD,2021-12-20,0.3929729117584919,4,0.3538768726622,0.03909603909629189
HD,2021-12-27,0.5223864853823939,4,0.3890367525689844,0.13334973281340945
HD,2022-01-03,0.5153627225428945,4,0.42963703004139,0.08572569250150452
HD,2022-01-10,0.27316673611774434,4,0.3457438494332259,-0.07257711331548156
HD,2022-01-17,0.1421213054786195,4,0.338224556764773,-0.19610325128615347
HD,2022-01-24,0.28066638802145977,4,0.33190618884421436,-0.05123980082275459
HD,2022-01-31,0.27808275287780476,4,0.33649669549701894,-0.058413942619214176
HD,2022-02-07,0.1846859246949469,4,0.32368065335929447,-0.13899472866434756
HD,2022-02-14,0.24248126643588178,4,0.30486919769396814,-0.062387931258086365
HD,2022-02-21,0.8109343687275269,4,0.3409376831121098,0.4699966856154171
HD,2022-02-28,0.12832503332687029,4,0.2925579719601068,-0.1642329386332365
HD,2022-03-07,0.0384704015963096,4,0.2632209301449274,-0.22475052854861782
HD,2022-03-14,0.02442287591731085,4,0.24850862644976388,-0.22408575053245303
HD,2022-03-21,0.19525188398674348,4,0.23783181344542434,-0.04257992945868086
HD,2022-03-28,0.21373953736158657,4,0.22978891150589703,-0.016049374144310458
HD,2022-04-04,0.015542620525622053,4,0.20864599848473145,-0.1931033779591094
HD,2022-04-11,0.23899970004867957,4,0.2082108026863312,0.030788897362348383
HD,2022-04-18,0.2829987696378652,4,0.14221885280012345,0.14077991683774174
HD,2022-04-25,0.2635525549543799,4,0.15912229300356218,0.10443026195081773
HD,2022-05-02,0.4405463752088302,4,0.20938178970512722,0.231164585503703
HD,2022-05-09,0.4124123432617671,4,0.25788047312318424,0.15453187013858288
HD,2022-05-16,0.9527097641303198,4,0.35256270814113133,0.6001470559891885
HD,2022-05-23,0.25304722572767835,4,0.35747616918689273,-0.10442894345921439
HD,2022-05-30,0.03588676645265462,4,0.36001918742777184,-0.3241324209751172
HD,2022-06-06,0.17418059546824533,4,0.3519167993552176,-0.17773620388697225
HD,2022-06-13,0.4098287081181122,4,0.3677705416652485,0.0420581664528637
HD,2022-06-20,0.291879025029554,4,0.3713113504246452,-0.07943232539509121
HD,2022-06-27,0.10725374480837217,4,0.329649771624588,-0.22239602681621579
HD,2022-07-04,0.09109847304993451,4,0.2894855378481089,-0.19838706479817436
HD,2022-07-11,0.1301815258790597,4,0.18666950806670135,-0.056487982187641644
HD,2022-07-18,0.21348828383433707,4,0.1817246403300337,0.031763643504303385
HD,2022-07-25,0.17440523100521188,4,0.19903944839910337,-0.02463421739389149
HD,2022-08-01,0.13509754263912013,4,0.1941540667954627,-0.05905652415634258
HD,2022-08-08,0.2712836255752719,4,0.17683593147760768,0.09444769409766424
HD,2022-08-15,0.9187135167133368,4,0.2551902429380805,0.6635232737752563
HD,2022-08-22,-0.010220049215969945,4,0.24050601868503776,-0.2507260679010077
HD,2022-08-29,-0.02215982881552976,4,0.22634873095185473,-0.2485085597673845
HD,2022-09-05,-0.2159166179556499,4,0.18308646297251602,-0.39900308092816594
HD,2022-09-12,-0.16489378552696488,4,0.1357887043023533,-0.30068248982931817
HD,2022-09-19,-0.09352680717124731,4,0.10229719953029587,-0.19582400670154318
HD,2022-09-26,-0.1557622766080266,4,0.06593972212440254,-0.22170199873242913
HD,2022-10-03,-0.11645458824193484,4,0.017472445397251686,-0.13392703363918654
HD,2022-10-10,-0.24820054348224224,4,-0.1283918121271957,-0.11980873135504655
HD,2022-10-17,-0.13494224161677798,4,-0.1439820861772967,0.009039844560518706
HD,2022-10-24,0.12807377979962076,4,-0.1252028851004029,0.25327666490002365
HD,2022-10-31,-0.29172372400721186,4,-0.13467877335684814,-0.15704495065036372
HD,2022-11-07,-0.13002622485671755,4,-0.13032032827306722,0.00029410341634966697
HD,2022-11-14,0.14796248237682907,4,-0.10013416707955766,0.24809664945638674
HD,2022-11-21,-0.2687959429365243,4,-0.1142633753706199,-0.15453256756590442
HD,2022-11-28,-0.26177218009702496,4,-0.13242807435250614,-0.12934410574451882
HD,2022-12-05,-0.21380887187621095,4,-0.12812911540175223,-0.08567975647445872
HD,2022-12-12,-0.16045365783112048,4,-0.13131804242854506,-0.02913561540257542
HD,2022-12-19,-0.18385732796602405,4,-0.17030943089925066,-0.013547897066773396
HD,2022-12-26,-0.015611955040246428,4,-0.13579545977837998,0.12018350473813355
HD,2023-01-02,-0.21380887187621095,4,-0.14626829065581665,-0.0675405812203943
HD,2023-01-09,-0.19976134619721223,4,-0.18973376922757182,-0.010027576969640406
HD,2023-01-16,-0.31723514022155436,4,-0.19578866888820057,-0.12144647133335379
HD,2023-01-23,-0.12347835108143422,4,-0.1785019402612517,0.05502358917981749
HD,2023-01-30,-0.028707702590813074,4,-0.15536429410057698,0.1266565915097639
HD,2023-02-06,-0.3286990307568981,4,-0.1763949657162992,-0.1523040650405989
HD,2023-02-13,-0.3492944302111802,4,-0.19707460349694372,-0.15221982671423645
HD,2023-02-20,0.23829300317160582,4,-0.16533648372046217,0.403629486892068
HD,2023-02-27,-0.3607583207465239,4,-0.18370516482925128,-0.17705315591727264
HD,2023-03-06,-0.3286990307568981,4,-0.19982237539921205,-0.12887665535768605
HD,2023-03-13,-0.31956752183795983,4,-0.2001139231012627,-0.11945359873669714
HD,2023-03-20,-0.28259221508827354,4,-0.22000315610211763,-0.06258905898615591
HD,2023-03-27,-0.45996909693298943,4,-0.27391083039488967,-0.18605826653809976
HD,2023-04-03,-0.41644591640801987,4,-0.2848791911012799,-0.13156672530673996
HD,2023-04-10,-0.3310314123733036,4,-0.2825963138715453,-0.048435098501758256
HD,2023-04-17,-0.3630907023629294,4,-0.3577692770633622,-0.005321425299567195
HD,2023-04-24,-0.24539227280162074,4,-0.3433485210702493,0.09795624826862859
HD,2023-05-01,-0.31231912346149393,4,-0.3413010326583238,0.028981909196829858
HD,2023-05-08,-0.39070986465671087,4,-0.3501938255106677,-0.04051603914604318
HD,2023-05-15,0.5052664800394229,4,-0.25171148861970566,0.7569779686591285
HD,2023-05-22,-0.22690461942677762,4,-0.22257842893142915,-0.004326190495348464
HD,2023-05-29,-0.358650574667085,4,-0.2153540112138123,-0.14329656345327269
HD,2023-06-05,-0.35162681182758565,4,-0.21792843614559756,-0.13369837568198809
HD,2023-06-12,-0.3031876145425556,4,-0.21044055016805083,-0.09274706437450478
HD,2023-06-19,-0.3521027008918017,4,-0.22377935367932345,-0.12832334721247823
HD,2023-06-26,-0.26177218009702496,4,-0.21746098575876482,-0.04431119433826014
HD,2023-07-03,-0.37269810034608375,4,-0.21520951521993642,-0.15748858512614733
HD,2023-07-10,-0.22035674565149427,4,-0.30591241843130107,0.0855556727798068
HD,2023-07-17,-0.43001755302280253,4,-0.33130153513080424,-0.0987160178919983
HD,2023-07-24,-0.358650574667085,4,-0.33130153513080424,-0.02734903953628076
HD,2023-07-31,-0.40708977195211504,4,-0.3382344051463704,-0.06885536680574467
HD,2023-08-07,-0.40708977195211504,4,-0.3512221748225653,-0.05586759712954975
HD,2023-08-14,-0.09190112243191562,4,-0.3186969775150795,0.2267958550831639
HD,2023-08-21,-0.40475739033570957,4,-0.3365701287949151,-0.06818726154079446
HD,2023-08-28,-0.43260118816645754,4,-0.34405801477246184,-0.0885431733939957
HD,2023-09-04,-0.5479672361113608,4,-0.3850093260799452,-0.16295791003141558
HD,2023-09-11,-0.6563095212167647,4,-0.41329582210419047,-0.2430136991125742
HD,2023-09-18,-0.5942986873169518,4,-0.44275183618542374,-0.15154685113152805
HD,2023-09-25,-0.5479672361113608,4,-0.46036151920532953,-0.08760571690603125
HD,2023-10-02,-0.7555202974032301,4,-0.5039153348867189,-0.2516049625165112
HD,2023-10-09,-0.5964064333963908,4,-0.5669784987572782,-0.02942793463911253
HD,2023-10-16,-0.7946033502323553,4,-0.615709243744359,-0.1788941064879963
HD,2023-10-23,-0.6563095212167647,4,-0.6436727853756473,-0.012636735841117352
HD,2023-10-30,-0.5109919293616745,4,-0.6390508720319366,0.12805894267026208
HD,2023-11-06,-0.4211372976311138,4,-0.6096543440837302,0.1885170464526164
HD,2023-11-13,-0.16396862538881576,4,-0.5558630863427133,0.39189446095389757
HD,2023-11-20,-0.5224558198970182,4,-0.5526741593159205,0.030218339418902285
HD,2023-11-27,-0.4440650787018013,4,-0.5137422569782418,0.06967717827644054
HD,2023-12-04,-0.56176350826311,4,-0.5094118913365817,-0.05235161692652823
HD,2023-12-11,-0.5013845313785201,4,-0.47275953897985223,-0.028624992398667892
HD,2023-12-18,-0.41644591640801987,4,-0.4427765883787592,0.02633067197073935
HD,2023-12-25,-0.3776141171061442,4,-0.42610436184681794,0.04849024474067376
HD,2024-01-01,-0.5203480738175793,4,-0.4385057088701261,-0.08184236494745323
HD,2024-01-08,-0.5638712543425489,4,-0.4884935374893427,-0.07537771685320621
HD,2024-01-15,-0.5203480738175793,4,-0.48823006922941287,-0.03211800458816644
HD,2024-01-22,-0.40264964425627064,4,-0.48305313992372156,0.08040349566745092
HD,2024-01-29,-0.40264964425627064,4,-0.46316390692286663,0.060514262666595986
HD,2024-02-05,-0.43260118816645754,4,-0.4545659890213588,0.021964800854901267
HD,2024-02-12,-0.4716842409955827,4,-0.46147077959480415,-0.010213461400778556
HD,2024-02-19,-0.14410715170620936,4,-0.4322824089198123,0.28817525721360293
HD,2024-02-26,-0.47612436869142716,4,-0.4267544457790433,-0.049369922912383846
HD,2024-03-04,-0.4440650787018013,4,-0.41177867382394984,-0.03228640487785145
HD,2024-03-11,-0.660749648912609,4,-0.42932887071082854,-0.23142077820178047
HD,2024-03-18,-0.5917150521732969,4,-0.4529620467004568,-0.13875300547284009
HD,2024-03-25,-0.4578613508535505,4,-0.45986351002511683,0.00200215917156632
HD,2024-04-01,-0.5683113820383934,4,-0.4768272842591088,-0.09148409777928457
HD,2024-04-08,-0.43704131586230194,4,-0.4724969186174487,0.03545560275514675
HD,2024-04-15,-0.5154320570575188,4,-0.5189125317863623,0.0034804747288434967
HD,2024-04-22,-0.506075912601614,4,-0.5226564747751358,0.016580562173521773
HD,2024-04-29,-0.4276851714063971,4,-0.5206089863632102,0.09292381495681307
HD,2024-05-06,-0.4810403854514876,4,-0.49814532843057,0.017104942979082438
HD,2024-05-13,-0.18667177092253676,4,-0.447514918274225,0.26084314735168823
HD,2024-05-20,-0.5725268741972711,4,-0.46184810869219006,-0.11067876550508104
HD,2024-05-27,-0.4695764949161438,4,-0.4495062478019089,-0.020070247114234885
HD,2024-06-03,-0.4740166226119882,4,-0.45412816114561966,-0.019888461466368523
HD,2024-06-10,-0.4440650787018013,4,-0.44520728885115496,0.001142210149353673
HD,2024-06-17,-0.4141135347916144,4,-0.43371199162490504,0.019598456833290645
HD,2024-06-24,-0.5203480738175793,4,-0.4452948544263028,-0.07505321939127652
HD,2024-07-01,-0.4396249510059569,4,-0.4401179251206115,0.0004929741146545985
HD,2024-07-08,-0.46699285977248883,4,-0.47515806122685544,0.00816520145436661
HD,2024-07-15,-0.37713822804192815,4,-0.45073448045743764,0.07359625241550949
HD,2024-07-22,-0.5823589077173921,4,-0.46483228205759364,-0.11752662565979843
HD,2024-07-29,-0.3911857537209269,4,-0.454478423446211,0.06329266972528408
HD,2024-08-05,-0.3722222112818677,4,-0.4454980650187193,0.07327585373685158
HD,2024-08-12,0.21897859655113658,4,-0.3663615486008754,0.5853401451520119
HD,2024-08-19,-0.33993828575527535,4,-0.3438103250930874,0.00387203933781205
HD,2024-08-26,-0.4740166226119882,4,-0.34810928404384134,-0.12590733856814684
HD,2024-09-02,-0.584942542861047,4,-0.3628529944299111,-0.22208954843113587
HD,2024-09-09,-0.4510888415413007,4,-0.37209682111733267,-0.07899202042396802
HD,2024-09-16,-0.4948366576032368,4,-0.36115653985306323,-0.13368011775017358
HD,2024-09-23,-0.48337276706789306,4,-0.372679916521434,-0.11069285054645905
HD,2024-09-30,-0.5362520920487674,4,-0.3931836516172965,-0.14306844043147093
HD,2024-10-07,-0.21662392573704256,4,-0.4476339669033189,0.23101004116627635
HD,2024-10-14,-0.4185536624874588,4,-0.45746088899484183,0.03890722650738304
HD,2024-10-21,-0.4555289692371451,4,-0.4551499323229864,-0.00037903691415869245
HD,2024-10-28,-0.4347089342458965,4,-0.43637073124609266,0.0016617970001961413
HD,2024-11-04,-0.24070089157852684,4,-0.4100722375007459,0.16937134592221906
HD,2024-11-11,0.14706951964753545,4,-0.32983396534439935,0.4769034849919348
HD,2024-11-18,-0.3722222112818677,4,-0.3159401458711462,-0.056282065410721505
HD,2024-11-25,-0.34718668413174125,4,-0.29230696988151794,-0.05487971425022331
HD,2024-12-02,-0.38649437249783297,4,-0.31354077572661676,-0.07295359677121621
HD,2024-12-09,-0.5547397454236106,4,-0.3305640360936357,-0.22417570932997488
HD,2024-12-16,-0.434933569782863,4,-0.32798961116185044,-0.10694395862101258
HD,2024-12-23,-0.3247347921252698,4,-0.3142428433967721,-0.01049194872849768
HD,2024-12-30,-0.3820542448019886,4,-0.3319120125497048,-0.05014223225228376
HD,2025-01-06,-0.43704131586230194,4,-0.40492586698843447,-0.03211544887386747
HD,2025-01-13,-0.31254375899846043,4,-0.3974660604530086,0.08492230145454815
HD,2025-01-20,-0.5247882015134238,4,-0.4196662501257189,-0.10512195138770486
HD,2025-01-27,-0.3052953606219945,4,-0.40951637364123905,0.10422101301924452
HD,2025-02-03,-0.455053080172929,4,-0.3970555404849039,-0.057997539688025124
HD,2025-02-10,-0.5453836009677058,4,-0.4108617943830092,-0.1345218065846966
HD,2025-02-17,-0.49905214976211465,4,-0.43265146408761485,-0.0664006856744998
HD,2025-02-24,-0.057258197298634815,4,-0.3920519581496956,0.33479376085106083
HD,2025-03-03,-0.7225092292851721,4,-0.4277354473275544,-0.2947737819576177
HD,2025-03-10,-0.5795240190464875,4,-0.4611079798335578,-0.11841603921292976
HD,2025-03-17,-0.6211907070192677,4,-0.4731582930217883,-0.1480324139974794
HD,2025-03-24,-0.7159613555098889,4,-0.5244915423827751,-0.19146981312711386
HD,2025-03-31,-0.17352278739140414,4,-0.48930025578508446,0.3157774683936803
HD,2025-04-07,-0.24932989344296613,4,-0.45229354234449204,0.2029636489015259
HD,2025-04-14,-0.5542638563593946,4,-0.45919500566915195,-0.09506885069024262
HD,2025-04-21,-0.42041015503964824,4,-0.5045890003867787,0.08417884534713044
HD,2025-04-28,-0.5683113820383934,4,-0.48531426948093137,-0.082997112557462
HD,2025-05-05,-0.5982629259485802,4,-0.4876566328436929,-0.11060629310488729
HD,2025-05-12,-0.31522700479627597,4,-0.44941117006581893,0.13418416526954297
HD,2025-05-19,-0.21078274883883302,4,-0.38626384423193694,0.17548109539310391
HD,2025-05-26,-0.7896873334722949,4,-0.4632844124920483,-0.3264029209802466
HD,2025-06-02,-0.637570614314672,4,-0.5118145026010115,-0.12575611171366052
HD,2025-06-09,-0.6651897766084534,4,-0.5256802426321439,-0.1395095339763095
HD,2025-06-16,-0.6167505793234234,4,-0.5502227956676158,-0.06652778365580758
HD,2025-06-23,-0.5128484219138639,4,-0.5432899256520496,0.03044150373818566
HD,2025-06-30,-0.5219799308328021,4,-0.5337545512625773,0.011774620429775173
HD,2025-07-07,-0.5498237286635501,4,-0.5630791417459866,0.013255413082436496
HD,2025-07-14,-0.48500462408311595,4,-0.597356876151522,0.11235225206840604
HD,2025-07-21,-0.2611712661500029,4,-0.5312923677362354,0.27012110158623254
HD,2025-07-28,0.23924974981429153,4,-0.42168982222011503,0.6609395720344066
HD,2025-08-04,1.7755982107341786,4,-0.11659132380228604,1.8921895345364645
HD,2025-08-11,3.6813049651131404,4,0.4206656192522844,3.260639345860856
HD,2025-08-18,6.467381692204892,4,1.293194383517129,5.174187308687763
HD,2025-08-25,1.6646722904851199,4,1.5665259111818692,0.09814637930325065
HD,2025-09-01,1.1409738330303654,4,1.7778756063936085,-0.6369017733632432
HD,2025-09-08,0.8785333113323432,4,1.948317848320541,-1.0697845369881978
HD,2025-09-15,0.7252011979202561,4,2.0716144063293234,-1.3464132084090674
HD,2025-09-22,0.64071124311937,4,2.121797092992458,-1.4810858498730881
HD,2025-09-29,0.45219471693043733,4,1.9563716562669906,-1.5041769393365532
HD,2025-10-06,0.5850898569415415,4,1.5693447677455408,-0.9842549108039993
HD,2025-10-13,0.5133398169955584,4,0.825089533344374,-0.31174971634881554
HD,2025-10-20,1.085767705851658,4,0.7527264602651913,0.33304124558646664
HD,2025-10-27,1.028421635184656,4,0.7386574355344776,0.2897641996501784
HD,2025-11-03,1.1397306170239805,4,0.7713070987459323,0.3684235182780482
HD,2025-11-10,1.5777577374981968,4,0.8778766661931748,0.699881071305022
HD,2025-11-17,2.881367188911637,4,1.1579586594172082,1.7234085294944288
HD,2025-11-24,0.8430852824294657,4,1.2068199801045867,-0.363734697675121
HD,2025-12-01,0.8685966986438083,4,1.2422583353173702,-0.3736616366735619
HD,2025-12-08,-0.37088737156317003,4,1.1317299367475289,-1.5026173083106988
HD,2025-12-15,-0.48892988212567867,4,0.934892738250362,-1.4238226203760407
HD,2025-12-22,-0.42940985589557046,4,0.7526638018653335,-1.182073657760904
JPM,2020-12-21,-0.09712205292529263,4,,
JPM,2020-12-28,-0.4322432535284404,4,,
JPM,2021-01-04,0.11541454464620315,4,,
JPM,2021-01-11,0.7147010589474709,4,,
JPM,2021-01-18,0.07265612032851534,4,,
JPM,2021-01-25,-0.08082596974485248,4,,
JPM,2021-02-01,-0.015398984237524648,4,,
JPM,2021-02-08,-0.2033701306455766,4,0.009226416605062834,-0.21259654725063942
JPM,2021-02-15,-0.09712205292529263,4,0.009226416605062834,-0.10634846953035547
JPM,2021-02-22,0.07451256817139128,4,0.0725708943175418,0.001941673853849482
JPM,2021-03-01,-0.08897401133507256,4,0.04702232481988233,-0.13599633615495488
JPM,2021-03-08,-0.0235874679586726,4,-0.04526374104338561,0.02167627308471301
JPM,2021-03-15,-0.08078552761392462,4,-0.06444394703619061,-0.016341580577734008
JPM,2021-03-22,0.09907801933483514,4,-0.041955948401229654,0.1410339677360648
JPM,2021-03-29,-0.12983554567895655,4,-0.05626051858140864,-0.07357502709754792
JPM,2021-04-05,-0.17884512161306063,4,-0.05319489245234414,-0.1256502291607165
JPM,2021-04-12,0.29152475377828313,4,-0.004614041614397171,0.2961387953926803
JPM,2021-04-19,-0.0989785007681686,4,-0.026300425231842155,-0.07267807553632644
JPM,2021-04-26,-0.2197470980878725,4,-0.04264706107594215,-0.17710003701193033
JPM,2021-05-03,-0.2360836233992405,4,-0.06920908050601313,-0.16687454289322737
JPM,2021-05-10,-0.048072034860260696,4,-0.06511989391180514,0.017047859051544448
JPM,2021-05-17,-0.26060863243175647,4,-0.1100807253826291,-0.15052790704912739
JPM,2021-05-24,-0.33414321739837655,4,-0.1356191843475566,-0.19852403305081995
JPM,2021-05-31,-0.4403912951186605,4,-0.16831245603575656,-0.2720788390829039
JPM,2021-06-07,-0.38319323546340844,4,-0.25265220469096805,-0.1305410307724404
JPM,2021-06-14,-0.13798358726917664,4,-0.257527840503594,0.11954425323441736
JPM,2021-06-21,-0.11349902036758852,4,-0.24424683078855852,0.13074781042097
JPM,2021-06-28,-0.1297951035480287,4,-0.23096076580715708,0.10116566225912837
JPM,2021-07-05,-0.29324124092356463,4,-0.26160691656507007,-0.03163432435849456
JPM,2021-07-12,0.2406587300013031,4,-0.19894849626093758,0.4396072262622407
JPM,2021-07-19,-0.1625085963016926,4,-0.17749416862385212,0.014985572322159524
JPM,2021-07-26,-0.3423317011195245,4,-0.16523671937396012,-0.17709498174556437
JPM,2021-08-02,-0.3831527933324806,4,-0.16523166410759413,-0.21792112922488646
JPM,2021-08-09,-0.17069708002284056,4,-0.1693208507018021,-0.0013762293210384524
JPM,2021-08-16,-0.3096586504967884,4,-0.1938408044679521,-0.11581784602883632
JPM,2021-08-23,-0.32599517580815646,4,-0.21836581350046808,-0.10762936230768838
JPM,2021-08-30,-0.4158662860861445,4,-0.23369394414579053,-0.18217234194035398
JPM,2021-09-06,-0.5057778384950604,4,-0.326998515207836,-0.1787793232872244
JPM,2021-09-13,-0.39134127705362853,4,-0.355602600301828,-0.035738676751800535
JPM,2021-09-20,-0.33414321739837655,4,-0.3545790398366845,0.020435822438307938
JPM,2021-09-27,-0.26875667402197656,4,-0.3402795249228715,0.07152285090089494
JPM,2021-10-04,-0.21155861436672455,4,-0.345387216715857,0.13382860234913244
JPM,2021-10-11,0.07902859833771521,4,-0.296801310611544,0.3758299089492592
JPM,2021-10-18,-0.21155861436672455,4,-0.2824967404313651,0.07093812606464053
JPM,2021-10-25,-0.26875667402197656,4,-0.26410803892334406,-0.004648635098632503
JPM,2021-11-01,-0.29328168305449254,4,-0.23754601949327306,-0.05573566356121948
JPM,2021-11-08,-0.3423317011195245,4,-0.23141982250151008,-0.11091187861801441
JPM,2021-11-15,-0.30961820836586057,4,-0.22835419637244556,-0.08126401199341501
JPM,2021-11-22,-0.4077182444959244,4,-0.24572439268168905,-0.16199385181423537
JPM,2021-11-29,-0.26060863243175647,4,-0.25185564493981805,-0.008752987491938424
JPM,2021-12-06,-0.39134127705362853,4,-0.310651879363736,-0.08068939768989253
JPM,2021-12-13,-0.22789513967809258,4,-0.312693945027657,0.08479880534956444
JPM,2021-12-20,-0.48125282946254444,4,-0.339255964457728,-0.14199686500481645
JPM,2021-12-27,-0.48129327159347235,4,-0.3627574130251005,-0.11853585856837184
JPM,2022-01-03,-0.22789513967809258,4,-0.34845284284492145,0.12055770316682887
JPM,2022-01-10,0.29967279536850316,4,-0.272291467378126,0.5719642627466291
JPM,2022-01-17,0.038167063993831206,4,-0.21655580381690653,0.2547228678107377
JPM,2022-01-24,-0.11349902036758852,4,-0.19816710230888557,0.08466808194129705
JPM,2022-01-31,-0.2033701306455766,4,-0.17467070900787907,-0.028699421637697536
JPM,2022-02-07,-0.26879711615290447,4,-0.17978345606723056,-0.0890136600856739
JPM,2022-02-14,-0.2933221251854204,4,-0.15629211803259005,-0.13703000715283034
JPM,2022-02-21,-0.3587086685618204,4,-0.14096904265363355,-0.21773962590818682
JPM,2022-02-28,-0.04811247699118857,4,-0.11849620981777055,0.07038373282658197
JPM,2022-03-07,-0.12983554567895655,4,-0.17218475244870302,0.04234920676974646
JPM,2022-03-14,-0.14621251312125244,4,-0.1952321995880885,0.04901968646683605
JPM,2022-03-21,-0.3014701667756405,4,-0.21872859288909496,-0.08274157388654552
JPM,2022-03-28,-0.3096586504967884,4,-0.23201465787049647,-0.07764399262629196
JPM,2022-04-04,-0.2197470980878725,4,-0.22588340561236744,0.006136307524494955
JPM,2022-04-11,0.11170164896045126,4,-0.1752554338441335,0.28695708280458476
JPM,2022-04-18,-0.2788016055860005,4,-0.165267050972156,-0.11353455461384448
JPM,2022-04-25,-0.33599966524125247,4,-0.201252949503414,-0.13474671573783847
JPM,2022-05-02,-0.26879711615290447,4,-0.2186231458126575,-0.05017397034024698
JPM,2022-05-09,-0.21155861436672455,4,-0.2267914084683415,0.015232794101616959
JPM,2022-05-16,-0.35866822643089247,4,-0.233941165925248,-0.12472706050564447
JPM,2022-05-23,-0.1461720709903246,4,-0.21350534348694,0.06733327249661542
JPM,2022-05-30,-0.44043173724958834,4,-0.24109092338215452,-0.19934081386743382
JPM,2022-06-06,-0.46491630415117646,4,-0.31316816752110793,-0.15174813663006853
JPM,2022-06-13,-0.2951381308973685,4,-0.315210233185029,0.020072102287660487
JPM,2022-06-20,-0.35052018484067243,4,-0.31702529813495645,-0.03349488670571599
JPM,2022-06-27,-0.4322432535284404,4,-0.3374560653068984,-0.09478718822154197
JPM,2022-07-04,-0.46491630415117646,4,-0.36912577652995493,-0.09579052762122153
JPM,2022-07-11,0.36957536891122705,4,-0.27809532711219004,0.6476706960234171
JPM,2022-07-18,-0.3931977248965045,4,-0.3089735338504625,-0.08422419104604201
JPM,2022-07-25,-0.4177227339290205,4,-0.30613490843539154,-0.11158782549362894
JPM,2022-08-01,-0.38319323546340844,4,-0.2959195248494205,-0.08727371061398792
JPM,2022-08-08,-0.41590672821707236,4,-0.31101559951438346,-0.10489112870268891
JPM,2022-08-15,-0.36685671015204047,4,-0.31305766517830447,-0.053799044973736
JPM,2022-08-22,-0.4731047878723244,4,-0.31816535697129,-0.1549394309010344
JPM,2022-08-29,-0.5548278565600924,4,-0.3294043010224045,-0.2254235555376879
JPM,2022-09-05,-0.5321592953704524,4,-0.44212113405761444,-0.09003816131283793
JPM,2022-09-12,-0.48944131318369244,4,-0.4541515825935129,-0.035289730590179536
JPM,2022-09-19,-0.4976297969048404,4,-0.4641399654654904,-0.03348983143934997
JPM,2022-09-26,-0.46491630415117646,4,-0.4743553490514614,0.00943904490028491
JPM,2022-10-03,-0.4077182444959244,4,-0.4733317885863179,0.0656135440903935
JPM,2022-10-10,-0.11083943804414058,4,-0.44132962957283045,0.33049019152868986
JPM,2022-10-17,-0.3114746562087365,4,-0.4211258631148819,0.10965120690614544
JPM,2022-10-24,-0.3668971522829683,4,-0.39763452508024144,0.03073737279727312
JPM,2022-10-31,-0.4077182444959244,4,-0.3820793937209254,-0.025638850774999
JPM,2022-11-07,-0.4322432535284404,4,-0.37492963626401893,-0.05731361726442147
JPM,2022-11-14,-0.48944131318369244,4,-0.37390607579887547,-0.11553523738481697
JPM,2022-11-21,-0.6692644180015244,4,-0.39944959003016894,-0.2698148279713554
JPM,2022-11-28,-0.46491630415117646,4,-0.40659934748707544,-0.05831695666410103
JPM,2022-12-05,-0.4403912951186605,4,-0.4477933296213904,0.007402034502729915
JPM,2022-12-12,-0.5139663222162084,4,-0.4731047878723244,-0.04086153434388401
JPM,2022-12-19,-0.6365509252478604,4,-0.506811509492936,-0.12973941575492443
JPM,2022-12-26,-0.6365913673787882,4,-0.5354206498532939,-0.10117071752549434
JPM,2023-01-02,-0.3850092411753565,4,-0.5295163983091584,0.1445071571338019
JPM,2023-01-09,0.2488876558533789,4,-0.4372252771795245,0.6861129330329034
JPM,2023-01-16,-0.34414770683147256,4,-0.396585688283268,0.05243798145179546
JPM,2023-01-23,-0.40767780236499657,4,-0.38943087555999556,-0.018246926805001007
JPM,2023-01-30,-0.3504797427097446,4,-0.37819193150888103,0.02771218879913645
JPM,2023-02-06,-0.3831527933324806,4,-0.36184024039841506,-0.021312552934065532
JPM,2023-02-13,-0.5548278565600924,4,-0.35162485681244404,-0.20320299974764833
JPM,2023-02-20,-0.5793528655926083,4,-0.3444700440891716,-0.23488282150343676
JPM,2023-02-27,-0.5403073369606725,4,-0.36388230606233607,-0.1764250308983364
JPM,2023-03-06,0.06628364231931547,4,-0.38670780775409397,0.45299145007340946
JPM,2023-03-13,1.5047067123382591,4,-0.15560100535787755,1.6603077176961367
JPM,2023-03-20,0.19709717120304326,4,-0.08000413366187258,0.27710130486491585
JPM,2023-03-27,-0.2033701306455766,4,-0.06161543215385157,-0.14175469849172503
JPM,2023-04-03,-0.3423317011195245,4,-0.056512795627232056,-0.28581890549229244
JPM,2023-04-10,0.402288861664891,4,0.06312679415089087,0.33916206751400013
JPM,2023-04-17,-0.1579925661353687,4,0.11579683158304582,-0.2737893977184145
JPM,2023-04-24,-0.36052467427376844,4,0.13826966441890884,-0.4987943386926773
JPM,2023-05-01,0.7527816845751233,4,0.2240819197008848,0.5286997648742384
JPM,2023-05-08,-0.38323367759433635,4,-0.011910629040689638,-0.37132304855364673
JPM,2023-05-15,-0.5057778384950604,4,-0.0997700052529526,-0.4060078332421078
JPM,2023-05-22,-0.3995297607747765,4,-0.12428995901910259,-0.27523980175567386
JPM,2023-05-29,-0.33410277526744864,4,-0.1232613432875931,-0.21084143197985555
JPM,2023-06-05,-0.4158662860861445,4,-0.2255307367564725,-0.190335549329672
JPM,2023-06-12,-0.33414321739837655,4,-0.24754956816434853,-0.08659364923402801
JPM,2023-06-19,-0.5221143638064285,4,-0.26774827935593104,-0.25436608445049746
JPM,2023-06-26,-0.39134127705362853,4,-0.410763649559525,0.019422372505896457
JPM,2023-07-03,-0.49758935477391253,4,-0.425058109206972,-0.07253124556694052
JPM,2023-07-10,0.14259913600216706,4,-0.34401098739481856,0.4866101233969856
JPM,2023-07-17,-0.17432909144673672,4,-0.3158609037288136,0.14153181228207687
JPM,2023-07-24,-0.33410277526744864,4,-0.3158609037288136,-0.018241871538635046
JPM,2023-07-31,-0.3995297607747765,4,-0.31381883806489264,-0.08571092270988384
JPM,2023-08-07,-0.4240143276763646,4,-0.3250527268496411,-0.0989616008267235
JPM,2023-08-14,-0.4567278204300285,4,-0.31687940892759114,-0.13984841150243738
JPM,2023-08-21,-0.49758935477391253,4,-0.33016041864262663,-0.1674289361312859
JPM,2023-08-28,-0.5057778384950604,4,-0.3311839791077701,-0.17459385938729033
JPM,2023-09-04,-0.6446989668380805,4,-0.42959624196280105,-0.21510272487527943
JPM,2023-09-11,-0.5629758981503125,4,-0.47817709280074805,-0.08479880534956441
JPM,2023-09-18,-0.5221143638064285,4,-0.5016785413681205,-0.020435822438307993
JPM,2023-09-25,-0.5139258800852805,4,-0.5159780562819335,0.0020521761966529883
JPM,2023-10-02,-0.49758935477391253,4,-0.525174934669127,0.027585579895214485
JPM,2023-10-09,-0.22337910951176865,4,-0.4960063458043445,0.27262723629257585
JPM,2023-10-16,-0.2787207213241447,4,-0.4686477666231235,0.1899270452989788
JPM,2023-10-23,-0.19518164692442863,4,-0.4298232426767945,0.23464159575236587
JPM,2023-10-30,-0.43405925924038846,4,-0.40349327922708306,-0.030565980013305405
JPM,2023-11-06,-0.5303028475275764,4,-0.39940914789924103,-0.13089369962833536
JPM,2023-11-13,-0.3831527933324806,4,-0.38203895158999757,-0.0011138417424830238
JPM,2023-11-20,-0.6120259162153444,4,-0.39430145610625555,-0.21772446010908886
JPM,2023-11-27,-0.44857977883980843,4,-0.3881752591144925,-0.06040451972531591
JPM,2023-12-04,-0.40767780236499657,4,-0.41121259572114605,0.0035347933561494793
JPM,2023-12-11,-0.30961820836586057,4,-0.4150747816013605,0.10545657323549995
JPM,2023-12-18,-0.2850931993333446,4,-0.426313725652475,0.1412205263191304
JPM,2023-12-25,-0.5956893909039764,4,-0.4465174921104235,-0.14917189879355292
JPM,2024-01-01,-0.27690471561219665,4,-0.41484272562100105,0.1379380100088044
JPM,2024-01-08,0.32250312508185475,4,-0.3266357358192091,0.6491388609010639
JPM,2024-01-15,-0.20518613635752467,4,-0.27578076333698165,0.07059462697945698
JPM,2024-01-22,-0.1970380947673046,4,-0.24433805282791865,0.047299958060614045
JPM,2024-01-29,-0.3259547336772286,4,-0.2341226692419477,-0.09183206443528091
JPM,2024-02-05,-0.22789513967809258,4,-0.22390728565597667,-0.003987854022115905
JPM,2024-02-12,-0.40767780236499657,4,-0.23923036103493317,-0.1684474413300634
JPM,2024-02-19,-0.29328168305449254,4,-0.20142939755374767,-0.09185228550074487
JPM,2024-02-26,-0.2850931993333446,4,-0.20245295801889115,-0.08264024131445344
JPM,2024-03-04,-0.2524201487106085,4,-0.2743183672429491,0.021898218532340585
JPM,2024-03-11,-0.33410277526744864,4,-0.2904329471066896,-0.04366982816075904
JPM,2024-03-18,-0.22789513967809258,4,-0.29429007772053806,0.06639493804244548
JPM,2024-03-25,-0.36681626802111256,4,-0.29939776951352354,-0.06741849850758902
JPM,2024-04-01,-0.28690920504529266,4,-0.3067745276844236,0.019865322639130933
JPM,2024-04-08,0.1997971956574191,4,-0.2308401529316216,0.4306373485890407
JPM,2024-04-15,-0.11531502607953661,4,-0.20859432080975213,0.09327929473021551
JPM,2024-04-22,-0.3014297246447126,4,-0.21063638647367314,-0.09079333817103949
JPM,2024-04-29,-0.32777073938917667,4,-0.22005521030849415,-0.10771552908068252
JPM,2024-05-06,-0.39134127705362853,4,-0.22721002303176663,-0.1641312540218619
JPM,2024-05-13,-0.20332968851464872,4,-0.22413934163633614,0.02080965312168742
JPM,2024-05-20,-0.22789513967809258,4,-0.20677420059345866,-0.021120939084633916
JPM,2024-05-27,-0.4158662860861445,4,-0.22289383572356514,-0.19297245036257937
JPM,2024-06-03,-0.3750047517422605,4,-0.2947440791485251,-0.08026067259373543
JPM,2024-06-10,-0.2278546975471647,4,-0.3088115380819786,0.08095684053481389
JPM,2024-06-17,-0.4158662860861445,4,-0.3231161082621576,-0.09275017782398692
JPM,2024-06-24,-0.2850931993333446,4,-0.3177814157551786,0.032688216421834004
JPM,2024-07-01,-0.3178066920870085,4,-0.3085895926343511,-0.009217099452657418
JPM,2024-07-08,0.33879920826229487,4,-0.24082348053723313,0.5796226887995279
JPM,2024-07-15,0.007310019083043247,4,-0.21142283569209117,0.2187328547751344
JPM,2024-07-22,-0.33410277526744864,4,-0.20120239683975416,-0.13290037842769448
JPM,2024-07-29,-0.2523797065796807,4,-0.18587426619443168,-0.066505440385249
JPM,2024-08-05,-0.1461720709903246,4,-0.17566393787482668,0.029491866884502088
JPM,2024-08-12,-0.3014297246447126,4,-0.1613593676946477,-0.14007035695006492
JPM,2024-08-19,-0.39134127705362853,4,-0.17464037740968316,-0.21670089964394537
JPM,2024-08-26,-0.1869931632032807,4,-0.15828868629921722,-0.02870447690406347
JPM,2024-09-02,-0.3259547336772286,4,-0.24138292904165765,-0.08457180463557096
JPM,2024-09-09,-0.048072034860260696,4,-0.24830568578457063,0.20023365092430995
JPM,2024-09-16,-0.21151817223579666,4,-0.23298261040561413,0.021464438169817468
JPM,2024-09-23,-0.3422912589885966,4,-0.24422155445672863,-0.09806970453186795
JPM,2024-09-30,-0.24423166498946058,4,-0.25647900370662063,0.01224733871716005
JPM,2024-10-07,-0.03536752097278884,4,-0.22322122824763013,0.1878537072748413
JPM,2024-10-14,0.08907352990173911,4,-0.1631693773782092,0.2522429072799483
JPM,2024-10-21,-0.2850931993333446,4,-0.17543188189446718,-0.10966131743887741
JPM,2024-10-28,-0.3259547336772286,4,-0.17543188189446718,-0.15052285178276142
JPM,2024-11-04,0.22977022182577933,4,-0.14070159980871216,0.3704718216344915
JPM,2024-11-11,0.05002800126980318,4,-0.1080083281205122,0.15803632939031537
JPM,2024-11-18,-0.2197066559569446,4,-0.0926852527415557,-0.1270214032153889
JPM,2024-11-25,-0.2605681903008286,4,-0.09472731840547671,-0.1658408718953519
JPM,2024-12-02,-0.17069708002284056,4,-0.11164351328673316,-0.0590535667361074
JPM,2024-12-09,-0.15432011258054468,4,-0.14206771859701864,-0.012252393983526039
JPM,2024-12-16,-0.19518164692442863,4,-0.13082877454590416,-0.06435287237852447
JPM,2024-12-23,-0.5221548059373563,4,-0.1553537835784201,-0.3668010223589362
JPM,2024-12-30,-0.3422912589885966,4,-0.22686146868021712,-0.11542979030837947
JPM,2025-01-06,0.09092997774461503,4,-0.22174872162086562,0.31267869936548065
JPM,2025-01-13,1.0889891145753383,4,-0.05816175030433024,1.1471508648796687
JPM,2025-01-20,0.08270105189253923,4,-0.015253095030159272,0.0979541469226985
JPM,2025-01-27,0.12356258623642323,4,0.021529363252248704,0.10203322298417453
JPM,2025-02-03,-0.031735509548892676,4,0.0368524386312052,-0.06858794818009788
JPM,2025-02-10,0.13167018569571542,4,0.07770891770872321,0.05396126798699222
JPM,2025-02-17,0.0908490934827593,4,0.15433440513623764,-0.06348531165347834
JPM,2025-02-24,0.009126024794991328,4,0.19826156560918615,-0.1891355408141948
JPM,2025-03-03,-0.04811247699118857,4,0.1808812587672107,-0.22899373575839926
JPM,2025-03-10,0.1317106278266433,4,0.061221447923623815,0.07048917990301949
JPM,2025-03-17,-0.031735509548892676,4,0.04691687774344483,-0.0786523872923375
JPM,2025-03-24,0.03721248519203821,4,0.036123115112896696,0.001089370079141512
JPM,2025-03-31,0.31968177423469524,4,0.08005027558584518,0.23963149864885006
JPM,2025-04-07,1.1995914539382344,4,0.21354043411616005,0.9860510198220743
JPM,2025-04-14,-0.025363031539692805,4,0.19901391848835354,-0.22437695002804633
JPM,2025-04-21,-0.02354702582774472,4,0.19492978716051154,-0.21847681298825627
JPM,2025-04-28,-0.17065663789191268,4,0.179611767047921,-0.3502684049398337
JPM,2025-05-05,-0.20332968851464872,4,0.1377317275052595,-0.34106141601990825
JPM,2025-05-12,0.0663645265811712,4,0.1499942320215175,-0.08362970544034629
JPM,2025-05-19,-0.17065663789191268,4,0.12401059163602364,-0.29466722952793634
JPM,2025-05-26,-0.22789513967809258,4,0.05556347739692516,-0.28345861707501774
JPM,2025-06-02,-0.08078552761392462,4,-0.10448364529709471,0.023698117683170095
JPM,2025-06-09,-0.05811696642428459,4,-0.1085778871576687,0.0504609207333841
JPM,2025-06-16,-0.0008380225071768221,4,-0.1057392617425977,0.10490123923542088
JPM,2025-06-23,0.17894464017972717,4,-0.062039101983642715,0.24098374216336987
JPM,2025-06-30,-0.03992399327004063,4,-0.04161339007806671,0.0016893968080260863
JPM,2025-07-07,0.14433425745225942,4,-0.03186717371918067,0.1762014311714401
JPM,2025-07-14,0.9714810234050149,4,0.11090003394293527,0.8605809894620796
JPM,2025-07-21,0.5228956904608835,4,0.20474888771030728,0.31814680275057616
JPM,2025-07-28,1.1505923473835606,4,0.35867112208499297,0.7919212252985677
JPM,2025-08-04,2.1633605644112013,4,0.6363558134394287,1.5270047509717726
JPM,2025-08-11,2.9638546303788598,4,1.0069423950501832,1.9569122353286765
JPM,2025-08-18,2.4173147071340204,4,1.28673865341947,1.1305760537145504
JPM,2025-08-25,2.0725589947679923,4,1.550799026924224,0.5217599678437683
JPM,2025-09-01,2.1136573285825184,4,1.7969644108155065,0.3166929177670119
JPM,2025-09-08,1.979820093020052,4,1.923006794517386,0.05681329850266592
JPM,2025-09-15,2.0827538430489376,4,2.1179890635908927,-0.03523522054195505
JPM,2025-09-22,2.474036112639389,4,2.283419534247871,0.1906165783915177
JPM,2025-09-29,3.69168866059887,4,2.47446054627133,1.2172281143275399
JPM,2025-10-06,5.030468515774462,4,2.73278728194578,2.297681233828682
JPM,2025-10-13,7.832786479135752,4,3.409721253445997,4.423065225689755
JPM,2025-10-20,1.8715581246438062,4,3.384596144680473,-1.5130380200366669
JPM,2025-10-27,2.1025244948401878,4,3.3832045404626823,-1.2806800456224945
JPM,2025-11-03,1.5874845100672967,4,3.3341625925935876,-1.7466780825262909
JPM,2025-11-10,1.8031272261836864,4,3.2992092654854313,-1.4960820393017449
JPM,2025-11-17,1.667310688781261,4,3.1983685875031655,-1.5310578987219046
JPM,2025-11-24,1.4905937025083231,4,2.9232317177418468,-1.4326380152335236
JPM,2025-12-01,1.6289889379723408,4,2.4980467705165816,-0.8690578325442408
JPM,2025-12-08,0.8866998043994454,4,1.6297859361745435,-0.7430861317750981
JPM,2025-12-15,0.2371136013311277,4,1.4254803707604586,-1.188366769429331
JPM,2025-12-22,9.243685804378315e-05,4,1.1626763635126907,-1.162583926654647
MA,2020-12-21,-0.3818041232300963,4,,
MA,2020-12-28,-0.06898938640191776,4,,
MA,2021-01-04,0.4192281961491786,4,,
MA,2021-01-11,-0.07944380311389418,4,,
MA,2021-01-18,0.060579972390278625,4,,
MA,2021-01-25,0.7051753200817099,4,,
MA,2021-02-01,0.1294724811142599,4,,
MA,2021-02-08,-0.047844568950854205,4,0.09204676100483307,-0.13989132995568726
MA,2021-02-15,-0.13139302941390643,4,0.1233481477318568,-0.2547411771457632
MA,2021-02-22,0.0872314188408207,4,0.14287574838719913,-0.055644329546378435
MA,2021-03-01,-0.03435656886857624,4,0.08617765275997977,-0.12053422162855601
MA,2021-03-08,0.12186423637416222,4,0.1113411576959868,0.01052307867817541
MA,2021-03-15,0.34921630839709217,4,0.14742069969683852,0.20179560870025365
MA,2021-03-22,0.03602844522621186,4,0.06377734033990125,-0.027748895113689387
MA,2021-03-29,-0.17251471265924054,4,0.026028941118213696,-0.19854365377745423
MA,2021-04-05,0.14067315051163976,4,0.04959365605102544,0.09107949446061431
MA,2021-04-12,0.24531785579706766,4,0.0966825167023972,0.14863533909467047
MA,2021-04-19,0.07140751544495676,4,0.0947045287779142,-0.023297013332957445
MA,2021-04-26,0.7409785887408487,4,0.19162142347909233,0.5493571652617564
MA,2021-05-03,0.019085162802242803,4,0.17877403928260238,-0.15968887648035957
MA,2021-05-10,0.48961321024396676,4,0.19632365201346175,0.293289558230505
MA,2021-05-17,0.24606410848247107,4,0.2225781099204941,0.023485998561976973
MA,2021-05-24,-0.1201923600165266,4,0.22911840400083336,-0.34931076401735994
MA,2021-05-31,-0.03286406349776945,4,0.20742625224965722,-0.24029031574742665
MA,2021-06-07,-0.11981923367382488,4,0.16178411606579565,-0.28160334973962053
MA,2021-06-14,-0.3291086442446807,4,0.11171959610459097,-0.4408282403492717
MA,2021-06-21,-0.31179223547800994,4,-0.019876756922766373,-0.2919154785552436
MA,2021-06-28,-0.1205654863592283,4,-0.037333088067950264,-0.08323239829127804
MA,2021-07-05,-0.259469882835296,4,-0.1309684747028581,-0.12850140813243788
MA,2021-07-12,0.2806969260158126,4,-0.12663937251119042,0.40733629852700304
MA,2021-07-19,0.2630073909064401,4,-0.07873940364581958,0.34174679455225965
MA,2021-07-26,0.2361702295116191,4,-0.045110117019646005,0.2812803465312651
MA,2021-08-02,-0.09564083285245985,4,-0.042087816916975385,-0.05355301593548446
MA,2021-08-09,-0.05055359860714189,4,-0.0072684362122830285,-0.04328516239485886
MA,2021-08-16,-0.08555954248318509,4,0.021010650412070078,-0.10657019289525517
MA,2021-08-23,-0.20752065653528376,4,0.010141254140063147,-0.2176619106753469
MA,2021-08-30,-0.24289972675402866,4,0.012212523650221567,-0.25511225040425023
MA,2021-09-06,-0.3291086442446807,4,-0.0640131726323401,-0.2650954716123406
MA,2021-09-13,-0.41643694076343785,4,-0.14894371409107485,-0.26749322667236297
MA,2021-09-20,-0.5383980548155365,4,-0.2457647496319693,-0.2926333051835672
MA,2021-09-27,-0.41643694076343785,4,-0.28586426312084157,-0.13057267764259628
MA,2021-10-04,-0.4337533495301086,4,-0.33376423198621236,-0.09998911754389622
MA,2021-10-11,-0.259469882835296,4,-0.35550302453022625,0.09603314169493027
MA,2021-10-18,-0.3391899346139554,4,-0.3719616842900602,0.0327717496761048
MA,2021-10-25,0.796638721809975,4,-0.24201937821955974,1.0386581000295347
MA,2021-11-01,-0.04472215195468657,4,-0.20647106668331047,0.1617489147286239
MA,2021-11-08,-0.31328474084881675,4,-0.19357704169398282,-0.11970769915483392
MA,2021-11-15,-0.035102821553979646,4,-0.13066513753628822,0.09556231598230858
MA,2021-11-22,-0.2786519233154753,4,-0.11344201035529292,-0.16520991296018236
MA,2021-11-29,0.08611203981271559,4,-0.04845883668743989,0.13457087650015548
MA,2021-12-06,0.06954188373144826,4,-0.007332365866596857,0.07687424959804512
MA,2021-12-13,-0.1555714302352715,4,0.015619947180738631,-0.17119137741601015
MA,2021-12-20,-0.43412647587281034,4,-0.13822570252960953,-0.2959007733432008
MA,2021-12-27,-0.34717130569675486,4,-0.17603184674736808,-0.17113945894938679
MA,2022-01-03,0.0887239242116275,4,-0.12578076361481255,0.21450468782644005
MA,2022-01-10,-0.24215347406862525,4,-0.15166209517914325,-0.090491378889482
MA,2022-01-17,-0.6260994776769954,4,-0.19509303947433326,-0.4310064382026621
MA,2022-01-24,-0.08383105308526767,4,-0.21633592608658117,0.1325048730013135
MA,2022-01-31,-0.00905878901910609,4,-0.22616101018040044,0.21710222116129435
MA,2022-02-07,-0.2598430091779977,4,-0.23919495754824122,-0.02064805162975647
MA,2022-02-14,-0.01592078107380039,4,-0.186919245698365,0.17099846462456458
MA,2022-02-21,-0.11981923367382488,4,-0.15850023669549873,0.03868100302167385
MA,2022-02-28,-0.190204247768613,4,-0.1933662581930288,0.003162010424415801
MA,2022-03-07,-0.03398344252587454,4,-0.16734500425018495,0.1333615617243104
MA,2022-03-14,-0.20752065653528376,4,-0.11502265160747101,-0.09249800492781275
MA,2022-03-21,-0.4333802231874069,4,-0.15871629787023842,-0.27466392531716843
MA,2022-03-28,-0.34642505301135146,4,-0.2008870808692691,-0.14553797214208236
MA,2022-04-04,-0.3637414617780222,4,-0.21387438744427215,-0.14986707433375004
MA,2022-04-11,-0.45032350561137596,4,-0.2681747280114691,-0.18214877759990689
MA,2022-04-18,-0.3411041389561519,4,-0.29583534117175997,-0.04526879778439191
MA,2022-04-25,0.3570836572301705,4,-0.22742435304691205,0.5845080102770825
MA,2022-05-02,-0.17214158631653884,4,-0.24469412102074506,0.07255253470420622
MA,2022-05-09,-0.11981923367382488,4,-0.2337314431630627,0.11391220948923783
MA,2022-05-16,-0.43300709684470523,4,-0.233684802370225,-0.19932229447448024
MA,2022-05-23,-0.34605192666864976,4,-0.23363816157738732,-0.11241376509126244
MA,2022-05-30,-0.41531756173533274,4,-0.24008517407205113,-0.1752323876632816
MA,2022-06-06,-0.2933564476832341,4,-0.2204642918310334,-0.07289215585220071
MA,2022-06-13,-0.34605192666864976,4,-0.22108276529509563,-0.12496916137355413
MA,2022-06-20,-0.3806847442019913,4,-0.31330381547411584,-0.06738092872787543
MA,2022-06-27,-0.2507422590670932,4,-0.32312889956793517,0.07238664050084198
MA,2022-07-04,-0.43263397050200353,4,-0.3622307416714574,-0.07040322883054612
MA,2022-07-11,-0.3283623915592773,4,-0.34915015351077894,0.020787761951501615
MA,2022-07-18,-0.1487580108092651,4,-0.32448841402835593,0.17573040321909084
MA,2022-07-25,-0.04467214681081782,4,-0.2781577371627915,0.2334855903519737
MA,2022-08-01,-0.24140722138322185,4,-0.27166408387529,0.03025686249206816
MA,2022-08-08,-0.3633683354353205,4,-0.27382863497112386,-0.08953970046419663
MA,2022-08-15,-0.4680130407207484,4,-0.2847446720359685,-0.18326836868477991
MA,2022-08-22,-0.4676399143780467,4,-0.31185687894983766,-0.15578303542820904
MA,2022-08-29,-0.48000853543221955,4,-0.31777869956611465,-0.1622298358661049
MA,2022-09-05,-0.519589140678059,4,-0.3416820432059624,-0.17790709747209654
MA,2022-09-12,-0.5022727319113882,4,-0.3858713833437277,-0.11640134856766049
MA,2022-09-19,-0.4676399143780467,4,-0.4387423542896314,-0.02889756008841532
MA,2022-09-26,-0.34567880032594805,4,-0.4517763016574722,0.10609750133152412
MA,2022-10-03,-0.398001152968662,4,-0.45610540384913983,0.058104250880477826
MA,2022-10-10,-0.5376518021301331,4,-0.4648102490253129,-0.07284155310482016
MA,2022-10-17,-0.3407310126134502,4,-0.44894663630473836,0.10821562369128818
MA,2022-10-24,-0.28630704423011705,4,-0.42473394990447555,0.1384269056743585
MA,2022-10-31,-0.3557600906952228,4,-0.404255318656621,0.04849522796139821
MA,2022-11-07,-0.5726577460061764,4,-0.41305344541846956,-0.1596043005877068
MA,2022-11-14,-0.43300709684470523,4,-0.40872434322680185,-0.024282753617903385
MA,2022-11-21,-0.8162068477676719,4,-0.4675403491570173,-0.34866649861065463
MA,2022-11-28,-0.6596129161822317,4,-0.5002418195587135,-0.15937109662351823
MA,2022-12-05,-0.7465680863582873,4,-0.5263563550872328,-0.22021173127105453
MA,2022-12-12,-0.7642576214676597,4,-0.5792971811940091,-0.18496044027365066
MA,2022-12-19,-0.6592397898395301,4,-0.6259137743951857,-0.03332601544434444
MA,2022-12-26,-0.5896010284301454,4,-0.6551438916120509,0.0655428631819055
MA,2023-01-02,-0.6246069723061886,4,-0.6616375448995525,0.03703057259336395
MA,2023-01-09,-0.4853294494874192,4,-0.6681778389798918,0.18284838949247262
MA,2023-01-16,-0.6246069723061886,4,-0.6442278545472063,0.019620882241017767
MA,2023-01-23,0.12942560493971583,4,-0.5455980394069629,0.6750236443466788
MA,2023-01-30,-0.4780943310900232,4,-0.5120388199984298,0.03394448890840662
MA,2023-02-06,-0.6843501582905774,4,-0.5020503871012946,-0.18229977118928287
MA,2023-02-13,-0.45032350561137596,4,-0.4759358515727753,0.02561234596139933
MA,2023-02-20,-0.7988904390010012,4,-0.5020970278941322,-0.29679341110686897
MA,2023-02-27,-0.5026458582540899,4,-0.48685188863761997,-0.01579396961646995
MA,2023-03-06,-0.5199622670207606,4,-0.4911809908292876,-0.028781276191473026
MA,2023-03-13,-0.34567880032594805,4,-0.4563149693317576,0.11063616900580953
MA,2023-03-20,-0.27604003891656337,4,-0.5069981748137925,0.23095813589722913
MA,2023-03-27,-0.5722846196634745,4,-0.5187719608854738,-0.05351265877800071
MA,2023-04-03,-0.5022727319113882,4,-0.4960122825880752,-0.006260449323312989
MA,2023-04-10,-0.5722846196634745,4,-0.5112574218445876,-0.06102719781888699
MA,2023-04-17,-0.4276861827895056,4,-0.46485688981815065,0.037170707028645056
MA,2023-04-24,-0.16359967749261495,4,-0.42247611722296624,0.2588764397303513
MA,2023-05-01,-0.4676399143780467,4,-0.415935823142627,-0.05170409123541969
MA,2023-05-08,-0.4849563231447175,4,-0.43334551349497313,-0.05161080964974435
MA,2023-05-15,-0.5022727319113882,4,-0.46162460011932627,-0.04064813179206195
MA,2023-05-22,-0.3279892652165756,4,-0.43108768081346394,0.10309841559688832
MA,2023-05-29,-0.43300709684470523,4,-0.4224294764301285,-0.010577620414576716
MA,2023-06-05,-0.3580474213801209,4,-0.3956498266447093,0.03760240526458841
MA,2023-06-12,-0.398001152968662,4,-0.39193919791710385,-0.006061955051558154
MA,2023-06-19,-0.32761613887387386,4,-0.41244125558976125,0.08482511671588738
MA,2023-06-26,-0.43300709684470523,4,-0.40811215339809354,-0.024894943446611695
MA,2023-07-03,-0.4849563231447175,4,-0.4081121533980936,-0.07684416974662389
MA,2023-07-10,-0.46040479598065065,4,-0.4028786614067514,-0.05752613457389927
MA,2023-07-17,-0.2587236301498926,4,-0.394220457023416,0.13549682687352343
MA,2023-07-24,-0.059701224892590464,4,-0.3475572230294016,0.2878559981368112
MA,2023-07-31,-0.3553869643525211,4,-0.3472246659009517,-0.008162298451569405
MA,2023-08-07,-0.398001152968662,4,-0.3472246659009517,-0.05077648706771032
MA,2023-08-14,-0.4676399143780467,4,-0.3647276378389733,-0.10291227653907342
MA,2023-08-21,-0.5896010284301454,4,-0.3843018792871533,-0.20529914914299208
MA,2023-08-28,-0.33844368192855206,4,-0.36598779913513263,0.027544117206580565
MA,2023-09-04,-0.694618860058275,4,-0.39526455714483566,-0.29935430291343934
MA,2023-09-11,-0.5726577460061764,4,-0.4345063216268711,-0.13815142437930528
MA,2023-09-18,-0.4676399143780467,4,-0.48549865781255314,0.01785874343450644
MA,2023-09-25,-0.48000853543221955,4,-0.5010763541975155,0.021067818765295954
MA,2023-10-02,-0.43300709684470523,4,-0.5054520971820209,0.07244500033731566
MA,2023-10-09,-0.5022727319113882,4,-0.5097811993736885,0.007508467462300272
MA,2023-10-16,-0.3727033731191919,4,-0.48266899245981937,0.10996561934062749
MA,2023-10-23,0.18991504360950817,4,-0.41662415176756185,0.60653919537707
MA,2023-10-30,-0.649717340757236,4,-0.411011461854932,-0.238705878902304
MA,2023-11-06,-0.6942457337155733,4,-0.4262099603186066,-0.2680357733969667
MA,2023-11-13,-0.5726577460061764,4,-0.43933718927212284,-0.13332055673405352
MA,2023-11-20,-0.694618860058275,4,-0.46616347985037976,-0.22845538020789524
MA,2023-11-27,-0.6076636898822195,4,-0.487995553980069,-0.11966813590215053
MA,2023-12-04,-0.4857025758301209,4,-0.4859242844699106,0.00022170863978970834
MA,2023-12-11,-0.4857025758301209,4,-0.5000491848087767,0.014346608978655806
MA,2023-12-18,-0.4853294494874192,4,-0.5844547464458926,0.09912529695847339
MA,2023-12-25,-0.7642576214676597,4,-0.5987722815346956,-0.1654853399329641
MA,2024-01-01,-0.398001152968662,4,-0.5617417089413317,0.16374055597266968
MA,2024-01-08,-0.3633683354353205,4,-0.5355805326199747,0.17221219718465425
MA,2024-01-15,-0.5203353933634624,4,-0.5137950992831231,-0.006540294080339293
MA,2024-01-22,-0.4434615135566817,4,-0.4932698272424309,0.04980831368574923
MA,2024-01-29,-0.10478845913790841,4,-0.44565556265590434,0.34086710351799593
MA,2024-02-05,-0.4208241907348113,4,-0.4375457645189907,0.016721573784179378
MA,2024-02-12,-0.328735517901979,4,-0.41797152307081065,0.08923600516883162
MA,2024-02-19,-0.381057870544693,4,-0.3700715542054398,-0.010986316339253177
MA,2024-02-26,-0.41606381442073614,4,-0.37232938688694905,-0.04373442753378709
MA,2024-03-04,-0.3987474056540654,4,-0.37675177066429216,-0.02199563498977325
MA,2024-03-11,-0.3983742793113637,4,-0.36150663140777983,-0.03686764790358388
MA,2024-03-18,-0.2590967564925943,4,-0.3384610367747689,0.07936428028217463
MA,2024-03-25,-0.27678629160196677,4,-0.3599607658327762,0.08317447423080943
MA,2024-04-01,-0.3633683354353205,4,-0.35277878392033984,-0.010589551514980644
MA,2024-04-08,-0.34567880032594805,4,-0.35489669422333603,0.009217893897387974
MA,2024-04-15,-0.6072905635395178,4,-0.38317578084768905,-0.22411478269182877
MA,2024-04-22,0.06553302297974778,4,-0.3229761761726286,0.38850919915237636
MA,2024-04-29,0.1022136207480493,4,-0.26035604787236427,0.36256966862041357
MA,2024-05-06,-0.3633683354353205,4,-0.25598030488785883,-0.10738803054746165
MA,2024-05-13,-0.061802840633209635,4,-0.23131856540543577,0.16951572477222615
MA,2024-05-20,-0.3806847442019913,4,-0.24430587198043882,-0.13637887222155246
MA,2024-05-27,-0.3283623915592773,4,-0.2399301289959334,-0.08843226256334391
MA,2024-06-03,-0.24103409504052015,4,-0.22684954083525494,-0.01418455420526521
MA,2024-06-10,-0.24140722138322185,4,-0.18111412306571795,-0.0602930983175039
MA,2024-06-17,-0.41531756173533274,4,-0.24122044615510302,-0.17409711558022972
MA,2024-06-24,-0.398001152968662,4,-0.30374729286969193,-0.09425386009897008
MA,2024-07-01,-0.43300709684470523,4,-0.312452138045865,-0.1205549587988402
MA,2024-07-08,-0.27678629160196677,4,-0.33932506941695967,0.0625387778149929
MA,2024-07-15,-0.17139533363113546,4,-0.31316389309560266,0.1417685594644672
MA,2024-07-22,-0.2834608722582383,4,-0.3075512031829728,0.024090330924734504
MA,2024-07-29,0.1421673523365904,4,-0.259651022260834,0.40181837459742437
MA,2024-08-05,-0.19953928545248434,4,-0.2544175302694918,0.05487824481700748
MA,2024-08-12,-0.4680130407207484,4,-0.26100446514266873,-0.20700857557807967
MA,2024-08-19,-0.398001152968662,4,-0.26100446514266873,-0.13699668782599328
MA,2024-08-26,-0.3057250687374069,4,-0.2450942116292565,-0.060630857108150416
MA,2024-09-02,-0.3629952090926188,4,-0.255870326315588,-0.1071248827770308
MA,2024-09-09,-0.5203353933634624,4,-0.29948783378212884,-0.2208475595813335
MA,2024-09-16,-0.24178034772592355,4,-0.2942777682155895,0.052497420489665936
MA,2024-09-23,-0.4333802231874069,4,-0.36622121515608913,-0.06715900803131775
MA,2024-09-30,-0.43300709684470523,4,-0.3954046915801168,-0.03760240526458841
MA,2024-10-07,-0.3629952090926188,4,-0.38227746262660056,0.019282253533981775
MA,2024-10-14,-0.4257719784473092,4,-0.38574881581143144,-0.04002316263587774
MA,2024-10-21,-0.11412519327592359,4,-0.361798831378746,0.24767363810282245
MA,2024-10-28,-0.12210486790457915,4,-0.3316875387302411,0.20958267082566195
MA,2024-11-04,-0.24178034772592355,4,-0.2968681580255487,0.05508781029962517
MA,2024-11-11,-0.3291086442446807,4,-0.3077841950903934,-0.021324449154287328
MA,2024-11-18,-0.3637414617780222,4,-0.2990793499142203,-0.06466211186380189
MA,2024-11-25,-0.41606381442073614,4,-0.2969614396112242,-0.11910237480951197
MA,2024-12-02,-0.10212969856445245,4,-0.26435325079520333,0.16222355223075088
MA,2024-12-09,-0.1890848687405079,4,-0.2347673620818532,0.045682493341345304
MA,2024-12-16,-0.41606381442073614,4,-0.2725096897249548,-0.14355412469578133
MA,2024-12-23,-0.2937295740259358,4,-0.2939627779901244,0.00023320396418857747
MA,2024-12-30,-0.20640127750717863,4,-0.28954039421278127,0.08313911670560264
MA,2025-01-06,-0.08444016345508,4,-0.25895683411408116,0.17451667065900117
MA,2025-01-13,-0.2590967564925943,4,-0.24587624595340268,-0.013220510539191599
MA,2025-01-20,-0.1540789248644647,4,-0.21312813475886874,0.05904920989440404
MA,2025-01-27,0.5518328347658202,4,-0.13138281809258465,0.6832156528584049
MA,2025-02-03,0.288678297098612,4,-0.07166242236269466,0.36034071946130664
MA,2025-02-10,0.35108194011060073,4,0.024230796953722447,0.3268511431568783
MA,2025-02-17,-0.13676251609779394,4,0.04385167919474018,-0.1806141952925341
MA,2025-02-24,-0.2244639389592528,4,0.041593846513230906,-0.2660577854724837
MA,2025-03-03,-0.08518641614048339,4,0.04150056492755548,-0.12668698106803888
MA,2025-03-10,0.019458289144944504,4,0.07631994563224782,-0.05686165648730332
MA,2025-03-17,0.07215376813036016,4,0.10459903225660094,-0.03244526412624078
MA,2025-03-24,-0.0148014020456953,4,0.033769752655161495,-0.048571154700856795
MA,2025-03-31,-0.03323718984047114,4,-0.006469683212223895,-0.026767506628247242
MA,2025-04-07,0.0883507978689258,4,-0.03931107599243326,0.12766187386135908
MA,2025-04-14,-0.22409081261655112,4,-0.05022711305727791,-0.17386369955927322
MA,2025-04-21,0.10239933569232823,4,-0.00936920372583028,0.11176853941815851
MA,2025-04-28,0.271549299730364,4,0.03522276075802565,0.23632653897233835
MA,2025-05-05,0.08984330323973261,4,0.04402088751987416,0.04582241571985845
MA,2025-05-12,0.22912082605850204,4,0.06364176976089189,0.16547905629761014
MA,2025-05-19,-0.08444016345508,4,0.05493692458471881,-0.1393770880397988
MA,2025-05-26,-0.1540789248644647,4,0.03983170770671961,-0.1939106325711843
MA,2025-06-02,0.19411488218245881,4,0.053052218245911234,0.1410626639365476
MA,2025-06-09,0.20363733126475292,4,0.10651823623107425,0.09711909503367867
MA,2025-06-16,0.5691475470783471,4,0.16486176265432662,0.4042857844240205
MA,2025-06-23,0.33264615231582484,4,0.17249886922750923,0.1601472830883156
MA,2025-06-30,-0.03249093715506775,4,0.15720708917815915,-0.1896980263332269
MA,2025-07-07,0.35108194011060073,4,0.1724522284346715,0.17862971167592923
MA,2025-07-14,0.9960808656455599,4,0.3075173570722515,0.6885635085733084
MA,2025-07-21,0.7413310944866845,4,0.4194436094911451,0.32188748499553943
MA,2025-07-28,2.649145513978253,4,0.7263224384656195,1.9228230755126337
MA,2025-08-04,3.7810894267431276,4,1.1735039504004163,2.6075854763427113
MA,2025-08-11,3.64484548729466,4,1.5579661929274553,2.0868792943672045
MA,2025-08-18,3.2548313367491333,4,1.9232393409816189,1.3315919957675144
MA,2025-08-25,3.5235149072241,4,2.3677400715290147,1.1557748356950852
MA,2025-09-01,2.6217076406023994,4,2.65156828409049,-0.029860643488090588
MA,2025-09-08,2.2840678949938322,4,2.812566662759024,-0.5284987677651918
MA,2025-09-15,2.031707598715239,4,2.973863725787593,-0.9421561270723537
MA,2025-09-22,2.643581569807558,4,2.9731682327662563,-0.3295866629586981
MA,2025-09-29,2.6475830991243026,4,2.831479941813903,-0.1838968426896006
MA,2025-10-06,2.372686907961632,4,2.6724601193972743,-0.2997732114356424
MA,2025-10-13,1.9631039293274741,4,2.5109941934695668,-0.5478902641420926
MA,2025-10-20,3.22010690077435,4,2.4730681926633484,0.7470387081110017
MA,2025-10-27,4.4188706322084785,4,2.6977135666141088,1.7211570655943698
MA,2025-11-03,2.6689877369259367,4,2.7458285468556216,-0.0768408099296849
MA,2025-11-10,2.390374659859591,4,2.7906619294986656,-0.4002872696390747
MA,2025-11-17,2.859753593029974,4,2.8176834324014672,0.04207016062850677
MA,2025-11-24,2.367548142427884,4,2.782679062814415,-0.415130920386531
MA,2025-12-01,3.26922640118381,4,2.894746499467187,0.3744799017166227
MA,2025-12-08,0.6343812013274597,4,2.7286561584671856,-2.094274957139726
MA,2025-12-15,0.2957959135807294,4,2.363117285067983,-2.0673213714872536
MA,2025-12-22,0.209909050335087,4,1.8369970873338088,-1.627088036998722
META,2020-12-21,-0.8222105622349355,4,,
META,2020-12-28,-0.8222105622349355,4,,
META,2021-01-04,-0.8098143243829343,4,,
META,2021-01-11,-0.7974180865309332,4,,
META,2021-01-18,-0.8098143243829343,4,,
META,2021-01-25,-0.7974180865309332,4,,
META,2021-02-01,-0.7974180865309332,4,,
META,2021-02-08,-0.8098143243829343,4,-0.8082647946514342,-0.0015495297315001322
META,2021-02-15,-0.8098143243829343,4,-0.8067152649199341,-0.0030990594630002644
META,2021-02-22,-0.7974180865309332,4,-0.8036162054569337,0.006198118926000529
META,2021-03-01,-0.7602293729749298,4,-0.7974180865309332,0.037188713556003394
META,2021-03-08,-0.7850218486789321,4,-0.795868556799433,0.010846708120500925
META,2021-03-15,-0.7974180865309332,4,-0.7943190270679329,-0.0030990594630002644
META,2021-03-22,-0.7974180865309332,4,-0.794319027067933,-0.0030990594630001533
META,2021-03-29,-0.8098143243829343,4,-0.795868556799433,-0.0139457675835013
META,2021-04-05,-0.7974180865309332,4,-0.7943190270679329,-0.0030990594630002644
META,2021-04-12,-0.7974180865309332,4,-0.7927694973364328,-0.0046485891945003965
META,2021-04-19,-0.7850218486789321,4,-0.7912199676049326,0.006198118926000529
META,2021-04-26,-0.7850218486789321,4,-0.7943190270679329,0.009297178389000793
META,2021-05-03,-0.7672645687183709,4,-0.7920993670728628,0.02483479835449187
META,2021-05-10,-0.7850218486789321,4,-0.7905498373413626,0.0055279886624305385
META,2021-05-17,-0.7974180865309332,4,-0.7905498373413625,-0.00686824918957063
META,2021-05-24,-0.7974180865309332,4,-0.7890003076098624,-0.008417778921070762
META,2021-05-31,-0.7974180865309332,4,-0.7890003076098625,-0.008417778921070651
META,2021-06-07,-0.7974180865309332,4,-0.7890003076098625,-0.008417778921070651
META,2021-06-14,-0.7974180865309332,4,-0.7905498373413626,-0.006868249189570519
META,2021-06-21,-0.7974180865309332,4,-0.7920993670728628,-0.005318719458070387
META,2021-06-28,-0.7974180865309332,4,-0.795868556799433,-0.0015495297315001322
META,2021-07-05,-0.7974180865309332,4,-0.7974180865309332,0.0
META,2021-07-12,-0.8098143243829343,4,-0.7989676162624333,-0.010846708120501036
META,2021-07-19,-0.7974180865309332,4,-0.7989676162624333,0.0015495297315001322
META,2021-07-26,-0.7974180865309332,4,-0.7989676162624333,0.0015495297315001322
META,2021-08-02,-0.8098143243829343,4,-0.8005171459939334,-0.009297178389000904
META,2021-08-09,-0.7796608065703721,4,-0.7982974859988633,0.018636679428491232
META,2021-08-16,-0.7974180865309332,4,-0.7982974859988633,0.000879399467930142
META,2021-08-23,-0.7974180865309332,4,-0.7982974859988633,0.000879399467930142
META,2021-08-30,-0.7974180865309332,4,-0.7982974859988633,0.000879399467930142
META,2021-09-06,-0.7974180865309332,4,-0.7967479562673632,-0.0006701302635699902
META,2021-09-13,-0.7974180865309332,4,-0.7967479562673632,-0.0006701302635699902
META,2021-09-20,-0.7974180865309332,4,-0.7967479562673632,-0.0006701302635699902
META,2021-09-27,-0.7974180865309332,4,-0.795198426535863,-0.0022196599950701223
META,2021-10-04,-0.7974180865309332,4,-0.7974180865309332,0.0
META,2021-10-11,-0.7974180865309332,4,-0.7974180865309332,0.0
META,2021-10-18,-0.7974180865309332,4,-0.7974180865309332,0.0
META,2021-10-25,-0.18721320950939185,4,-0.7211424769032405,0.5339292673938487
META,2021-11-01,-0.3756128817936407,4,-0.668416826311079,0.2928039445174383
META,2021-11-08,-0.46361459900976454,4,-0.6266913903709328,0.16307679136116826
META,2021-11-15,-0.5545212538302169,4,-0.5963292862833434,0.041808032453126476
META,2021-11-22,-0.6449790755505722,4,-0.5772744099107983,-0.06770466563977395
META,2021-11-29,-0.6313547854464553,4,-0.5565164972752384,-0.07483828817121685
META,2021-12-06,-0.6573753134025733,4,-0.5390111506341935,-0.1183641627683798
META,2021-12-13,-0.6697715512545744,4,-0.5230553337246486,-0.1467162175299258
META,2021-12-20,-0.6957920792106925,4,-0.5866276924373113,-0.10916438677338125
META,2021-12-27,-0.6821677891065756,4,-0.6249470558514281,-0.05722073325514754
META,2022-01-03,-0.5764087919298907,4,-0.639046329966444,0.06263753803655325
META,2022-01-10,-0.6325828376985709,4,-0.6488040279499881,0.016221190251417217
META,2022-01-17,-0.589664117152929,4,-0.6418896581502828,0.05222554099735377
META,2022-01-24,-0.563643589196811,4,-0.6334257586190772,0.06978216942226623
META,2022-01-31,0.8414867604787353,4,-0.44606799938391367,1.287554759862649
META,2022-02-07,0.0611023313002558,4,-0.3547087640645598,0.41581109536481564
META,2022-02-14,-0.2712775204189343,4,-0.30164444421559006,0.03036692379665573
META,2022-02-21,-0.40052107282848726,4,-0.266438604680829,-0.13408246814765823
META,2022-02-28,-0.5194555270091918,4,-0.2593194465657417,-0.26013608044345016
META,2022-03-07,-0.4834948657053041,4,-0.24068345006658332,-0.24281141563872077
META,2022-03-14,-0.49589110355730526,4,-0.22896182336713033,-0.2669292801901749
META,2022-03-21,-0.4967501909283424,4,-0.22060014858357177,-0.2761500423447706
META,2022-03-28,-0.5227707188844604,4,-0.3911323335039712,-0.13163838538048916
META,2022-04-04,-0.5363950089885773,4,-0.46581950104007536,-0.07057550794850193
META,2022-04-11,-0.5624155369446953,4,-0.5022117531057955,-0.060203783838899794
META,2022-04-18,-0.2957836100215809,4,-0.4891195702549322,0.1933359602333513
META,2022-04-25,0.18940968099371205,4,-0.4005114192545692,0.5899211002482813
META,2022-05-02,-0.4822668134531884,4,-0.40035791272305477,-0.08190890073013363
META,2022-05-09,-0.4810387612010727,4,-0.3985013699285257,-0.082537391272547
META,2022-05-16,-0.5603283973215425,4,-0.4064486457276757,-0.1538797515938668
META,2022-05-23,-0.5219116315134232,4,-0.40634125980629604,-0.1155703717071272
META,2022-05-30,-0.5603283973215425,4,-0.4093329333479167,-0.1509954639736258
META,2022-06-06,-0.4967501909283424,4,-0.4011247650958726,-0.0956254258324698
META,2022-06-13,-0.45501823324495466,4,-0.42102909299879426,-0.0339891402461604
META,2022-06-20,-0.3902119745996389,4,-0.49348179994796315,0.10326982534832424
META,2022-06-27,-0.4443401701350278,4,-0.48874096953319307,0.04440079939816527
META,2022-07-04,-0.43280301965406376,4,-0.482711501839817,0.04990848218575322
META,2022-07-11,-0.43280301965406376,4,-0.46677082963138217,0.03396780997731841
META,2022-07-18,-0.06139234053418158,4,-0.4092059182589769,0.3478135777247953
META,2022-07-25,0.6092212803766762,4,-0.2630122085466996,0.8722334889233758
META,2022-08-01,-0.39229911422279173,4,-0.24995582395850574,-0.142343290264286
META,2022-08-08,-0.442253030511875,4,-0.2483601736168708,-0.19389285689500418
META,2022-08-15,-0.47072966297222435,4,-0.25842488466344393,-0.21230477830878042
META,2022-08-22,-0.4710986278533029,4,-0.26176969187822835,-0.20932893597507457
META,2022-08-29,-0.49589110355730526,4,-0.26965570236613357,-0.2262354011911717
META,2022-09-05,-0.549160211721657,4,-0.28420035137458266,-0.2649598603470743
META,2022-09-12,-0.4038362647037558,4,-0.32700584189577947,-0.0768304228079763
META,2022-09-19,-0.3902119745996389,4,-0.45193499876781884,0.06172302416817993
META,2022-09-26,-0.32663376820643886,4,-0.4437268305157747,0.11709306230933586
META,2022-10-03,-0.3799028763707906,4,-0.43593306124813924,0.05603018487734862
META,2022-10-10,-0.27582076454631854,4,-0.411569448944901,0.13574868439858245
META,2022-10-17,-0.12898237917494587,4,-0.36880491786010633,0.23982253868516046
META,2022-10-24,1.979250056119372,4,-0.0594122729005217,2.0386623290198935
META,2022-10-31,0.29439214842245515,4,0.04603177211749231,0.24836037630496283
META,2022-11-07,0.5397450856274028,4,0.1639794409088871,0.37576564471851565
META,2022-11-14,-0.15357111849034538,4,0.19355954792254884,-0.34713066641289425
META,2022-11-21,-0.3918089917328332,4,0.18541264498174953,-0.5772216367145827
META,2022-11-28,-0.3893528872286018,4,0.18423139362452315,-0.573584280853125
META,2022-12-05,-0.3769566493766006,4,0.17158940802073785,-0.5485460573973384
META,2022-12-12,-0.35179520879151976,4,0.14373780431866612,-0.4955330131101859
META,2022-12-19,-0.4178295196889512,4,-0.15589714265737425,-0.26193237703157696
META,2022-12-26,-0.3443111799479813,4,-0.2357350587036788,-0.10857612124430252
META,2023-01-02,-0.37904378899975344,4,-0.3505836680320733,-0.028460120967680136
META,2023-01-09,-0.30270037987347365,4,-0.36922482570496434,0.0665244458314907
META,2023-01-16,-0.34320428530474567,4,-0.3631492374014534,0.019944952096707713
META,2023-01-23,-0.089337561114711,4,-0.3256473216372171,0.2363097605225061
META,2023-01-30,1.3635824498817062,4,-0.10807993422992873,1.471662384111635
META,2023-02-06,-0.1895317797942332,4,-0.08779700560526792,-0.10173477418896527
META,2023-02-13,-0.2997541528792837,4,-0.07303758475405947,-0.22671656812522423
META,2023-02-20,-0.34185507544375,4,-0.07273057169103056,-0.26912450375271946
META,2023-02-27,-0.3918089917328332,4,-0.07432622203266552,-0.31748276970016764
META,2023-03-06,-0.32577468083540173,4,-0.07721050965290653,-0.24856417118249519
META,2023-03-13,-0.16928254821761507,4,-0.055470292517015206,-0.11381225570059986
META,2023-03-20,-0.2997541528792837,4,-0.08177236648758679,-0.2179817863916969
META,2023-03-27,-0.3154655826065534,4,-0.29165337054861923,-0.023812212057934157
META,2023-04-03,-0.36750663851878945,4,-0.31390022788918875,-0.0536064106296007
META,2023-04-10,-0.30270037987347365,4,-0.31426850626346253,0.011568126389988886
META,2023-04-17,-0.10746380595635066,4,-0.2849695975775376,0.17750579162118693
META,2023-04-24,0.7946002997257522,4,-0.13666843614521443,0.9312687358709666
META,2023-05-01,-0.286988950146204,4,-0.13182021980906472,-0.1551687303371393
META,2023-05-08,-0.3914400268517546,4,-0.15958990463833217,-0.23185012221342244
META,2023-05-15,-0.35179520879151976,4,-0.16609503662736166,-0.1857001721641581
META,2023-05-22,-0.23371984198185225,4,-0.15587681904927403,-0.07784302293257822
META,2023-05-29,-0.2885859672793982,4,-0.14601173514435012,-0.1425742321350481
META,2023-06-05,-0.23531685911504652,4,-0.13758879504954674,-0.09772806406549978
META,2023-06-12,-0.2237797086340825,4,-0.15212828288426322,-0.07165142574981928
META,2023-06-19,-0.34185507544375,4,-0.29418520478045096,-0.04766987066329903
META,2023-06-26,-0.27582076454631854,4,-0.2927891815804653,0.016968417034146754
META,2023-07-03,0.14836067647618673,4,-0.22531409366447264,0.37367477014065936
META,2023-07-10,0.10647171407209337,4,-0.16803072830652102,0.2745024423786144
META,2023-07-17,0.10471224994015771,4,-0.12572671681626976,0.23043896675642747
META,2023-07-24,0.8515894117582767,4,0.016795205563439622,0.8347942061948371
META,2023-07-31,-0.12881993217620444,4,0.030107321430794882,-0.15892725360699933
META,2023-08-07,-0.3022102573835151,4,0.02030350283711581,-0.3225137602206309
META,2023-08-14,-0.31460649523551626,4,0.02370957536314503,-0.3383160705986613
META,2023-08-21,-0.31460649523551626,4,0.01886135902699531,-0.3334678542625116
META,2023-08-28,-0.379412753880832,4,-0.04711031976763203,-0.3323024341132
META,2023-09-04,-0.4463061521493006,4,-0.11620755304530628,-0.3300985991039943
META,2023-09-11,-0.393896131355986,4,-0.1785336007073242,-0.2153625306486618
META,2023-09-18,-0.38272794575610053,4,-0.3328232703966214,-0.04990467535947912
META,2023-09-25,-0.267477648331743,4,-0.3501554849160637,0.08267783658432071
META,2023-10-02,-0.3067535015108993,4,-0.35072339043198675,0.04396988892108744
META,2023-10-09,-0.25557153296970037,4,-0.34334402014875975,0.08777248717905939
META,2023-10-16,-0.1511617456540112,4,-0.3229134264510717,0.1717516807970605
META,2023-10-23,0.593628276540955,4,-0.20128329764834824,0.7949115741893031
META,2023-10-30,-0.22746386539042956,4,-0.17392801180348938,-0.053535853586940185
META,2023-11-06,-0.2926390889168239,4,-0.16127088149859412,-0.13136820741822977
META,2023-11-13,-0.22697374290047098,4,-0.14180160614164042,-0.08517213675883056
META,2023-11-20,-0.3087194835251721,4,-0.14695683554081906,-0.16176264798435303
META,2023-11-27,-0.3062633790209407,4,-0.14689557022957422,-0.15936780879136647
META,2023-12-04,-0.26661856096070585,4,-0.14827644872844992,-0.11834211223225594
META,2023-12-11,-0.24391322487985634,4,-0.15987038363168055,-0.08404284124817579
META,2023-12-18,-0.24182608525670352,4,-0.26430217885638785,0.022476093599684333
META,2023-12-25,-0.19715334285716166,4,-0.26051336353972937,0.06336002068256771
META,2024-01-01,-0.2959542807920924,4,-0.26092776252413796,-0.03502651826795444
META,2024-01-08,-0.11430070758922484,4,-0.24684363311023216,0.13254292552100733
META,2024-01-15,-0.17836903647238347,4,-0.23054982722863362,0.05218079075625015
META,2024-01-22,0.13944485899192982,4,-0.1748362974770248,0.3142811564689546
META,2024-01-29,1.7883806630574886,4,0.0820386055252495,1.706342057532239
META,2024-02-05,0.4282533709003752,4,0.16605942999777845,0.26219394090259673
META,2024-02-12,0.022801280822980843,4,0.199137850757739,-0.17633656993475816
META,2024-02-19,-0.0003143095288086137,4,0.2237427299237831,-0.22405703945259173
META,2024-02-26,-0.05648835529748891,4,0.25367597061060854,-0.31016432590809745
META,2024-03-04,0.21328809273038252,4,0.2946245706505594,-0.0813364779201769
META,2024-03-11,-0.055260303045373216,4,0.3100131623289358,-0.365273465374309
META,2024-03-18,-0.11098551571395633,4,0.2787093654907,-0.38969488120465634
META,2024-03-25,-0.126696945441226,4,0.039324664428360655,-0.16602160986958667
META,2024-04-01,-0.04703834443967771,4,-0.020086799989145955,-0.02695154445053175
META,2024-04-08,-0.08668316249991258,4,-0.03377235540450763,-0.052910807095404945
META,2024-04-15,0.16227135268165932,4,-0.01344914762819914,0.17572050030985847
META,2024-04-22,1.8937294059632335,4,0.23032807252939116,1.6634013334338422
META,2024-04-29,0.18133926367405895,4,0.2263344688973507,-0.04499520522329176
META,2024-05-06,-0.058944459801720285,4,0.22587394930280733,-0.2848184091045276
META,2024-05-13,-0.08496498775783831,4,0.2291265152973221,-0.3140915030551604
META,2024-05-20,-0.12460980581807318,4,0.2293874077502162,-0.3539972135682894
META,2024-05-27,-0.1791069662345406,4,0.21287883002585833,-0.3919857962603989
META,2024-06-03,-0.1386030608032686,4,0.2063888427379388,-0.3449919035412074
META,2024-06-10,-0.07342783727687428,4,0.17692644399312213,-0.2503542812699964
META,2024-06-17,-0.1778789139824249,4,-0.08202459600008517,-0.09585431798233972
META,2024-06-24,-0.07588394178110566,4,-0.11417749668198075,0.03829355490087509
META,2024-07-01,-0.08877030212306541,4,-0.11790572697214889,0.029135424849083477
META,2024-07-08,0.1122375681735575,4,-0.09325540748072442,0.20549297565428193
META,2024-07-15,0.2266287782268779,4,-0.049350584475105534,0.2759793627019834
META,2024-07-22,0.4363074402292935,4,0.027576216332873736,0.4087312238964198
META,2024-07-29,1.2199272142206503,4,0.19739250071086362,1.0225347135097866
META,2024-08-05,0.10331896919556627,4,0.21948585151991867,-0.1161668823243524
META,2024-08-12,-0.00567535163736857,4,0.24101129681305072,-0.2466866484504193
META,2024-08-19,-0.07379680215795284,4,0.24127218926594485,-0.31506899142389766
META,2024-08-26,-0.12583785807018888,4,0.23663874477255442,-0.3624766028427433
META,2024-09-02,-0.2315169870278552,4,0.1936694253723778,-0.425186412400233
META,2024-09-09,-0.2042684068196215,4,0.1398072772415654,-0.3440756840611869
META,2024-09-16,-0.11098551571395633,4,0.07139565774865915,-0.18238117346261548
META,2024-09-23,0.09349455117864075,4,-0.06940842513159205,0.16290297631023282
META,2024-09-30,0.05544675025160011,4,-0.07539245249958781,0.13083920275118793
META,2024-10-07,-0.022614833616753933,4,-0.077509887747011,0.05489505413025706
META,2024-10-14,0.10535937715082193,4,-0.05511536533341415,0.16047474248423607
META,2024-10-21,0.28488452134067527,4,-0.0037750679070561247,0.2886595892477314
META,2024-10-28,1.4528013347938742,4,0.20676472232066004,1.246036612473214
META,2024-11-04,0.12442728814322151,4,0.24785168419101541,-0.1234243960477939
META,2024-11-11,0.05507778537052156,4,0.26860959682657515,-0.2135318114560536
META,2024-11-18,0.06378986646617564,4,0.26489651123751706,-0.20110664477134144
META,2024-11-25,0.006467636664398285,4,0.25877412203911676,-0.25230648537471845
META,2024-12-02,0.14393858995768255,4,0.2795932999859213,-0.13565471002823876
META,2024-12-09,0.14148248545345116,4,0.28410868852375004,-0.14262620307029888
META,2024-12-16,0.1278581953493343,4,0.26448039777483234,-0.13662220242549805
META,2024-12-23,0.055683623191324416,4,0.08984068382451366,-0.03415706063318924
META,2024-12-30,-0.01795587415852548,4,0.07204278853679527,-0.08999866269532075
META,2025-01-06,0.2686388982398513,4,0.09873792764546149,0.16990097059438983
META,2025-01-13,0.640137598417492,4,0.17078139413937604,0.4693562042781159
META,2025-01-20,0.9768928049872891,4,0.2920845401797374,0.6848082648075517
META,2025-01-27,2.1109774073062417,4,0.5379643923483073,1.5730130149579344
META,2025-02-03,0.4179388303934911,4,0.5725214354658122,-0.15458260507232113
META,2025-02-10,0.29085955410877795,4,0.5928966053107427,-0.3020370512019648
META,2025-02-17,0.21402602249253963,4,0.6126894052233947,-0.398663382730855
META,2025-02-24,0.2024888720115756,4,0.6402449984946573,-0.4377561264830817
META,2025-03-03,0.1401387178704912,4,0.6241824759484873,-0.4840437580779961
META,2025-03-10,0.16615924582660924,4,0.564935181874627,-0.39877593604801775
META,2025-03-17,0.09558169080179359,4,0.45477129260143995,-0.3591896017996464
META,2025-03-24,0.10429377189744767,4,0.20393583817534075,-0.09964206627789308
META,2025-03-31,0.5346154741805313,4,0.2185204186487208,0.31609505553181055
META,2025-04-07,0.6129303075991197,4,0.2587792628350135,0.3541510447641062
META,2025-04-14,0.25820864240212293,4,0.26430209032371144,-0.006093447921588502
META,2025-04-21,0.5681282547519579,4,0.3100070131662592,0.2581212415856987
META,2025-04-28,1.2324005885743385,4,0.4465397470042401,0.7858608415700985
META,2025-05-05,0.1608367825472065,4,0.44587443909431473,-0.2850376565471082
META,2025-05-12,0.29012162434662087,4,0.47019193078741817,-0.1800703064407973
META,2025-05-19,0.07704519168921395,4,0.46678585826138896,-0.389740666572175
META,2025-05-26,0.18701431522403017,4,0.4233357133918263,-0.23632139816779613
META,2025-06-02,0.13154235210568138,4,0.3631622189551465,-0.23161986684946512
META,2025-06-09,0.1051528592684848,4,0.34403024606344174,-0.23887738679495693
META,2025-06-16,0.0882133772890994,4,0.28404088638058445,-0.19582750909148505
META,2025-06-23,0.23230927205488494,4,0.15902947181565275,0.0732798002392322
META,2025-06-30,0.19303341887572859,4,0.163054051356718,0.02997936751901059
META,2025-07-07,0.1971664087321729,4,0.151434649404912,0.045731759327260896
META,2025-07-14,0.3927719475303744,4,0.1909004938850571,0.20187145364531733
META,2025-07-21,0.8187183658958813,4,0.2698635002190385,0.5488548656768428
META,2025-07-28,3.1961959082712808,4,0.6529451947397384,2.5432507135315423
META,2025-08-04,2.142794194197614,4,0.9076503616058795,1.2351438325917343
META,2025-08-11,2.5854322872703075,4,1.2198027253535306,1.3656295619167769
META,2025-08-18,2.1945874428376513,4,1.4650874967013765,0.7294999461362748
META,2025-08-25,1.7357863763768866,4,1.6579316163890212,0.0778547599878654
META,2025-09-01,1.3609806371627173,4,1.803408394942839,-0.44242775778012167
META,2025-09-08,1.4588426195075923,4,1.9366672289399913,-0.477824609432399
META,2025-09-15,1.5370253609848263,4,2.0264556033261094,-0.4894302423412831
META,2025-09-22,1.7996068979878468,4,1.85188197704068,-0.05227507905283324
META,2025-09-29,1.9993454266424926,4,1.8339508810962901,0.16539454554620248
META,2025-10-06,1.794862628032564,4,1.735129673691572,0.059732954340991906
META,2025-10-13,1.732427163394425,4,1.677359638761169,0.05506752463325615
META,2025-10-20,2.5608767342824326,4,1.780495933499362,0.7803808007830706
META,2025-10-27,7.046104869240695,4,2.4911364625091093,4.554968406731586
META,2025-11-03,2.918800557964782,4,2.673631204816258,0.24516935314852395
META,2025-11-10,2.155925580318038,4,2.750993732232909,-0.5950681519148713
META,2025-11-17,2.3290268088632886,4,2.8171712210923396,-0.48814441222905103
META,2025-11-24,1.8639202526494696,4,2.8002430743432116,-0.936322821693742
META,2025-12-01,1.8192034891427347,4,2.803285681981983,-0.9840821928392485
META,2025-12-08,0.7869237600665291,4,2.6850977565659964,-1.8981739964994673
META,2025-12-15,0.5049493682972235,4,2.428106835817845,-1.9231574675206213
META,2025-12-22,0.39755206459748293,4,1.5970377352374436,-1.1994856706399606
MSFT,2020-12-21,-0.4796735261007157,4,,
MSFT,2020-12-28,-0.5177470643582702,4,,
MSFT,2021-01-04,-0.3336473514085979,4,,
MSFT,2021-01-11,-0.4109571490973877,4,,
MSFT,2021-01-18,-0.21681836111524427,4,,
MSFT,2021-01-25,0.8776121334255346,4,,
MSFT,2021-02-01,0.030255364148015912,4,,
MSFT,2021-02-08,-0.27497004943774095,4,-0.16574325049305078,-0.10922679894469017
MSFT,2021-02-15,-0.4590697623874133,4,-0.163167780028888,-0.29590198235852533
MSFT,2021-02-22,-0.29557381315104336,4,-0.13539612362798462,-0.16017768952305875
MSFT,2021-03-01,-0.3099095985262453,4,-0.13242890451769054,-0.17748069400855473
MSFT,2021-03-08,-0.29243982398199314,4,-0.11761423887826622,-0.17482558510372692
MSFT,2021-03-15,-0.42099622412985876,4,-0.14313647175509303,-0.27785975237476573
MSFT,2021-03-22,-0.3860566750413544,4,-0.30109507281345416,-0.08496160222790022
MSFT,2021-03-29,-0.424130213298909,4,-0.3578932699943198,-0.06623694330458918
MSFT,2021-04-05,-0.21910818287327402,4,-0.35091053667376143,0.1318023538004874
MSFT,2021-04-12,-0.19850441915997163,4,-0.3183398687703312,0.11983544961035958
MSFT,2021-04-19,-0.341078050920379,4,-0.32402789849149816,-0.01705015242888086
MSFT,2021-04-26,0.30403591766751303,4,-0.2472847089672784,0.5513206266347914
MSFT,2021-05-03,-0.27810403860679117,4,-0.24549273579537811,-0.03261130281141306
MSFT,2021-05-10,-0.35111712595285005,4,-0.23675784852325202,-0.11435927742959803
MSFT,2021-05-17,-0.4796735261007157,4,-0.2484599549056722,-0.2312135711950435
MSFT,2021-05-24,-0.5352168389025224,4,-0.2623457831061239,-0.2728710557963985
MSFT,2021-05-31,-0.5876261625352789,4,-0.30841053056387446,-0.2792156319714044
MSFT,2021-06-07,-0.5352168389025224,4,-0.35049958303169326,-0.1847172558708291
MSFT,2021-06-14,-0.5002772898140181,4,-0.3703994878933982,-0.12987780192061987
MSFT,2021-06-21,-0.3367813405776481,4,-0.45050164517404334,0.11372030459639526
MSFT,2021-06-28,-0.3476645830211396,4,-0.4591967132258369,0.11153213020469727
MSFT,2021-07-05,-0.3158590231016855,4,-0.45478945036944135,0.13893042726775584
MSFT,2021-07-12,-0.3301948084768875,4,-0.4361046106664628,0.1059098021895753
MSFT,2021-07-19,-0.26774640981165987,4,-0.402670807030105,0.13492439721844512
MSFT,2021-07-26,0.13081944716133226,4,-0.3128651058180286,0.4436845529793609
MSFT,2021-08-02,-0.45875120862475305,4,-0.30330690203330746,-0.1554443065914456
MSFT,2021-08-09,-0.5177470643582702,4,-0.30549062385133896,-0.21225644050693127
MSFT,2021-08-16,-0.30184179148914375,4,-0.3011231802152759,-0.000718611273867853
MSFT,2021-08-23,-0.3399153297466983,4,-0.3001545235559708,-0.03976080619072753
MSFT,2021-08-30,-0.44473397701221135,4,-0.3162638927947865,-0.12847008421742484
MSFT,2021-09-06,-0.6082299262485813,4,-0.35101828251624817,-0.25721164373233313
MSFT,2021-09-13,-0.42726420246795915,4,-0.3709580065982856,-0.05630619586967356
MSFT,2021-09-20,-0.42726420246795915,4,-0.44071846280194704,0.013454260333987889
MSFT,2021-09-27,-0.44786796618126157,4,-0.4393580574965106,-0.008509908684750989
MSFT,2021-10-04,-0.38573812127869417,4,-0.4228569396115636,0.03711881833286945
MSFT,2021-10-11,-0.49369075771325743,4,-0.4468380603895778,-0.04685269732367964
MSFT,2021-10-18,-0.3791515891779335,4,-0.45174259281848217,0.07259100364054866
MSFT,2021-10-25,0.35940185075279885,4,-0.35122561434785593,0.7106274651006548
MSFT,2021-11-01,-0.13207786391467338,4,-0.29170660655611746,0.15962874264144408
MSFT,2021-11-08,-0.29557381315104336,4,-0.275245307891503,-0.020328505259540386
MSFT,2021-11-15,-0.260634264062539,4,-0.2544165655908254,-0.006217698471713551
MSFT,2021-11-22,-0.46220375155646354,4,-0.25620853876272565,-0.2059952127937379
MSFT,2021-11-29,-0.1876211767164801,4,-0.23144392069244893,0.04382274397596883
MSFT,2021-12-06,-0.22569471497403468,4,-0.1979444153500461,-0.02775029962398859
MSFT,2021-12-13,-0.21135892959883268,4,-0.17697033290265848,-0.034388596696174195
MSFT,2021-12-20,-0.409794427923707,4,-0.27311986773722174,-0.13667456018648527
MSFT,2021-12-27,-0.3367813405776481,4,-0.29870780232009353,-0.03807353825755455
MSFT,2022-01-03,-0.19075516588553032,4,-0.2856054714119044,0.09485030552637408
MSFT,2022-01-10,-0.19818586539731142,4,-0.277799421578751,0.07961355618143956
MSFT,2022-01-17,0.3081493078735705,4,-0.18150528914999672,0.4896545970235672
MSFT,2022-01-24,1.7734718960154523,4,0.06363134494149483,1.7098405510739574
MSFT,2022-01-31,0.12553086986023904,4,0.10753454304577903,0.017996326814460006
MSFT,2022-02-07,-0.1460950955272151,4,0.11569252230473123,-0.2617876178319464
MSFT,2022-02-14,-0.15268162762797577,4,0.14783162234169767,-0.30051324996967343
MSFT,2022-02-21,-0.12862532098296295,4,0.1738511247910333,-0.30247644577399624
MSFT,2022-02-28,-0.29870780232009353,4,0.1603570452367129,-0.45906484755680643
MSFT,2022-03-07,-0.22569471497403468,4,0.1569184390396225,-0.38261315401365714
MSFT,2022-03-14,-0.27810403860679117,4,0.08363677072957729,-0.36174080933636843
MSFT,2022-03-21,-0.37172088966615247,4,-0.1845123274806233,-0.18720856218552917
MSFT,2022-03-28,-0.3301948084768875,4,-0.24147803727276412,-0.08871677120412336
MSFT,2022-04-04,-0.40007390665389614,4,-0.27322538866359924,-0.1268485179902969
MSFT,2022-04-11,-0.45875120862475305,4,-0.31148408628819646,-0.1472671223365566
MSFT,2022-04-18,-0.28208219518686184,4,-0.33066619556368376,0.04858400037682192
MSFT,2022-04-25,0.7599811218116946,4,-0.19833008004721026,0.9583112018589048
MSFT,2022-05-02,-0.21910818287327402,4,-0.19750676353461516,-0.02160141933865886
MSFT,2022-05-09,-0.01753869537934949,4,-0.16493609563118497,0.14739740025183548
MSFT,2022-05-16,-0.2637682532315892,4,-0.15144201607686456,-0.11232623715472465
MSFT,2022-05-23,-0.3367813405776481,4,-0.15226533258945962,-0.18451600798818846
MSFT,2022-05-30,-0.4653377407255137,4,-0.16042331184841183,-0.30491442887710185
MSFT,2022-06-06,-0.4653377407255137,4,-0.1612466283610069,-0.3040911123645068
MSFT,2022-06-13,-0.24316448951828684,4,-0.15638191515243505,-0.0867825743658518
MSFT,2022-06-20,-0.45875120862475305,4,-0.308723456456991,-0.15002775216776204
MSFT,2022-06-27,-0.5383508280715725,4,-0.3486287871067783,-0.18972204096479423
MSFT,2022-07-04,-0.590760151704329,4,-0.4202814691474007,-0.17047868255692833
MSFT,2022-07-11,-0.4444154232495511,4,-0.44286236539964596,-0.001553057849905115
MSFT,2022-07-18,-0.4378288911487905,4,-0.45549330922103876,0.017664418072248278
MSFT,2022-07-25,0.4883551564242405,4,-0.33628169707731953,0.82463685350156
MSFT,2022-08-01,-0.3888721104477444,4,-0.3267234932925983,-0.06214861715514608
MSFT,2022-08-08,-0.368268346734442,4,-0.34236147544461776,-0.025906871289824218
MSFT,2022-08-15,-0.4653377407255137,4,-0.34318479195721285,-0.12215294876830085
MSFT,2022-08-22,-0.5558206026158248,4,-0.34536851377524436,-0.21045208884058042
MSFT,2022-08-29,-0.573290377160077,4,-0.34318479195721285,-0.23010558520286417
MSFT,2022-09-05,-0.6397169324053752,4,-0.3675974806016909,-0.2721194518036843
MSFT,2022-09-12,-0.4828075152697659,4,-0.3732198086168128,-0.10958770665295309
MSFT,2022-09-19,-0.44786796618126157,4,-0.49024769894250053,0.042379732761238964
MSFT,2022-09-26,-0.5002772898140181,4,-0.5041733463632847,0.0038960565492666133
MSFT,2022-10-03,-0.4444154232495511,4,-0.5136917309276734,0.06927630767812232
MSFT,2022-10-10,-0.4412814340805009,4,-0.5106846925970469,0.06940325851654594
MSFT,2022-10-17,-0.46618190813653415,4,-0.49947985578713544,0.03329794765060129
MSFT,2022-10-24,0.5404459262943369,4,-0.3602628178553337,0.9007087441496706
MSFT,2022-10-31,-0.3542511151219003,4,-0.3245795906948994,-0.029671524427000884
MSFT,2022-11-07,-0.37172088966615247,4,-0.3106937624944477,-0.061027127171704776
MSFT,2022-11-14,-0.4828075152697659,4,-0.31506120613051075,-0.16774630913925515
MSFT,2022-11-21,-0.6987127881388924,4,-0.33986564342112,-0.35884714471777235
MSFT,2022-11-28,-0.6113639154176315,4,-0.36073420494213004,-0.2506297104755014
MSFT,2022-12-05,-0.6113639154176315,4,-0.38199451510927135,-0.22936940030836012
MSFT,2022-12-12,-0.5383508280715725,4,-0.39101563010115115,-0.14733519797042138
MSFT,2022-12-19,-0.6288336899618836,4,-0.5371755821331787,-0.09165810782870487
MSFT,2022-12-26,-0.6463034645061358,4,-0.5736821258062081,-0.0726213386999277
MSFT,2023-01-02,-0.4303981916370094,4,-0.5810167885525653,0.15061859691555596
MSFT,2023-01-09,-0.4140911382664379,4,-0.5724272414271493,0.1583361031607114
MSFT,2023-01-16,-0.32674226554517705,4,-0.5259309261029349,0.19918866055775786
MSFT,2023-01-23,0.8615246058620182,4,-0.34181986094297867,1.2033444668049968
MSFT,2023-01-30,-0.1315819304354922,4,-0.28184711282021124,0.15026518238471903
MSFT,2023-02-06,0.01740085370915484,4,-0.21237815259762033,0.22977900630677517
MSFT,2023-02-13,-0.17328539134127816,4,-0.15543461527004468,-0.017850776071233476
MSFT,2023-02-20,-0.5002772898140181,4,-0.13718134343352995,-0.36309594638048814
MSFT,2023-02-27,-0.5558206026158248,4,-0.15285914480588186,-0.4029614578099429
MSFT,2023-03-06,-0.5383508280715725,4,-0.1683916060315237,-0.36995922204004883
MSFT,2023-03-13,-0.2637682532315892,4,-0.16051985449232523,-0.10324839873926397
MSFT,2023-03-20,-0.2637682532315892,4,-0.30118146187902617,0.03741320864743697
MSFT,2023-03-27,-0.368268346734442,4,-0.3307672639163949,-0.03750108281804709
MSFT,2023-04-03,-0.44786796618126157,4,-0.3889258664026969,-0.05894209977856468
MSFT,2023-04-10,-0.3473460292584794,4,-0.4106834461423471,0.06333741688386768
MSFT,2023-04-17,-0.38228557834698373,4,-0.39593448220896776,0.01364890386198403
MSFT,2023-04-24,0.8471526148164346,4,-0.22056283002993538,1.06771544484637
MSFT,2023-05-01,-0.26031571029987877,4,-0.18580844030847363,-0.07450726999140514
MSFT,2023-05-08,-0.33332879764593765,4,-0.19450350836026717,-0.13882528928567048
MSFT,2023-05-15,-0.3158590231016855,4,-0.20101485459402924,-0.11484416850765627
MSFT,2023-05-22,-0.15236307386531556,4,-0.1740266954853884,0.021663621620072848
MSFT,2023-05-29,-0.25718172113082854,4,-0.15019091485408428,-0.10699080627674426
MSFT,2023-06-05,-0.2843720169448916,4,-0.1423191633148858,-0.1420528536300058
MSFT,2023-06-12,-0.11428953560776098,4,-0.10881965797248297,-0.005469877635278009
MSFT,2023-06-19,-0.37485487883520263,4,-0.2615705946789376,-0.11328428415626501
MSFT,2023-06-26,-0.33332879764593765,4,-0.27069723059719497,-0.06263156704874268
MSFT,2023-07-03,-0.46188519779380327,4,-0.2867667806156782,-0.1751184171781251
MSFT,2023-07-10,-0.12830676722030274,4,-0.2633227486305053,0.13501598141020257
MSFT,2023-07-17,0.20872420628490826,4,-0.21818683861172739,0.42691104489663567
MSFT,2023-07-24,0.794743291183678,4,-0.08669621207241403,0.8814395032560921
MSFT,2023-07-31,-0.20131985456636164,4,-0.07631469177509778,-0.12500516279126386
MSFT,2023-08-07,-0.39545864254850505,4,-0.11146083014269079,-0.28399781240581423
MSFT,2023-08-14,-0.4684717298945639,4,-0.12316293652511096,-0.34530879336945297
MSFT,2023-08-21,-0.42694564870529894,4,-0.13486504290753112,-0.29208060579776784
MSFT,2023-08-28,-0.4859415044388161,4,-0.13787208123815772,-0.34806942320065837
MSFT,2023-09-04,-0.5698378342283665,4,-0.19306346461416568,-0.37677436961420085
MSFT,2023-09-11,-0.5208810535273205,4,-0.2842641220906943,-0.2366169314366262
MSFT,2023-09-18,-0.5034112789830683,4,-0.4465334433615376,-0.05687783562153065
MSFT,2023-09-25,-0.5142945214265597,4,-0.48565527671906233,-0.028639244707497402
MSFT,2023-10-02,-0.4859415044388161,4,-0.49696563445535125,0.011024130016535127
MSFT,2023-10-09,-0.4238116595362487,4,-0.49138312566056186,0.06757146612431314
MSFT,2023-10-16,-0.4378288911487905,4,-0.49274353096599827,0.05491463981720779
MSFT,2023-10-23,0.35616883362814356,4,-0.3874797387076283,0.7436485723357719
MSFT,2023-10-30,-0.2983892485574333,4,-0.3535486654987616,0.05515941694132831
MSFT,2023-11-06,-0.17296683757861792,4,-0.31005938850517384,0.13709255092655592
MSFT,2023-11-13,-0.03352719498726077,4,-0.2513238780056979,0.21779668301843713
MSFT,2023-11-20,0.5855170528697148,4,-0.11384743121866359,0.6993644840883784
MSFT,2023-11-27,-0.21135892959883268,4,-0.07952460936366565,-0.13183432023516703
MSFT,2023-12-04,-0.22882870414308487,4,-0.055151739939520175,-0.1736769642035647
MSFT,2023-12-11,-0.22882870414308487,4,-0.029026716563806974,-0.1998019875792779
MSFT,2023-12-18,-0.3224455552024461,4,-0.11385351516763068,-0.20859204003481543
MSFT,2023-12-25,-0.5208810535273205,4,-0.14166499078886657,-0.37921606273845393
MSFT,2024-01-01,-0.4684717298945639,4,-0.17860310232835983,-0.28986862756620413
MSFT,2024-01-08,-0.1457765417645549,4,-0.19263427067552158,0.04685772891096668
MSFT,2024-01-15,-0.10425046057528992,4,-0.27885520985614715,0.17460474928085723
MSFT,2024-01-22,0.3061483597090219,4,-0.2141667986926654,0.5203151584016873
MSFT,2024-01-29,1.3111234799071836,4,-0.021672775686381818,1.3327962555935655
MSFT,2024-02-05,0.0523404027976592,4,0.013473362681211198,0.038867040116447996
MSFT,2024-02-12,-0.003202910004147543,4,0.053378693330998525,-0.05658160333514607
MSFT,2024-02-19,-0.09368577189445859,4,0.10677810353510626,-0.20046387542956484
MSFT,2024-02-26,-0.20163840832902186,4,0.140132268730799,-0.3417706770598209
MSFT,2024-03-04,-0.07621599735020643,4,0.14882733678259258,-0.225043334132799
MSFT,2024-03-11,-0.13175931015201317,4,0.14538873058550217,-0.2771480407375153
MSFT,2024-03-18,-0.11774207853947141,4,0.09240242580444051,-0.2101445043439119
MSFT,2024-03-25,-0.368268346734442,4,-0.11752155252576268,-0.2507467942086793
MSFT,2024-04-01,-0.26031571029987877,4,-0.15660356666295494,-0.10371214363692383
MSFT,2024-04-08,-0.30927249100092485,4,-0.1948622642875521,-0.11441022671337275
MSFT,2024-04-15,-0.2537291781991181,4,-0.21486769007563453,-0.038861488123483584
MSFT,2024-04-22,0.8179554304176704,4,-0.08741846023229799,0.9053738906499684
MSFT,2024-04-29,-0.04078051478252093,4,-0.0829890249113373,0.04220851012881638
MSFT,2024-05-06,-0.29525525938838315,4,-0.10342601856588357,-0.19182924082249958
MSFT,2024-05-13,-0.2669022424006394,4,-0.12207103904852956,-0.14483120335210986
MSFT,2024-05-20,-0.09995375023255902,4,-0.08853171448579418,-0.011422035746764841
MSFT,2024-05-27,-0.27746693108147075,4,-0.09067561708349318,-0.18679131399797755
MSFT,2024-06-03,-0.20790638666712224,4,-0.07800485404176785,-0.1299015326253544
MSFT,2024-06-10,-0.006336899173197733,4,-0.04708081916352781,0.04074391999033008
MSFT,2024-06-17,-0.09681976106350881,4,-0.1614277180986752,0.06460795703516639
MSFT,2024-06-24,-0.1873026229538199,4,-0.17974298162008756,-0.007559641333732325
MSFT,2024-07-01,-0.263449699468929,4,-0.1757672866301558,-0.08768241283877318
MSFT,2024-07-08,-0.031237373229231015,4,-0.14630917798372975,0.11507180475449874
MSFT,2024-07-15,0.8827049246685993,4,-0.023476843621084972,0.9061817682896842
MSFT,2024-07-22,0.34735588713562665,4,0.05462600865605221,0.29272987847957443
MSFT,2024-07-29,1.3355345459852381,4,0.24755612523759726,1.0879784207476408
MSFT,2024-08-05,0.3237889884685924,4,0.288821861192821,0.03496712727577139
MSFT,2024-08-12,-0.13175931015201317,4,0.284454417556758,-0.4162137277087712
MSFT,2024-08-19,-0.20790638666712224,4,0.28187894709259514,-0.4897853337597174
MSFT,2024-08-26,-0.3224455552024461,4,0.27450446512590554,-0.5969500203283516
MSFT,2024-09-02,-0.4684717298945639,4,0.21985017054273892,-0.6883219004373029
MSFT,2024-09-09,-0.3224455552024461,4,0.06920636055885826,-0.39165191576130437
MSFT,2024-09-16,-0.15894960596607619,4,0.005918173921145398,-0.1648677798872216
MSFT,2024-09-23,-0.3399153297466983,4,-0.20351306054534665,-0.13640226920135165
MSFT,2024-09-30,-0.3888721104477444,4,-0.29259569790988876,-0.09627641253785563
MSFT,2024-10-07,-0.3158590231016855,4,-0.3156081620285978,-0.0002508610730876937
MSFT,2024-10-14,-0.26774640981165987,4,-0.32308816492166503,0.055341755110005164
MSFT,2024-10-21,-0.15616385072886524,4,-0.30230295186246736,0.14613910113360212
MSFT,2024-10-28,0.9259080668522336,4,-0.1280054772691177,1.0539135441213512
MSFT,2024-11-04,-0.009789442104908171,4,-0.08892346313192546,0.07913402102701729
MSFT,2024-11-11,-0.19702314422363076,4,-0.09368265541411978,-0.10334048880951098
MSFT,2024-11-18,-0.2637682532315892,4,-0.08416427084973113,-0.17960398238185807
MSFT,2024-11-25,-0.4653377407255137,4,-0.0937224746344523,-0.37161526609106144
MSFT,2024-12-02,-0.24943246785638726,4,-0.08541915522879003,-0.16401331262759722
MSFT,2024-12-09,-0.19702314422363076,4,-0.07657874703028639,-0.12044439719334438
MSFT,2024-12-16,-0.27003623156968964,4,-0.09081279463538944,-0.1792234369343002
MSFT,2024-12-23,-0.5177470643582702,4,-0.27126968603670243,-0.2464773783215678
MSFT,2024-12-30,-0.5002772898140181,4,-0.33258066700034117,-0.16769662281367692
MSFT,2025-01-06,-0.3888721104477444,4,-0.35656178777835534,-0.03231032266938905
MSFT,2025-01-13,-0.2502766352674077,4,-0.3548753355328327,0.104598700265425
MSFT,2025-01-20,-0.045254604841772766,4,-0.3023649435473651,0.2571103387055923
MSFT,2025-01-27,1.5319566302242087,4,-0.07969130628729054,1.6116479365114993
MSFT,2025-02-03,0.08118935326458405,4,-0.044914744101263705,0.12610409736584777
MSFT,2025-02-10,-0.22537616121137444,4,-0.0393322353064743,-0.18604392590490015
MSFT,2025-02-17,-0.12862532098296295,4,0.009307982615439112,-0.13793330359840206
MSFT,2025-02-24,0.03173663908435681,4,0.07580972372773598,-0.04407308464337917
MSFT,2025-03-03,-0.04786298036246275,4,0.11843586498839617,-0.16629884535085893
MSFT,2025-03-10,-0.0653327549067149,4,0.14155385003348278,-0.20688660494019767
MSFT,2025-03-17,-0.3224455552024461,4,0.10690498123839862,-0.42935053644084475
MSFT,2025-03-24,-0.35079857219018984,4,-0.1284394190634012,-0.22235915312678864
MSFT,2025-03-31,0.1362367325872096,4,-0.121558496648073,0.25779522923528264
MSFT,2025-04-07,0.43455706030954566,4,-0.039066843957957995,0.47362390426750367
MSFT,2025-04-14,-0.304975780658194,4,-0.06111065141736187,-0.2438651292408321
MSFT,2025-04-21,-0.194733322465601,4,-0.0894193966111066,-0.1053139258544944
MSFT,2025-04-28,0.867756378529737,4,0.025033023250418368,0.8427233552793186
MSFT,2025-05-05,-0.15894960596607619,4,0.013330916867998203,-0.17228052283407438
MSFT,2025-05-12,0.028602649915306595,4,0.05721194250771729,-0.02860929259241069
MSFT,2025-05-19,-0.28750600611394184,4,0.06512351326724829,-0.35262951938119014
MSFT,2025-05-26,-0.3605190934600007,4,0.003029035011346999,-0.3635481284713477
MSFT,2025-06-02,-0.2144929187678829,4,-0.07810221237333156,-0.13639070639455134
MSFT,2025-06-09,-0.1174235247768112,4,-0.05465818038815873,-0.06276534438865247
MSFT,2025-06-16,-0.28750600611394184,4,-0.06625476584420134,-0.2212512402697405
MSFT,2025-06-23,-0.044410437430752306,4,-0.18027561783926252,0.1358651804085102
MSFT,2025-06-30,-0.09995375023255902,4,-0.17290113587257286,0.07294738564001384
MSFT,2025-07-07,-0.08230659597178591,4,-0.1867647916084594,0.1044581956366735
MSFT,2025-07-14,0.021526709836567383,4,-0.14813570211464575,0.16966241195121312
MSFT,2025-07-21,0.3625423654230516,4,-0.057753019754264216,0.42029538517731585
MSFT,2025-07-28,2.571389002115149,4,0.29048222035611476,2.2809067817590343
MSFT,2025-08-04,1.9586067921761212,4,0.5499860099752314,1.4086207822008898
MSFT,2025-08-11,3.2266577733289097,4,0.9892564824055878,2.237401290923322
MSFT,2025-08-18,2.3341022690423108,4,1.2865705707147206,1.0475316983275902
MSFT,2025-08-25,2.095868691967459,4,1.561048375989723,0.5348203159777363
MSFT,2025-09-01,1.5228115643565951,4,1.7616881460307705,-0.23887658167417536
MSFT,2025-09-08,1.936344373809957,4,2.001040354027444,-0.0646959802174869
MSFT,2025-09-15,1.3708656452582162,4,2.12708076400684,-0.7562151187486237
MSFT,2025-09-22,1.6243912540773002,4,2.008706045502109,-0.3843147914248086
MSFT,2025-09-29,1.5432741540237582,4,1.9567894657330636,-0.41351531170930533
MSFT,2025-10-06,1.4738547836555491,4,1.7376890920238932,-0.2638343083683441
MSFT,2025-10-13,1.6765216915646437,4,1.6554915198391849,0.021030171725458846
MSFT,2025-10-20,2.852239040683201,4,1.7500378134286527,1.1022012272545485
MSFT,2025-10-27,6.450371184795422,4,2.3659827659835058,4.084388418811916
MSFT,2025-11-03,2.8337490053910113,4,2.478158344931138,0.3555906604598733
MSFT,2025-11-10,2.8423328150893497,4,2.6620917411600296,0.1802410739293201
MSFT,2025-11-17,3.438108626928312,4,2.8888064127664057,0.5493022141619064
MSFT,2025-11-24,2.7834028451953934,4,3.0438224991628604,-0.260419653967467
MSFT,2025-12-01,2.7108494856581338,4,3.1984468369131833,-0.48759735125504955
MSFT,2025-12-08,0.5732552120808748,4,3.060538526977713,-2.487283314896838
MSFT,2025-12-15,-0.11094196105180816,4,2.690140901760836,-2.8010828628126445
MSFT,2025-12-22,-0.3679135873014001,4,1.8378553052487334,-2.2057688925501333
NVDA,2020-12-21,-0.5675986221830638,4,,
NVDA,2020-12-28,-0.5675986221830638,4,,
NVDA,2021-01-04,-0.525909079268758,4,,
NVDA,2021-01-11,-0.525909079268758,4,,
NVDA,2021-01-18,-0.5401140487576662,4,,
NVDA,2021-01-25,-0.5401140487576662,4,,
NVDA,2021-02-01,-0.5401140487576662,4,,
NVDA,2021-02-08,-0.4900862840415794,4,-0.5371804791522777,0.047094195110698345
NVDA,2021-02-15,-0.525909079268758,4,-0.5319692862879895,0.006060207019231489
NVDA,2021-02-22,-0.4758813145526712,4,-0.5205046228341904,0.044623308281519225
NVDA,2021-03-01,-0.5391886832052474,4,-0.5221645733262515,-0.01702410987899583
NVDA,2021-03-08,-0.5819960764305985,4,-0.5291754479714816,-0.052820628459116836
NVDA,2021-03-15,-0.5675986221830638,4,-0.5326110196496563,-0.03498760253340749
NVDA,2021-03-22,-0.5962010459195066,4,-0.5396218942948864,-0.05657915162462024
NVDA,2021-03-29,-0.5962010459195066,4,-0.5466327689401165,-0.04956827697939015
NVDA,2021-04-05,-0.5675986221830638,4,-0.556321811207802,-0.011276810975261786
NVDA,2021-04-12,-0.4900862840415794,4,-0.5518439618044046,0.06175767776282526
NVDA,2021-04-19,-0.525909079268758,4,-0.5580974323939155,0.032188353125157554
NVDA,2021-04-26,-0.5401140487576662,4,-0.5582131030879679,0.018099054330301678
NVDA,2021-05-03,-0.5401140487576662,4,-0.5529778496288513,0.012863800871185105
NVDA,2021-05-10,-0.5401140487576662,4,-0.5495422779506767,0.009428229193010451
NVDA,2021-05-17,-0.5533936526941556,4,-0.5441913537975077,-0.00920229889664792
NVDA,2021-05-24,-0.461676345063763,4,-0.5273757661905398,0.06569942112677685
NVDA,2021-05-31,-0.4900862840415794,4,-0.5176867239228542,0.027600439881274808
NVDA,2021-06-07,-0.5175708574669771,4,-0.521122295601029,0.0035514381340518986
NVDA,2021-06-14,-0.5033658879780688,4,-0.5183043966896927,0.014938508711623943
NVDA,2021-06-21,-0.5033658879780688,4,-0.5137108765922431,0.010344988614174322
NVDA,2021-06-28,-0.44005851932549256,4,-0.5012039354132214,0.06114541608772883
NVDA,2021-07-05,-0.5033658879780688,4,-0.49661041531577177,-0.006755472662297035
NVDA,2021-07-12,-0.461676345063763,4,-0.4851457518619727,0.02346940679820969
NVDA,2021-07-19,-0.3183851641550485,4,-0.46723435424838333,0.14884919009333486
NVDA,2021-07-26,-0.4758813145526712,4,-0.4654587330622698,-0.010422581490401372
NVDA,2021-08-02,-0.4900862840415794,4,-0.4620231613840951,-0.028063122657484285
NVDA,2021-08-09,-0.4900862840415794,4,-0.4603632108920339,-0.029723073149545476
NVDA,2021-08-16,-0.4474713755748547,4,-0.4533763968416322,0.005905021266777499
NVDA,2021-08-23,-0.4533381232619819,4,-0.45503634733369336,0.0016982240717114405
NVDA,2021-08-30,-0.5033658879780688,4,-0.45503634733369336,-0.048329540644375446
NVDA,2021-09-06,-0.5533936526941556,4,-0.46650101078749245,-0.08689264190666318
NVDA,2021-09-13,-0.5819960764305985,4,-0.4994523748219362,-0.08254370160866226
NVDA,2021-09-20,-0.5533936526941556,4,-0.5091414170896218,-0.04425223560453384
NVDA,2021-09-27,-0.5533936526941556,4,-0.5170548381711938,-0.03633881452296184
NVDA,2021-10-04,-0.5391886832052474,4,-0.5231926380666523,-0.015996045138595094
NVDA,2021-10-11,-0.5533936526941556,4,-0.5364329227065648,-0.016960729987590795
NVDA,2021-10-18,-0.525909079268758,4,-0.5455042922074119,0.01959521293865396
NVDA,2021-10-25,-0.461676345063763,4,-0.5402930993431236,0.07861675427936066
NVDA,2021-11-01,-0.3616208156315893,4,-0.5163214947103029,0.15470067907871354
NVDA,2021-11-08,-0.3400029898933189,4,-0.48607235889314293,0.14606936899982403
NVDA,2021-11-15,-0.23408071277401804,4,-0.44615824140312577,0.21207752862910773
NVDA,2021-11-22,-0.3900307546094057,4,-0.42573787914253197,0.035707124533126244
NVDA,2021-11-29,-0.4033103585458951,4,-0.40875308856011294,0.005442730014217856
NVDA,2021-12-06,-0.4033103585458951,4,-0.3899926767915804,-0.013317681754314692
NVDA,2021-12-13,-0.4033103585458951,4,-0.37466783670122256,-0.02864252184467253
NVDA,2021-12-20,-0.4533381232619819,4,-0.3736255589759999,-0.079712564285982
NVDA,2021-12-27,-0.4533381232619819,4,-0.38509022242979896,-0.06824790083218296
NVDA,2022-01-03,-0.41164858034767615,4,-0.39404592123659365,-0.017602659111082497
NVDA,2022-01-10,-0.4258535498365843,4,-0.41801752586941443,-0.00783602396716987
NVDA,2022-01-17,-0.44005851932549256,4,-0.4242709964589253,-0.01578752286656726
NVDA,2022-01-24,-0.37582578512049747,4,-0.42083542478075053,0.045009639660253065
NVDA,2022-01-31,-0.41164858034767615,4,-0.4218777025059732,0.010229122158297022
NVDA,2022-02-07,-0.41164858034767615,4,-0.4229199802311958,0.011271399883519662
NVDA,2022-02-14,-0.18428872155049458,4,-0.3892888050172599,0.2050000834667653
NVDA,2022-02-21,-0.44005851932549256,4,-0.3876288545251987,-0.052429664800293874
NVDA,2022-02-28,-0.461676345063763,4,-0.39388232511470955,-0.06779401994905343
NVDA,2022-03-07,-0.461676345063763,4,-0.3983601745181069,-0.06331617054565608
NVDA,2022-03-14,-0.4533381232619819,4,-0.4000201250101681,-0.053317998251813825
NVDA,2022-03-21,-0.41164858034767615,4,-0.40449797441356544,-0.00715060593411071
NVDA,2022-03-28,-0.44005851932549256,4,-0.4080492167857925,-0.03200930253970008
NVDA,2022-04-04,-0.48916091848916055,4,-0.41773825905347806,-0.07142265943568249
NVDA,2022-04-11,-0.461676345063763,4,-0.4524117119926366,-0.009264633071126405
NVDA,2022-04-18,-0.4474713755748547,4,-0.45333831902380683,0.005866943448952111
NVDA,2022-04-25,-0.4258535498365843,4,-0.44886046962040954,0.02300691978382524
NVDA,2022-05-02,-0.461676345063763,4,-0.44886046962040954,-0.012815875443353442
NVDA,2022-05-09,-0.4258535498365843,4,-0.44542489794223483,0.019571348105650532
NVDA,2022-05-16,-0.461676345063763,4,-0.45167836853174564,-0.009997976532017339
NVDA,2022-05-23,-0.3188134224062383,4,-0.4365227314168389,0.11770930901060062
NVDA,2022-05-30,-0.4758813145526712,4,-0.4348627809247777,-0.04101853362789348
NVDA,2022-06-06,-0.5391886832052474,4,-0.4445518231924633,-0.0946368600127841
NVDA,2022-06-13,-0.5033658879780688,4,-0.451538637242865,-0.05182725073520378
NVDA,2022-06-20,-0.5117041097798498,4,-0.4622699572357732,-0.049434152544076626
NVDA,2022-06-27,-0.5391886832052474,4,-0.47195899950345876,-0.06722968370178861
NVDA,2022-07-04,-0.5533936526941556,4,-0.48790151236065515,-0.06549214033350048
NVDA,2022-07-11,-0.5391886832052474,4,-0.49759055462834073,-0.041598128576906646
NVDA,2022-07-18,-0.40423572409831393,4,-0.5082683423398502,0.10403261824153626
NVDA,2022-07-25,-0.45426348881440076,4,-0.5055661141225664,0.051302625308165595
NVDA,2022-08-01,-0.4758813145526712,4,-0.49765269304099435,0.021771378488323168
NVDA,2022-08-08,-0.4258535498365843,4,-0.4879636507733088,0.06211010093672448
NVDA,2022-08-15,-0.4900862840415794,4,-0.485261422556025,-0.004824861485554388
NVDA,2022-08-22,-0.4474713755748547,4,-0.47379675910222596,0.026325383527371238
NVDA,2022-08-29,-0.4391331537730737,4,-0.45951419673709065,0.020381042964016938
NVDA,2022-09-05,-0.5391886832052474,4,-0.4595141967370907,-0.07967448646815667
NVDA,2022-09-12,-0.5033658879780688,4,-0.47190546722206,-0.0314604207560088
NVDA,2022-09-19,-0.4758813145526712,4,-0.47460769543934384,-0.0012736191133273511
NVDA,2022-09-26,-0.5391886832052474,4,-0.4825211165209159,-0.05666756668433148
NVDA,2022-10-03,-0.5391886832052474,4,-0.49668800819199876,-0.04250067501324861
NVDA,2022-10-10,-0.5117041097798498,4,-0.49939023640928254,-0.012313873370567274
NVDA,2022-10-17,-0.525909079268758,4,-0.5091949493710204,-0.016714129897737573
NVDA,2022-10-24,-0.5117041097798498,4,-0.5182663188718675,0.006562209092017657
NVDA,2022-10-31,-0.525909079268758,4,-0.5166063683798063,-0.009302710888951626
NVDA,2022-11-07,-0.5117041097798498,4,-0.5176486461050289,0.005944536325179106
NVDA,2022-11-14,-0.4474713755748547,4,-0.5140974037328019,0.06662602815794716
NVDA,2022-11-21,-0.5675986221830638,4,-0.5176486461050289,-0.04994997607803486
NVDA,2022-11-28,-0.5533936526941556,4,-0.5194242672911424,-0.0339693854030132
NVDA,2022-12-05,-0.5533936526941556,4,-0.5246354601554307,-0.028758192538724914
NVDA,2022-12-12,-0.5533936526941556,4,-0.5280710318336054,-0.02532262086055026
NVDA,2022-12-19,-0.5675986221830638,4,-0.5350578458840072,-0.032540776299056606
NVDA,2022-12-26,-0.5675986221830638,4,-0.5402690387482953,-0.027329583434768434
NVDA,2023-01-02,-0.5892164479213342,4,-0.5499580810159809,-0.03925836690535334
NVDA,2023-01-09,-0.525909079268758,4,-0.5597627939777188,0.033853714708960814
NVDA,2023-01-16,-0.525909079268758,4,-0.5545516011134306,0.02864252184467264
NVDA,2023-01-23,-0.461676345063763,4,-0.5430869376596315,0.08141059259586847
NVDA,2023-01-30,-0.461676345063763,4,-0.5316222742058324,0.06994592914206943
NVDA,2023-02-06,-0.461676345063763,4,-0.5201576107520334,0.05848126568827039
NVDA,2023-02-13,-0.4758813145526712,4,-0.5086929472982342,0.032811632745563035
NVDA,2023-02-20,-0.3832386413698597,4,-0.48564794969658376,0.10240930832672407
NVDA,2023-02-27,-0.510778744227431,4,-0.47584323673484585,-0.034935507492585116
NVDA,2023-03-06,-0.553586137452782,4,-0.47930286900784885,-0.0742832684449331
NVDA,2023-03-13,-0.48916091848916055,4,-0.4747093489103992,-0.01445156957876137
NVDA,2023-03-20,-0.4391331537730737,4,-0.47189144999906296,0.03275829622598925
NVDA,2023-03-27,-0.461676345063763,4,-0.471891449999063,0.010215104935300034
NVDA,2023-04-03,-0.5249837137163391,4,-0.479804871080635,-0.0451788426357041
NVDA,2023-04-10,-0.4758813145526712,4,-0.479804871080635,0.003923556527963834
NVDA,2023-04-17,-0.461676345063763,4,-0.489609584042373,0.027933238978609998
NVDA,2023-04-24,-0.49749914029094155,4,-0.4879496335503118,-0.009549506740629765
NVDA,2023-05-01,-0.461676345063763,4,-0.4764609095016844,0.014784564437921421
NVDA,2023-05-08,-0.49749914029094155,4,-0.47750318722690704,-0.01999595306403451
NVDA,2023-05-15,-0.41164858034767615,4,-0.47406761554873234,0.06241903520105618
NVDA,2023-05-22,0.1447160639750326,4,-0.39826856441888286,0.5429846283939155
NVDA,2023-05-29,-0.08924342330306859,4,-0.3438010281172241,0.25455760481415546
NVDA,2023-06-05,-0.30418019466614027,4,-0.3223383881314077,0.018158193465267425
NVDA,2023-06-12,-0.23994746046114523,4,-0.29462227755608045,0.05467481709493521
NVDA,2023-06-19,-0.3542079593822271,4,-0.27671087994249116,-0.07749707943973594
NVDA,2023-06-26,-0.3257980204044107,4,-0.25972608936007213,-0.06607193104433856
NVDA,2023-07-03,-0.4258535498365843,4,-0.25077039055327743,-0.17508315928330687
NVDA,2023-07-10,-0.3400029898933189,4,-0.2418146917464828,-0.0981882981468361
NVDA,2023-07-17,-0.3257980204044107,4,-0.30062895229391323,-0.02516906811049746
NVDA,2023-07-24,-0.3125184164679213,4,-0.3285383264395198,0.016019909971598523
NVDA,2023-07-31,-0.37582578512049747,4,-0.33749402524631444,-0.038331759874183025
NVDA,2023-08-07,-0.37582578512049747,4,-0.3544788158287335,-0.021346969291763995
NVDA,2023-08-14,-0.28410847749010487,4,-0.3457163805922182,0.06160790310211334
NVDA,2023-08-21,0.5128523408323378,4,-0.24088508543762469,0.7537374262699624
NVDA,2023-08-28,-0.22574249097223703,4,-0.21587120307958124,-0.009871287892655789
NVDA,2023-09-04,-0.37582578512049747,4,-0.22034905248297856,-0.1554767326375189
NVDA,2023-09-11,-0.37582578512049747,4,-0.2266025230724894,-0.14922326204800807
NVDA,2023-09-18,-0.37582578512049747,4,-0.23451594415406143,-0.14130984096643603
NVDA,2023-09-25,-0.3900307546094057,4,-0.23629156534017498,-0.15373918926923075
NVDA,2023-10-02,-0.41164858034767615,4,-0.24076941474357233,-0.17087916560410382
NVDA,2023-10-09,-0.4258535498365843,4,-0.25848754878688224,-0.16736600104970206
NVDA,2023-10-16,-0.3616208156315893,4,-0.3677966933448731,0.006175877713283762
NVDA,2023-10-23,-0.37582578512049747,4,-0.38655710511340563,0.010731319992908162
NVDA,2023-10-30,-0.37582578512049747,4,-0.3865571051134057,0.010731319992908217
NVDA,2023-11-06,-0.37582578512049747,4,-0.3865571051134057,0.010731319992908217
NVDA,2023-11-13,-0.3257980204044107,4,-0.3803036345238948,0.054505614119484125
NVDA,2023-11-20,-0.02814619495648052,4,-0.33506806456727917,0.30692186961079865
NVDA,2023-11-27,-0.3616208156315893,4,-0.3288145939777683,-0.03280622165382102
NVDA,2023-12-04,-0.4033103585458951,4,-0.32599669506643214,-0.07731366347946295
NVDA,2023-12-11,-0.37582578512049747,4,-0.3277723162525457,-0.048053468867951754
NVDA,2023-12-18,-0.3674875633187165,4,-0.3267300385273231,-0.04075752479139344
NVDA,2023-12-25,-0.40423572409831393,4,-0.3302812808995501,-0.07395444319876382
NVDA,2024-01-01,-0.4258535498365843,4,-0.336534751489061,-0.08931879834752332
NVDA,2024-01-08,-0.23994746046114523,4,-0.3258034314961528,0.08585597103500758
NVDA,2024-01-15,-0.27577025568832386,4,-0.3567564390876332,0.08098618339930935
NVDA,2024-01-22,-0.1266123270924822,4,-0.32738037802024483,0.20076805092776262
NVDA,2024-01-29,-0.120745579405355,4,-0.29205978062767735,0.17131420122232233
NVDA,2024-02-05,0.14965744610974094,4,-0.2263743767238975,0.37603182283363845
NVDA,2024-02-12,0.24064187294634115,4,-0.15035819719076532,0.39100007013710647
NVDA,2024-02-19,1.928292242275757,4,0.14120779860599356,1.7870844436697633
NVDA,2024-02-26,0.18992608226499813,4,0.21818025261869137,-0.028254170353693236
NVDA,2024-03-04,0.4252391933467079,4,0.30132858434467297,0.12391060900203493
NVDA,2024-03-11,0.3035658381762638,4,0.37374559607774643,-0.07017975790148262
NVDA,2024-03-18,0.2893608686873556,4,0.42574224555022616,-0.13638137686287055
NVDA,2024-03-25,0.017604219368651086,4,0.44303597039697695,-0.42543175102832587
NVDA,2024-04-01,-0.046628514836343955,4,0.41850022527871633,-0.4651287401150603
NVDA,2024-04-08,-0.08986416631288477,4,0.3771869703713131,-0.46705113668419784
NVDA,2024-04-15,0.050955540481175884,4,0.14251988264699048,-0.09156434216581459
NVDA,2024-04-22,0.15707030235910313,4,0.13841291015875357,0.018657392200349565
NVDA,2024-04-29,-0.03489501946208956,4,0.0808961335576539,-0.11579115301974346
NVDA,2024-05-06,-0.08492278417817639,4,0.03233505576334888,-0.11725783994152528
NVDA,2024-05-13,0.048676551125148466,4,0.0022495160680729856,0.04642703505707548
NVDA,2024-05-20,1.5568279748014184,4,0.1946524854971689,1.3621754893042495
NVDA,2024-05-27,0.4610619885738866,4,0.2581137984234477,0.20294819015043886
NVDA,2024-06-03,0.8118770845963105,4,0.3708314547870971,0.44104562980921336
NVDA,2024-06-10,0.9984039169815657,4,0.4892625018496458,0.5091414151319199
NVDA,2024-06-17,0.8977276445395759,4,0.5818446696222049,0.31588297491737094
NVDA,2024-06-24,0.9320043312045195,4,0.7027070884555311,0.22929724274898844
NVDA,2024-07-01,0.2884355031349368,4,0.7493768743696702,-0.46094137123473333
NVDA,2024-07-08,0.45272376677210546,4,0.7998827763255398,-0.3471590095534344
NVDA,2024-07-15,0.5076929136229007,4,0.6687408936782251,-0.1610479800553244
NVDA,2024-07-22,0.5554416889829601,4,0.6805383562293594,-0.12509666724639934
NVDA,2024-07-29,0.9033570526395405,4,0.6919733522347631,0.21138370040477739
NVDA,2024-08-05,0.9572099152738898,4,0.6868241020213036,0.27038581325258615
NVDA,2024-08-12,0.6412922489262256,4,0.6547696775696348,-0.013477428643409173
NVDA,2024-08-19,0.689041024286285,4,0.6243992642048555,0.06464176008142952
NVDA,2024-08-26,2.6352983405101718,4,0.9177571188767599,1.7175412216334118
NVDA,2024-09-02,0.5685303742554223,4,0.9322329448121744,-0.36370257055675215
NVDA,2024-09-09,0.4036213676084375,4,0.9192240015603665,-0.5156026339519291
NVDA,2024-09-16,0.253538073460177,4,0.8814860496200188,-0.6279479761598418
NVDA,2024-09-23,0.18189248300581978,4,0.7913029784158037,-0.6094104954099839
NVDA,2024-09-30,0.08183695357364612,4,0.6818813582032731,-0.6000444046296269
NVDA,2024-10-07,0.2810226468855746,4,0.6368476579481918,-0.35582501106261716
NVDA,2024-10-14,0.3369171592887886,4,0.5928321748235047,-0.2559150155347161
NVDA,2024-10-21,0.40628376038711844,4,0.314205352308123,0.09207840807899542
NVDA,2024-10-28,0.29294862701845537,4,0.27975763390350217,0.013190993114953198
NVDA,2024-11-04,0.4085627497431459,4,0.2803753066703407,0.12818744307280516
NVDA,2024-11-11,0.43396081857114244,4,0.3029281498092114,0.13103266876193104
NVDA,2024-11-18,1.7900112925517901,4,0.5039430010024577,1.2860682915493324
NVDA,2024-11-25,0.14606968777864116,4,0.5119720927780821,-0.36590240499944093
NVDA,2024-12-02,0.15348254402800338,4,0.49602957992088564,-0.34254703589288227
NVDA,2024-12-09,0.18930533925518198,4,0.47757810241668486,-0.28827276316150285
NVDA,2024-12-16,0.26774304294908524,4,0.4602605127369307,-0.19251746978784545
NVDA,2024-12-23,-0.010805719609165335,4,0.42229121940847814,-0.43309693901764346
NVDA,2024-12-30,-0.010805719609165335,4,0.3698701607394392,-0.3806758803486045
NVDA,2025-01-06,0.46754947927082985,4,0.3740687433269001,0.09348073594392975
NVDA,2025-01-13,0.16089540027736554,4,0.17042925679259704,-0.009533856515231504
NVDA,2025-01-20,0.23006951661706898,4,0.18092923539740052,0.04914028121966846
NVDA,2025-01-27,3.205911775467599,4,0.5624828893273499,2.6434288861402493
NVDA,2025-02-03,1.0353429964251903,4,0.6682375964736009,0.3671053999515894
NVDA,2025-02-10,0.5495749412958328,4,0.7034665837669445,-0.15389164247111164
NVDA,2025-02-17,0.35533063011861277,4,0.7492336274829167,-0.3939029973643039
NVDA,2025-02-24,1.9473149581907865,4,0.9939987122079107,0.9533162459828758
NVDA,2025-03-03,0.732818637892591,4,1.0271573570356307,-0.29433871914303966
NVDA,2025-03-10,0.5394996922677897,4,1.074482893534434,-0.5349832012666442
NVDA,2025-03-17,0.3461807466429885,4,1.0889967972876737,-0.7428160506446853
NVDA,2025-03-24,0.20351030874409018,4,0.7136966139472353,-0.5101863052031451
NVDA,2025-03-31,0.604353169482601,4,0.6598228855794116,-0.05546971609681062
NVDA,2025-04-07,1.0342267122087443,4,0.7204043569435254,0.31382235526521884
NVDA,2025-04-14,0.5036768970406111,4,0.7389476403087754,-0.23527074326816422
NVDA,2025-04-21,0.39528314580665647,4,0.544943663760759,-0.1496605179541025
NVDA,2025-04-28,0.2510665993455232,4,0.48472465894237554,-0.23365805959685232
NVDA,2025-05-05,0.15193643546576835,4,0.4362792518421229,-0.28434281637635456
NVDA,2025-05-12,0.5444410744024981,4,0.46106179281206155,0.08337928159043656
NVDA,2025-05-19,0.236861629856615,4,0.4652307079511272,-0.2283690780945122
NVDA,2025-05-26,1.0887050175619788,4,0.5257746889610494,0.5629303286009294
NVDA,2025-06-02,0.18189248300581978,4,0.4192329103106839,-0.2373404273048641
NVDA,2025-06-09,0.10345477931191653,4,0.36920514559459705,-0.2657503662826805
NVDA,2025-06-16,-0.03242354534743574,4,0.3157418092003355,-0.34816535454777126
NVDA,2025-06-23,0.2393331039712688,4,0.3142751222785537,-0.07494201830728489
NVDA,2025-06-30,0.03922204510692148,4,0.3001858234836978,-0.2609637783767763
NVDA,2025-07-07,0.24674596022063097,4,0.2629739342109645,-0.016227973990333516
NVDA,2025-07-14,0.44438554497032445,4,0.28891442360017816,0.1554711213701463
NVDA,2025-07-21,0.3636688519203938,4,0.19828490289498002,0.16538394902541376
NVDA,2025-07-28,0.7453205062067518,4,0.2687134057950965,0.4766071004116553
NVDA,2025-08-04,1.3322155201561925,4,0.422308498400631,0.9099070217555615
NVDA,2025-08-11,2.2220887112055245,4,0.704122530469751,1.5179661807357734
NVDA,2025-08-18,2.689738555365238,4,1.010423211893997,1.679315343471241
NVDA,2025-08-25,6.50532197139902,4,1.8186857026805094,4.686636268718511
NVDA,2025-09-01,0.9014197440668288,4,1.9005199256612841,-0.9991001815944553
NVDA,2025-09-08,0.7660818154426426,4,1.940731959470324,-1.1746501440276815
NVDA,2025-09-15,0.7050534361460938,4,1.9834050324985366,-1.2783515963524428
NVDA,2025-09-22,0.9245836783673342,4,2.0058129290186093,-1.081229250651275
NVDA,2025-09-29,0.8036432039906827,4,1.9397413894979205,-1.1360981855072378
NVDA,2025-10-06,0.8383481489068161,4,1.7667738192105822,-0.9284256703037661
NVDA,2025-10-13,0.778864312077903,4,1.527914538799665,-0.7490502267217621
NVDA,2025-10-20,0.6765297932897019,4,0.7993155165360004,-0.12278572324629855
NVDA,2025-10-27,1.463922401715342,4,0.8696283487420646,0.5942940529732774
NVDA,2025-11-03,1.3215998750929834,4,0.9390681061983571,0.38253176889462626
NVDA,2025-11-10,1.6263583681530736,4,1.0542312226992296,0.5721271454538439
NVDA,2025-11-17,6.4333540638694,4,1.742827520886988,4.690526542982412
NVDA,2025-11-24,0.961524323905558,4,1.7625626608763472,-0.8010383369707892
NVDA,2025-12-01,0.6562671574496394,4,1.7398025369442003,-1.083535379494561
NVDA,2025-12-08,0.2311873669281142,4,1.6713429188004765,-1.4401555518723623
NVDA,2025-12-15,0.03922204510692148,4,1.591679450277629,-1.5524574051707076
NVDA,2025-12-22,-0.1324790747796094,4,1.3921292657157602,-1.5246083404953696
