date,SVI_weekly,ticker,term,SVI_z
2020-12-21,51.0,AAPL,AAPL,1.6173285851267534
2020-12-28,47.0,AAPL,AAPL,1.274912351346382
2021-01-04,55.0,AAPL,AAPL,1.9597448189071245
2021-01-11,49.0,AAPL,AAPL,1.4461204682365678
2021-01-18,52.0,AAPL,AAPL,1.7029326435718461
2021-01-25,100.0,AAPL,AAPL,5.811927448936301
2021-02-01,68.0,AAPL,AAPL,3.072597578693331
2021-02-08,50.0,AAPL,AAPL,1.5317245266816606
2021-02-15,49.0,AAPL,AAPL,1.4461204682365678
2021-02-22,62.0,AAPL,AAPL,2.558973228022774
2021-03-01,60.0,AAPL,AAPL,2.3877651111325884
2021-03-08,63.0,AAPL,AAPL,2.6445772864678667
2021-03-15,51.0,AAPL,AAPL,1.6173285851267534
2021-03-22,45.0,AAPL,AAPL,1.1037042344561965
2021-03-29,40.0,AAPL,AAPL,0.6756839422307325
2021-04-05,47.0,AAPL,AAPL,1.274912351346382
2021-04-12,48.0,AAPL,AAPL,1.360516409791475
2021-04-19,44.0,AAPL,AAPL,1.0181001760111037
2021-04-26,65.0,AAPL,AAPL,2.8157854033580527
2021-05-03,45.0,AAPL,AAPL,1.1037042344561965
2021-05-10,44.0,AAPL,AAPL,1.0181001760111037
2021-05-17,34.0,AAPL,AAPL,0.16205959156017571
2021-05-24,32.0,AAPL,AAPL,-0.009148525330009876
2021-05-31,28.0,AAPL,AAPL,-0.3515647591103811
2021-06-07,33.0,AAPL,AAPL,0.07645553311508292
2021-06-14,35.0,AAPL,AAPL,0.24766365000526852
2021-06-21,35.0,AAPL,AAPL,0.24766365000526852
2021-06-28,36.0,AAPL,AAPL,0.3332677084503613
2021-07-05,39.0,AAPL,AAPL,0.5900798837856397
2021-07-12,48.0,AAPL,AAPL,1.360516409791475
2021-07-19,44.0,AAPL,AAPL,1.0181001760111037
2021-07-26,56.0,AAPL,AAPL,2.0453488773522173
2021-08-02,33.0,AAPL,AAPL,0.07645553311508292
2021-08-09,31.0,AAPL,AAPL,-0.09475258377510268
2021-08-16,35.0,AAPL,AAPL,0.24766365000526852
2021-08-23,31.0,AAPL,AAPL,-0.09475258377510268
2021-08-30,37.0,AAPL,AAPL,0.41887176689545413
2021-09-06,32.0,AAPL,AAPL,-0.009148525330009876
2021-09-13,39.0,AAPL,AAPL,0.5900798837856397
2021-09-20,34.0,AAPL,AAPL,0.16205959156017571
2021-09-27,31.0,AAPL,AAPL,-0.09475258377510268
2021-10-04,32.0,AAPL,AAPL,-0.009148525330009876
2021-10-11,29.0,AAPL,AAPL,-0.26596070066528826
2021-10-18,33.0,AAPL,AAPL,0.07645553311508292
2021-10-25,47.0,AAPL,AAPL,1.274912351346382
2021-11-01,34.0,AAPL,AAPL,0.16205959156017571
2021-11-08,29.0,AAPL,AAPL,-0.26596070066528826
2021-11-15,35.0,AAPL,AAPL,0.24766365000526852
2021-11-22,31.0,AAPL,AAPL,-0.09475258377510268
2021-11-29,43.0,AAPL,AAPL,0.9324961175660109
2021-12-06,49.0,AAPL,AAPL,1.4461204682365678
2021-12-13,47.0,AAPL,AAPL,1.274912351346382
2021-12-20,36.0,AAPL,AAPL,0.3332677084503613
2021-12-27,38.0,AAPL,AAPL,0.5044758253405469
2022-01-03,39.0,AAPL,AAPL,0.5900798837856397
2022-01-10,32.0,AAPL,AAPL,-0.009148525330009876
2022-01-17,29.0,AAPL,AAPL,-0.26596070066528826
2022-01-24,61.0,AAPL,AAPL,2.473369169577681
2022-01-31,39.0,AAPL,AAPL,0.5900798837856397
2022-02-07,31.0,AAPL,AAPL,-0.09475258377510268
2022-02-14,31.0,AAPL,AAPL,-0.09475258377510268
2022-02-21,30.0,AAPL,AAPL,-0.18035664222019548
2022-02-28,28.0,AAPL,AAPL,-0.3515647591103811
2022-03-07,33.0,AAPL,AAPL,0.07645553311508292
2022-03-14,31.0,AAPL,AAPL,-0.09475258377510268
2022-03-21,29.0,AAPL,AAPL,-0.26596070066528826
2022-03-28,30.0,AAPL,AAPL,-0.18035664222019548
2022-04-04,27.0,AAPL,AAPL,-0.4371688175554739
2022-04-11,22.0,AAPL,AAPL,-0.8651891097809379
2022-04-18,27.0,AAPL,AAPL,-0.4371688175554739
2022-04-25,53.0,AAPL,AAPL,1.788536702016939
2022-05-02,34.0,AAPL,AAPL,0.16205959156017571
2022-05-09,44.0,AAPL,AAPL,1.0181001760111037
2022-05-16,37.0,AAPL,AAPL,0.41887176689545413
2022-05-23,34.0,AAPL,AAPL,0.16205959156017571
2022-05-30,25.0,AAPL,AAPL,-0.6083769344456594
2022-06-06,29.0,AAPL,AAPL,-0.26596070066528826
2022-06-13,32.0,AAPL,AAPL,-0.009148525330009876
2022-06-20,25.0,AAPL,AAPL,-0.6083769344456594
2022-06-27,24.0,AAPL,AAPL,-0.6939809928907523
2022-07-04,21.0,AAPL,AAPL,-0.9507931682260307
2022-07-11,25.0,AAPL,AAPL,-0.6083769344456594
2022-07-18,29.0,AAPL,AAPL,-0.26596070066528826
2022-07-25,43.0,AAPL,AAPL,0.9324961175660109
2022-08-01,30.0,AAPL,AAPL,-0.18035664222019548
2022-08-08,28.0,AAPL,AAPL,-0.3515647591103811
2022-08-15,30.0,AAPL,AAPL,-0.18035664222019548
2022-08-22,26.0,AAPL,AAPL,-0.5227728760005667
2022-08-29,24.0,AAPL,AAPL,-0.6939809928907523
2022-09-05,23.0,AAPL,AAPL,-0.7795850513358451
2022-09-12,30.0,AAPL,AAPL,-0.18035664222019548
2022-09-19,26.0,AAPL,AAPL,-0.5227728760005667
2022-09-26,30.0,AAPL,AAPL,-0.18035664222019548
2022-10-03,28.0,AAPL,AAPL,-0.3515647591103811
2022-10-10,23.0,AAPL,AAPL,-0.7795850513358451
2022-10-17,24.0,AAPL,AAPL,-0.6939809928907523
2022-10-24,49.0,AAPL,AAPL,1.4461204682365678
2022-10-31,30.0,AAPL,AAPL,-0.18035664222019548
2022-11-07,30.0,AAPL,AAPL,-0.18035664222019548
2022-11-14,24.0,AAPL,AAPL,-0.6939809928907523
2022-11-21,16.0,AAPL,AAPL,-1.3788134604514948
2022-11-28,23.0,AAPL,AAPL,-0.7795850513358451
2022-12-05,21.0,AAPL,AAPL,-0.9507931682260307
2022-12-12,23.0,AAPL,AAPL,-0.7795850513358451
2022-12-19,25.0,AAPL,AAPL,-0.6083769344456594
2022-12-26,24.0,AAPL,AAPL,-0.6939809928907523
2023-01-02,28.0,AAPL,AAPL,-0.3515647591103811
2023-01-09,23.0,AAPL,AAPL,-0.7795850513358451
2023-01-16,21.0,AAPL,AAPL,-0.9507931682260307
2023-01-23,27.0,AAPL,AAPL,-0.4371688175554739
2023-01-30,48.0,AAPL,AAPL,1.360516409791475
2023-02-06,26.0,AAPL,AAPL,-0.5227728760005667
2023-02-13,23.0,AAPL,AAPL,-0.7795850513358451
2023-02-20,18.0,AAPL,AAPL,-1.207605343561309
2023-02-27,18.0,AAPL,AAPL,-1.207605343561309
2023-03-06,21.0,AAPL,AAPL,-0.9507931682260307
2023-03-13,21.0,AAPL,AAPL,-0.9507931682260307
2023-03-20,22.0,AAPL,AAPL,-0.8651891097809379
2023-03-27,21.0,AAPL,AAPL,-0.9507931682260307
2023-04-03,20.0,AAPL,AAPL,-1.0363972266711234
2023-04-10,23.0,AAPL,AAPL,-0.7795850513358451
2023-04-17,23.0,AAPL,AAPL,-0.7795850513358451
2023-04-24,23.0,AAPL,AAPL,-0.7795850513358451
2023-05-01,39.0,AAPL,AAPL,0.5900798837856397
2023-05-08,24.0,AAPL,AAPL,-0.6939809928907523
2023-05-15,22.0,AAPL,AAPL,-0.8651891097809379
2023-05-22,23.0,AAPL,AAPL,-0.7795850513358451
2023-05-29,24.0,AAPL,AAPL,-0.6939809928907523
2023-06-05,43.0,AAPL,AAPL,0.9324961175660109
2023-06-12,30.0,AAPL,AAPL,-0.18035664222019548
2023-06-19,21.0,AAPL,AAPL,-0.9507931682260307
2023-06-26,30.0,AAPL,AAPL,-0.18035664222019548
2023-07-03,22.0,AAPL,AAPL,-0.8651891097809379
2023-07-10,26.0,AAPL,AAPL,-0.5227728760005667
2023-07-17,28.0,AAPL,AAPL,-0.3515647591103811
2023-07-24,27.0,AAPL,AAPL,-0.4371688175554739
2023-07-31,43.0,AAPL,AAPL,0.9324961175660109
2023-08-07,33.0,AAPL,AAPL,0.07645553311508292
2023-08-14,25.0,AAPL,AAPL,-0.6083769344456594
2023-08-21,23.0,AAPL,AAPL,-0.7795850513358451
2023-08-28,25.0,AAPL,AAPL,-0.6083769344456594
2023-09-04,29.0,AAPL,AAPL,-0.26596070066528826
2023-09-11,35.0,AAPL,AAPL,0.24766365000526852
2023-09-18,26.0,AAPL,AAPL,-0.5227728760005667
2023-09-25,22.0,AAPL,AAPL,-0.8651891097809379
2023-10-02,20.0,AAPL,AAPL,-1.0363972266711234
2023-10-09,20.0,AAPL,AAPL,-1.0363972266711234
2023-10-16,19.0,AAPL,AAPL,-1.1220012851162162
2023-10-23,22.0,AAPL,AAPL,-0.8651891097809379
2023-10-30,35.0,AAPL,AAPL,0.24766365000526852
2023-11-06,24.0,AAPL,AAPL,-0.6939809928907523
2023-11-13,24.0,AAPL,AAPL,-0.6939809928907523
2023-11-20,18.0,AAPL,AAPL,-1.207605343561309
2023-11-27,21.0,AAPL,AAPL,-0.9507931682260307
2023-12-04,22.0,AAPL,AAPL,-0.8651891097809379
2023-12-11,25.0,AAPL,AAPL,-0.6083769344456594
2023-12-18,24.0,AAPL,AAPL,-0.6939809928907523
2023-12-25,16.0,AAPL,AAPL,-1.3788134604514948
2024-01-01,25.0,AAPL,AAPL,-0.6083769344456594
2024-01-08,24.0,AAPL,AAPL,-0.6939809928907523
2024-01-15,24.0,AAPL,AAPL,-0.6939809928907523
2024-01-22,26.0,AAPL,AAPL,-0.5227728760005667
2024-01-29,40.0,AAPL,AAPL,0.6756839422307325
2024-02-05,27.0,AAPL,AAPL,-0.4371688175554739
2024-02-12,25.0,AAPL,AAPL,-0.6083769344456594
2024-02-19,21.0,AAPL,AAPL,-0.9507931682260307
2024-02-26,25.0,AAPL,AAPL,-0.6083769344456594
2024-03-04,38.0,AAPL,AAPL,0.5044758253405469
2024-03-11,28.0,AAPL,AAPL,-0.3515647591103811
2024-03-18,37.0,AAPL,AAPL,0.41887176689545413
2024-03-25,26.0,AAPL,AAPL,-0.5227728760005667
2024-04-01,24.0,AAPL,AAPL,-0.6939809928907523
2024-04-08,26.0,AAPL,AAPL,-0.5227728760005667
2024-04-15,25.0,AAPL,AAPL,-0.6083769344456594
2024-04-22,25.0,AAPL,AAPL,-0.6083769344456594
2024-04-29,50.0,AAPL,AAPL,1.5317245266816606
2024-05-06,31.0,AAPL,AAPL,-0.09475258377510268
2024-05-13,27.0,AAPL,AAPL,-0.4371688175554739
2024-05-20,25.0,AAPL,AAPL,-0.6083769344456594
2024-05-27,22.0,AAPL,AAPL,-0.8651891097809379
2024-06-03,27.0,AAPL,AAPL,-0.4371688175554739
2024-06-10,69.0,AAPL,AAPL,3.158201637138424
2024-06-17,35.0,AAPL,AAPL,0.24766365000526852
2024-06-24,29.0,AAPL,AAPL,-0.26596070066528826
2024-07-01,27.0,AAPL,AAPL,-0.4371688175554739
2024-07-08,34.0,AAPL,AAPL,0.16205959156017571
2024-07-15,36.0,AAPL,AAPL,0.3332677084503613
2024-07-22,29.0,AAPL,AAPL,-0.26596070066528826
2024-07-29,42.0,AAPL,AAPL,0.8468920591209181
2024-08-05,48.0,AAPL,AAPL,1.360516409791475
2024-08-12,29.0,AAPL,AAPL,-0.26596070066528826
2024-08-19,25.0,AAPL,AAPL,-0.6083769344456594
2024-08-26,26.0,AAPL,AAPL,-0.5227728760005667
2024-09-02,21.0,AAPL,AAPL,-0.9507931682260307
2024-09-09,31.0,AAPL,AAPL,-0.09475258377510268
2024-09-16,30.0,AAPL,AAPL,-0.18035664222019548
2024-09-23,23.0,AAPL,AAPL,-0.7795850513358451
2024-09-30,23.0,AAPL,AAPL,-0.7795850513358451
2024-10-07,21.0,AAPL,AAPL,-0.9507931682260307
2024-10-14,23.0,AAPL,AAPL,-0.7795850513358451
2024-10-21,22.0,AAPL,AAPL,-0.8651891097809379
2024-10-28,33.0,AAPL,AAPL,0.07645553311508292
2024-11-04,28.0,AAPL,AAPL,-0.3515647591103811
2024-11-11,23.0,AAPL,AAPL,-0.7795850513358451
2024-11-18,21.0,AAPL,AAPL,-0.9507931682260307
2024-11-25,17.0,AAPL,AAPL,-1.2932094020064018
2024-12-02,24.0,AAPL,AAPL,-0.6939809928907523
2024-12-09,25.0,AAPL,AAPL,-0.6083769344456594
2024-12-16,28.0,AAPL,AAPL,-0.3515647591103811
2024-12-23,20.0,AAPL,AAPL,-1.0363972266711234
2024-12-30,20.0,AAPL,AAPL,-1.0363972266711234
2025-01-06,22.0,AAPL,AAPL,-0.8651891097809379
2025-01-13,25.0,AAPL,AAPL,-0.6083769344456594
2025-01-20,28.0,AAPL,AAPL,-0.3515647591103811
2025-01-27,51.0,AAPL,AAPL,1.6173285851267534
2025-02-03,33.0,AAPL,AAPL,0.07645553311508292
2025-02-10,26.0,AAPL,AAPL,-0.5227728760005667
2025-02-17,23.0,AAPL,AAPL,-0.7795850513358451
2025-02-24,26.0,AAPL,AAPL,-0.5227728760005667
2025-03-03,25.0,AAPL,AAPL,-0.6083769344456594
2025-03-10,31.0,AAPL,AAPL,-0.09475258377510268
2025-03-17,23.0,AAPL,AAPL,-0.7795850513358451
2025-03-24,20.0,AAPL,AAPL,-1.0363972266711234
2025-03-31,46.0,AAPL,AAPL,1.1893082929012893
2025-04-07,70.0,AAPL,AAPL,3.2438056955835166
2025-04-14,41.0,AAPL,AAPL,0.7612880006758254
2025-04-21,31.0,AAPL,AAPL,-0.09475258377510268
2025-04-28,40.0,AAPL,AAPL,0.6756839422307325
2025-05-05,29.0,AAPL,AAPL,-0.26596070066528826
2025-05-12,30.0,AAPL,AAPL,-0.18035664222019548
2025-05-19,29.0,AAPL,AAPL,-0.26596070066528826
2025-05-26,24.0,AAPL,AAPL,-0.6939809928907523
2025-06-02,23.0,AAPL,AAPL,-0.7795850513358451
2025-06-09,28.0,AAPL,AAPL,-0.3515647591103811
2025-06-16,19.0,AAPL,AAPL,-1.1220012851162162
2025-06-23,25.0,AAPL,AAPL,-0.6083769344456594
2025-06-30,24.0,AAPL,AAPL,-0.6939809928907523
2025-07-07,24.0,AAPL,AAPL,-0.6939809928907523
2025-07-14,23.0,AAPL,AAPL,-0.7795850513358451
2025-07-21,27.0,AAPL,AAPL,-0.4371688175554739
2025-07-28,44.0,AAPL,AAPL,1.0181001760111037
2025-08-04,59.0,AAPL,AAPL,2.3021610526874956
2025-08-11,57.0,AAPL,AAPL,2.13095293579731
2025-08-18,48.0,AAPL,AAPL,1.360516409791475
2025-08-25,40.0,AAPL,AAPL,0.6756839422307325
2025-09-01,41.0,AAPL,AAPL,0.7612880006758254
2025-09-08,54.0,AAPL,AAPL,1.8741407604620317
2025-09-15,41.0,AAPL,AAPL,0.7612880006758254
2025-09-22,44.0,AAPL,AAPL,1.0181001760111037
2025-09-29,36.0,AAPL,AAPL,0.3332677084503613
2025-10-06,31.0,AAPL,AAPL,-0.09475258377510268
2025-10-13,30.0,AAPL,AAPL,-0.18035664222019548
2025-10-20,39.0,AAPL,AAPL,0.5900798837856397
2025-10-27,50.0,AAPL,AAPL,1.5317245266816606
2025-11-03,33.0,AAPL,AAPL,0.07645553311508292
2025-11-10,33.0,AAPL,AAPL,0.07645553311508292
2025-11-17,30.0,AAPL,AAPL,-0.18035664222019548
2025-11-24,26.0,AAPL,AAPL,-0.5227728760005667
2025-12-01,31.0,AAPL,AAPL,-0.09475258377510268
2025-12-08,20.0,AAPL,AAPL,-1.0363972266711234
2025-12-15,17.0,AAPL,AAPL,-1.2932094020064018
2025-12-22,14.0,AAPL,AAPL,-1.5500215773416803
2020-12-21,1.0,AAPL,Apple earnings,-0.3623121418614509
2020-12-28,1.0,AAPL,Apple earnings,-0.3623121418614509
2021-01-04,2.0,AAPL,Apple earnings,-0.2640452876505812
2021-01-11,3.0,AAPL,Apple earnings,-0.1657784334397115
2021-01-18,7.0,AAPL,Apple earnings,0.22728898340376733
2021-01-25,23.0,AAPL,Apple earnings,1.7995586507776826
2021-02-01,3.0,AAPL,Apple earnings,-0.1657784334397115
2021-02-08,1.0,AAPL,Apple earnings,-0.3623121418614509
2021-02-15,1.0,AAPL,Apple earnings,-0.3623121418614509
2021-02-22,1.0,AAPL,Apple earnings,-0.3623121418614509
2021-03-01,1.0,AAPL,Apple earnings,-0.3623121418614509
2021-03-08,1.0,AAPL,Apple earnings,-0.3623121418614509
2021-03-15,1.0,AAPL,Apple earnings,-0.3623121418614509
2021-03-22,1.0,AAPL,Apple earnings,-0.3623121418614509
2021-03-29,1.0,AAPL,Apple earnings,-0.3623121418614509
2021-04-05,2.0,AAPL,Apple earnings,-0.2640452876505812
2021-04-12,2.0,AAPL,Apple earnings,-0.2640452876505812
2021-04-19,3.0,AAPL,Apple earnings,-0.1657784334397115
2021-04-26,13.0,AAPL,Apple earnings,0.8168901086689855
2021-05-03,1.0,AAPL,Apple earnings,-0.3623121418614509
2021-05-10,1.0,AAPL,Apple earnings,-0.3623121418614509
2021-05-17,1.0,AAPL,Apple earnings,-0.3623121418614509
2021-05-24,1.0,AAPL,Apple earnings,-0.3623121418614509
2021-05-31,1.0,AAPL,Apple earnings,-0.3623121418614509
2021-06-07,1.0,AAPL,Apple earnings,-0.3623121418614509
2021-06-14,1.0,AAPL,Apple earnings,-0.3623121418614509
2021-06-21,1.0,AAPL,Apple earnings,-0.3623121418614509
2021-06-28,1.0,AAPL,Apple earnings,-0.3623121418614509
2021-07-05,1.0,AAPL,Apple earnings,-0.3623121418614509
2021-07-12,2.0,AAPL,Apple earnings,-0.2640452876505812
2021-07-19,3.0,AAPL,Apple earnings,-0.1657784334397115
2021-07-26,11.0,AAPL,Apple earnings,0.6203564002472461
2021-08-02,1.0,AAPL,Apple earnings,-0.3623121418614509
2021-08-09,1.0,AAPL,Apple earnings,-0.3623121418614509
2021-08-16,1.0,AAPL,Apple earnings,-0.3623121418614509
2021-08-23,1.0,AAPL,Apple earnings,-0.3623121418614509
2021-08-30,1.0,AAPL,Apple earnings,-0.3623121418614509
2021-09-06,1.0,AAPL,Apple earnings,-0.3623121418614509
2021-09-13,1.0,AAPL,Apple earnings,-0.3623121418614509
2021-09-20,1.0,AAPL,Apple earnings,-0.3623121418614509
2021-09-27,1.0,AAPL,Apple earnings,-0.3623121418614509
2021-10-04,1.0,AAPL,Apple earnings,-0.3623121418614509
2021-10-11,1.0,AAPL,Apple earnings,-0.3623121418614509
2021-10-18,3.0,AAPL,Apple earnings,-0.1657784334397115
2021-10-25,11.0,AAPL,Apple earnings,0.6203564002472461
2021-11-01,1.0,AAPL,Apple earnings,-0.3623121418614509
2021-11-08,1.0,AAPL,Apple earnings,-0.3623121418614509
2021-11-15,1.0,AAPL,Apple earnings,-0.3623121418614509
2021-11-22,1.0,AAPL,Apple earnings,-0.3623121418614509
2021-11-29,1.0,AAPL,Apple earnings,-0.3623121418614509
2021-12-06,1.0,AAPL,Apple earnings,-0.3623121418614509
2021-12-13,1.0,AAPL,Apple earnings,-0.3623121418614509
2021-12-20,1.0,AAPL,Apple earnings,-0.3623121418614509
2021-12-27,1.0,AAPL,Apple earnings,-0.3623121418614509
2022-01-03,1.0,AAPL,Apple earnings,-0.3623121418614509
2022-01-10,1.0,AAPL,Apple earnings,-0.3623121418614509
2022-01-17,2.0,AAPL,Apple earnings,-0.2640452876505812
2022-01-24,15.0,AAPL,Apple earnings,1.0134238170907248
2022-01-31,3.0,AAPL,Apple earnings,-0.1657784334397115
2022-02-07,1.0,AAPL,Apple earnings,-0.3623121418614509
2022-02-14,1.0,AAPL,Apple earnings,-0.3623121418614509
2022-02-21,1.0,AAPL,Apple earnings,-0.3623121418614509
2022-02-28,1.0,AAPL,Apple earnings,-0.3623121418614509
2022-03-07,1.0,AAPL,Apple earnings,-0.3623121418614509
2022-03-14,1.0,AAPL,Apple earnings,-0.3623121418614509
2022-03-21,1.0,AAPL,Apple earnings,-0.3623121418614509
2022-03-28,1.0,AAPL,Apple earnings,-0.3623121418614509
2022-04-04,1.0,AAPL,Apple earnings,-0.3623121418614509
2022-04-11,1.0,AAPL,Apple earnings,-0.3623121418614509
2022-04-18,3.0,AAPL,Apple earnings,-0.1657784334397115
2022-04-25,17.0,AAPL,Apple earnings,1.2099575255124644
2022-05-02,2.0,AAPL,Apple earnings,-0.2640452876505812
2022-05-09,1.0,AAPL,Apple earnings,-0.3623121418614509
2022-05-16,1.0,AAPL,Apple earnings,-0.3623121418614509
2022-05-23,1.0,AAPL,Apple earnings,-0.3623121418614509
2022-05-30,1.0,AAPL,Apple earnings,-0.3623121418614509
2022-06-06,1.0,AAPL,Apple earnings,-0.3623121418614509
2022-06-13,1.0,AAPL,Apple earnings,-0.3623121418614509
2022-06-20,1.0,AAPL,Apple earnings,-0.3623121418614509
2022-06-27,1.0,AAPL,Apple earnings,-0.3623121418614509
2022-07-04,1.0,AAPL,Apple earnings,-0.3623121418614509
2022-07-11,2.0,AAPL,Apple earnings,-0.2640452876505812
2022-07-18,3.0,AAPL,Apple earnings,-0.1657784334397115
2022-07-25,14.0,AAPL,Apple earnings,0.9151569628798553
2022-08-01,2.0,AAPL,Apple earnings,-0.2640452876505812
2022-08-08,1.0,AAPL,Apple earnings,-0.3623121418614509
2022-08-15,1.0,AAPL,Apple earnings,-0.3623121418614509
2022-08-22,1.0,AAPL,Apple earnings,-0.3623121418614509
2022-08-29,1.0,AAPL,Apple earnings,-0.3623121418614509
2022-09-05,1.0,AAPL,Apple earnings,-0.3623121418614509
2022-09-12,1.0,AAPL,Apple earnings,-0.3623121418614509
2022-09-19,1.0,AAPL,Apple earnings,-0.3623121418614509
2022-09-26,1.0,AAPL,Apple earnings,-0.3623121418614509
2022-10-03,1.0,AAPL,Apple earnings,-0.3623121418614509
2022-10-10,1.0,AAPL,Apple earnings,-0.3623121418614509
2022-10-17,3.0,AAPL,Apple earnings,-0.1657784334397115
2022-10-24,17.0,AAPL,Apple earnings,1.2099575255124644
2022-10-31,2.0,AAPL,Apple earnings,-0.2640452876505812
2022-11-07,1.0,AAPL,Apple earnings,-0.3623121418614509
2022-11-14,1.0,AAPL,Apple earnings,-0.3623121418614509
2022-11-21,1.0,AAPL,Apple earnings,-0.3623121418614509
2022-11-28,1.0,AAPL,Apple earnings,-0.3623121418614509
2022-12-05,1.0,AAPL,Apple earnings,-0.3623121418614509
2022-12-12,1.0,AAPL,Apple earnings,-0.3623121418614509
2022-12-19,1.0,AAPL,Apple earnings,-0.3623121418614509
2022-12-26,1.0,AAPL,Apple earnings,-0.3623121418614509
2023-01-02,1.0,AAPL,Apple earnings,-0.3623121418614509
2023-01-09,1.0,AAPL,Apple earnings,-0.3623121418614509
2023-01-16,2.0,AAPL,Apple earnings,-0.2640452876505812
2023-01-23,3.0,AAPL,Apple earnings,-0.1657784334397115
2023-01-30,16.0,AAPL,Apple earnings,1.1116906713015946
2023-02-06,1.0,AAPL,Apple earnings,-0.3623121418614509
2023-02-13,1.0,AAPL,Apple earnings,-0.3623121418614509
2023-02-20,1.0,AAPL,Apple earnings,-0.3623121418614509
2023-02-27,1.0,AAPL,Apple earnings,-0.3623121418614509
2023-03-06,1.0,AAPL,Apple earnings,-0.3623121418614509
2023-03-13,1.0,AAPL,Apple earnings,-0.3623121418614509
2023-03-20,1.0,AAPL,Apple earnings,-0.3623121418614509
2023-03-27,1.0,AAPL,Apple earnings,-0.3623121418614509
2023-04-03,1.0,AAPL,Apple earnings,-0.3623121418614509
2023-04-10,1.0,AAPL,Apple earnings,-0.3623121418614509
2023-04-17,2.0,AAPL,Apple earnings,-0.2640452876505812
2023-04-24,5.0,AAPL,Apple earnings,0.03075527498202792
2023-05-01,15.0,AAPL,Apple earnings,1.0134238170907248
2023-05-08,1.0,AAPL,Apple earnings,-0.3623121418614509
2023-05-15,1.0,AAPL,Apple earnings,-0.3623121418614509
2023-05-22,1.0,AAPL,Apple earnings,-0.3623121418614509
2023-05-29,1.0,AAPL,Apple earnings,-0.3623121418614509
2023-06-05,1.0,AAPL,Apple earnings,-0.3623121418614509
2023-06-12,1.0,AAPL,Apple earnings,-0.3623121418614509
2023-06-19,1.0,AAPL,Apple earnings,-0.3623121418614509
2023-06-26,1.0,AAPL,Apple earnings,-0.3623121418614509
2023-07-03,1.0,AAPL,Apple earnings,-0.3623121418614509
2023-07-10,1.0,AAPL,Apple earnings,-0.3623121418614509
2023-07-17,2.0,AAPL,Apple earnings,-0.2640452876505812
2023-07-24,3.0,AAPL,Apple earnings,-0.1657784334397115
2023-07-31,15.0,AAPL,Apple earnings,1.0134238170907248
2023-08-07,2.0,AAPL,Apple earnings,-0.2640452876505812
2023-08-14,1.0,AAPL,Apple earnings,-0.3623121418614509
2023-08-21,1.0,AAPL,Apple earnings,-0.3623121418614509
2023-08-28,1.0,AAPL,Apple earnings,-0.3623121418614509
2023-09-04,1.0,AAPL,Apple earnings,-0.3623121418614509
2023-09-11,1.0,AAPL,Apple earnings,-0.3623121418614509
2023-09-18,1.0,AAPL,Apple earnings,-0.3623121418614509
2023-09-25,1.0,AAPL,Apple earnings,-0.3623121418614509
2023-10-02,1.0,AAPL,Apple earnings,-0.3623121418614509
2023-10-09,1.0,AAPL,Apple earnings,-0.3623121418614509
2023-10-16,1.0,AAPL,Apple earnings,-0.3623121418614509
2023-10-23,3.0,AAPL,Apple earnings,-0.1657784334397115
2023-10-30,12.0,AAPL,Apple earnings,0.7186232544581159
2023-11-06,1.0,AAPL,Apple earnings,-0.3623121418614509
2023-11-13,1.0,AAPL,Apple earnings,-0.3623121418614509
2023-11-20,1.0,AAPL,Apple earnings,-0.3623121418614509
2023-11-27,1.0,AAPL,Apple earnings,-0.3623121418614509
2023-12-04,1.0,AAPL,Apple earnings,-0.3623121418614509
2023-12-11,1.0,AAPL,Apple earnings,-0.3623121418614509
2023-12-18,1.0,AAPL,Apple earnings,-0.3623121418614509
2023-12-25,1.0,AAPL,Apple earnings,-0.3623121418614509
2024-01-01,1.0,AAPL,Apple earnings,-0.3623121418614509
2024-01-08,1.0,AAPL,Apple earnings,-0.3623121418614509
2024-01-15,1.0,AAPL,Apple earnings,-0.3623121418614509
2024-01-22,2.0,AAPL,Apple earnings,-0.2640452876505812
2024-01-29,12.0,AAPL,Apple earnings,0.7186232544581159
2024-02-05,2.0,AAPL,Apple earnings,-0.2640452876505812
2024-02-12,1.0,AAPL,Apple earnings,-0.3623121418614509
2024-02-19,2.0,AAPL,Apple earnings,-0.2640452876505812
2024-02-26,2.0,AAPL,Apple earnings,-0.2640452876505812
2024-03-04,2.0,AAPL,Apple earnings,-0.2640452876505812
2024-03-11,1.0,AAPL,Apple earnings,-0.3623121418614509
2024-03-18,1.0,AAPL,Apple earnings,-0.3623121418614509
2024-03-25,1.0,AAPL,Apple earnings,-0.3623121418614509
2024-04-01,1.0,AAPL,Apple earnings,-0.3623121418614509
2024-04-08,1.0,AAPL,Apple earnings,-0.3623121418614509
2024-04-15,2.0,AAPL,Apple earnings,-0.2640452876505812
2024-04-22,4.0,AAPL,Apple earnings,-0.06751157922884178
2024-04-29,14.0,AAPL,Apple earnings,0.9151569628798553
2024-05-06,2.0,AAPL,Apple earnings,-0.2640452876505812
2024-05-13,1.0,AAPL,Apple earnings,-0.3623121418614509
2024-05-20,1.0,AAPL,Apple earnings,-0.3623121418614509
2024-05-27,1.0,AAPL,Apple earnings,-0.3623121418614509
2024-06-03,1.0,AAPL,Apple earnings,-0.3623121418614509
2024-06-10,1.0,AAPL,Apple earnings,-0.3623121418614509
2024-06-17,1.0,AAPL,Apple earnings,-0.3623121418614509
2024-06-24,1.0,AAPL,Apple earnings,-0.3623121418614509
2024-07-01,1.0,AAPL,Apple earnings,-0.3623121418614509
2024-07-08,1.0,AAPL,Apple earnings,-0.3623121418614509
2024-07-15,2.0,AAPL,Apple earnings,-0.2640452876505812
2024-07-22,3.0,AAPL,Apple earnings,-0.1657784334397115
2024-07-29,11.0,AAPL,Apple earnings,0.6203564002472461
2024-08-05,2.0,AAPL,Apple earnings,-0.2640452876505812
2024-08-12,1.0,AAPL,Apple earnings,-0.3623121418614509
2024-08-19,1.0,AAPL,Apple earnings,-0.3623121418614509
2024-08-26,1.0,AAPL,Apple earnings,-0.3623121418614509
2024-09-02,1.0,AAPL,Apple earnings,-0.3623121418614509
2024-09-09,1.0,AAPL,Apple earnings,-0.3623121418614509
2024-09-16,1.0,AAPL,Apple earnings,-0.3623121418614509
2024-09-23,1.0,AAPL,Apple earnings,-0.3623121418614509
2024-09-30,1.0,AAPL,Apple earnings,-0.3623121418614509
2024-10-07,1.0,AAPL,Apple earnings,-0.3623121418614509
2024-10-14,2.0,AAPL,Apple earnings,-0.2640452876505812
2024-10-21,3.0,AAPL,Apple earnings,-0.1657784334397115
2024-10-28,10.0,AAPL,Apple earnings,0.5220895460363765
2024-11-04,1.0,AAPL,Apple earnings,-0.3623121418614509
2024-11-11,1.0,AAPL,Apple earnings,-0.3623121418614509
2024-11-18,1.0,AAPL,Apple earnings,-0.3623121418614509
2024-11-25,1.0,AAPL,Apple earnings,-0.3623121418614509
2024-12-02,1.0,AAPL,Apple earnings,-0.3623121418614509
2024-12-09,1.0,AAPL,Apple earnings,-0.3623121418614509
2024-12-16,1.0,AAPL,Apple earnings,-0.3623121418614509
2024-12-23,1.0,AAPL,Apple earnings,-0.3623121418614509
2024-12-30,1.0,AAPL,Apple earnings,-0.3623121418614509
2025-01-06,1.0,AAPL,Apple earnings,-0.3623121418614509
2025-01-13,1.0,AAPL,Apple earnings,-0.3623121418614509
2025-01-20,2.0,AAPL,Apple earnings,-0.2640452876505812
2025-01-27,13.0,AAPL,Apple earnings,0.8168901086689855
2025-02-03,3.0,AAPL,Apple earnings,-0.1657784334397115
2025-02-10,1.0,AAPL,Apple earnings,-0.3623121418614509
2025-02-17,1.0,AAPL,Apple earnings,-0.3623121418614509
2025-02-24,1.0,AAPL,Apple earnings,-0.3623121418614509
2025-03-03,1.0,AAPL,Apple earnings,-0.3623121418614509
2025-03-10,1.0,AAPL,Apple earnings,-0.3623121418614509
2025-03-17,1.0,AAPL,Apple earnings,-0.3623121418614509
2025-03-24,1.0,AAPL,Apple earnings,-0.3623121418614509
2025-03-31,1.0,AAPL,Apple earnings,-0.3623121418614509
2025-04-07,1.0,AAPL,Apple earnings,-0.3623121418614509
2025-04-14,1.0,AAPL,Apple earnings,-0.3623121418614509
2025-04-21,2.0,AAPL,Apple earnings,-0.2640452876505812
2025-04-28,11.0,AAPL,Apple earnings,0.6203564002472461
2025-05-05,1.0,AAPL,Apple earnings,-0.3623121418614509
2025-05-12,1.0,AAPL,Apple earnings,-0.3623121418614509
2025-05-19,1.0,AAPL,Apple earnings,-0.3623121418614509
2025-05-26,1.0,AAPL,Apple earnings,-0.3623121418614509
2025-06-02,1.0,AAPL,Apple earnings,-0.3623121418614509
2025-06-09,1.0,AAPL,Apple earnings,-0.3623121418614509
2025-06-16,2.0,AAPL,Apple earnings,-0.2640452876505812
2025-06-23,2.0,AAPL,Apple earnings,-0.2640452876505812
2025-06-30,2.0,AAPL,Apple earnings,-0.2640452876505812
2025-07-07,2.0,AAPL,Apple earnings,-0.2640452876505812
2025-07-14,4.0,AAPL,Apple earnings,-0.06751157922884178
2025-07-21,9.0,AAPL,Apple earnings,0.42382269182550675
2025-07-28,36.0,AAPL,Apple earnings,3.077027755518989
2025-08-04,37.0,AAPL,Apple earnings,3.1752946097298587
2025-08-11,45.0,AAPL,Apple earnings,3.961429443416816
2025-08-18,33.0,AAPL,Apple earnings,2.7822271928863795
2025-08-25,34.0,AAPL,Apple earnings,2.8804940470972493
2025-09-01,24.0,AAPL,Apple earnings,1.8978255049885522
2025-09-08,39.0,AAPL,Apple earnings,3.371828318151598
2025-09-15,28.0,AAPL,Apple earnings,2.290892921832031
2025-09-22,31.0,AAPL,Apple earnings,2.5856934844646404
2025-09-29,25.0,AAPL,Apple earnings,1.996092359199422
2025-10-06,20.0,AAPL,Apple earnings,1.5047580881450735
2025-10-13,23.0,AAPL,Apple earnings,1.7995586507776826
2025-10-20,39.0,AAPL,Apple earnings,3.371828318151598
2025-10-27,100.0,AAPL,Apple earnings,9.366106425014651
2025-11-03,50.0,AAPL,Apple earnings,4.452763714471165
2025-11-10,22.0,AAPL,Apple earnings,1.7012917965668128
2025-11-17,30.0,AAPL,Apple earnings,2.4874266302537706
2025-11-24,21.0,AAPL,Apple earnings,1.603024942355943
2025-12-01,19.0,AAPL,Apple earnings,1.4064912339342037
2025-12-08,7.0,AAPL,Apple earnings,0.22728898340376733
2025-12-15,5.0,AAPL,Apple earnings,0.03075527498202792
2025-12-22,5.0,AAPL,Apple earnings,0.03075527498202792
2020-12-21,2.0,AAPL,Apple earnings date,-0.3436623921427015
2020-12-28,3.0,AAPL,Apple earnings date,-0.2644719376647879
2021-01-04,6.0,AAPL,Apple earnings date,-0.026900574231046984
2021-01-11,8.0,AAPL,Apple earnings date,0.13148033472478027
2021-01-18,21.0,AAPL,Apple earnings date,1.1609562429376574
2021-01-25,37.0,AAPL,Apple earnings date,2.4280035145842755
2021-02-01,5.0,AAPL,Apple earnings date,-0.10609102870896062
2021-02-08,3.0,AAPL,Apple earnings date,-0.2644719376647879
2021-02-15,1.0,AAPL,Apple earnings date,-0.4228528466206151
2021-02-22,2.0,AAPL,Apple earnings date,-0.3436623921427015
2021-03-01,2.0,AAPL,Apple earnings date,-0.3436623921427015
2021-03-08,2.0,AAPL,Apple earnings date,-0.3436623921427015
2021-03-15,2.0,AAPL,Apple earnings date,-0.3436623921427015
2021-03-22,2.0,AAPL,Apple earnings date,-0.3436623921427015
2021-03-29,2.0,AAPL,Apple earnings date,-0.3436623921427015
2021-04-05,5.0,AAPL,Apple earnings date,-0.10609102870896062
2021-04-12,7.0,AAPL,Apple earnings date,0.05228988024686665
2021-04-19,9.0,AAPL,Apple earnings date,0.21067078920269391
2021-04-26,17.0,AAPL,Apple earnings date,0.844194425026003
2021-05-03,1.0,AAPL,Apple earnings date,-0.4228528466206151
2021-05-10,1.0,AAPL,Apple earnings date,-0.4228528466206151
2021-05-17,1.0,AAPL,Apple earnings date,-0.4228528466206151
2021-05-24,0.0,AAPL,Apple earnings date,-0.5020433010985288
2021-05-31,1.0,AAPL,Apple earnings date,-0.4228528466206151
2021-06-07,1.0,AAPL,Apple earnings date,-0.4228528466206151
2021-06-14,1.0,AAPL,Apple earnings date,-0.4228528466206151
2021-06-21,2.0,AAPL,Apple earnings date,-0.3436623921427015
2021-06-28,3.0,AAPL,Apple earnings date,-0.2644719376647879
2021-07-05,3.0,AAPL,Apple earnings date,-0.2644719376647879
2021-07-12,6.0,AAPL,Apple earnings date,-0.026900574231046984
2021-07-19,8.0,AAPL,Apple earnings date,0.13148033472478027
2021-07-26,12.0,AAPL,Apple earnings date,0.4482421526364348
2021-08-02,2.0,AAPL,Apple earnings date,-0.3436623921427015
2021-08-09,1.0,AAPL,Apple earnings date,-0.4228528466206151
2021-08-16,1.0,AAPL,Apple earnings date,-0.4228528466206151
2021-08-23,0.0,AAPL,Apple earnings date,-0.5020433010985288
2021-08-30,0.0,AAPL,Apple earnings date,-0.5020433010985288
2021-09-06,0.0,AAPL,Apple earnings date,-0.5020433010985288
2021-09-13,1.0,AAPL,Apple earnings date,-0.4228528466206151
2021-09-20,0.0,AAPL,Apple earnings date,-0.5020433010985288
2021-09-27,1.0,AAPL,Apple earnings date,-0.4228528466206151
2021-10-04,2.0,AAPL,Apple earnings date,-0.3436623921427015
2021-10-11,3.0,AAPL,Apple earnings date,-0.2644719376647879
2021-10-18,7.0,AAPL,Apple earnings date,0.05228988024686665
2021-10-25,16.0,AAPL,Apple earnings date,0.7650039705480892
2021-11-01,2.0,AAPL,Apple earnings date,-0.3436623921427015
2021-11-08,1.0,AAPL,Apple earnings date,-0.4228528466206151
2021-11-15,1.0,AAPL,Apple earnings date,-0.4228528466206151
2021-11-22,0.0,AAPL,Apple earnings date,-0.5020433010985288
2021-11-29,1.0,AAPL,Apple earnings date,-0.4228528466206151
2021-12-06,1.0,AAPL,Apple earnings date,-0.4228528466206151
2021-12-13,1.0,AAPL,Apple earnings date,-0.4228528466206151
2021-12-20,0.0,AAPL,Apple earnings date,-0.5020433010985288
2021-12-27,2.0,AAPL,Apple earnings date,-0.3436623921427015
2022-01-03,2.0,AAPL,Apple earnings date,-0.3436623921427015
2022-01-10,4.0,AAPL,Apple earnings date,-0.18528148318687424
2022-01-17,7.0,AAPL,Apple earnings date,0.05228988024686665
2022-01-24,17.0,AAPL,Apple earnings date,0.844194425026003
2022-01-31,4.0,AAPL,Apple earnings date,-0.18528148318687424
2022-02-07,1.0,AAPL,Apple earnings date,-0.4228528466206151
2022-02-14,1.0,AAPL,Apple earnings date,-0.4228528466206151
2022-02-21,1.0,AAPL,Apple earnings date,-0.4228528466206151
2022-02-28,1.0,AAPL,Apple earnings date,-0.4228528466206151
2022-03-07,1.0,AAPL,Apple earnings date,-0.4228528466206151
2022-03-14,1.0,AAPL,Apple earnings date,-0.4228528466206151
2022-03-21,1.0,AAPL,Apple earnings date,-0.4228528466206151
2022-03-28,2.0,AAPL,Apple earnings date,-0.3436623921427015
2022-04-04,2.0,AAPL,Apple earnings date,-0.3436623921427015
2022-04-11,3.0,AAPL,Apple earnings date,-0.2644719376647879
2022-04-18,9.0,AAPL,Apple earnings date,0.21067078920269391
2022-04-25,18.0,AAPL,Apple earnings date,0.9233848795039166
2022-05-02,2.0,AAPL,Apple earnings date,-0.3436623921427015
2022-05-09,1.0,AAPL,Apple earnings date,-0.4228528466206151
2022-05-16,1.0,AAPL,Apple earnings date,-0.4228528466206151
2022-05-23,2.0,AAPL,Apple earnings date,-0.3436623921427015
2022-05-30,1.0,AAPL,Apple earnings date,-0.4228528466206151
2022-06-06,1.0,AAPL,Apple earnings date,-0.4228528466206151
2022-06-13,1.0,AAPL,Apple earnings date,-0.4228528466206151
2022-06-20,2.0,AAPL,Apple earnings date,-0.3436623921427015
2022-06-27,2.0,AAPL,Apple earnings date,-0.3436623921427015
2022-07-04,2.0,AAPL,Apple earnings date,-0.3436623921427015
2022-07-11,4.0,AAPL,Apple earnings date,-0.18528148318687424
2022-07-18,8.0,AAPL,Apple earnings date,0.13148033472478027
2022-07-25,15.0,AAPL,Apple earnings date,0.6858135160701756
2022-08-01,2.0,AAPL,Apple earnings date,-0.3436623921427015
2022-08-08,1.0,AAPL,Apple earnings date,-0.4228528466206151
2022-08-15,1.0,AAPL,Apple earnings date,-0.4228528466206151
2022-08-22,1.0,AAPL,Apple earnings date,-0.4228528466206151
2022-08-29,0.0,AAPL,Apple earnings date,-0.5020433010985288
2022-09-05,0.0,AAPL,Apple earnings date,-0.5020433010985288
2022-09-12,1.0,AAPL,Apple earnings date,-0.4228528466206151
2022-09-19,1.0,AAPL,Apple earnings date,-0.4228528466206151
2022-09-26,2.0,AAPL,Apple earnings date,-0.3436623921427015
2022-10-03,1.0,AAPL,Apple earnings date,-0.4228528466206151
2022-10-10,3.0,AAPL,Apple earnings date,-0.2644719376647879
2022-10-17,7.0,AAPL,Apple earnings date,0.05228988024686665
2022-10-24,16.0,AAPL,Apple earnings date,0.7650039705480892
2022-10-31,1.0,AAPL,Apple earnings date,-0.4228528466206151
2022-11-07,1.0,AAPL,Apple earnings date,-0.4228528466206151
2022-11-14,1.0,AAPL,Apple earnings date,-0.4228528466206151
2022-11-21,0.0,AAPL,Apple earnings date,-0.5020433010985288
2022-11-28,1.0,AAPL,Apple earnings date,-0.4228528466206151
2022-12-05,1.0,AAPL,Apple earnings date,-0.4228528466206151
2022-12-12,1.0,AAPL,Apple earnings date,-0.4228528466206151
2022-12-19,1.0,AAPL,Apple earnings date,-0.4228528466206151
2022-12-26,1.0,AAPL,Apple earnings date,-0.4228528466206151
2023-01-02,3.0,AAPL,Apple earnings date,-0.2644719376647879
2023-01-09,2.0,AAPL,Apple earnings date,-0.3436623921427015
2023-01-16,4.0,AAPL,Apple earnings date,-0.18528148318687424
2023-01-23,9.0,AAPL,Apple earnings date,0.21067078920269391
2023-01-30,14.0,AAPL,Apple earnings date,0.6066230615922621
2023-02-06,1.0,AAPL,Apple earnings date,-0.4228528466206151
2023-02-13,1.0,AAPL,Apple earnings date,-0.4228528466206151
2023-02-20,1.0,AAPL,Apple earnings date,-0.4228528466206151
2023-02-27,1.0,AAPL,Apple earnings date,-0.4228528466206151
2023-03-06,1.0,AAPL,Apple earnings date,-0.4228528466206151
2023-03-13,1.0,AAPL,Apple earnings date,-0.4228528466206151
2023-03-20,1.0,AAPL,Apple earnings date,-0.4228528466206151
2023-03-27,1.0,AAPL,Apple earnings date,-0.4228528466206151
2023-04-03,1.0,AAPL,Apple earnings date,-0.4228528466206151
2023-04-10,3.0,AAPL,Apple earnings date,-0.2644719376647879
2023-04-17,6.0,AAPL,Apple earnings date,-0.026900574231046984
2023-04-24,11.0,AAPL,Apple earnings date,0.3690516981585212
2023-05-01,15.0,AAPL,Apple earnings date,0.6858135160701756
2023-05-08,1.0,AAPL,Apple earnings date,-0.4228528466206151
2023-05-15,1.0,AAPL,Apple earnings date,-0.4228528466206151
2023-05-22,1.0,AAPL,Apple earnings date,-0.4228528466206151
2023-05-29,1.0,AAPL,Apple earnings date,-0.4228528466206151
2023-06-05,1.0,AAPL,Apple earnings date,-0.4228528466206151
2023-06-12,1.0,AAPL,Apple earnings date,-0.4228528466206151
2023-06-19,1.0,AAPL,Apple earnings date,-0.4228528466206151
2023-06-26,1.0,AAPL,Apple earnings date,-0.4228528466206151
2023-07-03,1.0,AAPL,Apple earnings date,-0.4228528466206151
2023-07-10,3.0,AAPL,Apple earnings date,-0.2644719376647879
2023-07-17,5.0,AAPL,Apple earnings date,-0.10609102870896062
2023-07-24,9.0,AAPL,Apple earnings date,0.21067078920269391
2023-07-31,15.0,AAPL,Apple earnings date,0.6858135160701756
2023-08-07,1.0,AAPL,Apple earnings date,-0.4228528466206151
2023-08-14,1.0,AAPL,Apple earnings date,-0.4228528466206151
2023-08-21,1.0,AAPL,Apple earnings date,-0.4228528466206151
2023-08-28,1.0,AAPL,Apple earnings date,-0.4228528466206151
2023-09-04,1.0,AAPL,Apple earnings date,-0.4228528466206151
2023-09-11,1.0,AAPL,Apple earnings date,-0.4228528466206151
2023-09-18,1.0,AAPL,Apple earnings date,-0.4228528466206151
2023-09-25,1.0,AAPL,Apple earnings date,-0.4228528466206151
2023-10-02,1.0,AAPL,Apple earnings date,-0.4228528466206151
2023-10-09,2.0,AAPL,Apple earnings date,-0.3436623921427015
2023-10-16,3.0,AAPL,Apple earnings date,-0.2644719376647879
2023-10-23,6.0,AAPL,Apple earnings date,-0.026900574231046984
2023-10-30,11.0,AAPL,Apple earnings date,0.3690516981585212
2023-11-06,1.0,AAPL,Apple earnings date,-0.4228528466206151
2023-11-13,1.0,AAPL,Apple earnings date,-0.4228528466206151
2023-11-20,1.0,AAPL,Apple earnings date,-0.4228528466206151
2023-11-27,1.0,AAPL,Apple earnings date,-0.4228528466206151
2023-12-04,1.0,AAPL,Apple earnings date,-0.4228528466206151
2023-12-11,1.0,AAPL,Apple earnings date,-0.4228528466206151
2023-12-18,0.0,AAPL,Apple earnings date,-0.5020433010985288
2023-12-25,1.0,AAPL,Apple earnings date,-0.4228528466206151
2024-01-01,1.0,AAPL,Apple earnings date,-0.4228528466206151
2024-01-08,2.0,AAPL,Apple earnings date,-0.3436623921427015
2024-01-15,3.0,AAPL,Apple earnings date,-0.2644719376647879
2024-01-22,5.0,AAPL,Apple earnings date,-0.10609102870896062
2024-01-29,13.0,AAPL,Apple earnings date,0.5274326071143485
2024-02-05,3.0,AAPL,Apple earnings date,-0.2644719376647879
2024-02-12,2.0,AAPL,Apple earnings date,-0.3436623921427015
2024-02-19,2.0,AAPL,Apple earnings date,-0.3436623921427015
2024-02-26,3.0,AAPL,Apple earnings date,-0.2644719376647879
2024-03-04,2.0,AAPL,Apple earnings date,-0.3436623921427015
2024-03-11,1.0,AAPL,Apple earnings date,-0.4228528466206151
2024-03-18,1.0,AAPL,Apple earnings date,-0.4228528466206151
2024-03-25,2.0,AAPL,Apple earnings date,-0.3436623921427015
2024-04-01,3.0,AAPL,Apple earnings date,-0.2644719376647879
2024-04-08,3.0,AAPL,Apple earnings date,-0.2644719376647879
2024-04-15,4.0,AAPL,Apple earnings date,-0.18528148318687424
2024-04-22,9.0,AAPL,Apple earnings date,0.21067078920269391
2024-04-29,16.0,AAPL,Apple earnings date,0.7650039705480892
2024-05-06,2.0,AAPL,Apple earnings date,-0.3436623921427015
2024-05-13,1.0,AAPL,Apple earnings date,-0.4228528466206151
2024-05-20,2.0,AAPL,Apple earnings date,-0.3436623921427015
2024-05-27,1.0,AAPL,Apple earnings date,-0.4228528466206151
2024-06-03,1.0,AAPL,Apple earnings date,-0.4228528466206151
2024-06-10,2.0,AAPL,Apple earnings date,-0.3436623921427015
2024-06-17,1.0,AAPL,Apple earnings date,-0.4228528466206151
2024-06-24,1.0,AAPL,Apple earnings date,-0.4228528466206151
2024-07-01,2.0,AAPL,Apple earnings date,-0.3436623921427015
2024-07-08,3.0,AAPL,Apple earnings date,-0.2644719376647879
2024-07-15,5.0,AAPL,Apple earnings date,-0.10609102870896062
2024-07-22,6.0,AAPL,Apple earnings date,-0.026900574231046984
2024-07-29,14.0,AAPL,Apple earnings date,0.6066230615922621
2024-08-05,3.0,AAPL,Apple earnings date,-0.2644719376647879
2024-08-12,1.0,AAPL,Apple earnings date,-0.4228528466206151
2024-08-19,1.0,AAPL,Apple earnings date,-0.4228528466206151
2024-08-26,2.0,AAPL,Apple earnings date,-0.3436623921427015
2024-09-02,1.0,AAPL,Apple earnings date,-0.4228528466206151
2024-09-09,1.0,AAPL,Apple earnings date,-0.4228528466206151
2024-09-16,1.0,AAPL,Apple earnings date,-0.4228528466206151
2024-09-23,1.0,AAPL,Apple earnings date,-0.4228528466206151
2024-09-30,1.0,AAPL,Apple earnings date,-0.4228528466206151
2024-10-07,2.0,AAPL,Apple earnings date,-0.3436623921427015
2024-10-14,4.0,AAPL,Apple earnings date,-0.18528148318687424
2024-10-21,6.0,AAPL,Apple earnings date,-0.026900574231046984
2024-10-28,13.0,AAPL,Apple earnings date,0.5274326071143485
2024-11-04,2.0,AAPL,Apple earnings date,-0.3436623921427015
2024-11-11,2.0,AAPL,Apple earnings date,-0.3436623921427015
2024-11-18,1.0,AAPL,Apple earnings date,-0.4228528466206151
2024-11-25,1.0,AAPL,Apple earnings date,-0.4228528466206151
2024-12-02,1.0,AAPL,Apple earnings date,-0.4228528466206151
2024-12-09,1.0,AAPL,Apple earnings date,-0.4228528466206151
2024-12-16,0.0,AAPL,Apple earnings date,-0.5020433010985288
2024-12-23,0.0,AAPL,Apple earnings date,-0.5020433010985288
2024-12-30,1.0,AAPL,Apple earnings date,-0.4228528466206151
2025-01-06,2.0,AAPL,Apple earnings date,-0.3436623921427015
2025-01-13,3.0,AAPL,Apple earnings date,-0.2644719376647879
2025-01-20,7.0,AAPL,Apple earnings date,0.05228988024686665
2025-01-27,14.0,AAPL,Apple earnings date,0.6066230615922621
2025-02-03,4.0,AAPL,Apple earnings date,-0.18528148318687424
2025-02-10,2.0,AAPL,Apple earnings date,-0.3436623921427015
2025-02-17,1.0,AAPL,Apple earnings date,-0.4228528466206151
2025-02-24,1.0,AAPL,Apple earnings date,-0.4228528466206151
2025-03-03,0.0,AAPL,Apple earnings date,-0.5020433010985288
2025-03-10,0.0,AAPL,Apple earnings date,-0.5020433010985288
2025-03-17,1.0,AAPL,Apple earnings date,-0.4228528466206151
2025-03-24,1.0,AAPL,Apple earnings date,-0.4228528466206151
2025-03-31,1.0,AAPL,Apple earnings date,-0.4228528466206151
2025-04-07,2.0,AAPL,Apple earnings date,-0.3436623921427015
2025-04-14,3.0,AAPL,Apple earnings date,-0.2644719376647879
2025-04-21,5.0,AAPL,Apple earnings date,-0.10609102870896062
2025-04-28,11.0,AAPL,Apple earnings date,0.3690516981585212
2025-05-05,2.0,AAPL,Apple earnings date,-0.3436623921427015
2025-05-12,1.0,AAPL,Apple earnings date,-0.4228528466206151
2025-05-19,1.0,AAPL,Apple earnings date,-0.4228528466206151
2025-05-26,2.0,AAPL,Apple earnings date,-0.3436623921427015
2025-06-02,1.0,AAPL,Apple earnings date,-0.4228528466206151
2025-06-09,1.0,AAPL,Apple earnings date,-0.4228528466206151
2025-06-16,1.0,AAPL,Apple earnings date,-0.4228528466206151
2025-06-23,2.0,AAPL,Apple earnings date,-0.3436623921427015
2025-06-30,2.0,AAPL,Apple earnings date,-0.3436623921427015
2025-07-07,2.0,AAPL,Apple earnings date,-0.3436623921427015
2025-07-14,7.0,AAPL,Apple earnings date,0.05228988024686665
2025-07-21,16.0,AAPL,Apple earnings date,0.7650039705480892
2025-07-28,45.0,AAPL,Apple earnings date,3.061527150407585
2025-08-04,57.0,AAPL,Apple earnings date,4.011812604142548
2025-08-11,65.0,AAPL,Apple earnings date,4.645336239965857
2025-08-18,50.0,AAPL,Apple earnings date,3.457479422797153
2025-08-25,55.0,AAPL,Apple earnings date,3.853431695186721
2025-09-01,41.0,AAPL,Apple earnings date,2.7447653324959305
2025-09-08,59.0,AAPL,Apple earnings date,4.170193513098376
2025-09-15,35.0,AAPL,Apple earnings date,2.2696226056284483
2025-09-22,37.0,AAPL,Apple earnings date,2.4280035145842755
2025-09-29,35.0,AAPL,Apple earnings date,2.2696226056284483
2025-10-06,33.0,AAPL,Apple earnings date,2.111241696672621
2025-10-13,39.0,AAPL,Apple earnings date,2.5863844235401032
2025-10-20,62.0,AAPL,Apple earnings date,4.4077648765321165
2025-10-27,100.0,AAPL,Apple earnings date,7.417002146692835
2025-11-03,41.0,AAPL,Apple earnings date,2.7447653324959305
2025-11-10,26.0,AAPL,Apple earnings date,1.5569085153272255
2025-11-17,28.0,AAPL,Apple earnings date,1.7152894242830528
2025-11-24,21.0,AAPL,Apple earnings date,1.1609562429376574
2025-12-01,22.0,AAPL,Apple earnings date,1.240146697415571
2025-12-08,8.0,AAPL,Apple earnings date,0.13148033472478027
2025-12-15,4.0,AAPL,Apple earnings date,-0.18528148318687424
2025-12-22,5.0,AAPL,Apple earnings date,-0.10609102870896062
2020-12-21,57.0,AAPL,Apple stock,1.7295500468781633
2020-12-28,52.0,AAPL,Apple stock,1.3667461139061226
2021-01-04,60.0,AAPL,Apple stock,1.9472324066613877
2021-01-11,60.0,AAPL,Apple stock,1.9472324066613877
2021-01-18,54.0,AAPL,Apple stock,1.5118676870949388
2021-01-25,94.0,AAPL,Apple stock,4.414299150871265
2021-02-01,75.0,AAPL,Apple stock,3.0356442055775097
2021-02-08,55.0,AAPL,Apple stock,1.584428473689347
2021-02-15,48.0,AAPL,Apple stock,1.07650296752849
2021-02-22,65.0,AAPL,Apple stock,2.3100363396334282
2021-03-01,63.0,AAPL,Apple stock,2.1649147664446122
2021-03-08,64.0,AAPL,Apple stock,2.2374755530390202
2021-03-15,52.0,AAPL,Apple stock,1.3667461139061226
2021-03-22,44.0,AAPL,Apple stock,0.7862598211508575
2021-03-29,40.0,AAPL,Apple stock,0.4960166747732249
2021-04-05,42.0,AAPL,Apple stock,0.6411382479620412
2021-04-12,44.0,AAPL,Apple stock,0.7862598211508575
2021-04-19,45.0,AAPL,Apple stock,0.8588206077452656
2021-04-26,53.0,AAPL,Apple stock,1.4393069005005308
2021-05-03,44.0,AAPL,Apple stock,0.7862598211508575
2021-05-10,43.0,AAPL,Apple stock,0.7136990345564493
2021-05-17,36.0,AAPL,Apple stock,0.20577352839559238
2021-05-24,33.0,AAPL,Apple stock,-0.011908831387632055
2021-05-31,30.0,AAPL,Apple stock,-0.22959119117085647
2021-06-07,31.0,AAPL,Apple stock,-0.15703040457644835
2021-06-14,32.0,AAPL,Apple stock,-0.0844696179820402
2021-06-21,32.0,AAPL,Apple stock,-0.0844696179820402
2021-06-28,32.0,AAPL,Apple stock,-0.0844696179820402
2021-07-05,36.0,AAPL,Apple stock,0.20577352839559238
2021-07-12,39.0,AAPL,Apple stock,0.4234558881788168
2021-07-19,39.0,AAPL,Apple stock,0.4234558881788168
2021-07-26,43.0,AAPL,Apple stock,0.7136990345564493
2021-08-02,31.0,AAPL,Apple stock,-0.15703040457644835
2021-08-09,31.0,AAPL,Apple stock,-0.15703040457644835
2021-08-16,34.0,AAPL,Apple stock,0.06065195520677608
2021-08-23,32.0,AAPL,Apple stock,-0.0844696179820402
2021-08-30,35.0,AAPL,Apple stock,0.13321274180118423
2021-09-06,32.0,AAPL,Apple stock,-0.0844696179820402
2021-09-13,39.0,AAPL,Apple stock,0.4234558881788168
2021-09-20,33.0,AAPL,Apple stock,-0.011908831387632055
2021-09-27,31.0,AAPL,Apple stock,-0.15703040457644835
2021-10-04,33.0,AAPL,Apple stock,-0.011908831387632055
2021-10-11,30.0,AAPL,Apple stock,-0.22959119117085647
2021-10-18,33.0,AAPL,Apple stock,-0.011908831387632055
2021-10-25,42.0,AAPL,Apple stock,0.6411382479620412
2021-11-01,35.0,AAPL,Apple stock,0.13321274180118423
2021-11-08,32.0,AAPL,Apple stock,-0.0844696179820402
2021-11-15,37.0,AAPL,Apple stock,0.2783343149900005
2021-11-22,33.0,AAPL,Apple stock,-0.011908831387632055
2021-11-29,41.0,AAPL,Apple stock,0.5685774613676331
2021-12-06,48.0,AAPL,Apple stock,1.07650296752849
2021-12-13,46.0,AAPL,Apple stock,0.9313813943396737
2021-12-20,35.0,AAPL,Apple stock,0.13321274180118423
2021-12-27,39.0,AAPL,Apple stock,0.4234558881788168
2022-01-03,43.0,AAPL,Apple stock,0.7136990345564493
2022-01-10,33.0,AAPL,Apple stock,-0.011908831387632055
2022-01-17,30.0,AAPL,Apple stock,-0.22959119117085647
2022-01-24,54.0,AAPL,Apple stock,1.5118676870949388
2022-01-31,45.0,AAPL,Apple stock,0.8588206077452656
2022-02-07,34.0,AAPL,Apple stock,0.06065195520677608
2022-02-14,33.0,AAPL,Apple stock,-0.011908831387632055
2022-02-21,35.0,AAPL,Apple stock,0.13321274180118423
2022-02-28,32.0,AAPL,Apple stock,-0.0844696179820402
2022-03-07,35.0,AAPL,Apple stock,0.13321274180118423
2022-03-14,34.0,AAPL,Apple stock,0.06065195520677608
2022-03-21,31.0,AAPL,Apple stock,-0.15703040457644835
2022-03-28,33.0,AAPL,Apple stock,-0.011908831387632055
2022-04-04,27.0,AAPL,Apple stock,-0.4472735509540809
2022-04-11,23.0,AAPL,Apple stock,-0.7375166973317134
2022-04-18,29.0,AAPL,Apple stock,-0.3021519777652646
2022-04-25,42.0,AAPL,Apple stock,0.6411382479620412
2022-05-02,35.0,AAPL,Apple stock,0.13321274180118423
2022-05-09,45.0,AAPL,Apple stock,0.8588206077452656
2022-05-16,38.0,AAPL,Apple stock,0.3508951015844086
2022-05-23,34.0,AAPL,Apple stock,0.06065195520677608
2022-05-30,25.0,AAPL,Apple stock,-0.5923951241428972
2022-06-06,30.0,AAPL,Apple stock,-0.22959119117085647
2022-06-13,35.0,AAPL,Apple stock,0.13321274180118423
2022-06-20,26.0,AAPL,Apple stock,-0.5198343375484891
2022-06-27,25.0,AAPL,Apple stock,-0.5923951241428972
2022-07-04,22.0,AAPL,Apple stock,-0.8100774839261216
2022-07-11,24.0,AAPL,Apple stock,-0.6649559107373053
2022-07-18,29.0,AAPL,Apple stock,-0.3021519777652646
2022-07-25,34.0,AAPL,Apple stock,0.06065195520677608
2022-08-01,29.0,AAPL,Apple stock,-0.3021519777652646
2022-08-08,29.0,AAPL,Apple stock,-0.3021519777652646
2022-08-15,31.0,AAPL,Apple stock,-0.15703040457644835
2022-08-22,26.0,AAPL,Apple stock,-0.5198343375484891
2022-08-29,24.0,AAPL,Apple stock,-0.6649559107373053
2022-09-05,28.0,AAPL,Apple stock,-0.37471276435967277
2022-09-12,31.0,AAPL,Apple stock,-0.15703040457644835
2022-09-19,28.0,AAPL,Apple stock,-0.37471276435967277
2022-09-26,35.0,AAPL,Apple stock,0.13321274180118423
2022-10-03,28.0,AAPL,Apple stock,-0.37471276435967277
2022-10-10,25.0,AAPL,Apple stock,-0.5923951241428972
2022-10-17,24.0,AAPL,Apple stock,-0.6649559107373053
2022-10-24,39.0,AAPL,Apple stock,0.4234558881788168
2022-10-31,30.0,AAPL,Apple stock,-0.22959119117085647
2022-11-07,30.0,AAPL,Apple stock,-0.22959119117085647
2022-11-14,25.0,AAPL,Apple stock,-0.5923951241428972
2022-11-21,19.0,AAPL,Apple stock,-1.027759843709346
2022-11-28,26.0,AAPL,Apple stock,-0.5198343375484891
2022-12-05,20.0,AAPL,Apple stock,-0.9551990571149379
2022-12-12,23.0,AAPL,Apple stock,-0.7375166973317134
2022-12-19,24.0,AAPL,Apple stock,-0.6649559107373053
2022-12-26,27.0,AAPL,Apple stock,-0.4472735509540809
2023-01-02,31.0,AAPL,Apple stock,-0.15703040457644835
2023-01-09,29.0,AAPL,Apple stock,-0.3021519777652646
2023-01-16,25.0,AAPL,Apple stock,-0.5923951241428972
2023-01-23,31.0,AAPL,Apple stock,-0.15703040457644835
2023-01-30,42.0,AAPL,Apple stock,0.6411382479620412
2023-02-06,30.0,AAPL,Apple stock,-0.22959119117085647
2023-02-13,27.0,AAPL,Apple stock,-0.4472735509540809
2023-02-20,20.0,AAPL,Apple stock,-0.9551990571149379
2023-02-27,20.0,AAPL,Apple stock,-0.9551990571149379
2023-03-06,21.0,AAPL,Apple stock,-0.8826382705205297
2023-03-13,22.0,AAPL,Apple stock,-0.8100774839261216
2023-03-20,23.0,AAPL,Apple stock,-0.7375166973317134
2023-03-27,21.0,AAPL,Apple stock,-0.8826382705205297
2023-04-03,20.0,AAPL,Apple stock,-0.9551990571149379
2023-04-10,22.0,AAPL,Apple stock,-0.8100774839261216
2023-04-17,23.0,AAPL,Apple stock,-0.7375166973317134
2023-04-24,21.0,AAPL,Apple stock,-0.8826382705205297
2023-05-01,31.0,AAPL,Apple stock,-0.15703040457644835
2023-05-08,24.0,AAPL,Apple stock,-0.6649559107373053
2023-05-15,22.0,AAPL,Apple stock,-0.8100774839261216
2023-05-22,23.0,AAPL,Apple stock,-0.7375166973317134
2023-05-29,24.0,AAPL,Apple stock,-0.6649559107373053
2023-06-05,47.0,AAPL,Apple stock,1.0039421809340818
2023-06-12,30.0,AAPL,Apple stock,-0.22959119117085647
2023-06-19,22.0,AAPL,Apple stock,-0.8100774839261216
2023-06-26,28.0,AAPL,Apple stock,-0.37471276435967277
2023-07-03,24.0,AAPL,Apple stock,-0.6649559107373053
2023-07-10,26.0,AAPL,Apple stock,-0.5198343375484891
2023-07-17,27.0,AAPL,Apple stock,-0.4472735509540809
2023-07-24,27.0,AAPL,Apple stock,-0.4472735509540809
2023-07-31,34.0,AAPL,Apple stock,0.06065195520677608
2023-08-07,29.0,AAPL,Apple stock,-0.3021519777652646
2023-08-14,24.0,AAPL,Apple stock,-0.6649559107373053
2023-08-21,23.0,AAPL,Apple stock,-0.7375166973317134
2023-08-28,24.0,AAPL,Apple stock,-0.6649559107373053
2023-09-04,28.0,AAPL,Apple stock,-0.37471276435967277
2023-09-11,36.0,AAPL,Apple stock,0.20577352839559238
2023-09-18,26.0,AAPL,Apple stock,-0.5198343375484891
2023-09-25,23.0,AAPL,Apple stock,-0.7375166973317134
2023-10-02,22.0,AAPL,Apple stock,-0.8100774839261216
2023-10-09,20.0,AAPL,Apple stock,-0.9551990571149379
2023-10-16,19.0,AAPL,Apple stock,-1.027759843709346
2023-10-23,21.0,AAPL,Apple stock,-0.8826382705205297
2023-10-30,28.0,AAPL,Apple stock,-0.37471276435967277
2023-11-06,22.0,AAPL,Apple stock,-0.8100774839261216
2023-11-13,24.0,AAPL,Apple stock,-0.6649559107373053
2023-11-20,19.0,AAPL,Apple stock,-1.027759843709346
2023-11-27,21.0,AAPL,Apple stock,-0.8826382705205297
2023-12-04,23.0,AAPL,Apple stock,-0.7375166973317134
2023-12-11,25.0,AAPL,Apple stock,-0.5923951241428972
2023-12-18,25.0,AAPL,Apple stock,-0.5923951241428972
2023-12-25,19.0,AAPL,Apple stock,-1.027759843709346
2024-01-01,24.0,AAPL,Apple stock,-0.6649559107373053
2024-01-08,24.0,AAPL,Apple stock,-0.6649559107373053
2024-01-15,22.0,AAPL,Apple stock,-0.8100774839261216
2024-01-22,25.0,AAPL,Apple stock,-0.5923951241428972
2024-01-29,32.0,AAPL,Apple stock,-0.0844696179820402
2024-02-05,28.0,AAPL,Apple stock,-0.37471276435967277
2024-02-12,24.0,AAPL,Apple stock,-0.6649559107373053
2024-02-19,22.0,AAPL,Apple stock,-0.8100774839261216
2024-02-26,24.0,AAPL,Apple stock,-0.6649559107373053
2024-03-04,35.0,AAPL,Apple stock,0.13321274180118423
2024-03-11,24.0,AAPL,Apple stock,-0.6649559107373053
2024-03-18,33.0,AAPL,Apple stock,-0.011908831387632055
2024-03-25,24.0,AAPL,Apple stock,-0.6649559107373053
2024-04-01,21.0,AAPL,Apple stock,-0.8826382705205297
2024-04-08,23.0,AAPL,Apple stock,-0.7375166973317134
2024-04-15,21.0,AAPL,Apple stock,-0.8826382705205297
2024-04-22,22.0,AAPL,Apple stock,-0.8100774839261216
2024-04-29,36.0,AAPL,Apple stock,0.20577352839559238
2024-05-06,26.0,AAPL,Apple stock,-0.5198343375484891
2024-05-13,23.0,AAPL,Apple stock,-0.7375166973317134
2024-05-20,22.0,AAPL,Apple stock,-0.8100774839261216
2024-05-27,19.0,AAPL,Apple stock,-1.027759843709346
2024-06-03,23.0,AAPL,Apple stock,-0.7375166973317134
2024-06-10,55.0,AAPL,Apple stock,1.584428473689347
2024-06-17,28.0,AAPL,Apple stock,-0.37471276435967277
2024-06-24,26.0,AAPL,Apple stock,-0.5198343375484891
2024-07-01,23.0,AAPL,Apple stock,-0.7375166973317134
2024-07-08,29.0,AAPL,Apple stock,-0.3021519777652646
2024-07-15,29.0,AAPL,Apple stock,-0.3021519777652646
2024-07-22,25.0,AAPL,Apple stock,-0.5923951241428972
2024-07-29,29.0,AAPL,Apple stock,-0.3021519777652646
2024-08-05,48.0,AAPL,Apple stock,1.07650296752849
2024-08-12,25.0,AAPL,Apple stock,-0.5923951241428972
2024-08-19,23.0,AAPL,Apple stock,-0.7375166973317134
2024-08-26,22.0,AAPL,Apple stock,-0.8100774839261216
2024-09-02,20.0,AAPL,Apple stock,-0.9551990571149379
2024-09-09,31.0,AAPL,Apple stock,-0.15703040457644835
2024-09-16,27.0,AAPL,Apple stock,-0.4472735509540809
2024-09-23,24.0,AAPL,Apple stock,-0.6649559107373053
2024-09-30,22.0,AAPL,Apple stock,-0.8100774839261216
2024-10-07,20.0,AAPL,Apple stock,-0.9551990571149379
2024-10-14,21.0,AAPL,Apple stock,-0.8826382705205297
2024-10-21,21.0,AAPL,Apple stock,-0.8826382705205297
2024-10-28,26.0,AAPL,Apple stock,-0.5198343375484891
2024-11-04,27.0,AAPL,Apple stock,-0.4472735509540809
2024-11-11,25.0,AAPL,Apple stock,-0.5923951241428972
2024-11-18,22.0,AAPL,Apple stock,-0.8100774839261216
2024-11-25,20.0,AAPL,Apple stock,-0.9551990571149379
2024-12-02,24.0,AAPL,Apple stock,-0.6649559107373053
2024-12-09,25.0,AAPL,Apple stock,-0.5923951241428972
2024-12-16,25.0,AAPL,Apple stock,-0.5923951241428972
2024-12-23,21.0,AAPL,Apple stock,-0.8826382705205297
2024-12-30,21.0,AAPL,Apple stock,-0.8826382705205297
2025-01-06,21.0,AAPL,Apple stock,-0.8826382705205297
2025-01-13,24.0,AAPL,Apple stock,-0.6649559107373053
2025-01-20,27.0,AAPL,Apple stock,-0.4472735509540809
2025-01-27,44.0,AAPL,Apple stock,0.7862598211508575
2025-02-03,28.0,AAPL,Apple stock,-0.37471276435967277
2025-02-10,24.0,AAPL,Apple stock,-0.6649559107373053
2025-02-17,22.0,AAPL,Apple stock,-0.8100774839261216
2025-02-24,26.0,AAPL,Apple stock,-0.5198343375484891
2025-03-03,26.0,AAPL,Apple stock,-0.5198343375484891
2025-03-10,34.0,AAPL,Apple stock,0.06065195520677608
2025-03-17,24.0,AAPL,Apple stock,-0.6649559107373053
2025-03-24,20.0,AAPL,Apple stock,-0.9551990571149379
2025-03-31,56.0,AAPL,Apple stock,1.6569892602837553
2025-04-07,90.0,AAPL,Apple stock,4.124056004493632
2025-04-14,41.0,AAPL,Apple stock,0.5685774613676331
2025-04-21,31.0,AAPL,Apple stock,-0.15703040457644835
2025-04-28,33.0,AAPL,Apple stock,-0.011908831387632055
2025-05-05,27.0,AAPL,Apple stock,-0.4472735509540809
2025-05-12,30.0,AAPL,Apple stock,-0.22959119117085647
2025-05-19,26.0,AAPL,Apple stock,-0.5198343375484891
2025-05-26,25.0,AAPL,Apple stock,-0.5923951241428972
2025-06-02,23.0,AAPL,Apple stock,-0.7375166973317134
2025-06-09,30.0,AAPL,Apple stock,-0.22959119117085647
2025-06-16,24.0,AAPL,Apple stock,-0.6649559107373053
2025-06-23,26.0,AAPL,Apple stock,-0.5198343375484891
2025-06-30,24.0,AAPL,Apple stock,-0.6649559107373053
2025-07-07,24.0,AAPL,Apple stock,-0.6649559107373053
2025-07-14,23.0,AAPL,Apple stock,-0.7375166973317134
2025-07-21,28.0,AAPL,Apple stock,-0.37471276435967277
2025-07-28,46.0,AAPL,Apple stock,0.9313813943396737
2025-08-04,75.0,AAPL,Apple stock,3.0356442055775097
2025-08-11,77.0,AAPL,Apple stock,3.180765778766326
2025-08-18,66.0,AAPL,Apple stock,2.3825971262278367
2025-08-25,56.0,AAPL,Apple stock,1.6569892602837553
2025-09-01,58.0,AAPL,Apple stock,1.8021108334725715
2025-09-08,100.0,AAPL,Apple stock,4.8496638704377135
2025-09-15,67.0,AAPL,Apple stock,2.4551579128222447
2025-09-22,72.0,AAPL,Apple stock,2.817961845794285
2025-09-29,58.0,AAPL,Apple stock,1.8021108334725715
2025-10-06,50.0,AAPL,Apple stock,1.2216245407173063
2025-10-13,48.0,AAPL,Apple stock,1.07650296752849
2025-10-20,55.0,AAPL,Apple stock,1.584428473689347
2025-10-27,56.0,AAPL,Apple stock,1.6569892602837553
2025-11-03,47.0,AAPL,Apple stock,1.0039421809340818
2025-11-10,49.0,AAPL,Apple stock,1.149063754122898
2025-11-17,51.0,AAPL,Apple stock,1.2941853273117145
2025-11-24,55.0,AAPL,Apple stock,1.584428473689347
2025-12-01,59.0,AAPL,Apple stock,1.8746716200669795
2025-12-08,29.0,AAPL,Apple stock,-0.3021519777652646
2025-12-15,21.0,AAPL,Apple stock,-0.8826382705205297
2025-12-22,19.0,AAPL,Apple stock,-1.027759843709346
2020-12-21,29.0,AMZN,AMZN,-0.5765789804604331
2020-12-28,34.0,AMZN,AMZN,-0.18923617820239838
2021-01-04,40.0,AMZN,AMZN,0.2755751845072432
2021-01-11,37.0,AMZN,AMZN,0.04316950315242242
2021-01-18,36.0,AMZN,AMZN,-0.03429905729918452
2021-01-25,41.0,AMZN,AMZN,0.35304374495885016
2021-02-01,81.0,AMZN,AMZN,3.4517861630231277
2021-02-08,35.0,AMZN,AMZN,-0.11176761775079146
2021-02-15,27.0,AMZN,AMZN,-0.731516101363647
2021-02-22,35.0,AMZN,AMZN,-0.11176761775079146
2021-03-01,36.0,AMZN,AMZN,-0.03429905729918452
2021-03-08,34.0,AMZN,AMZN,-0.18923617820239838
2021-03-15,29.0,AMZN,AMZN,-0.5765789804604331
2021-03-22,29.0,AMZN,AMZN,-0.5765789804604331
2021-03-29,24.0,AMZN,AMZN,-0.9639217827184677
2021-04-05,32.0,AMZN,AMZN,-0.3441732991056123
2021-04-12,33.0,AMZN,AMZN,-0.26670473865400535
2021-04-19,25.0,AMZN,AMZN,-0.8864532222668609
2021-04-26,59.0,AMZN,AMZN,1.7474778330877752
2021-05-03,34.0,AMZN,AMZN,-0.18923617820239838
2021-05-10,34.0,AMZN,AMZN,-0.18923617820239838
2021-05-17,28.0,AMZN,AMZN,-0.65404754091204
2021-05-24,28.0,AMZN,AMZN,-0.65404754091204
2021-05-31,19.0,AMZN,AMZN,-1.3512645849765024
2021-06-07,27.0,AMZN,AMZN,-0.731516101363647
2021-06-14,29.0,AMZN,AMZN,-0.5765789804604331
2021-06-21,30.0,AMZN,AMZN,-0.49911042000882616
2021-06-28,25.0,AMZN,AMZN,-0.8864532222668609
2021-07-05,41.0,AMZN,AMZN,0.35304374495885016
2021-07-12,33.0,AMZN,AMZN,-0.26670473865400535
2021-07-19,34.0,AMZN,AMZN,-0.18923617820239838
2021-07-26,59.0,AMZN,AMZN,1.7474778330877752
2021-08-02,36.0,AMZN,AMZN,-0.03429905729918452
2021-08-09,27.0,AMZN,AMZN,-0.731516101363647
2021-08-16,30.0,AMZN,AMZN,-0.49911042000882616
2021-08-23,28.0,AMZN,AMZN,-0.65404754091204
2021-08-30,30.0,AMZN,AMZN,-0.49911042000882616
2021-09-06,20.0,AMZN,AMZN,-1.2737960245248956
2021-09-13,20.0,AMZN,AMZN,-1.2737960245248956
2021-09-20,23.0,AMZN,AMZN,-1.0413903431700746
2021-09-27,22.0,AMZN,AMZN,-1.1188589036216816
2021-10-04,26.0,AMZN,AMZN,-0.8089846618152539
2021-10-11,21.0,AMZN,AMZN,-1.1963274640732886
2021-10-18,24.0,AMZN,AMZN,-0.9639217827184677
2021-10-25,47.0,AMZN,AMZN,0.8178551076684918
2021-11-01,30.0,AMZN,AMZN,-0.49911042000882616
2021-11-08,28.0,AMZN,AMZN,-0.65404754091204
2021-11-15,31.0,AMZN,AMZN,-0.4216418595572192
2021-11-22,23.0,AMZN,AMZN,-1.0413903431700746
2021-11-29,27.0,AMZN,AMZN,-0.731516101363647
2021-12-06,26.0,AMZN,AMZN,-0.8089846618152539
2021-12-13,24.0,AMZN,AMZN,-0.9639217827184677
2021-12-20,21.0,AMZN,AMZN,-1.1963274640732886
2021-12-27,21.0,AMZN,AMZN,-1.1963274640732886
2022-01-03,23.0,AMZN,AMZN,-1.0413903431700746
2022-01-10,23.0,AMZN,AMZN,-1.0413903431700746
2022-01-17,29.0,AMZN,AMZN,-0.5765789804604331
2022-01-24,44.0,AMZN,AMZN,0.585449426313671
2022-01-31,90.0,AMZN,AMZN,4.14900320708759
2022-02-07,39.0,AMZN,AMZN,0.1981066240556363
2022-02-14,30.0,AMZN,AMZN,-0.49911042000882616
2022-02-21,27.0,AMZN,AMZN,-0.731516101363647
2022-02-28,25.0,AMZN,AMZN,-0.8864532222668609
2022-03-07,53.0,AMZN,AMZN,1.2826664703781334
2022-03-14,36.0,AMZN,AMZN,-0.03429905729918452
2022-03-21,32.0,AMZN,AMZN,-0.3441732991056123
2022-03-28,33.0,AMZN,AMZN,-0.26670473865400535
2022-04-04,29.0,AMZN,AMZN,-0.5765789804604331
2022-04-11,25.0,AMZN,AMZN,-0.8864532222668609
2022-04-18,30.0,AMZN,AMZN,-0.49911042000882616
2022-04-25,80.0,AMZN,AMZN,3.3743176025715207
2022-05-02,57.0,AMZN,AMZN,1.5925407121845612
2022-05-09,56.0,AMZN,AMZN,1.5150721517329542
2022-05-16,42.0,AMZN,AMZN,0.4305123054104571
2022-05-23,44.0,AMZN,AMZN,0.585449426313671
2022-05-30,46.0,AMZN,AMZN,0.7403865472168849
2022-06-06,80.0,AMZN,AMZN,3.3743176025715207
2022-06-13,58.0,AMZN,AMZN,1.6700092726361682
2022-06-20,38.0,AMZN,AMZN,0.12063806360402936
2022-06-27,36.0,AMZN,AMZN,-0.03429905729918452
2022-07-04,31.0,AMZN,AMZN,-0.4216418595572192
2022-07-11,34.0,AMZN,AMZN,-0.18923617820239838
2022-07-18,39.0,AMZN,AMZN,0.1981066240556363
2022-07-25,70.0,AMZN,AMZN,2.599631998055451
2022-08-01,48.0,AMZN,AMZN,0.8953236681200988
2022-08-08,41.0,AMZN,AMZN,0.35304374495885016
2022-08-15,37.0,AMZN,AMZN,0.04316950315242242
2022-08-22,33.0,AMZN,AMZN,-0.26670473865400535
2022-08-29,30.0,AMZN,AMZN,-0.49911042000882616
2022-09-05,23.0,AMZN,AMZN,-1.0413903431700746
2022-09-12,32.0,AMZN,AMZN,-0.3441732991056123
2022-09-19,29.0,AMZN,AMZN,-0.5765789804604331
2022-09-26,29.0,AMZN,AMZN,-0.5765789804604331
2022-10-03,27.0,AMZN,AMZN,-0.731516101363647
2022-10-10,27.0,AMZN,AMZN,-0.731516101363647
2022-10-17,28.0,AMZN,AMZN,-0.65404754091204
2022-10-24,78.0,AMZN,AMZN,3.2193804816683067
2022-10-31,51.0,AMZN,AMZN,1.1277293494749197
2022-11-07,48.0,AMZN,AMZN,0.8953236681200988
2022-11-14,44.0,AMZN,AMZN,0.585449426313671
2022-11-21,25.0,AMZN,AMZN,-0.8864532222668609
2022-11-28,31.0,AMZN,AMZN,-0.4216418595572192
2022-12-05,30.0,AMZN,AMZN,-0.49911042000882616
2022-12-12,32.0,AMZN,AMZN,-0.3441732991056123
2022-12-19,34.0,AMZN,AMZN,-0.18923617820239838
2022-12-26,28.0,AMZN,AMZN,-0.65404754091204
2023-01-02,33.0,AMZN,AMZN,-0.26670473865400535
2023-01-09,37.0,AMZN,AMZN,0.04316950315242242
2023-01-16,30.0,AMZN,AMZN,-0.49911042000882616
2023-01-23,39.0,AMZN,AMZN,0.1981066240556363
2023-01-30,69.0,AMZN,AMZN,2.522163437603844
2023-02-06,39.0,AMZN,AMZN,0.1981066240556363
2023-02-13,33.0,AMZN,AMZN,-0.26670473865400535
2023-02-20,27.0,AMZN,AMZN,-0.731516101363647
2023-02-27,26.0,AMZN,AMZN,-0.8089846618152539
2023-03-06,26.0,AMZN,AMZN,-0.8089846618152539
2023-03-13,29.0,AMZN,AMZN,-0.5765789804604331
2023-03-20,29.0,AMZN,AMZN,-0.5765789804604331
2023-03-27,27.0,AMZN,AMZN,-0.731516101363647
2023-04-03,26.0,AMZN,AMZN,-0.8089846618152539
2023-04-10,28.0,AMZN,AMZN,-0.65404754091204
2023-04-17,31.0,AMZN,AMZN,-0.4216418595572192
2023-04-24,65.0,AMZN,AMZN,2.2122891957974167
2023-05-01,33.0,AMZN,AMZN,-0.26670473865400535
2023-05-08,32.0,AMZN,AMZN,-0.3441732991056123
2023-05-15,35.0,AMZN,AMZN,-0.11176761775079146
2023-05-22,34.0,AMZN,AMZN,-0.18923617820239838
2023-05-29,33.0,AMZN,AMZN,-0.26670473865400535
2023-06-05,35.0,AMZN,AMZN,-0.11176761775079146
2023-06-12,36.0,AMZN,AMZN,-0.03429905729918452
2023-06-19,29.0,AMZN,AMZN,-0.5765789804604331
2023-06-26,31.0,AMZN,AMZN,-0.4216418595572192
2023-07-03,25.0,AMZN,AMZN,-0.8864532222668609
2023-07-10,35.0,AMZN,AMZN,-0.11176761775079146
2023-07-17,34.0,AMZN,AMZN,-0.18923617820239838
2023-07-24,37.0,AMZN,AMZN,0.04316950315242242
2023-07-31,64.0,AMZN,AMZN,2.1348206353458097
2023-08-07,36.0,AMZN,AMZN,-0.03429905729918452
2023-08-14,30.0,AMZN,AMZN,-0.49911042000882616
2023-08-21,28.0,AMZN,AMZN,-0.65404754091204
2023-08-28,27.0,AMZN,AMZN,-0.731516101363647
2023-09-04,20.0,AMZN,AMZN,-1.2737960245248956
2023-09-11,31.0,AMZN,AMZN,-0.4216418595572192
2023-09-18,26.0,AMZN,AMZN,-0.8089846618152539
2023-09-25,30.0,AMZN,AMZN,-0.49911042000882616
2023-10-02,25.0,AMZN,AMZN,-0.8864532222668609
2023-10-09,25.0,AMZN,AMZN,-0.8864532222668609
2023-10-16,24.0,AMZN,AMZN,-0.9639217827184677
2023-10-23,51.0,AMZN,AMZN,1.1277293494749197
2023-10-30,35.0,AMZN,AMZN,-0.11176761775079146
2023-11-06,35.0,AMZN,AMZN,-0.11176761775079146
2023-11-13,33.0,AMZN,AMZN,-0.26670473865400535
2023-11-20,28.0,AMZN,AMZN,-0.65404754091204
2023-11-27,33.0,AMZN,AMZN,-0.26670473865400535
2023-12-04,27.0,AMZN,AMZN,-0.731516101363647
2023-12-11,30.0,AMZN,AMZN,-0.49911042000882616
2023-12-18,35.0,AMZN,AMZN,-0.11176761775079146
2023-12-25,23.0,AMZN,AMZN,-1.0413903431700746
2024-01-01,25.0,AMZN,AMZN,-0.8864532222668609
2024-01-08,31.0,AMZN,AMZN,-0.4216418595572192
2024-01-15,25.0,AMZN,AMZN,-0.8864532222668609
2024-01-22,32.0,AMZN,AMZN,-0.3441732991056123
2024-01-29,64.0,AMZN,AMZN,2.1348206353458097
2024-02-05,43.0,AMZN,AMZN,0.507980865862064
2024-02-12,36.0,AMZN,AMZN,-0.03429905729918452
2024-02-19,34.0,AMZN,AMZN,-0.18923617820239838
2024-02-26,31.0,AMZN,AMZN,-0.4216418595572192
2024-03-04,32.0,AMZN,AMZN,-0.3441732991056123
2024-03-11,30.0,AMZN,AMZN,-0.49911042000882616
2024-03-18,31.0,AMZN,AMZN,-0.4216418595572192
2024-03-25,28.0,AMZN,AMZN,-0.65404754091204
2024-04-01,33.0,AMZN,AMZN,-0.26670473865400535
2024-04-08,35.0,AMZN,AMZN,-0.11176761775079146
2024-04-15,30.0,AMZN,AMZN,-0.49911042000882616
2024-04-22,37.0,AMZN,AMZN,0.04316950315242242
2024-04-29,64.0,AMZN,AMZN,2.1348206353458097
2024-05-06,35.0,AMZN,AMZN,-0.11176761775079146
2024-05-13,35.0,AMZN,AMZN,-0.11176761775079146
2024-05-20,31.0,AMZN,AMZN,-0.4216418595572192
2024-05-27,25.0,AMZN,AMZN,-0.8864532222668609
2024-06-03,29.0,AMZN,AMZN,-0.5765789804604331
2024-06-10,31.0,AMZN,AMZN,-0.4216418595572192
2024-06-17,28.0,AMZN,AMZN,-0.65404754091204
2024-06-24,40.0,AMZN,AMZN,0.2755751845072432
2024-07-01,33.0,AMZN,AMZN,-0.26670473865400535
2024-07-08,37.0,AMZN,AMZN,0.04316950315242242
2024-07-15,38.0,AMZN,AMZN,0.12063806360402936
2024-07-22,37.0,AMZN,AMZN,0.04316950315242242
2024-07-29,65.0,AMZN,AMZN,2.2122891957974167
2024-08-05,54.0,AMZN,AMZN,1.3601350308297404
2024-08-12,38.0,AMZN,AMZN,0.12063806360402936
2024-08-19,33.0,AMZN,AMZN,-0.26670473865400535
2024-08-26,28.0,AMZN,AMZN,-0.65404754091204
2024-09-02,23.0,AMZN,AMZN,-1.0413903431700746
2024-09-09,31.0,AMZN,AMZN,-0.4216418595572192
2024-09-16,34.0,AMZN,AMZN,-0.18923617820239838
2024-09-23,30.0,AMZN,AMZN,-0.49911042000882616
2024-09-30,27.0,AMZN,AMZN,-0.731516101363647
2024-10-07,30.0,AMZN,AMZN,-0.49911042000882616
2024-10-14,28.0,AMZN,AMZN,-0.65404754091204
2024-10-21,27.0,AMZN,AMZN,-0.731516101363647
2024-10-28,59.0,AMZN,AMZN,1.7474778330877752
2024-11-04,51.0,AMZN,AMZN,1.1277293494749197
2024-11-11,44.0,AMZN,AMZN,0.585449426313671
2024-11-18,37.0,AMZN,AMZN,0.04316950315242242
2024-11-25,31.0,AMZN,AMZN,-0.4216418595572192
2024-12-02,43.0,AMZN,AMZN,0.507980865862064
2024-12-09,40.0,AMZN,AMZN,0.2755751845072432
2024-12-16,39.0,AMZN,AMZN,0.1981066240556363
2024-12-23,25.0,AMZN,AMZN,-0.8864532222668609
2024-12-30,26.0,AMZN,AMZN,-0.8089846618152539
2025-01-06,28.0,AMZN,AMZN,-0.65404754091204
2025-01-13,30.0,AMZN,AMZN,-0.49911042000882616
2025-01-20,33.0,AMZN,AMZN,-0.26670473865400535
2025-01-27,44.0,AMZN,AMZN,0.585449426313671
2025-02-03,63.0,AMZN,AMZN,2.0573520748942027
2025-02-10,35.0,AMZN,AMZN,-0.11176761775079146
2025-02-17,30.0,AMZN,AMZN,-0.49911042000882616
2025-02-24,39.0,AMZN,AMZN,0.1981066240556363
2025-03-03,41.0,AMZN,AMZN,0.35304374495885016
2025-03-10,41.0,AMZN,AMZN,0.35304374495885016
2025-03-17,33.0,AMZN,AMZN,-0.26670473865400535
2025-03-24,32.0,AMZN,AMZN,-0.3441732991056123
2025-03-31,60.0,AMZN,AMZN,1.824946393539382
2025-04-07,67.0,AMZN,AMZN,2.3672263167006307
2025-04-14,35.0,AMZN,AMZN,-0.11176761775079146
2025-04-21,44.0,AMZN,AMZN,0.585449426313671
2025-04-28,64.0,AMZN,AMZN,2.1348206353458097
2025-05-05,37.0,AMZN,AMZN,0.04316950315242242
2025-05-12,50.0,AMZN,AMZN,1.0502607890233127
2025-05-19,33.0,AMZN,AMZN,-0.26670473865400535
2025-05-26,30.0,AMZN,AMZN,-0.49911042000882616
2025-06-02,33.0,AMZN,AMZN,-0.26670473865400535
2025-06-09,35.0,AMZN,AMZN,-0.11176761775079146
2025-06-16,27.0,AMZN,AMZN,-0.731516101363647
2025-06-23,36.0,AMZN,AMZN,-0.03429905729918452
2025-06-30,28.0,AMZN,AMZN,-0.65404754091204
2025-07-07,34.0,AMZN,AMZN,-0.18923617820239838
2025-07-14,33.0,AMZN,AMZN,-0.26670473865400535
2025-07-21,36.0,AMZN,AMZN,-0.03429905729918452
2025-07-28,68.0,AMZN,AMZN,2.4446948771522377
2025-08-04,57.0,AMZN,AMZN,1.5925407121845612
2025-08-11,53.0,AMZN,AMZN,1.2826664703781334
2025-08-18,47.0,AMZN,AMZN,0.8178551076684918
2025-08-25,41.0,AMZN,AMZN,0.35304374495885016
2025-09-01,39.0,AMZN,AMZN,0.1981066240556363
2025-09-08,43.0,AMZN,AMZN,0.507980865862064
2025-09-15,42.0,AMZN,AMZN,0.4305123054104571
2025-09-22,47.0,AMZN,AMZN,0.8178551076684918
2025-09-29,47.0,AMZN,AMZN,0.8178551076684918
2025-10-06,45.0,AMZN,AMZN,0.6629179867652779
2025-10-13,43.0,AMZN,AMZN,0.507980865862064
2025-10-20,55.0,AMZN,AMZN,1.4376035912813474
2025-10-27,100.0,AMZN,AMZN,4.923688811603659
2025-11-03,65.0,AMZN,AMZN,2.2122891957974167
2025-11-10,45.0,AMZN,AMZN,0.6629179867652779
2025-11-17,50.0,AMZN,AMZN,1.0502607890233127
2025-11-24,38.0,AMZN,AMZN,0.12063806360402936
2025-12-01,42.0,AMZN,AMZN,0.4305123054104571
2025-12-08,30.0,AMZN,AMZN,-0.49911042000882616
2025-12-15,30.0,AMZN,AMZN,-0.49911042000882616
2025-12-22,22.0,AMZN,AMZN,-1.1188589036216816
2020-12-21,1.0,AMZN,Amazon earnings,-0.35073949840224294
2020-12-28,1.0,AMZN,Amazon earnings,-0.35073949840224294
2021-01-04,1.0,AMZN,Amazon earnings,-0.35073949840224294
2021-01-11,2.0,AMZN,Amazon earnings,-0.25561139428072366
2021-01-18,3.0,AMZN,Amazon earnings,-0.16048329015920434
2021-01-25,5.0,AMZN,Amazon earnings,0.029772918083834286
2021-02-01,11.0,AMZN,Amazon earnings,0.6005415428129501
2021-02-08,1.0,AMZN,Amazon earnings,-0.35073949840224294
2021-02-15,1.0,AMZN,Amazon earnings,-0.35073949840224294
2021-02-22,1.0,AMZN,Amazon earnings,-0.35073949840224294
2021-03-01,1.0,AMZN,Amazon earnings,-0.35073949840224294
2021-03-08,1.0,AMZN,Amazon earnings,-0.35073949840224294
2021-03-15,1.0,AMZN,Amazon earnings,-0.35073949840224294
2021-03-22,1.0,AMZN,Amazon earnings,-0.35073949840224294
2021-03-29,1.0,AMZN,Amazon earnings,-0.35073949840224294
2021-04-05,1.0,AMZN,Amazon earnings,-0.35073949840224294
2021-04-12,1.0,AMZN,Amazon earnings,-0.35073949840224294
2021-04-19,2.0,AMZN,Amazon earnings,-0.25561139428072366
2021-04-26,8.0,AMZN,Amazon earnings,0.3151572304483922
2021-05-03,1.0,AMZN,Amazon earnings,-0.35073949840224294
2021-05-10,1.0,AMZN,Amazon earnings,-0.35073949840224294
2021-05-17,1.0,AMZN,Amazon earnings,-0.35073949840224294
2021-05-24,1.0,AMZN,Amazon earnings,-0.35073949840224294
2021-05-31,1.0,AMZN,Amazon earnings,-0.35073949840224294
2021-06-07,1.0,AMZN,Amazon earnings,-0.35073949840224294
2021-06-14,1.0,AMZN,Amazon earnings,-0.35073949840224294
2021-06-21,1.0,AMZN,Amazon earnings,-0.35073949840224294
2021-06-28,1.0,AMZN,Amazon earnings,-0.35073949840224294
2021-07-05,1.0,AMZN,Amazon earnings,-0.35073949840224294
2021-07-12,1.0,AMZN,Amazon earnings,-0.35073949840224294
2021-07-19,2.0,AMZN,Amazon earnings,-0.25561139428072366
2021-07-26,7.0,AMZN,Amazon earnings,0.2200291263268729
2021-08-02,1.0,AMZN,Amazon earnings,-0.35073949840224294
2021-08-09,1.0,AMZN,Amazon earnings,-0.35073949840224294
2021-08-16,1.0,AMZN,Amazon earnings,-0.35073949840224294
2021-08-23,1.0,AMZN,Amazon earnings,-0.35073949840224294
2021-08-30,1.0,AMZN,Amazon earnings,-0.35073949840224294
2021-09-06,1.0,AMZN,Amazon earnings,-0.35073949840224294
2021-09-13,1.0,AMZN,Amazon earnings,-0.35073949840224294
2021-09-20,1.0,AMZN,Amazon earnings,-0.35073949840224294
2021-09-27,1.0,AMZN,Amazon earnings,-0.35073949840224294
2021-10-04,1.0,AMZN,Amazon earnings,-0.35073949840224294
2021-10-11,1.0,AMZN,Amazon earnings,-0.35073949840224294
2021-10-18,2.0,AMZN,Amazon earnings,-0.25561139428072366
2021-10-25,7.0,AMZN,Amazon earnings,0.2200291263268729
2021-11-01,1.0,AMZN,Amazon earnings,-0.35073949840224294
2021-11-08,1.0,AMZN,Amazon earnings,-0.35073949840224294
2021-11-15,1.0,AMZN,Amazon earnings,-0.35073949840224294
2021-11-22,1.0,AMZN,Amazon earnings,-0.35073949840224294
2021-11-29,1.0,AMZN,Amazon earnings,-0.35073949840224294
2021-12-06,1.0,AMZN,Amazon earnings,-0.35073949840224294
2021-12-13,1.0,AMZN,Amazon earnings,-0.35073949840224294
2021-12-20,1.0,AMZN,Amazon earnings,-0.35073949840224294
2021-12-27,1.0,AMZN,Amazon earnings,-0.35073949840224294
2022-01-03,1.0,AMZN,Amazon earnings,-0.35073949840224294
2022-01-10,1.0,AMZN,Amazon earnings,-0.35073949840224294
2022-01-17,2.0,AMZN,Amazon earnings,-0.25561139428072366
2022-01-24,3.0,AMZN,Amazon earnings,-0.16048329015920434
2022-01-31,21.0,AMZN,Amazon earnings,1.5518225840281432
2022-02-07,2.0,AMZN,Amazon earnings,-0.25561139428072366
2022-02-14,1.0,AMZN,Amazon earnings,-0.35073949840224294
2022-02-21,1.0,AMZN,Amazon earnings,-0.35073949840224294
2022-02-28,1.0,AMZN,Amazon earnings,-0.35073949840224294
2022-03-07,1.0,AMZN,Amazon earnings,-0.35073949840224294
2022-03-14,1.0,AMZN,Amazon earnings,-0.35073949840224294
2022-03-21,1.0,AMZN,Amazon earnings,-0.35073949840224294
2022-03-28,1.0,AMZN,Amazon earnings,-0.35073949840224294
2022-04-04,1.0,AMZN,Amazon earnings,-0.35073949840224294
2022-04-11,1.0,AMZN,Amazon earnings,-0.35073949840224294
2022-04-18,3.0,AMZN,Amazon earnings,-0.16048329015920434
2022-04-25,14.0,AMZN,Amazon earnings,0.885925855177508
2022-05-02,2.0,AMZN,Amazon earnings,-0.25561139428072366
2022-05-09,1.0,AMZN,Amazon earnings,-0.35073949840224294
2022-05-16,1.0,AMZN,Amazon earnings,-0.35073949840224294
2022-05-23,1.0,AMZN,Amazon earnings,-0.35073949840224294
2022-05-30,1.0,AMZN,Amazon earnings,-0.35073949840224294
2022-06-06,1.0,AMZN,Amazon earnings,-0.35073949840224294
2022-06-13,1.0,AMZN,Amazon earnings,-0.35073949840224294
2022-06-20,1.0,AMZN,Amazon earnings,-0.35073949840224294
2022-06-27,1.0,AMZN,Amazon earnings,-0.35073949840224294
2022-07-04,1.0,AMZN,Amazon earnings,-0.35073949840224294
2022-07-11,2.0,AMZN,Amazon earnings,-0.25561139428072366
2022-07-18,3.0,AMZN,Amazon earnings,-0.16048329015920434
2022-07-25,12.0,AMZN,Amazon earnings,0.6956696469344694
2022-08-01,2.0,AMZN,Amazon earnings,-0.25561139428072366
2022-08-08,1.0,AMZN,Amazon earnings,-0.35073949840224294
2022-08-15,1.0,AMZN,Amazon earnings,-0.35073949840224294
2022-08-22,1.0,AMZN,Amazon earnings,-0.35073949840224294
2022-08-29,1.0,AMZN,Amazon earnings,-0.35073949840224294
2022-09-05,1.0,AMZN,Amazon earnings,-0.35073949840224294
2022-09-12,1.0,AMZN,Amazon earnings,-0.35073949840224294
2022-09-19,1.0,AMZN,Amazon earnings,-0.35073949840224294
2022-09-26,1.0,AMZN,Amazon earnings,-0.35073949840224294
2022-10-03,1.0,AMZN,Amazon earnings,-0.35073949840224294
2022-10-10,1.0,AMZN,Amazon earnings,-0.35073949840224294
2022-10-17,2.0,AMZN,Amazon earnings,-0.25561139428072366
2022-10-24,13.0,AMZN,Amazon earnings,0.7907977510559887
2022-10-31,2.0,AMZN,Amazon earnings,-0.25561139428072366
2022-11-07,1.0,AMZN,Amazon earnings,-0.35073949840224294
2022-11-14,1.0,AMZN,Amazon earnings,-0.35073949840224294
2022-11-21,1.0,AMZN,Amazon earnings,-0.35073949840224294
2022-11-28,1.0,AMZN,Amazon earnings,-0.35073949840224294
2022-12-05,1.0,AMZN,Amazon earnings,-0.35073949840224294
2022-12-12,1.0,AMZN,Amazon earnings,-0.35073949840224294
2022-12-19,1.0,AMZN,Amazon earnings,-0.35073949840224294
2022-12-26,1.0,AMZN,Amazon earnings,-0.35073949840224294
2023-01-02,1.0,AMZN,Amazon earnings,-0.35073949840224294
2023-01-09,2.0,AMZN,Amazon earnings,-0.25561139428072366
2023-01-16,2.0,AMZN,Amazon earnings,-0.25561139428072366
2023-01-23,3.0,AMZN,Amazon earnings,-0.16048329015920434
2023-01-30,13.0,AMZN,Amazon earnings,0.7907977510559887
2023-02-06,2.0,AMZN,Amazon earnings,-0.25561139428072366
2023-02-13,1.0,AMZN,Amazon earnings,-0.35073949840224294
2023-02-20,1.0,AMZN,Amazon earnings,-0.35073949840224294
2023-02-27,1.0,AMZN,Amazon earnings,-0.35073949840224294
2023-03-06,1.0,AMZN,Amazon earnings,-0.35073949840224294
2023-03-13,1.0,AMZN,Amazon earnings,-0.35073949840224294
2023-03-20,1.0,AMZN,Amazon earnings,-0.35073949840224294
2023-03-27,1.0,AMZN,Amazon earnings,-0.35073949840224294
2023-04-03,1.0,AMZN,Amazon earnings,-0.35073949840224294
2023-04-10,2.0,AMZN,Amazon earnings,-0.25561139428072366
2023-04-17,2.0,AMZN,Amazon earnings,-0.25561139428072366
2023-04-24,12.0,AMZN,Amazon earnings,0.6956696469344694
2023-05-01,2.0,AMZN,Amazon earnings,-0.25561139428072366
2023-05-08,1.0,AMZN,Amazon earnings,-0.35073949840224294
2023-05-15,1.0,AMZN,Amazon earnings,-0.35073949840224294
2023-05-22,1.0,AMZN,Amazon earnings,-0.35073949840224294
2023-05-29,1.0,AMZN,Amazon earnings,-0.35073949840224294
2023-06-05,1.0,AMZN,Amazon earnings,-0.35073949840224294
2023-06-12,1.0,AMZN,Amazon earnings,-0.35073949840224294
2023-06-19,1.0,AMZN,Amazon earnings,-0.35073949840224294
2023-06-26,1.0,AMZN,Amazon earnings,-0.35073949840224294
2023-07-03,1.0,AMZN,Amazon earnings,-0.35073949840224294
2023-07-10,2.0,AMZN,Amazon earnings,-0.25561139428072366
2023-07-17,3.0,AMZN,Amazon earnings,-0.16048329015920434
2023-07-24,5.0,AMZN,Amazon earnings,0.029772918083834286
2023-07-31,11.0,AMZN,Amazon earnings,0.6005415428129501
2023-08-07,1.0,AMZN,Amazon earnings,-0.35073949840224294
2023-08-14,1.0,AMZN,Amazon earnings,-0.35073949840224294
2023-08-21,1.0,AMZN,Amazon earnings,-0.35073949840224294
2023-08-28,1.0,AMZN,Amazon earnings,-0.35073949840224294
2023-09-04,1.0,AMZN,Amazon earnings,-0.35073949840224294
2023-09-11,1.0,AMZN,Amazon earnings,-0.35073949840224294
2023-09-18,1.0,AMZN,Amazon earnings,-0.35073949840224294
2023-09-25,1.0,AMZN,Amazon earnings,-0.35073949840224294
2023-10-02,1.0,AMZN,Amazon earnings,-0.35073949840224294
2023-10-09,1.0,AMZN,Amazon earnings,-0.35073949840224294
2023-10-16,2.0,AMZN,Amazon earnings,-0.25561139428072366
2023-10-23,11.0,AMZN,Amazon earnings,0.6005415428129501
2023-10-30,2.0,AMZN,Amazon earnings,-0.25561139428072366
2023-11-06,1.0,AMZN,Amazon earnings,-0.35073949840224294
2023-11-13,1.0,AMZN,Amazon earnings,-0.35073949840224294
2023-11-20,1.0,AMZN,Amazon earnings,-0.35073949840224294
2023-11-27,1.0,AMZN,Amazon earnings,-0.35073949840224294
2023-12-04,1.0,AMZN,Amazon earnings,-0.35073949840224294
2023-12-11,1.0,AMZN,Amazon earnings,-0.35073949840224294
2023-12-18,1.0,AMZN,Amazon earnings,-0.35073949840224294
2023-12-25,1.0,AMZN,Amazon earnings,-0.35073949840224294
2024-01-01,1.0,AMZN,Amazon earnings,-0.35073949840224294
2024-01-08,1.0,AMZN,Amazon earnings,-0.35073949840224294
2024-01-15,1.0,AMZN,Amazon earnings,-0.35073949840224294
2024-01-22,3.0,AMZN,Amazon earnings,-0.16048329015920434
2024-01-29,12.0,AMZN,Amazon earnings,0.6956696469344694
2024-02-05,2.0,AMZN,Amazon earnings,-0.25561139428072366
2024-02-12,2.0,AMZN,Amazon earnings,-0.25561139428072366
2024-02-19,2.0,AMZN,Amazon earnings,-0.25561139428072366
2024-02-26,1.0,AMZN,Amazon earnings,-0.35073949840224294
2024-03-04,1.0,AMZN,Amazon earnings,-0.35073949840224294
2024-03-11,1.0,AMZN,Amazon earnings,-0.35073949840224294
2024-03-18,1.0,AMZN,Amazon earnings,-0.35073949840224294
2024-03-25,1.0,AMZN,Amazon earnings,-0.35073949840224294
2024-04-01,1.0,AMZN,Amazon earnings,-0.35073949840224294
2024-04-08,2.0,AMZN,Amazon earnings,-0.25561139428072366
2024-04-15,2.0,AMZN,Amazon earnings,-0.25561139428072366
2024-04-22,6.0,AMZN,Amazon earnings,0.1249010222053536
2024-04-29,12.0,AMZN,Amazon earnings,0.6956696469344694
2024-05-06,1.0,AMZN,Amazon earnings,-0.35073949840224294
2024-05-13,1.0,AMZN,Amazon earnings,-0.35073949840224294
2024-05-20,1.0,AMZN,Amazon earnings,-0.35073949840224294
2024-05-27,1.0,AMZN,Amazon earnings,-0.35073949840224294
2024-06-03,1.0,AMZN,Amazon earnings,-0.35073949840224294
2024-06-10,1.0,AMZN,Amazon earnings,-0.35073949840224294
2024-06-17,1.0,AMZN,Amazon earnings,-0.35073949840224294
2024-06-24,1.0,AMZN,Amazon earnings,-0.35073949840224294
2024-07-01,1.0,AMZN,Amazon earnings,-0.35073949840224294
2024-07-08,1.0,AMZN,Amazon earnings,-0.35073949840224294
2024-07-15,2.0,AMZN,Amazon earnings,-0.25561139428072366
2024-07-22,3.0,AMZN,Amazon earnings,-0.16048329015920434
2024-07-29,12.0,AMZN,Amazon earnings,0.6956696469344694
2024-08-05,2.0,AMZN,Amazon earnings,-0.25561139428072366
2024-08-12,1.0,AMZN,Amazon earnings,-0.35073949840224294
2024-08-19,1.0,AMZN,Amazon earnings,-0.35073949840224294
2024-08-26,1.0,AMZN,Amazon earnings,-0.35073949840224294
2024-09-02,1.0,AMZN,Amazon earnings,-0.35073949840224294
2024-09-09,1.0,AMZN,Amazon earnings,-0.35073949840224294
2024-09-16,1.0,AMZN,Amazon earnings,-0.35073949840224294
2024-09-23,1.0,AMZN,Amazon earnings,-0.35073949840224294
2024-09-30,1.0,AMZN,Amazon earnings,-0.35073949840224294
2024-10-07,1.0,AMZN,Amazon earnings,-0.35073949840224294
2024-10-14,2.0,AMZN,Amazon earnings,-0.25561139428072366
2024-10-21,3.0,AMZN,Amazon earnings,-0.16048329015920434
2024-10-28,11.0,AMZN,Amazon earnings,0.6005415428129501
2024-11-04,1.0,AMZN,Amazon earnings,-0.35073949840224294
2024-11-11,1.0,AMZN,Amazon earnings,-0.35073949840224294
2024-11-18,2.0,AMZN,Amazon earnings,-0.25561139428072366
2024-11-25,1.0,AMZN,Amazon earnings,-0.35073949840224294
2024-12-02,1.0,AMZN,Amazon earnings,-0.35073949840224294
2024-12-09,1.0,AMZN,Amazon earnings,-0.35073949840224294
2024-12-16,1.0,AMZN,Amazon earnings,-0.35073949840224294
2024-12-23,1.0,AMZN,Amazon earnings,-0.35073949840224294
2024-12-30,1.0,AMZN,Amazon earnings,-0.35073949840224294
2025-01-06,1.0,AMZN,Amazon earnings,-0.35073949840224294
2025-01-13,2.0,AMZN,Amazon earnings,-0.25561139428072366
2025-01-20,2.0,AMZN,Amazon earnings,-0.25561139428072366
2025-01-27,4.0,AMZN,Amazon earnings,-0.06535518603768503
2025-02-03,16.0,AMZN,Amazon earnings,1.0761820634205466
2025-02-10,2.0,AMZN,Amazon earnings,-0.25561139428072366
2025-02-17,2.0,AMZN,Amazon earnings,-0.25561139428072366
2025-02-24,2.0,AMZN,Amazon earnings,-0.25561139428072366
2025-03-03,1.0,AMZN,Amazon earnings,-0.35073949840224294
2025-03-10,1.0,AMZN,Amazon earnings,-0.35073949840224294
2025-03-17,1.0,AMZN,Amazon earnings,-0.35073949840224294
2025-03-24,1.0,AMZN,Amazon earnings,-0.35073949840224294
2025-03-31,1.0,AMZN,Amazon earnings,-0.35073949840224294
2025-04-07,2.0,AMZN,Amazon earnings,-0.25561139428072366
2025-04-14,2.0,AMZN,Amazon earnings,-0.25561139428072366
2025-04-21,3.0,AMZN,Amazon earnings,-0.16048329015920434
2025-04-28,13.0,AMZN,Amazon earnings,0.7907977510559887
2025-05-05,2.0,AMZN,Amazon earnings,-0.25561139428072366
2025-05-12,1.0,AMZN,Amazon earnings,-0.35073949840224294
2025-05-19,1.0,AMZN,Amazon earnings,-0.35073949840224294
2025-05-26,1.0,AMZN,Amazon earnings,-0.35073949840224294
2025-06-02,2.0,AMZN,Amazon earnings,-0.25561139428072366
2025-06-09,2.0,AMZN,Amazon earnings,-0.25561139428072366
2025-06-16,2.0,AMZN,Amazon earnings,-0.25561139428072366
2025-06-23,2.0,AMZN,Amazon earnings,-0.25561139428072366
2025-06-30,2.0,AMZN,Amazon earnings,-0.25561139428072366
2025-07-07,2.0,AMZN,Amazon earnings,-0.25561139428072366
2025-07-14,5.0,AMZN,Amazon earnings,0.029772918083834286
2025-07-21,11.0,AMZN,Amazon earnings,0.6005415428129501
2025-07-28,43.0,AMZN,Amazon earnings,3.644640874701568
2025-08-04,53.0,AMZN,Amazon earnings,4.595921915916761
2025-08-11,53.0,AMZN,Amazon earnings,4.595921915916761
2025-08-18,40.0,AMZN,Amazon earnings,3.35925656233701
2025-08-25,35.0,AMZN,Amazon earnings,2.8836160417294137
2025-09-01,24.0,AMZN,Amazon earnings,1.837206896392701
2025-09-08,28.0,AMZN,Amazon earnings,2.217719312878778
2025-09-15,23.0,AMZN,Amazon earnings,1.7420787922711818
2025-09-22,25.0,AMZN,Amazon earnings,1.9323350005142204
2025-09-29,21.0,AMZN,Amazon earnings,1.5518225840281432
2025-10-06,19.0,AMZN,Amazon earnings,1.3615663757851046
2025-10-13,22.0,AMZN,Amazon earnings,1.6469506881496625
2025-10-20,42.0,AMZN,Amazon earnings,3.5495127705800487
2025-10-27,100.0,AMZN,Amazon earnings,9.06694280962817
2025-11-03,52.0,AMZN,Amazon earnings,4.5007938117952415
2025-11-10,23.0,AMZN,Amazon earnings,1.7420787922711818
2025-11-17,34.0,AMZN,Amazon earnings,2.7884879376078944
2025-11-24,21.0,AMZN,Amazon earnings,1.5518225840281432
2025-12-01,22.0,AMZN,Amazon earnings,1.6469506881496625
2025-12-08,7.0,AMZN,Amazon earnings,0.2200291263268729
2025-12-15,5.0,AMZN,Amazon earnings,0.029772918083834286
2025-12-22,5.0,AMZN,Amazon earnings,0.029772918083834286
2020-12-21,1.0,AMZN,Amazon earnings date,-0.3807900046800995
2020-12-28,2.0,AMZN,Amazon earnings date,-0.30039759434473606
2021-01-04,3.0,AMZN,Amazon earnings date,-0.22000518400937258
2021-01-11,5.0,AMZN,Amazon earnings date,-0.05922036333864562
2021-01-18,9.0,AMZN,Amazon earnings date,0.2623492780028083
2021-01-25,13.0,AMZN,Amazon earnings date,0.5839189193442622
2021-02-01,12.0,AMZN,Amazon earnings date,0.5035265090088987
2021-02-08,2.0,AMZN,Amazon earnings date,-0.30039759434473606
2021-02-15,1.0,AMZN,Amazon earnings date,-0.3807900046800995
2021-02-22,1.0,AMZN,Amazon earnings date,-0.3807900046800995
2021-03-01,1.0,AMZN,Amazon earnings date,-0.3807900046800995
2021-03-08,0.0,AMZN,Amazon earnings date,-0.461182415015463
2021-03-15,1.0,AMZN,Amazon earnings date,-0.3807900046800995
2021-03-22,1.0,AMZN,Amazon earnings date,-0.3807900046800995
2021-03-29,1.0,AMZN,Amazon earnings date,-0.3807900046800995
2021-04-05,2.0,AMZN,Amazon earnings date,-0.30039759434473606
2021-04-12,2.0,AMZN,Amazon earnings date,-0.30039759434473606
2021-04-19,3.0,AMZN,Amazon earnings date,-0.22000518400937258
2021-04-26,11.0,AMZN,Amazon earnings date,0.42313409867353524
2021-05-03,1.0,AMZN,Amazon earnings date,-0.3807900046800995
2021-05-10,0.0,AMZN,Amazon earnings date,-0.461182415015463
2021-05-17,0.0,AMZN,Amazon earnings date,-0.461182415015463
2021-05-24,0.0,AMZN,Amazon earnings date,-0.461182415015463
2021-05-31,0.0,AMZN,Amazon earnings date,-0.461182415015463
2021-06-07,1.0,AMZN,Amazon earnings date,-0.3807900046800995
2021-06-14,0.0,AMZN,Amazon earnings date,-0.461182415015463
2021-06-21,1.0,AMZN,Amazon earnings date,-0.3807900046800995
2021-06-28,1.0,AMZN,Amazon earnings date,-0.3807900046800995
2021-07-05,1.0,AMZN,Amazon earnings date,-0.3807900046800995
2021-07-12,2.0,AMZN,Amazon earnings date,-0.30039759434473606
2021-07-19,3.0,AMZN,Amazon earnings date,-0.22000518400937258
2021-07-26,9.0,AMZN,Amazon earnings date,0.2623492780028083
2021-08-02,1.0,AMZN,Amazon earnings date,-0.3807900046800995
2021-08-09,1.0,AMZN,Amazon earnings date,-0.3807900046800995
2021-08-16,1.0,AMZN,Amazon earnings date,-0.3807900046800995
2021-08-23,0.0,AMZN,Amazon earnings date,-0.461182415015463
2021-08-30,1.0,AMZN,Amazon earnings date,-0.3807900046800995
2021-09-06,0.0,AMZN,Amazon earnings date,-0.461182415015463
2021-09-13,0.0,AMZN,Amazon earnings date,-0.461182415015463
2021-09-20,1.0,AMZN,Amazon earnings date,-0.3807900046800995
2021-09-27,1.0,AMZN,Amazon earnings date,-0.3807900046800995
2021-10-04,1.0,AMZN,Amazon earnings date,-0.3807900046800995
2021-10-11,2.0,AMZN,Amazon earnings date,-0.30039759434473606
2021-10-18,3.0,AMZN,Amazon earnings date,-0.22000518400937258
2021-10-25,8.0,AMZN,Amazon earnings date,0.18195686766744482
2021-11-01,1.0,AMZN,Amazon earnings date,-0.3807900046800995
2021-11-08,0.0,AMZN,Amazon earnings date,-0.461182415015463
2021-11-15,1.0,AMZN,Amazon earnings date,-0.3807900046800995
2021-11-22,0.0,AMZN,Amazon earnings date,-0.461182415015463
2021-11-29,0.0,AMZN,Amazon earnings date,-0.461182415015463
2021-12-06,0.0,AMZN,Amazon earnings date,-0.461182415015463
2021-12-13,0.0,AMZN,Amazon earnings date,-0.461182415015463
2021-12-20,0.0,AMZN,Amazon earnings date,-0.461182415015463
2021-12-27,0.0,AMZN,Amazon earnings date,-0.461182415015463
2022-01-03,1.0,AMZN,Amazon earnings date,-0.3807900046800995
2022-01-10,2.0,AMZN,Amazon earnings date,-0.30039759434473606
2022-01-17,5.0,AMZN,Amazon earnings date,-0.05922036333864562
2022-01-24,7.0,AMZN,Amazon earnings date,0.10156445733208133
2022-01-31,20.0,AMZN,Amazon earnings date,1.1466657916918064
2022-02-07,2.0,AMZN,Amazon earnings date,-0.30039759434473606
2022-02-14,1.0,AMZN,Amazon earnings date,-0.3807900046800995
2022-02-21,1.0,AMZN,Amazon earnings date,-0.3807900046800995
2022-02-28,1.0,AMZN,Amazon earnings date,-0.3807900046800995
2022-03-07,1.0,AMZN,Amazon earnings date,-0.3807900046800995
2022-03-14,1.0,AMZN,Amazon earnings date,-0.3807900046800995
2022-03-21,1.0,AMZN,Amazon earnings date,-0.3807900046800995
2022-03-28,1.0,AMZN,Amazon earnings date,-0.3807900046800995
2022-04-04,1.0,AMZN,Amazon earnings date,-0.3807900046800995
2022-04-11,2.0,AMZN,Amazon earnings date,-0.30039759434473606
2022-04-18,6.0,AMZN,Amazon earnings date,0.021172046996717857
2022-04-25,12.0,AMZN,Amazon earnings date,0.5035265090088987
2022-05-02,2.0,AMZN,Amazon earnings date,-0.30039759434473606
2022-05-09,1.0,AMZN,Amazon earnings date,-0.3807900046800995
2022-05-16,1.0,AMZN,Amazon earnings date,-0.3807900046800995
2022-05-23,1.0,AMZN,Amazon earnings date,-0.3807900046800995
2022-05-30,1.0,AMZN,Amazon earnings date,-0.3807900046800995
2022-06-06,1.0,AMZN,Amazon earnings date,-0.3807900046800995
2022-06-13,1.0,AMZN,Amazon earnings date,-0.3807900046800995
2022-06-20,1.0,AMZN,Amazon earnings date,-0.3807900046800995
2022-06-27,1.0,AMZN,Amazon earnings date,-0.3807900046800995
2022-07-04,2.0,AMZN,Amazon earnings date,-0.30039759434473606
2022-07-11,3.0,AMZN,Amazon earnings date,-0.22000518400937258
2022-07-18,7.0,AMZN,Amazon earnings date,0.10156445733208133
2022-07-25,11.0,AMZN,Amazon earnings date,0.42313409867353524
2022-08-01,2.0,AMZN,Amazon earnings date,-0.30039759434473606
2022-08-08,1.0,AMZN,Amazon earnings date,-0.3807900046800995
2022-08-15,1.0,AMZN,Amazon earnings date,-0.3807900046800995
2022-08-22,1.0,AMZN,Amazon earnings date,-0.3807900046800995
2022-08-29,0.0,AMZN,Amazon earnings date,-0.461182415015463
2022-09-05,1.0,AMZN,Amazon earnings date,-0.3807900046800995
2022-09-12,1.0,AMZN,Amazon earnings date,-0.3807900046800995
2022-09-19,1.0,AMZN,Amazon earnings date,-0.3807900046800995
2022-09-26,1.0,AMZN,Amazon earnings date,-0.3807900046800995
2022-10-03,1.0,AMZN,Amazon earnings date,-0.3807900046800995
2022-10-10,1.0,AMZN,Amazon earnings date,-0.3807900046800995
2022-10-17,5.0,AMZN,Amazon earnings date,-0.05922036333864562
2022-10-24,11.0,AMZN,Amazon earnings date,0.42313409867353524
2022-10-31,2.0,AMZN,Amazon earnings date,-0.30039759434473606
2022-11-07,1.0,AMZN,Amazon earnings date,-0.3807900046800995
2022-11-14,1.0,AMZN,Amazon earnings date,-0.3807900046800995
2022-11-21,0.0,AMZN,Amazon earnings date,-0.461182415015463
2022-11-28,1.0,AMZN,Amazon earnings date,-0.3807900046800995
2022-12-05,1.0,AMZN,Amazon earnings date,-0.3807900046800995
2022-12-12,1.0,AMZN,Amazon earnings date,-0.3807900046800995
2022-12-19,1.0,AMZN,Amazon earnings date,-0.3807900046800995
2022-12-26,1.0,AMZN,Amazon earnings date,-0.3807900046800995
2023-01-02,2.0,AMZN,Amazon earnings date,-0.30039759434473606
2023-01-09,3.0,AMZN,Amazon earnings date,-0.22000518400937258
2023-01-16,3.0,AMZN,Amazon earnings date,-0.22000518400937258
2023-01-23,7.0,AMZN,Amazon earnings date,0.10156445733208133
2023-01-30,14.0,AMZN,Amazon earnings date,0.6643113296796256
2023-02-06,1.0,AMZN,Amazon earnings date,-0.3807900046800995
2023-02-13,1.0,AMZN,Amazon earnings date,-0.3807900046800995
2023-02-20,1.0,AMZN,Amazon earnings date,-0.3807900046800995
2023-02-27,1.0,AMZN,Amazon earnings date,-0.3807900046800995
2023-03-06,0.0,AMZN,Amazon earnings date,-0.461182415015463
2023-03-13,1.0,AMZN,Amazon earnings date,-0.3807900046800995
2023-03-20,1.0,AMZN,Amazon earnings date,-0.3807900046800995
2023-03-27,1.0,AMZN,Amazon earnings date,-0.3807900046800995
2023-04-03,2.0,AMZN,Amazon earnings date,-0.30039759434473606
2023-04-10,3.0,AMZN,Amazon earnings date,-0.22000518400937258
2023-04-17,5.0,AMZN,Amazon earnings date,-0.05922036333864562
2023-04-24,14.0,AMZN,Amazon earnings date,0.6643113296796256
2023-05-01,2.0,AMZN,Amazon earnings date,-0.30039759434473606
2023-05-08,1.0,AMZN,Amazon earnings date,-0.3807900046800995
2023-05-15,1.0,AMZN,Amazon earnings date,-0.3807900046800995
2023-05-22,1.0,AMZN,Amazon earnings date,-0.3807900046800995
2023-05-29,1.0,AMZN,Amazon earnings date,-0.3807900046800995
2023-06-05,1.0,AMZN,Amazon earnings date,-0.3807900046800995
2023-06-12,1.0,AMZN,Amazon earnings date,-0.3807900046800995
2023-06-19,1.0,AMZN,Amazon earnings date,-0.3807900046800995
2023-06-26,1.0,AMZN,Amazon earnings date,-0.3807900046800995
2023-07-03,1.0,AMZN,Amazon earnings date,-0.3807900046800995
2023-07-10,3.0,AMZN,Amazon earnings date,-0.22000518400937258
2023-07-17,5.0,AMZN,Amazon earnings date,-0.05922036333864562
2023-07-24,12.0,AMZN,Amazon earnings date,0.5035265090088987
2023-07-31,12.0,AMZN,Amazon earnings date,0.5035265090088987
2023-08-07,1.0,AMZN,Amazon earnings date,-0.3807900046800995
2023-08-14,0.0,AMZN,Amazon earnings date,-0.461182415015463
2023-08-21,0.0,AMZN,Amazon earnings date,-0.461182415015463
2023-08-28,0.0,AMZN,Amazon earnings date,-0.461182415015463
2023-09-04,0.0,AMZN,Amazon earnings date,-0.461182415015463
2023-09-11,1.0,AMZN,Amazon earnings date,-0.3807900046800995
2023-09-18,0.0,AMZN,Amazon earnings date,-0.461182415015463
2023-09-25,1.0,AMZN,Amazon earnings date,-0.3807900046800995
2023-10-02,1.0,AMZN,Amazon earnings date,-0.3807900046800995
2023-10-09,2.0,AMZN,Amazon earnings date,-0.30039759434473606
2023-10-16,3.0,AMZN,Amazon earnings date,-0.22000518400937258
2023-10-23,18.0,AMZN,Amazon earnings date,0.9858809710210795
2023-10-30,2.0,AMZN,Amazon earnings date,-0.30039759434473606
2023-11-06,1.0,AMZN,Amazon earnings date,-0.3807900046800995
2023-11-13,1.0,AMZN,Amazon earnings date,-0.3807900046800995
2023-11-20,0.0,AMZN,Amazon earnings date,-0.461182415015463
2023-11-27,1.0,AMZN,Amazon earnings date,-0.3807900046800995
2023-12-04,1.0,AMZN,Amazon earnings date,-0.3807900046800995
2023-12-11,1.0,AMZN,Amazon earnings date,-0.3807900046800995
2023-12-18,1.0,AMZN,Amazon earnings date,-0.3807900046800995
2023-12-25,1.0,AMZN,Amazon earnings date,-0.3807900046800995
2024-01-01,1.0,AMZN,Amazon earnings date,-0.3807900046800995
2024-01-08,2.0,AMZN,Amazon earnings date,-0.30039759434473606
2024-01-15,3.0,AMZN,Amazon earnings date,-0.22000518400937258
2024-01-22,6.0,AMZN,Amazon earnings date,0.021172046996717857
2024-01-29,13.0,AMZN,Amazon earnings date,0.5839189193442622
2024-02-05,2.0,AMZN,Amazon earnings date,-0.30039759434473606
2024-02-12,2.0,AMZN,Amazon earnings date,-0.30039759434473606
2024-02-19,2.0,AMZN,Amazon earnings date,-0.30039759434473606
2024-02-26,1.0,AMZN,Amazon earnings date,-0.3807900046800995
2024-03-04,1.0,AMZN,Amazon earnings date,-0.3807900046800995
2024-03-11,1.0,AMZN,Amazon earnings date,-0.3807900046800995
2024-03-18,1.0,AMZN,Amazon earnings date,-0.3807900046800995
2024-03-25,1.0,AMZN,Amazon earnings date,-0.3807900046800995
2024-04-01,3.0,AMZN,Amazon earnings date,-0.22000518400937258
2024-04-08,3.0,AMZN,Amazon earnings date,-0.22000518400937258
2024-04-15,5.0,AMZN,Amazon earnings date,-0.05922036333864562
2024-04-22,14.0,AMZN,Amazon earnings date,0.6643113296796256
2024-04-29,13.0,AMZN,Amazon earnings date,0.5839189193442622
2024-05-06,1.0,AMZN,Amazon earnings date,-0.3807900046800995
2024-05-13,1.0,AMZN,Amazon earnings date,-0.3807900046800995
2024-05-20,1.0,AMZN,Amazon earnings date,-0.3807900046800995
2024-05-27,1.0,AMZN,Amazon earnings date,-0.3807900046800995
2024-06-03,1.0,AMZN,Amazon earnings date,-0.3807900046800995
2024-06-10,2.0,AMZN,Amazon earnings date,-0.30039759434473606
2024-06-17,1.0,AMZN,Amazon earnings date,-0.3807900046800995
2024-06-24,2.0,AMZN,Amazon earnings date,-0.30039759434473606
2024-07-01,2.0,AMZN,Amazon earnings date,-0.30039759434473606
2024-07-08,3.0,AMZN,Amazon earnings date,-0.22000518400937258
2024-07-15,6.0,AMZN,Amazon earnings date,0.021172046996717857
2024-07-22,9.0,AMZN,Amazon earnings date,0.2623492780028083
2024-07-29,12.0,AMZN,Amazon earnings date,0.5035265090088987
2024-08-05,2.0,AMZN,Amazon earnings date,-0.30039759434473606
2024-08-12,1.0,AMZN,Amazon earnings date,-0.3807900046800995
2024-08-19,1.0,AMZN,Amazon earnings date,-0.3807900046800995
2024-08-26,1.0,AMZN,Amazon earnings date,-0.3807900046800995
2024-09-02,0.0,AMZN,Amazon earnings date,-0.461182415015463
2024-09-09,1.0,AMZN,Amazon earnings date,-0.3807900046800995
2024-09-16,1.0,AMZN,Amazon earnings date,-0.3807900046800995
2024-09-23,1.0,AMZN,Amazon earnings date,-0.3807900046800995
2024-09-30,1.0,AMZN,Amazon earnings date,-0.3807900046800995
2024-10-07,2.0,AMZN,Amazon earnings date,-0.30039759434473606
2024-10-14,5.0,AMZN,Amazon earnings date,-0.05922036333864562
2024-10-21,8.0,AMZN,Amazon earnings date,0.18195686766744482
2024-10-28,14.0,AMZN,Amazon earnings date,0.6643113296796256
2024-11-04,1.0,AMZN,Amazon earnings date,-0.3807900046800995
2024-11-11,2.0,AMZN,Amazon earnings date,-0.30039759434473606
2024-11-18,2.0,AMZN,Amazon earnings date,-0.30039759434473606
2024-11-25,0.0,AMZN,Amazon earnings date,-0.461182415015463
2024-12-02,2.0,AMZN,Amazon earnings date,-0.30039759434473606
2024-12-09,1.0,AMZN,Amazon earnings date,-0.3807900046800995
2024-12-16,0.0,AMZN,Amazon earnings date,-0.461182415015463
2024-12-23,0.0,AMZN,Amazon earnings date,-0.461182415015463
2024-12-30,2.0,AMZN,Amazon earnings date,-0.30039759434473606
2025-01-06,2.0,AMZN,Amazon earnings date,-0.30039759434473606
2025-01-13,3.0,AMZN,Amazon earnings date,-0.22000518400937258
2025-01-20,6.0,AMZN,Amazon earnings date,0.021172046996717857
2025-01-27,10.0,AMZN,Amazon earnings date,0.34274168833817176
2025-02-03,16.0,AMZN,Amazon earnings date,0.8250961503503526
2025-02-10,2.0,AMZN,Amazon earnings date,-0.30039759434473606
2025-02-17,2.0,AMZN,Amazon earnings date,-0.30039759434473606
2025-02-24,2.0,AMZN,Amazon earnings date,-0.30039759434473606
2025-03-03,1.0,AMZN,Amazon earnings date,-0.3807900046800995
2025-03-10,1.0,AMZN,Amazon earnings date,-0.3807900046800995
2025-03-17,1.0,AMZN,Amazon earnings date,-0.3807900046800995
2025-03-24,1.0,AMZN,Amazon earnings date,-0.3807900046800995
2025-03-31,1.0,AMZN,Amazon earnings date,-0.3807900046800995
2025-04-07,2.0,AMZN,Amazon earnings date,-0.30039759434473606
2025-04-14,3.0,AMZN,Amazon earnings date,-0.22000518400937258
2025-04-21,6.0,AMZN,Amazon earnings date,0.021172046996717857
2025-04-28,12.0,AMZN,Amazon earnings date,0.5035265090088987
2025-05-05,2.0,AMZN,Amazon earnings date,-0.30039759434473606
2025-05-12,1.0,AMZN,Amazon earnings date,-0.3807900046800995
2025-05-19,1.0,AMZN,Amazon earnings date,-0.3807900046800995
2025-05-26,1.0,AMZN,Amazon earnings date,-0.3807900046800995
2025-06-02,1.0,AMZN,Amazon earnings date,-0.3807900046800995
2025-06-09,1.0,AMZN,Amazon earnings date,-0.3807900046800995
2025-06-16,1.0,AMZN,Amazon earnings date,-0.3807900046800995
2025-06-23,2.0,AMZN,Amazon earnings date,-0.30039759434473606
2025-06-30,2.0,AMZN,Amazon earnings date,-0.30039759434473606
2025-07-07,3.0,AMZN,Amazon earnings date,-0.22000518400937258
2025-07-14,8.0,AMZN,Amazon earnings date,0.18195686766744482
2025-07-21,16.0,AMZN,Amazon earnings date,0.8250961503503526
2025-07-28,54.0,AMZN,Amazon earnings date,3.880007743094165
2025-08-04,70.0,AMZN,Amazon earnings date,5.166286308459981
2025-08-11,69.0,AMZN,Amazon earnings date,5.085893898124617
2025-08-18,58.0,AMZN,Amazon earnings date,4.201577384435619
2025-08-25,46.0,AMZN,Amazon earnings date,3.236868460411257
2025-09-01,34.0,AMZN,Amazon earnings date,2.272159536386895
2025-09-08,38.0,AMZN,Amazon earnings date,2.593729177728349
2025-09-15,29.0,AMZN,Amazon earnings date,1.8701974847100777
2025-09-22,34.0,AMZN,Amazon earnings date,2.272159536386895
2025-09-29,26.0,AMZN,Amazon earnings date,1.6290202537039873
2025-10-06,32.0,AMZN,Amazon earnings date,2.111374715716168
2025-10-13,39.0,AMZN,Amazon earnings date,2.674121588063713
2025-10-20,62.0,AMZN,Amazon earnings date,4.523147025777073
2025-10-27,100.0,AMZN,Amazon earnings date,7.578058618520885
2025-11-03,44.0,AMZN,Amazon earnings date,3.07608363974053
2025-11-10,23.0,AMZN,Amazon earnings date,1.3878430226978968
2025-11-17,28.0,AMZN,Amazon earnings date,1.7898050743747143
2025-11-24,20.0,AMZN,Amazon earnings date,1.1466657916918064
2025-12-01,22.0,AMZN,Amazon earnings date,1.3074506123625333
2025-12-08,8.0,AMZN,Amazon earnings date,0.18195686766744482
2025-12-15,4.0,AMZN,Amazon earnings date,-0.1396127736740091
2025-12-22,4.0,AMZN,Amazon earnings date,-0.1396127736740091
2020-12-21,34.0,AMZN,Amazon stock,-0.08529186314909191
2020-12-28,39.0,AMZN,Amazon stock,0.27168047143656426
2021-01-04,45.0,AMZN,Amazon stock,0.7000472729393517
2021-01-11,51.0,AMZN,Amazon stock,1.128414074442139
2021-01-18,42.0,AMZN,Amazon stock,0.48586387218795796
2021-01-25,53.0,AMZN,Amazon stock,1.2712030082764014
2021-02-01,81.0,AMZN,Amazon stock,3.2702480819560757
2021-02-08,41.0,AMZN,Amazon stock,0.4144694052708267
2021-02-15,35.0,AMZN,Amazon stock,-0.013897396231960686
2021-02-22,40.0,AMZN,Amazon stock,0.34307493835369546
2021-03-01,43.0,AMZN,Amazon stock,0.5572583391050892
2021-03-08,39.0,AMZN,Amazon stock,0.27168047143656426
2021-03-15,36.0,AMZN,Amazon stock,0.05749707068517054
2021-03-22,30.0,AMZN,Amazon stock,-0.3708697308176168
2021-03-29,28.0,AMZN,Amazon stock,-0.5136586646518793
2021-04-05,31.0,AMZN,Amazon stock,-0.2994752639004856
2021-04-12,33.0,AMZN,Amazon stock,-0.15668633006622315
2021-04-19,30.0,AMZN,Amazon stock,-0.3708697308176168
2021-04-26,49.0,AMZN,Amazon stock,0.9856251406078765
2021-05-03,35.0,AMZN,Amazon stock,-0.013897396231960686
2021-05-10,33.0,AMZN,Amazon stock,-0.15668633006622315
2021-05-17,27.0,AMZN,Amazon stock,-0.5850531315690105
2021-05-24,30.0,AMZN,Amazon stock,-0.3708697308176168
2021-05-31,25.0,AMZN,Amazon stock,-0.727842065403273
2021-06-07,27.0,AMZN,Amazon stock,-0.5850531315690105
2021-06-14,26.0,AMZN,Amazon stock,-0.6564475984861418
2021-06-21,31.0,AMZN,Amazon stock,-0.2994752639004856
2021-06-28,25.0,AMZN,Amazon stock,-0.727842065403273
2021-07-05,33.0,AMZN,Amazon stock,-0.15668633006622315
2021-07-12,29.0,AMZN,Amazon stock,-0.44226419773474807
2021-07-19,31.0,AMZN,Amazon stock,-0.2994752639004856
2021-07-26,42.0,AMZN,Amazon stock,0.48586387218795796
2021-08-02,30.0,AMZN,Amazon stock,-0.3708697308176168
2021-08-09,26.0,AMZN,Amazon stock,-0.6564475984861418
2021-08-16,28.0,AMZN,Amazon stock,-0.5136586646518793
2021-08-23,27.0,AMZN,Amazon stock,-0.5850531315690105
2021-08-30,26.0,AMZN,Amazon stock,-0.6564475984861418
2021-09-06,22.0,AMZN,Amazon stock,-0.9420254661546666
2021-09-13,22.0,AMZN,Amazon stock,-0.9420254661546666
2021-09-20,24.0,AMZN,Amazon stock,-0.7992365323204043
2021-09-27,24.0,AMZN,Amazon stock,-0.7992365323204043
2021-10-04,25.0,AMZN,Amazon stock,-0.727842065403273
2021-10-11,23.0,AMZN,Amazon stock,-0.8706309992375355
2021-10-18,25.0,AMZN,Amazon stock,-0.727842065403273
2021-10-25,35.0,AMZN,Amazon stock,-0.013897396231960686
2021-11-01,29.0,AMZN,Amazon stock,-0.44226419773474807
2021-11-08,29.0,AMZN,Amazon stock,-0.44226419773474807
2021-11-15,29.0,AMZN,Amazon stock,-0.44226419773474807
2021-11-22,24.0,AMZN,Amazon stock,-0.7992365323204043
2021-11-29,27.0,AMZN,Amazon stock,-0.5850531315690105
2021-12-06,27.0,AMZN,Amazon stock,-0.5850531315690105
2021-12-13,25.0,AMZN,Amazon stock,-0.727842065403273
2021-12-20,23.0,AMZN,Amazon stock,-0.8706309992375355
2021-12-27,23.0,AMZN,Amazon stock,-0.8706309992375355
2022-01-03,27.0,AMZN,Amazon stock,-0.5850531315690105
2022-01-10,25.0,AMZN,Amazon stock,-0.727842065403273
2022-01-17,27.0,AMZN,Amazon stock,-0.5850531315690105
2022-01-24,39.0,AMZN,Amazon stock,0.27168047143656426
2022-01-31,59.0,AMZN,Amazon stock,1.699569809779189
2022-02-07,36.0,AMZN,Amazon stock,0.05749707068517054
2022-02-14,28.0,AMZN,Amazon stock,-0.5136586646518793
2022-02-21,27.0,AMZN,Amazon stock,-0.5850531315690105
2022-02-28,24.0,AMZN,Amazon stock,-0.7992365323204043
2022-03-07,61.0,AMZN,Amazon stock,1.8423587436134514
2022-03-14,43.0,AMZN,Amazon stock,0.5572583391050892
2022-03-21,36.0,AMZN,Amazon stock,0.05749707068517054
2022-03-28,37.0,AMZN,Amazon stock,0.12889153760230176
2022-04-04,33.0,AMZN,Amazon stock,-0.15668633006622315
2022-04-11,30.0,AMZN,Amazon stock,-0.3708697308176168
2022-04-18,32.0,AMZN,Amazon stock,-0.22808079698335437
2022-04-25,69.0,AMZN,Amazon stock,2.413514478950501
2022-05-02,58.0,AMZN,Amazon stock,1.6281753428620576
2022-05-09,59.0,AMZN,Amazon stock,1.699569809779189
2022-05-16,49.0,AMZN,Amazon stock,0.9856251406078765
2022-05-23,46.0,AMZN,Amazon stock,0.7714417398564829
2022-05-30,57.0,AMZN,Amazon stock,1.5567808759449264
2022-06-06,100.0,AMZN,Amazon stock,4.62674295338157
2022-06-13,64.0,AMZN,Amazon stock,2.056542144364845
2022-06-20,43.0,AMZN,Amazon stock,0.5572583391050892
2022-06-27,40.0,AMZN,Amazon stock,0.34307493835369546
2022-07-04,35.0,AMZN,Amazon stock,-0.013897396231960686
2022-07-11,39.0,AMZN,Amazon stock,0.27168047143656426
2022-07-18,42.0,AMZN,Amazon stock,0.48586387218795796
2022-07-25,56.0,AMZN,Amazon stock,1.485386409027795
2022-08-01,50.0,AMZN,Amazon stock,1.0570196075250078
2022-08-08,42.0,AMZN,Amazon stock,0.48586387218795796
2022-08-15,40.0,AMZN,Amazon stock,0.34307493835369546
2022-08-22,36.0,AMZN,Amazon stock,0.05749707068517054
2022-08-29,33.0,AMZN,Amazon stock,-0.15668633006622315
2022-09-05,26.0,AMZN,Amazon stock,-0.6564475984861418
2022-09-12,34.0,AMZN,Amazon stock,-0.08529186314909191
2022-09-19,33.0,AMZN,Amazon stock,-0.15668633006622315
2022-09-26,30.0,AMZN,Amazon stock,-0.3708697308176168
2022-10-03,30.0,AMZN,Amazon stock,-0.3708697308176168
2022-10-10,30.0,AMZN,Amazon stock,-0.3708697308176168
2022-10-17,29.0,AMZN,Amazon stock,-0.44226419773474807
2022-10-24,59.0,AMZN,Amazon stock,1.699569809779189
2022-10-31,49.0,AMZN,Amazon stock,0.9856251406078765
2022-11-07,51.0,AMZN,Amazon stock,1.128414074442139
2022-11-14,44.0,AMZN,Amazon stock,0.6286528060222204
2022-11-21,29.0,AMZN,Amazon stock,-0.44226419773474807
2022-11-28,32.0,AMZN,Amazon stock,-0.22808079698335437
2022-12-05,29.0,AMZN,Amazon stock,-0.44226419773474807
2022-12-12,32.0,AMZN,Amazon stock,-0.22808079698335437
2022-12-19,31.0,AMZN,Amazon stock,-0.2994752639004856
2022-12-26,30.0,AMZN,Amazon stock,-0.3708697308176168
2023-01-02,35.0,AMZN,Amazon stock,-0.013897396231960686
2023-01-09,36.0,AMZN,Amazon stock,0.05749707068517054
2023-01-16,32.0,AMZN,Amazon stock,-0.22808079698335437
2023-01-23,36.0,AMZN,Amazon stock,0.05749707068517054
2023-01-30,52.0,AMZN,Amazon stock,1.1998085413592703
2023-02-06,39.0,AMZN,Amazon stock,0.27168047143656426
2023-02-13,32.0,AMZN,Amazon stock,-0.22808079698335437
2023-02-20,27.0,AMZN,Amazon stock,-0.5850531315690105
2023-02-27,27.0,AMZN,Amazon stock,-0.5850531315690105
2023-03-06,25.0,AMZN,Amazon stock,-0.727842065403273
2023-03-13,29.0,AMZN,Amazon stock,-0.44226419773474807
2023-03-20,30.0,AMZN,Amazon stock,-0.3708697308176168
2023-03-27,26.0,AMZN,Amazon stock,-0.6564475984861418
2023-04-03,24.0,AMZN,Amazon stock,-0.7992365323204043
2023-04-10,27.0,AMZN,Amazon stock,-0.5850531315690105
2023-04-17,27.0,AMZN,Amazon stock,-0.5850531315690105
2023-04-24,43.0,AMZN,Amazon stock,0.5572583391050892
2023-05-01,29.0,AMZN,Amazon stock,-0.44226419773474807
2023-05-08,29.0,AMZN,Amazon stock,-0.44226419773474807
2023-05-15,30.0,AMZN,Amazon stock,-0.3708697308176168
2023-05-22,29.0,AMZN,Amazon stock,-0.44226419773474807
2023-05-29,30.0,AMZN,Amazon stock,-0.3708697308176168
2023-06-05,33.0,AMZN,Amazon stock,-0.15668633006622315
2023-06-12,33.0,AMZN,Amazon stock,-0.15668633006622315
2023-06-19,27.0,AMZN,Amazon stock,-0.5850531315690105
2023-06-26,28.0,AMZN,Amazon stock,-0.5136586646518793
2023-07-03,26.0,AMZN,Amazon stock,-0.6564475984861418
2023-07-10,32.0,AMZN,Amazon stock,-0.22808079698335437
2023-07-17,31.0,AMZN,Amazon stock,-0.2994752639004856
2023-07-24,30.0,AMZN,Amazon stock,-0.3708697308176168
2023-07-31,43.0,AMZN,Amazon stock,0.5572583391050892
2023-08-07,31.0,AMZN,Amazon stock,-0.2994752639004856
2023-08-14,27.0,AMZN,Amazon stock,-0.5850531315690105
2023-08-21,25.0,AMZN,Amazon stock,-0.727842065403273
2023-08-28,25.0,AMZN,Amazon stock,-0.727842065403273
2023-09-04,21.0,AMZN,Amazon stock,-1.013419933071798
2023-09-11,26.0,AMZN,Amazon stock,-0.6564475984861418
2023-09-18,24.0,AMZN,Amazon stock,-0.7992365323204043
2023-09-25,26.0,AMZN,Amazon stock,-0.6564475984861418
2023-10-02,24.0,AMZN,Amazon stock,-0.7992365323204043
2023-10-09,23.0,AMZN,Amazon stock,-0.8706309992375355
2023-10-16,21.0,AMZN,Amazon stock,-1.013419933071798
2023-10-23,33.0,AMZN,Amazon stock,-0.15668633006622315
2023-10-30,28.0,AMZN,Amazon stock,-0.5136586646518793
2023-11-06,28.0,AMZN,Amazon stock,-0.5136586646518793
2023-11-13,32.0,AMZN,Amazon stock,-0.22808079698335437
2023-11-20,25.0,AMZN,Amazon stock,-0.727842065403273
2023-11-27,29.0,AMZN,Amazon stock,-0.44226419773474807
2023-12-04,26.0,AMZN,Amazon stock,-0.6564475984861418
2023-12-11,27.0,AMZN,Amazon stock,-0.5850531315690105
2023-12-18,29.0,AMZN,Amazon stock,-0.44226419773474807
2023-12-25,22.0,AMZN,Amazon stock,-0.9420254661546666
2024-01-01,24.0,AMZN,Amazon stock,-0.7992365323204043
2024-01-08,27.0,AMZN,Amazon stock,-0.5850531315690105
2024-01-15,22.0,AMZN,Amazon stock,-0.9420254661546666
2024-01-22,28.0,AMZN,Amazon stock,-0.5136586646518793
2024-01-29,42.0,AMZN,Amazon stock,0.48586387218795796
2024-02-05,34.0,AMZN,Amazon stock,-0.08529186314909191
2024-02-12,30.0,AMZN,Amazon stock,-0.3708697308176168
2024-02-19,28.0,AMZN,Amazon stock,-0.5136586646518793
2024-02-26,29.0,AMZN,Amazon stock,-0.44226419773474807
2024-03-04,28.0,AMZN,Amazon stock,-0.5136586646518793
2024-03-11,25.0,AMZN,Amazon stock,-0.727842065403273
2024-03-18,25.0,AMZN,Amazon stock,-0.727842065403273
2024-03-25,24.0,AMZN,Amazon stock,-0.7992365323204043
2024-04-01,26.0,AMZN,Amazon stock,-0.6564475984861418
2024-04-08,27.0,AMZN,Amazon stock,-0.5850531315690105
2024-04-15,26.0,AMZN,Amazon stock,-0.6564475984861418
2024-04-22,27.0,AMZN,Amazon stock,-0.5850531315690105
2024-04-29,41.0,AMZN,Amazon stock,0.4144694052708267
2024-05-06,27.0,AMZN,Amazon stock,-0.5850531315690105
2024-05-13,27.0,AMZN,Amazon stock,-0.5850531315690105
2024-05-20,25.0,AMZN,Amazon stock,-0.727842065403273
2024-05-27,21.0,AMZN,Amazon stock,-1.013419933071798
2024-06-03,24.0,AMZN,Amazon stock,-0.7992365323204043
2024-06-10,24.0,AMZN,Amazon stock,-0.7992365323204043
2024-06-17,22.0,AMZN,Amazon stock,-0.9420254661546666
2024-06-24,28.0,AMZN,Amazon stock,-0.5136586646518793
2024-07-01,26.0,AMZN,Amazon stock,-0.6564475984861418
2024-07-08,28.0,AMZN,Amazon stock,-0.5136586646518793
2024-07-15,30.0,AMZN,Amazon stock,-0.3708697308176168
2024-07-22,27.0,AMZN,Amazon stock,-0.5850531315690105
2024-07-29,37.0,AMZN,Amazon stock,0.12889153760230176
2024-08-05,44.0,AMZN,Amazon stock,0.6286528060222204
2024-08-12,29.0,AMZN,Amazon stock,-0.44226419773474807
2024-08-19,26.0,AMZN,Amazon stock,-0.6564475984861418
2024-08-26,23.0,AMZN,Amazon stock,-0.8706309992375355
2024-09-02,21.0,AMZN,Amazon stock,-1.013419933071798
2024-09-09,24.0,AMZN,Amazon stock,-0.7992365323204043
2024-09-16,26.0,AMZN,Amazon stock,-0.6564475984861418
2024-09-23,24.0,AMZN,Amazon stock,-0.7992365323204043
2024-09-30,21.0,AMZN,Amazon stock,-1.013419933071798
2024-10-07,25.0,AMZN,Amazon stock,-0.727842065403273
2024-10-14,23.0,AMZN,Amazon stock,-0.8706309992375355
2024-10-21,22.0,AMZN,Amazon stock,-0.9420254661546666
2024-10-28,36.0,AMZN,Amazon stock,0.05749707068517054
2024-11-04,38.0,AMZN,Amazon stock,0.20028600451943301
2024-11-11,34.0,AMZN,Amazon stock,-0.08529186314909191
2024-11-18,30.0,AMZN,Amazon stock,-0.3708697308176168
2024-11-25,25.0,AMZN,Amazon stock,-0.727842065403273
2024-12-02,35.0,AMZN,Amazon stock,-0.013897396231960686
2024-12-09,34.0,AMZN,Amazon stock,-0.08529186314909191
2024-12-16,35.0,AMZN,Amazon stock,-0.013897396231960686
2024-12-23,23.0,AMZN,Amazon stock,-0.8706309992375355
2024-12-30,24.0,AMZN,Amazon stock,-0.7992365323204043
2025-01-06,24.0,AMZN,Amazon stock,-0.7992365323204043
2025-01-13,26.0,AMZN,Amazon stock,-0.6564475984861418
2025-01-20,29.0,AMZN,Amazon stock,-0.44226419773474807
2025-01-27,36.0,AMZN,Amazon stock,0.05749707068517054
2025-02-03,43.0,AMZN,Amazon stock,0.5572583391050892
2025-02-10,29.0,AMZN,Amazon stock,-0.44226419773474807
2025-02-17,26.0,AMZN,Amazon stock,-0.6564475984861418
2025-02-24,30.0,AMZN,Amazon stock,-0.3708697308176168
2025-03-03,35.0,AMZN,Amazon stock,-0.013897396231960686
2025-03-10,38.0,AMZN,Amazon stock,0.20028600451943301
2025-03-17,31.0,AMZN,Amazon stock,-0.2994752639004856
2025-03-24,29.0,AMZN,Amazon stock,-0.44226419773474807
2025-03-31,52.0,AMZN,Amazon stock,1.1998085413592703
2025-04-07,65.0,AMZN,Amazon stock,2.127936611281976
2025-04-14,33.0,AMZN,Amazon stock,-0.15668633006622315
2025-04-21,38.0,AMZN,Amazon stock,0.20028600451943301
2025-04-28,43.0,AMZN,Amazon stock,0.5572583391050892
2025-05-05,28.0,AMZN,Amazon stock,-0.5136586646518793
2025-05-12,40.0,AMZN,Amazon stock,0.34307493835369546
2025-05-19,27.0,AMZN,Amazon stock,-0.5850531315690105
2025-05-26,24.0,AMZN,Amazon stock,-0.7992365323204043
2025-06-02,28.0,AMZN,Amazon stock,-0.5136586646518793
2025-06-09,28.0,AMZN,Amazon stock,-0.5136586646518793
2025-06-16,25.0,AMZN,Amazon stock,-0.727842065403273
2025-06-23,29.0,AMZN,Amazon stock,-0.44226419773474807
2025-06-30,26.0,AMZN,Amazon stock,-0.6564475984861418
2025-07-07,30.0,AMZN,Amazon stock,-0.3708697308176168
2025-07-14,32.0,AMZN,Amazon stock,-0.22808079698335437
2025-07-21,37.0,AMZN,Amazon stock,0.12889153760230176
2025-07-28,69.0,AMZN,Amazon stock,2.413514478950501
2025-08-04,92.0,AMZN,Amazon stock,4.055587218044519
2025-08-11,89.0,AMZN,Amazon stock,3.8414038172931257
2025-08-18,78.0,AMZN,Amazon stock,3.056064681204682
2025-08-25,61.0,AMZN,Amazon stock,1.8423587436134514
2025-09-01,60.0,AMZN,Amazon stock,1.77096427669632
2025-09-08,69.0,AMZN,Amazon stock,2.413514478950501
2025-09-15,55.0,AMZN,Amazon stock,1.413991942110664
2025-09-22,66.0,AMZN,Amazon stock,2.1993310781991076
2025-09-29,54.0,AMZN,Amazon stock,1.3425974751935328
2025-10-06,55.0,AMZN,Amazon stock,1.413991942110664
2025-10-13,54.0,AMZN,Amazon stock,1.3425974751935328
2025-10-20,68.0,AMZN,Amazon stock,2.34212001203337
2025-10-27,84.0,AMZN,Amazon stock,3.48443148270747
2025-11-03,70.0,AMZN,Amazon stock,2.4849089458676326
2025-11-10,61.0,AMZN,Amazon stock,1.8423587436134514
2025-11-17,64.0,AMZN,Amazon stock,2.056542144364845
2025-11-24,70.0,AMZN,Amazon stock,2.4849089458676326
2025-12-01,75.0,AMZN,Amazon stock,2.8418812804532885
2025-12-08,37.0,AMZN,Amazon stock,0.12889153760230176
2025-12-15,28.0,AMZN,Amazon stock,-0.5136586646518793
2025-12-22,24.0,AMZN,Amazon stock,-0.7992365323204043
2020-12-21,5.0,AVGO,AVGO,-0.6702068341442
2020-12-28,5.0,AVGO,AVGO,-0.6702068341442
2021-01-04,5.0,AVGO,AVGO,-0.6702068341442
2021-01-11,5.0,AVGO,AVGO,-0.6702068341442
2021-01-18,5.0,AVGO,AVGO,-0.6702068341442
2021-01-25,5.0,AVGO,AVGO,-0.6702068341442
2021-02-01,5.0,AVGO,AVGO,-0.6702068341442
2021-02-08,5.0,AVGO,AVGO,-0.6702068341442
2021-02-15,5.0,AVGO,AVGO,-0.6702068341442
2021-02-22,5.0,AVGO,AVGO,-0.6702068341442
2021-03-01,7.0,AVGO,AVGO,-0.565934749497062
2021-03-08,6.0,AVGO,AVGO,-0.6180707918206311
2021-03-15,7.0,AVGO,AVGO,-0.565934749497062
2021-03-22,4.0,AVGO,AVGO,-0.7223428764677691
2021-03-29,5.0,AVGO,AVGO,-0.6702068341442
2021-04-05,5.0,AVGO,AVGO,-0.6702068341442
2021-04-12,4.0,AVGO,AVGO,-0.7223428764677691
2021-04-19,5.0,AVGO,AVGO,-0.6702068341442
2021-04-26,4.0,AVGO,AVGO,-0.7223428764677691
2021-05-03,4.0,AVGO,AVGO,-0.7223428764677691
2021-05-10,4.0,AVGO,AVGO,-0.7223428764677691
2021-05-17,4.0,AVGO,AVGO,-0.7223428764677691
2021-05-24,4.0,AVGO,AVGO,-0.7223428764677691
2021-05-31,5.0,AVGO,AVGO,-0.6702068341442
2021-06-07,4.0,AVGO,AVGO,-0.7223428764677691
2021-06-14,4.0,AVGO,AVGO,-0.7223428764677691
2021-06-21,4.0,AVGO,AVGO,-0.7223428764677691
2021-06-28,4.0,AVGO,AVGO,-0.7223428764677691
2021-07-05,3.0,AVGO,AVGO,-0.774478918791338
2021-07-12,5.0,AVGO,AVGO,-0.6702068341442
2021-07-19,5.0,AVGO,AVGO,-0.6702068341442
2021-07-26,4.0,AVGO,AVGO,-0.7223428764677691
2021-08-02,4.0,AVGO,AVGO,-0.7223428764677691
2021-08-09,3.0,AVGO,AVGO,-0.774478918791338
2021-08-16,3.0,AVGO,AVGO,-0.774478918791338
2021-08-23,3.0,AVGO,AVGO,-0.774478918791338
2021-08-30,6.0,AVGO,AVGO,-0.6180707918206311
2021-09-06,4.0,AVGO,AVGO,-0.7223428764677691
2021-09-13,4.0,AVGO,AVGO,-0.7223428764677691
2021-09-20,4.0,AVGO,AVGO,-0.7223428764677691
2021-09-27,3.0,AVGO,AVGO,-0.774478918791338
2021-10-04,4.0,AVGO,AVGO,-0.7223428764677691
2021-10-11,4.0,AVGO,AVGO,-0.7223428764677691
2021-10-18,4.0,AVGO,AVGO,-0.7223428764677691
2021-10-25,4.0,AVGO,AVGO,-0.7223428764677691
2021-11-01,4.0,AVGO,AVGO,-0.7223428764677691
2021-11-08,5.0,AVGO,AVGO,-0.6702068341442
2021-11-15,4.0,AVGO,AVGO,-0.7223428764677691
2021-11-22,3.0,AVGO,AVGO,-0.774478918791338
2021-11-29,4.0,AVGO,AVGO,-0.7223428764677691
2021-12-06,9.0,AVGO,AVGO,-0.461662664849924
2021-12-13,7.0,AVGO,AVGO,-0.565934749497062
2021-12-20,6.0,AVGO,AVGO,-0.6180707918206311
2021-12-27,6.0,AVGO,AVGO,-0.6180707918206311
2022-01-03,5.0,AVGO,AVGO,-0.6702068341442
2022-01-10,4.0,AVGO,AVGO,-0.7223428764677691
2022-01-17,4.0,AVGO,AVGO,-0.7223428764677691
2022-01-24,6.0,AVGO,AVGO,-0.6180707918206311
2022-01-31,5.0,AVGO,AVGO,-0.6702068341442
2022-02-07,5.0,AVGO,AVGO,-0.6702068341442
2022-02-14,5.0,AVGO,AVGO,-0.6702068341442
2022-02-21,4.0,AVGO,AVGO,-0.7223428764677691
2022-02-28,7.0,AVGO,AVGO,-0.565934749497062
2022-03-07,4.0,AVGO,AVGO,-0.7223428764677691
2022-03-14,5.0,AVGO,AVGO,-0.6702068341442
2022-03-21,4.0,AVGO,AVGO,-0.7223428764677691
2022-03-28,5.0,AVGO,AVGO,-0.6702068341442
2022-04-04,4.0,AVGO,AVGO,-0.7223428764677691
2022-04-11,4.0,AVGO,AVGO,-0.7223428764677691
2022-04-18,4.0,AVGO,AVGO,-0.7223428764677691
2022-04-25,5.0,AVGO,AVGO,-0.6702068341442
2022-05-02,4.0,AVGO,AVGO,-0.7223428764677691
2022-05-09,5.0,AVGO,AVGO,-0.6702068341442
2022-05-16,5.0,AVGO,AVGO,-0.6702068341442
2022-05-23,9.0,AVGO,AVGO,-0.461662664849924
2022-05-30,5.0,AVGO,AVGO,-0.6702068341442
2022-06-06,5.0,AVGO,AVGO,-0.6702068341442
2022-06-13,6.0,AVGO,AVGO,-0.6180707918206311
2022-06-20,5.0,AVGO,AVGO,-0.6702068341442
2022-06-27,4.0,AVGO,AVGO,-0.7223428764677691
2022-07-04,4.0,AVGO,AVGO,-0.7223428764677691
2022-07-11,4.0,AVGO,AVGO,-0.7223428764677691
2022-07-18,5.0,AVGO,AVGO,-0.6702068341442
2022-07-25,5.0,AVGO,AVGO,-0.6702068341442
2022-08-01,5.0,AVGO,AVGO,-0.6702068341442
2022-08-08,5.0,AVGO,AVGO,-0.6702068341442
2022-08-15,5.0,AVGO,AVGO,-0.6702068341442
2022-08-22,5.0,AVGO,AVGO,-0.6702068341442
2022-08-29,7.0,AVGO,AVGO,-0.565934749497062
2022-09-05,4.0,AVGO,AVGO,-0.7223428764677691
2022-09-12,5.0,AVGO,AVGO,-0.6702068341442
2022-09-19,5.0,AVGO,AVGO,-0.6702068341442
2022-09-26,5.0,AVGO,AVGO,-0.6702068341442
2022-10-03,5.0,AVGO,AVGO,-0.6702068341442
2022-10-10,5.0,AVGO,AVGO,-0.6702068341442
2022-10-17,4.0,AVGO,AVGO,-0.7223428764677691
2022-10-24,4.0,AVGO,AVGO,-0.7223428764677691
2022-10-31,4.0,AVGO,AVGO,-0.7223428764677691
2022-11-07,5.0,AVGO,AVGO,-0.6702068341442
2022-11-14,5.0,AVGO,AVGO,-0.6702068341442
2022-11-21,4.0,AVGO,AVGO,-0.7223428764677691
2022-11-28,4.0,AVGO,AVGO,-0.7223428764677691
2022-12-05,7.0,AVGO,AVGO,-0.565934749497062
2022-12-12,6.0,AVGO,AVGO,-0.6180707918206311
2022-12-19,4.0,AVGO,AVGO,-0.7223428764677691
2022-12-26,4.0,AVGO,AVGO,-0.7223428764677691
2023-01-02,5.0,AVGO,AVGO,-0.6702068341442
2023-01-09,7.0,AVGO,AVGO,-0.565934749497062
2023-01-16,4.0,AVGO,AVGO,-0.7223428764677691
2023-01-23,6.0,AVGO,AVGO,-0.6180707918206311
2023-01-30,5.0,AVGO,AVGO,-0.6702068341442
2023-02-06,5.0,AVGO,AVGO,-0.6702068341442
2023-02-13,5.0,AVGO,AVGO,-0.6702068341442
2023-02-20,4.0,AVGO,AVGO,-0.7223428764677691
2023-02-27,7.0,AVGO,AVGO,-0.565934749497062
2023-03-06,6.0,AVGO,AVGO,-0.6180707918206311
2023-03-13,6.0,AVGO,AVGO,-0.6180707918206311
2023-03-20,6.0,AVGO,AVGO,-0.6180707918206311
2023-03-27,5.0,AVGO,AVGO,-0.6702068341442
2023-04-03,4.0,AVGO,AVGO,-0.7223428764677691
2023-04-10,4.0,AVGO,AVGO,-0.7223428764677691
2023-04-17,5.0,AVGO,AVGO,-0.6702068341442
2023-04-24,4.0,AVGO,AVGO,-0.7223428764677691
2023-05-01,5.0,AVGO,AVGO,-0.6702068341442
2023-05-08,4.0,AVGO,AVGO,-0.7223428764677691
2023-05-15,6.0,AVGO,AVGO,-0.6180707918206311
2023-05-22,14.0,AVGO,AVGO,-0.20098245323207897
2023-05-29,19.0,AVGO,AVGO,0.059697758385766055
2023-06-05,10.0,AVGO,AVGO,-0.409526622526355
2023-06-12,13.0,AVGO,AVGO,-0.25311849555564797
2023-06-19,9.0,AVGO,AVGO,-0.461662664849924
2023-06-26,8.0,AVGO,AVGO,-0.513798707173493
2023-07-03,7.0,AVGO,AVGO,-0.565934749497062
2023-07-10,10.0,AVGO,AVGO,-0.409526622526355
2023-07-17,10.0,AVGO,AVGO,-0.409526622526355
2023-07-24,8.0,AVGO,AVGO,-0.513798707173493
2023-07-31,8.0,AVGO,AVGO,-0.513798707173493
2023-08-07,7.0,AVGO,AVGO,-0.565934749497062
2023-08-14,7.0,AVGO,AVGO,-0.565934749497062
2023-08-21,9.0,AVGO,AVGO,-0.461662664849924
2023-08-28,16.0,AVGO,AVGO,-0.09671036858494096
2023-09-04,8.0,AVGO,AVGO,-0.513798707173493
2023-09-11,7.0,AVGO,AVGO,-0.565934749497062
2023-09-18,9.0,AVGO,AVGO,-0.461662664849924
2023-09-25,8.0,AVGO,AVGO,-0.513798707173493
2023-10-02,6.0,AVGO,AVGO,-0.6180707918206311
2023-10-09,9.0,AVGO,AVGO,-0.461662664849924
2023-10-16,8.0,AVGO,AVGO,-0.513798707173493
2023-10-23,8.0,AVGO,AVGO,-0.513798707173493
2023-10-30,8.0,AVGO,AVGO,-0.513798707173493
2023-11-06,10.0,AVGO,AVGO,-0.409526622526355
2023-11-13,11.0,AVGO,AVGO,-0.357390580202786
2023-11-20,12.0,AVGO,AVGO,-0.30525453787921697
2023-11-27,11.0,AVGO,AVGO,-0.357390580202786
2023-12-04,16.0,AVGO,AVGO,-0.09671036858494096
2023-12-11,31.0,AVGO,AVGO,0.6853302662685942
2023-12-18,17.0,AVGO,AVGO,-0.044574326261371956
2023-12-25,9.0,AVGO,AVGO,-0.461662664849924
2024-01-01,9.0,AVGO,AVGO,-0.461662664849924
2024-01-08,11.0,AVGO,AVGO,-0.357390580202786
2024-01-15,11.0,AVGO,AVGO,-0.357390580202786
2024-01-22,15.0,AVGO,AVGO,-0.14884641090850997
2024-01-29,13.0,AVGO,AVGO,-0.25311849555564797
2024-02-05,15.0,AVGO,AVGO,-0.14884641090850997
2024-02-12,13.0,AVGO,AVGO,-0.25311849555564797
2024-02-19,14.0,AVGO,AVGO,-0.20098245323207897
2024-02-26,17.0,AVGO,AVGO,-0.044574326261371956
2024-03-04,39.0,AVGO,AVGO,1.1024186048571463
2024-03-11,19.0,AVGO,AVGO,0.059697758385766055
2024-03-18,20.0,AVGO,AVGO,0.11183380070933506
2024-03-25,14.0,AVGO,AVGO,-0.20098245323207897
2024-04-01,14.0,AVGO,AVGO,-0.20098245323207897
2024-04-08,13.0,AVGO,AVGO,-0.25311849555564797
2024-04-15,12.0,AVGO,AVGO,-0.30525453787921697
2024-04-22,14.0,AVGO,AVGO,-0.20098245323207897
2024-04-29,12.0,AVGO,AVGO,-0.30525453787921697
2024-05-06,12.0,AVGO,AVGO,-0.30525453787921697
2024-05-13,15.0,AVGO,AVGO,-0.14884641090850997
2024-05-20,15.0,AVGO,AVGO,-0.14884641090850997
2024-05-27,13.0,AVGO,AVGO,-0.25311849555564797
2024-06-03,16.0,AVGO,AVGO,-0.09671036858494096
2024-06-10,61.0,AVGO,AVGO,2.2494115359756646
2024-06-17,61.0,AVGO,AVGO,2.2494115359756646
2024-06-24,37.0,AVGO,AVGO,0.9981465202100082
2024-07-01,37.0,AVGO,AVGO,0.9981465202100082
2024-07-08,49.0,AVGO,AVGO,1.6237790280928364
2024-07-15,55.0,AVGO,AVGO,1.9365952820342505
2024-07-22,34.0,AVGO,AVGO,0.8417383932393011
2024-07-29,34.0,AVGO,AVGO,0.8417383932393011
2024-08-05,30.0,AVGO,AVGO,0.6331942239450251
2024-08-12,30.0,AVGO,AVGO,0.6331942239450251
2024-08-19,28.0,AVGO,AVGO,0.5289221392978871
2024-08-26,28.0,AVGO,AVGO,0.5289221392978871
2024-09-02,44.0,AVGO,AVGO,1.3630988164749913
2024-09-09,32.0,AVGO,AVGO,0.7374663085921631
2024-09-16,32.0,AVGO,AVGO,0.7374663085921631
2024-09-23,28.0,AVGO,AVGO,0.5289221392978871
2024-09-30,24.0,AVGO,AVGO,0.32037797000361107
2024-10-07,28.0,AVGO,AVGO,0.5289221392978871
2024-10-14,24.0,AVGO,AVGO,0.32037797000361107
2024-10-21,23.0,AVGO,AVGO,0.26824192768004207
2024-10-28,22.0,AVGO,AVGO,0.21610588535647307
2024-11-04,23.0,AVGO,AVGO,0.26824192768004207
2024-11-11,22.0,AVGO,AVGO,0.21610588535647307
2024-11-18,22.0,AVGO,AVGO,0.21610588535647307
2024-11-25,18.0,AVGO,AVGO,0.00756171606219705
2024-12-02,25.0,AVGO,AVGO,0.3725140123271801
2024-12-09,77.0,AVGO,AVGO,3.0835882131527685
2024-12-16,85.0,AVGO,AVGO,3.5006765517413205
2024-12-23,40.0,AVGO,AVGO,1.154554647180715
2024-12-30,32.0,AVGO,AVGO,0.7374663085921631
2025-01-06,31.0,AVGO,AVGO,0.6853302662685942
2025-01-13,30.0,AVGO,AVGO,0.6331942239450251
2025-01-20,29.0,AVGO,AVGO,0.5810581816214562
2025-01-27,70.0,AVGO,AVGO,2.7186359168877856
2025-02-03,47.0,AVGO,AVGO,1.5195069434456983
2025-02-10,30.0,AVGO,AVGO,0.6331942239450251
2025-02-17,26.0,AVGO,AVGO,0.4246500546507491
2025-02-24,30.0,AVGO,AVGO,0.6331942239450251
2025-03-03,67.0,AVGO,AVGO,2.5622277899170784
2025-03-10,39.0,AVGO,AVGO,1.1024186048571463
2025-03-17,29.0,AVGO,AVGO,0.5810581816214562
2025-03-24,28.0,AVGO,AVGO,0.5289221392978871
2025-03-31,36.0,AVGO,AVGO,0.9460104778864392
2025-04-07,44.0,AVGO,AVGO,1.3630988164749913
2025-04-14,28.0,AVGO,AVGO,0.5289221392978871
2025-04-21,29.0,AVGO,AVGO,0.5810581816214562
2025-04-28,29.0,AVGO,AVGO,0.5810581816214562
2025-05-05,27.0,AVGO,AVGO,0.4767860969743181
2025-05-12,34.0,AVGO,AVGO,0.8417383932393011
2025-05-19,26.0,AVGO,AVGO,0.4246500546507491
2025-05-26,28.0,AVGO,AVGO,0.5289221392978871
2025-06-02,68.0,AVGO,AVGO,2.6143638322406475
2025-06-09,43.0,AVGO,AVGO,1.3109627741514223
2025-06-16,28.0,AVGO,AVGO,0.5289221392978871
2025-06-23,36.0,AVGO,AVGO,0.9460104778864392
2025-06-30,31.0,AVGO,AVGO,0.6853302662685942
2025-07-07,34.0,AVGO,AVGO,0.8417383932393011
2025-07-14,34.0,AVGO,AVGO,0.8417383932393011
2025-07-21,37.0,AVGO,AVGO,0.9981465202100082
2025-07-28,42.0,AVGO,AVGO,1.2588267318278532
2025-08-04,49.0,AVGO,AVGO,1.6237790280928364
2025-08-11,58.0,AVGO,AVGO,2.0930034090049574
2025-08-18,50.0,AVGO,AVGO,1.6759150704164054
2025-08-25,49.0,AVGO,AVGO,1.6237790280928364
2025-09-01,100.0,AVGO,AVGO,4.282717186594856
2025-09-08,94.0,AVGO,AVGO,3.9699009326534416
2025-09-15,62.0,AVGO,AVGO,2.3015475782992336
2025-09-22,52.0,AVGO,AVGO,1.7801871550635435
2025-09-29,53.0,AVGO,AVGO,1.8323231973871124
2025-10-06,50.0,AVGO,AVGO,1.6759150704164054
2025-10-13,63.0,AVGO,AVGO,2.3536836206228027
2025-10-20,44.0,AVGO,AVGO,1.3630988164749913
2025-10-27,57.0,AVGO,AVGO,2.0408673666813884
2025-11-03,45.0,AVGO,AVGO,1.4152348587985601
2025-11-10,41.0,AVGO,AVGO,1.2066906895042842
2025-11-17,41.0,AVGO,AVGO,1.2066906895042842
2025-11-24,57.0,AVGO,AVGO,2.0408673666813884
2025-12-01,48.0,AVGO,AVGO,1.5716429857692673
2025-12-08,86.0,AVGO,AVGO,3.5528125940648896
2025-12-15,70.0,AVGO,AVGO,2.7186359168877856
2025-12-22,40.0,AVGO,AVGO,1.154554647180715
2020-12-21,0.0,AVGO,Broadcom earnings,-0.27426256036862506
2020-12-28,0.0,AVGO,Broadcom earnings,-0.27426256036862506
2021-01-04,0.0,AVGO,Broadcom earnings,-0.27426256036862506
2021-01-11,0.0,AVGO,Broadcom earnings,-0.27426256036862506
2021-01-18,0.0,AVGO,Broadcom earnings,-0.27426256036862506
2021-01-25,0.0,AVGO,Broadcom earnings,-0.27426256036862506
2021-02-01,1.0,AVGO,Broadcom earnings,-0.14045103184613014
2021-02-08,0.0,AVGO,Broadcom earnings,-0.27426256036862506
2021-02-15,0.0,AVGO,Broadcom earnings,-0.27426256036862506
2021-02-22,0.0,AVGO,Broadcom earnings,-0.27426256036862506
2021-03-01,1.0,AVGO,Broadcom earnings,-0.14045103184613014
2021-03-08,0.0,AVGO,Broadcom earnings,-0.27426256036862506
2021-03-15,0.0,AVGO,Broadcom earnings,-0.27426256036862506
2021-03-22,0.0,AVGO,Broadcom earnings,-0.27426256036862506
2021-03-29,0.0,AVGO,Broadcom earnings,-0.27426256036862506
2021-04-05,0.0,AVGO,Broadcom earnings,-0.27426256036862506
2021-04-12,0.0,AVGO,Broadcom earnings,-0.27426256036862506
2021-04-19,0.0,AVGO,Broadcom earnings,-0.27426256036862506
2021-04-26,0.0,AVGO,Broadcom earnings,-0.27426256036862506
2021-05-03,0.0,AVGO,Broadcom earnings,-0.27426256036862506
2021-05-10,0.0,AVGO,Broadcom earnings,-0.27426256036862506
2021-05-17,0.0,AVGO,Broadcom earnings,-0.27426256036862506
2021-05-24,0.0,AVGO,Broadcom earnings,-0.27426256036862506
2021-05-31,1.0,AVGO,Broadcom earnings,-0.14045103184613014
2021-06-07,0.0,AVGO,Broadcom earnings,-0.27426256036862506
2021-06-14,0.0,AVGO,Broadcom earnings,-0.27426256036862506
2021-06-21,0.0,AVGO,Broadcom earnings,-0.27426256036862506
2021-06-28,0.0,AVGO,Broadcom earnings,-0.27426256036862506
2021-07-05,0.0,AVGO,Broadcom earnings,-0.27426256036862506
2021-07-12,0.0,AVGO,Broadcom earnings,-0.27426256036862506
2021-07-19,0.0,AVGO,Broadcom earnings,-0.27426256036862506
2021-07-26,0.0,AVGO,Broadcom earnings,-0.27426256036862506
2021-08-02,0.0,AVGO,Broadcom earnings,-0.27426256036862506
2021-08-09,0.0,AVGO,Broadcom earnings,-0.27426256036862506
2021-08-16,0.0,AVGO,Broadcom earnings,-0.27426256036862506
2021-08-23,0.0,AVGO,Broadcom earnings,-0.27426256036862506
2021-08-30,1.0,AVGO,Broadcom earnings,-0.14045103184613014
2021-09-06,0.0,AVGO,Broadcom earnings,-0.27426256036862506
2021-09-13,0.0,AVGO,Broadcom earnings,-0.27426256036862506
2021-09-20,0.0,AVGO,Broadcom earnings,-0.27426256036862506
2021-09-27,0.0,AVGO,Broadcom earnings,-0.27426256036862506
2021-10-04,0.0,AVGO,Broadcom earnings,-0.27426256036862506
2021-10-11,0.0,AVGO,Broadcom earnings,-0.27426256036862506
2021-10-18,0.0,AVGO,Broadcom earnings,-0.27426256036862506
2021-10-25,0.0,AVGO,Broadcom earnings,-0.27426256036862506
2021-11-01,0.0,AVGO,Broadcom earnings,-0.27426256036862506
2021-11-08,0.0,AVGO,Broadcom earnings,-0.27426256036862506
2021-11-15,0.0,AVGO,Broadcom earnings,-0.27426256036862506
2021-11-22,0.0,AVGO,Broadcom earnings,-0.27426256036862506
2021-11-29,0.0,AVGO,Broadcom earnings,-0.27426256036862506
2021-12-06,1.0,AVGO,Broadcom earnings,-0.14045103184613014
2021-12-13,0.0,AVGO,Broadcom earnings,-0.27426256036862506
2021-12-20,0.0,AVGO,Broadcom earnings,-0.27426256036862506
2021-12-27,0.0,AVGO,Broadcom earnings,-0.27426256036862506
2022-01-03,0.0,AVGO,Broadcom earnings,-0.27426256036862506
2022-01-10,0.0,AVGO,Broadcom earnings,-0.27426256036862506
2022-01-17,0.0,AVGO,Broadcom earnings,-0.27426256036862506
2022-01-24,0.0,AVGO,Broadcom earnings,-0.27426256036862506
2022-01-31,0.0,AVGO,Broadcom earnings,-0.27426256036862506
2022-02-07,0.0,AVGO,Broadcom earnings,-0.27426256036862506
2022-02-14,0.0,AVGO,Broadcom earnings,-0.27426256036862506
2022-02-21,0.0,AVGO,Broadcom earnings,-0.27426256036862506
2022-02-28,1.0,AVGO,Broadcom earnings,-0.14045103184613014
2022-03-07,0.0,AVGO,Broadcom earnings,-0.27426256036862506
2022-03-14,0.0,AVGO,Broadcom earnings,-0.27426256036862506
2022-03-21,0.0,AVGO,Broadcom earnings,-0.27426256036862506
2022-03-28,0.0,AVGO,Broadcom earnings,-0.27426256036862506
2022-04-04,0.0,AVGO,Broadcom earnings,-0.27426256036862506
2022-04-11,0.0,AVGO,Broadcom earnings,-0.27426256036862506
2022-04-18,0.0,AVGO,Broadcom earnings,-0.27426256036862506
2022-04-25,1.0,AVGO,Broadcom earnings,-0.14045103184613014
2022-05-02,0.0,AVGO,Broadcom earnings,-0.27426256036862506
2022-05-09,0.0,AVGO,Broadcom earnings,-0.27426256036862506
2022-05-16,0.0,AVGO,Broadcom earnings,-0.27426256036862506
2022-05-23,1.0,AVGO,Broadcom earnings,-0.14045103184613014
2022-05-30,0.0,AVGO,Broadcom earnings,-0.27426256036862506
2022-06-06,0.0,AVGO,Broadcom earnings,-0.27426256036862506
2022-06-13,0.0,AVGO,Broadcom earnings,-0.27426256036862506
2022-06-20,0.0,AVGO,Broadcom earnings,-0.27426256036862506
2022-06-27,0.0,AVGO,Broadcom earnings,-0.27426256036862506
2022-07-04,0.0,AVGO,Broadcom earnings,-0.27426256036862506
2022-07-11,0.0,AVGO,Broadcom earnings,-0.27426256036862506
2022-07-18,0.0,AVGO,Broadcom earnings,-0.27426256036862506
2022-07-25,0.0,AVGO,Broadcom earnings,-0.27426256036862506
2022-08-01,0.0,AVGO,Broadcom earnings,-0.27426256036862506
2022-08-08,0.0,AVGO,Broadcom earnings,-0.27426256036862506
2022-08-15,0.0,AVGO,Broadcom earnings,-0.27426256036862506
2022-08-22,0.0,AVGO,Broadcom earnings,-0.27426256036862506
2022-08-29,1.0,AVGO,Broadcom earnings,-0.14045103184613014
2022-09-05,0.0,AVGO,Broadcom earnings,-0.27426256036862506
2022-09-12,0.0,AVGO,Broadcom earnings,-0.27426256036862506
2022-09-19,0.0,AVGO,Broadcom earnings,-0.27426256036862506
2022-09-26,0.0,AVGO,Broadcom earnings,-0.27426256036862506
2022-10-03,0.0,AVGO,Broadcom earnings,-0.27426256036862506
2022-10-10,0.0,AVGO,Broadcom earnings,-0.27426256036862506
2022-10-17,0.0,AVGO,Broadcom earnings,-0.27426256036862506
2022-10-24,0.0,AVGO,Broadcom earnings,-0.27426256036862506
2022-10-31,0.0,AVGO,Broadcom earnings,-0.27426256036862506
2022-11-07,0.0,AVGO,Broadcom earnings,-0.27426256036862506
2022-11-14,0.0,AVGO,Broadcom earnings,-0.27426256036862506
2022-11-21,0.0,AVGO,Broadcom earnings,-0.27426256036862506
2022-11-28,0.0,AVGO,Broadcom earnings,-0.27426256036862506
2022-12-05,1.0,AVGO,Broadcom earnings,-0.14045103184613014
2022-12-12,0.0,AVGO,Broadcom earnings,-0.27426256036862506
2022-12-19,0.0,AVGO,Broadcom earnings,-0.27426256036862506
2022-12-26,0.0,AVGO,Broadcom earnings,-0.27426256036862506
2023-01-02,0.0,AVGO,Broadcom earnings,-0.27426256036862506
2023-01-09,0.0,AVGO,Broadcom earnings,-0.27426256036862506
2023-01-16,0.0,AVGO,Broadcom earnings,-0.27426256036862506
2023-01-23,0.0,AVGO,Broadcom earnings,-0.27426256036862506
2023-01-30,0.0,AVGO,Broadcom earnings,-0.27426256036862506
2023-02-06,0.0,AVGO,Broadcom earnings,-0.27426256036862506
2023-02-13,0.0,AVGO,Broadcom earnings,-0.27426256036862506
2023-02-20,0.0,AVGO,Broadcom earnings,-0.27426256036862506
2023-02-27,1.0,AVGO,Broadcom earnings,-0.14045103184613014
2023-03-06,0.0,AVGO,Broadcom earnings,-0.27426256036862506
2023-03-13,0.0,AVGO,Broadcom earnings,-0.27426256036862506
2023-03-20,0.0,AVGO,Broadcom earnings,-0.27426256036862506
2023-03-27,0.0,AVGO,Broadcom earnings,-0.27426256036862506
2023-04-03,0.0,AVGO,Broadcom earnings,-0.27426256036862506
2023-04-10,0.0,AVGO,Broadcom earnings,-0.27426256036862506
2023-04-17,0.0,AVGO,Broadcom earnings,-0.27426256036862506
2023-04-24,0.0,AVGO,Broadcom earnings,-0.27426256036862506
2023-05-01,1.0,AVGO,Broadcom earnings,-0.14045103184613014
2023-05-08,0.0,AVGO,Broadcom earnings,-0.27426256036862506
2023-05-15,0.0,AVGO,Broadcom earnings,-0.27426256036862506
2023-05-22,1.0,AVGO,Broadcom earnings,-0.14045103184613014
2023-05-29,3.0,AVGO,Broadcom earnings,0.12717202519885965
2023-06-05,0.0,AVGO,Broadcom earnings,-0.27426256036862506
2023-06-12,0.0,AVGO,Broadcom earnings,-0.27426256036862506
2023-06-19,0.0,AVGO,Broadcom earnings,-0.27426256036862506
2023-06-26,0.0,AVGO,Broadcom earnings,-0.27426256036862506
2023-07-03,0.0,AVGO,Broadcom earnings,-0.27426256036862506
2023-07-10,0.0,AVGO,Broadcom earnings,-0.27426256036862506
2023-07-17,0.0,AVGO,Broadcom earnings,-0.27426256036862506
2023-07-24,1.0,AVGO,Broadcom earnings,-0.14045103184613014
2023-07-31,0.0,AVGO,Broadcom earnings,-0.27426256036862506
2023-08-07,0.0,AVGO,Broadcom earnings,-0.27426256036862506
2023-08-14,0.0,AVGO,Broadcom earnings,-0.27426256036862506
2023-08-21,1.0,AVGO,Broadcom earnings,-0.14045103184613014
2023-08-28,3.0,AVGO,Broadcom earnings,0.12717202519885965
2023-09-04,0.0,AVGO,Broadcom earnings,-0.27426256036862506
2023-09-11,0.0,AVGO,Broadcom earnings,-0.27426256036862506
2023-09-18,0.0,AVGO,Broadcom earnings,-0.27426256036862506
2023-09-25,0.0,AVGO,Broadcom earnings,-0.27426256036862506
2023-10-02,0.0,AVGO,Broadcom earnings,-0.27426256036862506
2023-10-09,0.0,AVGO,Broadcom earnings,-0.27426256036862506
2023-10-16,0.0,AVGO,Broadcom earnings,-0.27426256036862506
2023-10-23,0.0,AVGO,Broadcom earnings,-0.27426256036862506
2023-10-30,1.0,AVGO,Broadcom earnings,-0.14045103184613014
2023-11-06,0.0,AVGO,Broadcom earnings,-0.27426256036862506
2023-11-13,0.0,AVGO,Broadcom earnings,-0.27426256036862506
2023-11-20,0.0,AVGO,Broadcom earnings,-0.27426256036862506
2023-11-27,1.0,AVGO,Broadcom earnings,-0.14045103184613014
2023-12-04,2.0,AVGO,Broadcom earnings,-0.006639503323635247
2023-12-11,0.0,AVGO,Broadcom earnings,-0.27426256036862506
2023-12-18,0.0,AVGO,Broadcom earnings,-0.27426256036862506
2023-12-25,0.0,AVGO,Broadcom earnings,-0.27426256036862506
2024-01-01,0.0,AVGO,Broadcom earnings,-0.27426256036862506
2024-01-08,0.0,AVGO,Broadcom earnings,-0.27426256036862506
2024-01-15,0.0,AVGO,Broadcom earnings,-0.27426256036862506
2024-01-22,1.0,AVGO,Broadcom earnings,-0.14045103184613014
2024-01-29,1.0,AVGO,Broadcom earnings,-0.14045103184613014
2024-02-05,1.0,AVGO,Broadcom earnings,-0.14045103184613014
2024-02-12,1.0,AVGO,Broadcom earnings,-0.14045103184613014
2024-02-19,1.0,AVGO,Broadcom earnings,-0.14045103184613014
2024-02-26,2.0,AVGO,Broadcom earnings,-0.006639503323635247
2024-03-04,10.0,AVGO,Broadcom earnings,1.0638527248563239
2024-03-11,1.0,AVGO,Broadcom earnings,-0.14045103184613014
2024-03-18,1.0,AVGO,Broadcom earnings,-0.14045103184613014
2024-03-25,0.0,AVGO,Broadcom earnings,-0.27426256036862506
2024-04-01,0.0,AVGO,Broadcom earnings,-0.27426256036862506
2024-04-08,0.0,AVGO,Broadcom earnings,-0.27426256036862506
2024-04-15,1.0,AVGO,Broadcom earnings,-0.14045103184613014
2024-04-22,1.0,AVGO,Broadcom earnings,-0.14045103184613014
2024-04-29,1.0,AVGO,Broadcom earnings,-0.14045103184613014
2024-05-06,1.0,AVGO,Broadcom earnings,-0.14045103184613014
2024-05-13,1.0,AVGO,Broadcom earnings,-0.14045103184613014
2024-05-20,1.0,AVGO,Broadcom earnings,-0.14045103184613014
2024-05-27,1.0,AVGO,Broadcom earnings,-0.14045103184613014
2024-06-03,1.0,AVGO,Broadcom earnings,-0.14045103184613014
2024-06-10,7.0,AVGO,Broadcom earnings,0.6624181392888392
2024-06-17,1.0,AVGO,Broadcom earnings,-0.14045103184613014
2024-06-24,1.0,AVGO,Broadcom earnings,-0.14045103184613014
2024-07-01,1.0,AVGO,Broadcom earnings,-0.14045103184613014
2024-07-08,1.0,AVGO,Broadcom earnings,-0.14045103184613014
2024-07-15,1.0,AVGO,Broadcom earnings,-0.14045103184613014
2024-07-22,1.0,AVGO,Broadcom earnings,-0.14045103184613014
2024-07-29,2.0,AVGO,Broadcom earnings,-0.006639503323635247
2024-08-05,1.0,AVGO,Broadcom earnings,-0.14045103184613014
2024-08-12,1.0,AVGO,Broadcom earnings,-0.14045103184613014
2024-08-19,1.0,AVGO,Broadcom earnings,-0.14045103184613014
2024-08-26,2.0,AVGO,Broadcom earnings,-0.006639503323635247
2024-09-02,9.0,AVGO,Broadcom earnings,0.9300411963338291
2024-09-09,1.0,AVGO,Broadcom earnings,-0.14045103184613014
2024-09-16,1.0,AVGO,Broadcom earnings,-0.14045103184613014
2024-09-23,0.0,AVGO,Broadcom earnings,-0.27426256036862506
2024-09-30,0.0,AVGO,Broadcom earnings,-0.27426256036862506
2024-10-07,1.0,AVGO,Broadcom earnings,-0.14045103184613014
2024-10-14,1.0,AVGO,Broadcom earnings,-0.14045103184613014
2024-10-21,1.0,AVGO,Broadcom earnings,-0.14045103184613014
2024-10-28,1.0,AVGO,Broadcom earnings,-0.14045103184613014
2024-11-04,1.0,AVGO,Broadcom earnings,-0.14045103184613014
2024-11-11,1.0,AVGO,Broadcom earnings,-0.14045103184613014
2024-11-18,1.0,AVGO,Broadcom earnings,-0.14045103184613014
2024-11-25,1.0,AVGO,Broadcom earnings,-0.14045103184613014
2024-12-02,1.0,AVGO,Broadcom earnings,-0.14045103184613014
2024-12-09,10.0,AVGO,Broadcom earnings,1.0638527248563239
2024-12-16,2.0,AVGO,Broadcom earnings,-0.006639503323635247
2024-12-23,1.0,AVGO,Broadcom earnings,-0.14045103184613014
2024-12-30,0.0,AVGO,Broadcom earnings,-0.27426256036862506
2025-01-06,1.0,AVGO,Broadcom earnings,-0.14045103184613014
2025-01-13,1.0,AVGO,Broadcom earnings,-0.14045103184613014
2025-01-20,1.0,AVGO,Broadcom earnings,-0.14045103184613014
2025-01-27,2.0,AVGO,Broadcom earnings,-0.006639503323635247
2025-02-03,2.0,AVGO,Broadcom earnings,-0.006639503323635247
2025-02-10,1.0,AVGO,Broadcom earnings,-0.14045103184613014
2025-02-17,1.0,AVGO,Broadcom earnings,-0.14045103184613014
2025-02-24,1.0,AVGO,Broadcom earnings,-0.14045103184613014
2025-03-03,7.0,AVGO,Broadcom earnings,0.6624181392888392
2025-03-10,1.0,AVGO,Broadcom earnings,-0.14045103184613014
2025-03-17,0.0,AVGO,Broadcom earnings,-0.27426256036862506
2025-03-24,0.0,AVGO,Broadcom earnings,-0.27426256036862506
2025-03-31,0.0,AVGO,Broadcom earnings,-0.27426256036862506
2025-04-07,1.0,AVGO,Broadcom earnings,-0.14045103184613014
2025-04-14,1.0,AVGO,Broadcom earnings,-0.14045103184613014
2025-04-21,1.0,AVGO,Broadcom earnings,-0.14045103184613014
2025-04-28,1.0,AVGO,Broadcom earnings,-0.14045103184613014
2025-05-05,1.0,AVGO,Broadcom earnings,-0.14045103184613014
2025-05-12,1.0,AVGO,Broadcom earnings,-0.14045103184613014
2025-05-19,1.0,AVGO,Broadcom earnings,-0.14045103184613014
2025-05-26,2.0,AVGO,Broadcom earnings,-0.006639503323635247
2025-06-02,12.0,AVGO,Broadcom earnings,1.3314757819013137
2025-06-09,1.0,AVGO,Broadcom earnings,-0.14045103184613014
2025-06-16,1.0,AVGO,Broadcom earnings,-0.14045103184613014
2025-06-23,1.0,AVGO,Broadcom earnings,-0.14045103184613014
2025-06-30,1.0,AVGO,Broadcom earnings,-0.14045103184613014
2025-07-07,1.0,AVGO,Broadcom earnings,-0.14045103184613014
2025-07-14,1.0,AVGO,Broadcom earnings,-0.14045103184613014
2025-07-21,3.0,AVGO,Broadcom earnings,0.12717202519885965
2025-07-28,5.0,AVGO,Broadcom earnings,0.39479508224384946
2025-08-04,17.0,AVGO,Broadcom earnings,2.000533424513788
2025-08-11,25.0,AVGO,Broadcom earnings,3.0710256526937476
2025-08-18,16.0,AVGO,Broadcom earnings,1.8667218959912932
2025-08-25,21.0,AVGO,Broadcom earnings,2.535779538603768
2025-09-01,100.0,AVGO,Broadcom earnings,13.106890291880864
2025-09-08,25.0,AVGO,Broadcom earnings,3.0710256526937476
2025-09-15,11.0,AVGO,Broadcom earnings,1.1976642533788189
2025-09-22,12.0,AVGO,Broadcom earnings,1.3314757819013137
2025-09-29,13.0,AVGO,Broadcom earnings,1.4652873104238087
2025-10-06,10.0,AVGO,Broadcom earnings,1.0638527248563239
2025-10-13,12.0,AVGO,Broadcom earnings,1.3314757819013137
2025-10-20,10.0,AVGO,Broadcom earnings,1.0638527248563239
2025-10-27,12.0,AVGO,Broadcom earnings,1.3314757819013137
2025-11-03,9.0,AVGO,Broadcom earnings,0.9300411963338291
2025-11-10,8.0,AVGO,Broadcom earnings,0.7962296678113342
2025-11-17,9.0,AVGO,Broadcom earnings,0.9300411963338291
2025-11-24,10.0,AVGO,Broadcom earnings,1.0638527248563239
2025-12-01,18.0,AVGO,Broadcom earnings,2.1343449530362832
2025-12-08,35.0,AVGO,Broadcom earnings,4.409140937918696
2025-12-15,4.0,AVGO,Broadcom earnings,0.26098355372135457
2025-12-22,2.0,AVGO,Broadcom earnings,-0.006639503323635247
2020-12-21,0.0,AVGO,Broadcom earnings date,-0.24499139085980068
2020-12-28,0.0,AVGO,Broadcom earnings date,-0.24499139085980068
2021-01-04,0.0,AVGO,Broadcom earnings date,-0.24499139085980068
2021-01-11,0.0,AVGO,Broadcom earnings date,-0.24499139085980068
2021-01-18,0.0,AVGO,Broadcom earnings date,-0.24499139085980068
2021-01-25,0.0,AVGO,Broadcom earnings date,-0.24499139085980068
2021-02-01,0.0,AVGO,Broadcom earnings date,-0.24499139085980068
2021-02-08,0.0,AVGO,Broadcom earnings date,-0.24499139085980068
2021-02-15,0.0,AVGO,Broadcom earnings date,-0.24499139085980068
2021-02-22,0.0,AVGO,Broadcom earnings date,-0.24499139085980068
2021-03-01,0.0,AVGO,Broadcom earnings date,-0.24499139085980068
2021-03-08,0.0,AVGO,Broadcom earnings date,-0.24499139085980068
2021-03-15,0.0,AVGO,Broadcom earnings date,-0.24499139085980068
2021-03-22,0.0,AVGO,Broadcom earnings date,-0.24499139085980068
2021-03-29,0.0,AVGO,Broadcom earnings date,-0.24499139085980068
2021-04-05,0.0,AVGO,Broadcom earnings date,-0.24499139085980068
2021-04-12,0.0,AVGO,Broadcom earnings date,-0.24499139085980068
2021-04-19,0.0,AVGO,Broadcom earnings date,-0.24499139085980068
2021-04-26,0.0,AVGO,Broadcom earnings date,-0.24499139085980068
2021-05-03,0.0,AVGO,Broadcom earnings date,-0.24499139085980068
2021-05-10,0.0,AVGO,Broadcom earnings date,-0.24499139085980068
2021-05-17,0.0,AVGO,Broadcom earnings date,-0.24499139085980068
2021-05-24,0.0,AVGO,Broadcom earnings date,-0.24499139085980068
2021-05-31,0.0,AVGO,Broadcom earnings date,-0.24499139085980068
2021-06-07,0.0,AVGO,Broadcom earnings date,-0.24499139085980068
2021-06-14,0.0,AVGO,Broadcom earnings date,-0.24499139085980068
2021-06-21,0.0,AVGO,Broadcom earnings date,-0.24499139085980068
2021-06-28,0.0,AVGO,Broadcom earnings date,-0.24499139085980068
2021-07-05,0.0,AVGO,Broadcom earnings date,-0.24499139085980068
2021-07-12,0.0,AVGO,Broadcom earnings date,-0.24499139085980068
2021-07-19,0.0,AVGO,Broadcom earnings date,-0.24499139085980068
2021-07-26,0.0,AVGO,Broadcom earnings date,-0.24499139085980068
2021-08-02,0.0,AVGO,Broadcom earnings date,-0.24499139085980068
2021-08-09,0.0,AVGO,Broadcom earnings date,-0.24499139085980068
2021-08-16,0.0,AVGO,Broadcom earnings date,-0.24499139085980068
2021-08-23,0.0,AVGO,Broadcom earnings date,-0.24499139085980068
2021-08-30,0.0,AVGO,Broadcom earnings date,-0.24499139085980068
2021-09-06,0.0,AVGO,Broadcom earnings date,-0.24499139085980068
2021-09-13,0.0,AVGO,Broadcom earnings date,-0.24499139085980068
2021-09-20,0.0,AVGO,Broadcom earnings date,-0.24499139085980068
2021-09-27,0.0,AVGO,Broadcom earnings date,-0.24499139085980068
2021-10-04,0.0,AVGO,Broadcom earnings date,-0.24499139085980068
2021-10-11,0.0,AVGO,Broadcom earnings date,-0.24499139085980068
2021-10-18,0.0,AVGO,Broadcom earnings date,-0.24499139085980068
2021-10-25,0.0,AVGO,Broadcom earnings date,-0.24499139085980068
2021-11-01,0.0,AVGO,Broadcom earnings date,-0.24499139085980068
2021-11-08,0.0,AVGO,Broadcom earnings date,-0.24499139085980068
2021-11-15,0.0,AVGO,Broadcom earnings date,-0.24499139085980068
2021-11-22,0.0,AVGO,Broadcom earnings date,-0.24499139085980068
2021-11-29,0.0,AVGO,Broadcom earnings date,-0.24499139085980068
2021-12-06,0.0,AVGO,Broadcom earnings date,-0.24499139085980068
2021-12-13,0.0,AVGO,Broadcom earnings date,-0.24499139085980068
2021-12-20,0.0,AVGO,Broadcom earnings date,-0.24499139085980068
2021-12-27,0.0,AVGO,Broadcom earnings date,-0.24499139085980068
2022-01-03,0.0,AVGO,Broadcom earnings date,-0.24499139085980068
2022-01-10,0.0,AVGO,Broadcom earnings date,-0.24499139085980068
2022-01-17,0.0,AVGO,Broadcom earnings date,-0.24499139085980068
2022-01-24,0.0,AVGO,Broadcom earnings date,-0.24499139085980068
2022-01-31,0.0,AVGO,Broadcom earnings date,-0.24499139085980068
2022-02-07,0.0,AVGO,Broadcom earnings date,-0.24499139085980068
2022-02-14,0.0,AVGO,Broadcom earnings date,-0.24499139085980068
2022-02-21,0.0,AVGO,Broadcom earnings date,-0.24499139085980068
2022-02-28,0.0,AVGO,Broadcom earnings date,-0.24499139085980068
2022-03-07,0.0,AVGO,Broadcom earnings date,-0.24499139085980068
2022-03-14,0.0,AVGO,Broadcom earnings date,-0.24499139085980068
2022-03-21,0.0,AVGO,Broadcom earnings date,-0.24499139085980068
2022-03-28,0.0,AVGO,Broadcom earnings date,-0.24499139085980068
2022-04-04,0.0,AVGO,Broadcom earnings date,-0.24499139085980068
2022-04-11,0.0,AVGO,Broadcom earnings date,-0.24499139085980068
2022-04-18,0.0,AVGO,Broadcom earnings date,-0.24499139085980068
2022-04-25,0.0,AVGO,Broadcom earnings date,-0.24499139085980068
2022-05-02,1.0,AVGO,Broadcom earnings date,-0.11661590204926513
2022-05-09,0.0,AVGO,Broadcom earnings date,-0.24499139085980068
2022-05-16,0.0,AVGO,Broadcom earnings date,-0.24499139085980068
2022-05-23,0.0,AVGO,Broadcom earnings date,-0.24499139085980068
2022-05-30,0.0,AVGO,Broadcom earnings date,-0.24499139085980068
2022-06-06,0.0,AVGO,Broadcom earnings date,-0.24499139085980068
2022-06-13,0.0,AVGO,Broadcom earnings date,-0.24499139085980068
2022-06-20,0.0,AVGO,Broadcom earnings date,-0.24499139085980068
2022-06-27,0.0,AVGO,Broadcom earnings date,-0.24499139085980068
2022-07-04,0.0,AVGO,Broadcom earnings date,-0.24499139085980068
2022-07-11,0.0,AVGO,Broadcom earnings date,-0.24499139085980068
2022-07-18,0.0,AVGO,Broadcom earnings date,-0.24499139085980068
2022-07-25,0.0,AVGO,Broadcom earnings date,-0.24499139085980068
2022-08-01,0.0,AVGO,Broadcom earnings date,-0.24499139085980068
2022-08-08,0.0,AVGO,Broadcom earnings date,-0.24499139085980068
2022-08-15,0.0,AVGO,Broadcom earnings date,-0.24499139085980068
2022-08-22,0.0,AVGO,Broadcom earnings date,-0.24499139085980068
2022-08-29,0.0,AVGO,Broadcom earnings date,-0.24499139085980068
2022-09-05,0.0,AVGO,Broadcom earnings date,-0.24499139085980068
2022-09-12,0.0,AVGO,Broadcom earnings date,-0.24499139085980068
2022-09-19,0.0,AVGO,Broadcom earnings date,-0.24499139085980068
2022-09-26,0.0,AVGO,Broadcom earnings date,-0.24499139085980068
2022-10-03,0.0,AVGO,Broadcom earnings date,-0.24499139085980068
2022-10-10,0.0,AVGO,Broadcom earnings date,-0.24499139085980068
2022-10-17,0.0,AVGO,Broadcom earnings date,-0.24499139085980068
2022-10-24,0.0,AVGO,Broadcom earnings date,-0.24499139085980068
2022-10-31,0.0,AVGO,Broadcom earnings date,-0.24499139085980068
2022-11-07,0.0,AVGO,Broadcom earnings date,-0.24499139085980068
2022-11-14,0.0,AVGO,Broadcom earnings date,-0.24499139085980068
2022-11-21,1.0,AVGO,Broadcom earnings date,-0.11661590204926513
2022-11-28,0.0,AVGO,Broadcom earnings date,-0.24499139085980068
2022-12-05,0.0,AVGO,Broadcom earnings date,-0.24499139085980068
2022-12-12,0.0,AVGO,Broadcom earnings date,-0.24499139085980068
2022-12-19,0.0,AVGO,Broadcom earnings date,-0.24499139085980068
2022-12-26,0.0,AVGO,Broadcom earnings date,-0.24499139085980068
2023-01-02,0.0,AVGO,Broadcom earnings date,-0.24499139085980068
2023-01-09,0.0,AVGO,Broadcom earnings date,-0.24499139085980068
2023-01-16,0.0,AVGO,Broadcom earnings date,-0.24499139085980068
2023-01-23,0.0,AVGO,Broadcom earnings date,-0.24499139085980068
2023-01-30,0.0,AVGO,Broadcom earnings date,-0.24499139085980068
2023-02-06,0.0,AVGO,Broadcom earnings date,-0.24499139085980068
2023-02-13,0.0,AVGO,Broadcom earnings date,-0.24499139085980068
2023-02-20,0.0,AVGO,Broadcom earnings date,-0.24499139085980068
2023-02-27,0.0,AVGO,Broadcom earnings date,-0.24499139085980068
2023-03-06,0.0,AVGO,Broadcom earnings date,-0.24499139085980068
2023-03-13,0.0,AVGO,Broadcom earnings date,-0.24499139085980068
2023-03-20,0.0,AVGO,Broadcom earnings date,-0.24499139085980068
2023-03-27,0.0,AVGO,Broadcom earnings date,-0.24499139085980068
2023-04-03,0.0,AVGO,Broadcom earnings date,-0.24499139085980068
2023-04-10,0.0,AVGO,Broadcom earnings date,-0.24499139085980068
2023-04-17,0.0,AVGO,Broadcom earnings date,-0.24499139085980068
2023-04-24,0.0,AVGO,Broadcom earnings date,-0.24499139085980068
2023-05-01,0.0,AVGO,Broadcom earnings date,-0.24499139085980068
2023-05-08,0.0,AVGO,Broadcom earnings date,-0.24499139085980068
2023-05-15,0.0,AVGO,Broadcom earnings date,-0.24499139085980068
2023-05-22,1.0,AVGO,Broadcom earnings date,-0.11661590204926513
2023-05-29,2.0,AVGO,Broadcom earnings date,0.011759586761270422
2023-06-05,0.0,AVGO,Broadcom earnings date,-0.24499139085980068
2023-06-12,0.0,AVGO,Broadcom earnings date,-0.24499139085980068
2023-06-19,0.0,AVGO,Broadcom earnings date,-0.24499139085980068
2023-06-26,0.0,AVGO,Broadcom earnings date,-0.24499139085980068
2023-07-03,0.0,AVGO,Broadcom earnings date,-0.24499139085980068
2023-07-10,0.0,AVGO,Broadcom earnings date,-0.24499139085980068
2023-07-17,0.0,AVGO,Broadcom earnings date,-0.24499139085980068
2023-07-24,0.0,AVGO,Broadcom earnings date,-0.24499139085980068
2023-07-31,0.0,AVGO,Broadcom earnings date,-0.24499139085980068
2023-08-07,0.0,AVGO,Broadcom earnings date,-0.24499139085980068
2023-08-14,0.0,AVGO,Broadcom earnings date,-0.24499139085980068
2023-08-21,0.0,AVGO,Broadcom earnings date,-0.24499139085980068
2023-08-28,0.0,AVGO,Broadcom earnings date,-0.24499139085980068
2023-09-04,0.0,AVGO,Broadcom earnings date,-0.24499139085980068
2023-09-11,0.0,AVGO,Broadcom earnings date,-0.24499139085980068
2023-09-18,0.0,AVGO,Broadcom earnings date,-0.24499139085980068
2023-09-25,0.0,AVGO,Broadcom earnings date,-0.24499139085980068
2023-10-02,0.0,AVGO,Broadcom earnings date,-0.24499139085980068
2023-10-09,0.0,AVGO,Broadcom earnings date,-0.24499139085980068
2023-10-16,0.0,AVGO,Broadcom earnings date,-0.24499139085980068
2023-10-23,0.0,AVGO,Broadcom earnings date,-0.24499139085980068
2023-10-30,0.0,AVGO,Broadcom earnings date,-0.24499139085980068
2023-11-06,0.0,AVGO,Broadcom earnings date,-0.24499139085980068
2023-11-13,0.0,AVGO,Broadcom earnings date,-0.24499139085980068
2023-11-20,0.0,AVGO,Broadcom earnings date,-0.24499139085980068
2023-11-27,0.0,AVGO,Broadcom earnings date,-0.24499139085980068
2023-12-04,0.0,AVGO,Broadcom earnings date,-0.24499139085980068
2023-12-11,0.0,AVGO,Broadcom earnings date,-0.24499139085980068
2023-12-18,0.0,AVGO,Broadcom earnings date,-0.24499139085980068
2023-12-25,0.0,AVGO,Broadcom earnings date,-0.24499139085980068
2024-01-01,0.0,AVGO,Broadcom earnings date,-0.24499139085980068
2024-01-08,0.0,AVGO,Broadcom earnings date,-0.24499139085980068
2024-01-15,0.0,AVGO,Broadcom earnings date,-0.24499139085980068
2024-01-22,0.0,AVGO,Broadcom earnings date,-0.24499139085980068
2024-01-29,0.0,AVGO,Broadcom earnings date,-0.24499139085980068
2024-02-05,2.0,AVGO,Broadcom earnings date,0.011759586761270422
2024-02-12,0.0,AVGO,Broadcom earnings date,-0.24499139085980068
2024-02-19,0.0,AVGO,Broadcom earnings date,-0.24499139085980068
2024-02-26,2.0,AVGO,Broadcom earnings date,0.011759586761270422
2024-03-04,5.0,AVGO,Broadcom earnings date,0.396886053192877
2024-03-11,0.0,AVGO,Broadcom earnings date,-0.24499139085980068
2024-03-18,0.0,AVGO,Broadcom earnings date,-0.24499139085980068
2024-03-25,0.0,AVGO,Broadcom earnings date,-0.24499139085980068
2024-04-01,0.0,AVGO,Broadcom earnings date,-0.24499139085980068
2024-04-08,0.0,AVGO,Broadcom earnings date,-0.24499139085980068
2024-04-15,0.0,AVGO,Broadcom earnings date,-0.24499139085980068
2024-04-22,0.0,AVGO,Broadcom earnings date,-0.24499139085980068
2024-04-29,0.0,AVGO,Broadcom earnings date,-0.24499139085980068
2024-05-06,0.0,AVGO,Broadcom earnings date,-0.24499139085980068
2024-05-13,0.0,AVGO,Broadcom earnings date,-0.24499139085980068
2024-05-20,0.0,AVGO,Broadcom earnings date,-0.24499139085980068
2024-05-27,0.0,AVGO,Broadcom earnings date,-0.24499139085980068
2024-06-03,2.0,AVGO,Broadcom earnings date,0.011759586761270422
2024-06-10,4.0,AVGO,Broadcom earnings date,0.2685105643823415
2024-06-17,0.0,AVGO,Broadcom earnings date,-0.24499139085980068
2024-06-24,0.0,AVGO,Broadcom earnings date,-0.24499139085980068
2024-07-01,0.0,AVGO,Broadcom earnings date,-0.24499139085980068
2024-07-08,2.0,AVGO,Broadcom earnings date,0.011759586761270422
2024-07-15,3.0,AVGO,Broadcom earnings date,0.14013507557180596
2024-07-22,2.0,AVGO,Broadcom earnings date,0.011759586761270422
2024-07-29,3.0,AVGO,Broadcom earnings date,0.14013507557180596
2024-08-05,1.0,AVGO,Broadcom earnings date,-0.11661590204926513
2024-08-12,0.0,AVGO,Broadcom earnings date,-0.24499139085980068
2024-08-19,1.0,AVGO,Broadcom earnings date,-0.11661590204926513
2024-08-26,2.0,AVGO,Broadcom earnings date,0.011759586761270422
2024-09-02,4.0,AVGO,Broadcom earnings date,0.2685105643823415
2024-09-09,0.0,AVGO,Broadcom earnings date,-0.24499139085980068
2024-09-16,0.0,AVGO,Broadcom earnings date,-0.24499139085980068
2024-09-23,0.0,AVGO,Broadcom earnings date,-0.24499139085980068
2024-09-30,0.0,AVGO,Broadcom earnings date,-0.24499139085980068
2024-10-07,0.0,AVGO,Broadcom earnings date,-0.24499139085980068
2024-10-14,1.0,AVGO,Broadcom earnings date,-0.11661590204926513
2024-10-21,2.0,AVGO,Broadcom earnings date,0.011759586761270422
2024-10-28,2.0,AVGO,Broadcom earnings date,0.011759586761270422
2024-11-04,0.0,AVGO,Broadcom earnings date,-0.24499139085980068
2024-11-11,3.0,AVGO,Broadcom earnings date,0.14013507557180596
2024-11-18,2.0,AVGO,Broadcom earnings date,0.011759586761270422
2024-11-25,0.0,AVGO,Broadcom earnings date,-0.24499139085980068
2024-12-02,0.0,AVGO,Broadcom earnings date,-0.24499139085980068
2024-12-09,6.0,AVGO,Broadcom earnings date,0.5252615420034126
2024-12-16,0.0,AVGO,Broadcom earnings date,-0.24499139085980068
2024-12-23,0.0,AVGO,Broadcom earnings date,-0.24499139085980068
2024-12-30,0.0,AVGO,Broadcom earnings date,-0.24499139085980068
2025-01-06,0.0,AVGO,Broadcom earnings date,-0.24499139085980068
2025-01-13,0.0,AVGO,Broadcom earnings date,-0.24499139085980068
2025-01-20,0.0,AVGO,Broadcom earnings date,-0.24499139085980068
2025-01-27,4.0,AVGO,Broadcom earnings date,0.2685105643823415
2025-02-03,4.0,AVGO,Broadcom earnings date,0.2685105643823415
2025-02-10,2.0,AVGO,Broadcom earnings date,0.011759586761270422
2025-02-17,1.0,AVGO,Broadcom earnings date,-0.11661590204926513
2025-02-24,2.0,AVGO,Broadcom earnings date,0.011759586761270422
2025-03-03,4.0,AVGO,Broadcom earnings date,0.2685105643823415
2025-03-10,0.0,AVGO,Broadcom earnings date,-0.24499139085980068
2025-03-17,0.0,AVGO,Broadcom earnings date,-0.24499139085980068
2025-03-24,0.0,AVGO,Broadcom earnings date,-0.24499139085980068
2025-03-31,0.0,AVGO,Broadcom earnings date,-0.24499139085980068
2025-04-07,0.0,AVGO,Broadcom earnings date,-0.24499139085980068
2025-04-14,0.0,AVGO,Broadcom earnings date,-0.24499139085980068
2025-04-21,2.0,AVGO,Broadcom earnings date,0.011759586761270422
2025-04-28,1.0,AVGO,Broadcom earnings date,-0.11661590204926513
2025-05-05,0.0,AVGO,Broadcom earnings date,-0.24499139085980068
2025-05-12,1.0,AVGO,Broadcom earnings date,-0.11661590204926513
2025-05-19,1.0,AVGO,Broadcom earnings date,-0.11661590204926513
2025-05-26,2.0,AVGO,Broadcom earnings date,0.011759586761270422
2025-06-02,8.0,AVGO,Broadcom earnings date,0.7820125196244837
2025-06-09,0.0,AVGO,Broadcom earnings date,-0.24499139085980068
2025-06-16,0.0,AVGO,Broadcom earnings date,-0.24499139085980068
2025-06-23,0.0,AVGO,Broadcom earnings date,-0.24499139085980068
2025-06-30,0.0,AVGO,Broadcom earnings date,-0.24499139085980068
2025-07-07,0.0,AVGO,Broadcom earnings date,-0.24499139085980068
2025-07-14,2.0,AVGO,Broadcom earnings date,0.011759586761270422
2025-07-21,5.0,AVGO,Broadcom earnings date,0.396886053192877
2025-07-28,7.0,AVGO,Broadcom earnings date,0.6536370308139481
2025-08-04,28.0,AVGO,Broadcom earnings date,3.349522295835195
2025-08-11,39.0,AVGO,Broadcom earnings date,4.761652672751086
2025-08-18,31.0,AVGO,Broadcom earnings date,3.734648762266801
2025-08-25,28.0,AVGO,Broadcom earnings date,3.349522295835195
2025-09-01,100.0,AVGO,Broadcom earnings date,12.592557490193753
2025-09-08,19.0,AVGO,Broadcom earnings date,2.1941428965403746
2025-09-15,9.0,AVGO,Broadcom earnings date,0.9103880084350192
2025-09-22,8.0,AVGO,Broadcom earnings date,0.7820125196244837
2025-09-29,8.0,AVGO,Broadcom earnings date,0.7820125196244837
2025-10-06,9.0,AVGO,Broadcom earnings date,0.9103880084350192
2025-10-13,14.0,AVGO,Broadcom earnings date,1.552265452487697
2025-10-20,12.0,AVGO,Broadcom earnings date,1.2955144748666259
2025-10-27,15.0,AVGO,Broadcom earnings date,1.6806409412982326
2025-11-03,11.0,AVGO,Broadcom earnings date,1.1671389860560903
2025-11-10,7.0,AVGO,Broadcom earnings date,0.6536370308139481
2025-11-17,9.0,AVGO,Broadcom earnings date,0.9103880084350192
2025-11-24,8.0,AVGO,Broadcom earnings date,0.7820125196244837
2025-12-01,19.0,AVGO,Broadcom earnings date,2.1941428965403746
2025-12-08,23.0,AVGO,Broadcom earnings date,2.707644851782517
2025-12-15,2.0,AVGO,Broadcom earnings date,0.011759586761270422
2025-12-22,1.0,AVGO,Broadcom earnings date,-0.11661590204926513
2020-12-21,4.0,AVGO,Broadcom stock,-0.7008042200190591
2020-12-28,4.0,AVGO,Broadcom stock,-0.7008042200190591
2021-01-04,5.0,AVGO,Broadcom stock,-0.6504170889419478
2021-01-11,5.0,AVGO,Broadcom stock,-0.6504170889419478
2021-01-18,4.0,AVGO,Broadcom stock,-0.7008042200190591
2021-01-25,5.0,AVGO,Broadcom stock,-0.6504170889419478
2021-02-01,5.0,AVGO,Broadcom stock,-0.6504170889419478
2021-02-08,5.0,AVGO,Broadcom stock,-0.6504170889419478
2021-02-15,4.0,AVGO,Broadcom stock,-0.7008042200190591
2021-02-22,5.0,AVGO,Broadcom stock,-0.6504170889419478
2021-03-01,6.0,AVGO,Broadcom stock,-0.6000299578648365
2021-03-08,6.0,AVGO,Broadcom stock,-0.6000299578648365
2021-03-15,5.0,AVGO,Broadcom stock,-0.6504170889419478
2021-03-22,4.0,AVGO,Broadcom stock,-0.7008042200190591
2021-03-29,4.0,AVGO,Broadcom stock,-0.7008042200190591
2021-04-05,4.0,AVGO,Broadcom stock,-0.7008042200190591
2021-04-12,4.0,AVGO,Broadcom stock,-0.7008042200190591
2021-04-19,4.0,AVGO,Broadcom stock,-0.7008042200190591
2021-04-26,3.0,AVGO,Broadcom stock,-0.7511913510961704
2021-05-03,4.0,AVGO,Broadcom stock,-0.7008042200190591
2021-05-10,4.0,AVGO,Broadcom stock,-0.7008042200190591
2021-05-17,3.0,AVGO,Broadcom stock,-0.7511913510961704
2021-05-24,3.0,AVGO,Broadcom stock,-0.7511913510961704
2021-05-31,4.0,AVGO,Broadcom stock,-0.7008042200190591
2021-06-07,3.0,AVGO,Broadcom stock,-0.7511913510961704
2021-06-14,4.0,AVGO,Broadcom stock,-0.7008042200190591
2021-06-21,3.0,AVGO,Broadcom stock,-0.7511913510961704
2021-06-28,3.0,AVGO,Broadcom stock,-0.7511913510961704
2021-07-05,3.0,AVGO,Broadcom stock,-0.7511913510961704
2021-07-12,5.0,AVGO,Broadcom stock,-0.6504170889419478
2021-07-19,3.0,AVGO,Broadcom stock,-0.7511913510961704
2021-07-26,3.0,AVGO,Broadcom stock,-0.7511913510961704
2021-08-02,3.0,AVGO,Broadcom stock,-0.7511913510961704
2021-08-09,3.0,AVGO,Broadcom stock,-0.7511913510961704
2021-08-16,3.0,AVGO,Broadcom stock,-0.7511913510961704
2021-08-23,3.0,AVGO,Broadcom stock,-0.7511913510961704
2021-08-30,4.0,AVGO,Broadcom stock,-0.7008042200190591
2021-09-06,3.0,AVGO,Broadcom stock,-0.7511913510961704
2021-09-13,3.0,AVGO,Broadcom stock,-0.7511913510961704
2021-09-20,4.0,AVGO,Broadcom stock,-0.7008042200190591
2021-09-27,3.0,AVGO,Broadcom stock,-0.7511913510961704
2021-10-04,3.0,AVGO,Broadcom stock,-0.7511913510961704
2021-10-11,3.0,AVGO,Broadcom stock,-0.7511913510961704
2021-10-18,3.0,AVGO,Broadcom stock,-0.7511913510961704
2021-10-25,4.0,AVGO,Broadcom stock,-0.7008042200190591
2021-11-01,4.0,AVGO,Broadcom stock,-0.7008042200190591
2021-11-08,4.0,AVGO,Broadcom stock,-0.7008042200190591
2021-11-15,3.0,AVGO,Broadcom stock,-0.7511913510961704
2021-11-22,3.0,AVGO,Broadcom stock,-0.7511913510961704
2021-11-29,3.0,AVGO,Broadcom stock,-0.7511913510961704
2021-12-06,6.0,AVGO,Broadcom stock,-0.6000299578648365
2021-12-13,5.0,AVGO,Broadcom stock,-0.6504170889419478
2021-12-20,4.0,AVGO,Broadcom stock,-0.7008042200190591
2021-12-27,5.0,AVGO,Broadcom stock,-0.6504170889419478
2022-01-03,4.0,AVGO,Broadcom stock,-0.7008042200190591
2022-01-10,4.0,AVGO,Broadcom stock,-0.7008042200190591
2022-01-17,3.0,AVGO,Broadcom stock,-0.7511913510961704
2022-01-24,5.0,AVGO,Broadcom stock,-0.6504170889419478
2022-01-31,4.0,AVGO,Broadcom stock,-0.7008042200190591
2022-02-07,3.0,AVGO,Broadcom stock,-0.7511913510961704
2022-02-14,4.0,AVGO,Broadcom stock,-0.7008042200190591
2022-02-21,4.0,AVGO,Broadcom stock,-0.7008042200190591
2022-02-28,4.0,AVGO,Broadcom stock,-0.7008042200190591
2022-03-07,4.0,AVGO,Broadcom stock,-0.7008042200190591
2022-03-14,4.0,AVGO,Broadcom stock,-0.7008042200190591
2022-03-21,4.0,AVGO,Broadcom stock,-0.7008042200190591
2022-03-28,4.0,AVGO,Broadcom stock,-0.7008042200190591
2022-04-04,4.0,AVGO,Broadcom stock,-0.7008042200190591
2022-04-11,3.0,AVGO,Broadcom stock,-0.7511913510961704
2022-04-18,3.0,AVGO,Broadcom stock,-0.7511913510961704
2022-04-25,4.0,AVGO,Broadcom stock,-0.7008042200190591
2022-05-02,4.0,AVGO,Broadcom stock,-0.7008042200190591
2022-05-09,3.0,AVGO,Broadcom stock,-0.7511913510961704
2022-05-16,5.0,AVGO,Broadcom stock,-0.6504170889419478
2022-05-23,18.0,AVGO,Broadcom stock,0.004615615060498773
2022-05-30,6.0,AVGO,Broadcom stock,-0.6000299578648365
2022-06-06,5.0,AVGO,Broadcom stock,-0.6504170889419478
2022-06-13,6.0,AVGO,Broadcom stock,-0.6000299578648365
2022-06-20,5.0,AVGO,Broadcom stock,-0.6504170889419478
2022-06-27,4.0,AVGO,Broadcom stock,-0.7008042200190591
2022-07-04,4.0,AVGO,Broadcom stock,-0.7008042200190591
2022-07-11,4.0,AVGO,Broadcom stock,-0.7008042200190591
2022-07-18,5.0,AVGO,Broadcom stock,-0.6504170889419478
2022-07-25,5.0,AVGO,Broadcom stock,-0.6504170889419478
2022-08-01,5.0,AVGO,Broadcom stock,-0.6504170889419478
2022-08-08,5.0,AVGO,Broadcom stock,-0.6504170889419478
2022-08-15,4.0,AVGO,Broadcom stock,-0.7008042200190591
2022-08-22,4.0,AVGO,Broadcom stock,-0.7008042200190591
2022-08-29,5.0,AVGO,Broadcom stock,-0.6504170889419478
2022-09-05,4.0,AVGO,Broadcom stock,-0.7008042200190591
2022-09-12,4.0,AVGO,Broadcom stock,-0.7008042200190591
2022-09-19,5.0,AVGO,Broadcom stock,-0.6504170889419478
2022-09-26,4.0,AVGO,Broadcom stock,-0.7008042200190591
2022-10-03,4.0,AVGO,Broadcom stock,-0.7008042200190591
2022-10-10,4.0,AVGO,Broadcom stock,-0.7008042200190591
2022-10-17,4.0,AVGO,Broadcom stock,-0.7008042200190591
2022-10-24,4.0,AVGO,Broadcom stock,-0.7008042200190591
2022-10-31,4.0,AVGO,Broadcom stock,-0.7008042200190591
2022-11-07,4.0,AVGO,Broadcom stock,-0.7008042200190591
2022-11-14,4.0,AVGO,Broadcom stock,-0.7008042200190591
2022-11-21,3.0,AVGO,Broadcom stock,-0.7511913510961704
2022-11-28,3.0,AVGO,Broadcom stock,-0.7511913510961704
2022-12-05,5.0,AVGO,Broadcom stock,-0.6504170889419478
2022-12-12,5.0,AVGO,Broadcom stock,-0.6504170889419478
2022-12-19,4.0,AVGO,Broadcom stock,-0.7008042200190591
2022-12-26,4.0,AVGO,Broadcom stock,-0.7008042200190591
2023-01-02,4.0,AVGO,Broadcom stock,-0.7008042200190591
2023-01-09,5.0,AVGO,Broadcom stock,-0.6504170889419478
2023-01-16,4.0,AVGO,Broadcom stock,-0.7008042200190591
2023-01-23,5.0,AVGO,Broadcom stock,-0.6504170889419478
2023-01-30,5.0,AVGO,Broadcom stock,-0.6504170889419478
2023-02-06,4.0,AVGO,Broadcom stock,-0.7008042200190591
2023-02-13,4.0,AVGO,Broadcom stock,-0.7008042200190591
2023-02-20,3.0,AVGO,Broadcom stock,-0.7511913510961704
2023-02-27,5.0,AVGO,Broadcom stock,-0.6504170889419478
2023-03-06,5.0,AVGO,Broadcom stock,-0.6504170889419478
2023-03-13,5.0,AVGO,Broadcom stock,-0.6504170889419478
2023-03-20,4.0,AVGO,Broadcom stock,-0.7008042200190591
2023-03-27,4.0,AVGO,Broadcom stock,-0.7008042200190591
2023-04-03,3.0,AVGO,Broadcom stock,-0.7511913510961704
2023-04-10,4.0,AVGO,Broadcom stock,-0.7008042200190591
2023-04-17,4.0,AVGO,Broadcom stock,-0.7008042200190591
2023-04-24,4.0,AVGO,Broadcom stock,-0.7008042200190591
2023-05-01,4.0,AVGO,Broadcom stock,-0.7008042200190591
2023-05-08,3.0,AVGO,Broadcom stock,-0.7511913510961704
2023-05-15,5.0,AVGO,Broadcom stock,-0.6504170889419478
2023-05-22,15.0,AVGO,Broadcom stock,-0.14654577817083506
2023-05-29,17.0,AVGO,Broadcom stock,-0.0457715160166125
2023-06-05,9.0,AVGO,Broadcom stock,-0.4488685646335027
2023-06-12,11.0,AVGO,Broadcom stock,-0.34809430247928014
2023-06-19,8.0,AVGO,Broadcom stock,-0.49925569571061396
2023-06-26,7.0,AVGO,Broadcom stock,-0.5496428267877252
2023-07-03,6.0,AVGO,Broadcom stock,-0.6000299578648365
2023-07-10,10.0,AVGO,Broadcom stock,-0.39848143355639143
2023-07-17,9.0,AVGO,Broadcom stock,-0.4488685646335027
2023-07-24,8.0,AVGO,Broadcom stock,-0.49925569571061396
2023-07-31,7.0,AVGO,Broadcom stock,-0.5496428267877252
2023-08-07,6.0,AVGO,Broadcom stock,-0.6000299578648365
2023-08-14,6.0,AVGO,Broadcom stock,-0.6000299578648365
2023-08-21,10.0,AVGO,Broadcom stock,-0.39848143355639143
2023-08-28,12.0,AVGO,Broadcom stock,-0.2977071714021689
2023-09-04,8.0,AVGO,Broadcom stock,-0.49925569571061396
2023-09-11,8.0,AVGO,Broadcom stock,-0.49925569571061396
2023-09-18,8.0,AVGO,Broadcom stock,-0.49925569571061396
2023-09-25,7.0,AVGO,Broadcom stock,-0.5496428267877252
2023-10-02,6.0,AVGO,Broadcom stock,-0.6000299578648365
2023-10-09,8.0,AVGO,Broadcom stock,-0.49925569571061396
2023-10-16,8.0,AVGO,Broadcom stock,-0.49925569571061396
2023-10-23,9.0,AVGO,Broadcom stock,-0.4488685646335027
2023-10-30,9.0,AVGO,Broadcom stock,-0.4488685646335027
2023-11-06,9.0,AVGO,Broadcom stock,-0.4488685646335027
2023-11-13,11.0,AVGO,Broadcom stock,-0.34809430247928014
2023-11-20,13.0,AVGO,Broadcom stock,-0.2473200403250576
2023-11-27,11.0,AVGO,Broadcom stock,-0.34809430247928014
2023-12-04,13.0,AVGO,Broadcom stock,-0.2473200403250576
2023-12-11,21.0,AVGO,Broadcom stock,0.1557770082918326
2023-12-18,15.0,AVGO,Broadcom stock,-0.14654577817083506
2023-12-25,9.0,AVGO,Broadcom stock,-0.4488685646335027
2024-01-01,8.0,AVGO,Broadcom stock,-0.49925569571061396
2024-01-08,11.0,AVGO,Broadcom stock,-0.34809430247928014
2024-01-15,11.0,AVGO,Broadcom stock,-0.34809430247928014
2024-01-22,15.0,AVGO,Broadcom stock,-0.14654577817083506
2024-01-29,13.0,AVGO,Broadcom stock,-0.2473200403250576
2024-02-05,16.0,AVGO,Broadcom stock,-0.09615864709372378
2024-02-12,15.0,AVGO,Broadcom stock,-0.14654577817083506
2024-02-19,16.0,AVGO,Broadcom stock,-0.09615864709372378
2024-02-26,19.0,AVGO,Broadcom stock,0.05500274613761005
2024-03-04,34.0,AVGO,Broadcom stock,0.8108097122942792
2024-03-11,18.0,AVGO,Broadcom stock,0.004615615060498773
2024-03-18,19.0,AVGO,Broadcom stock,0.05500274613761005
2024-03-25,13.0,AVGO,Broadcom stock,-0.2473200403250576
2024-04-01,14.0,AVGO,Broadcom stock,-0.19693290924794632
2024-04-08,13.0,AVGO,Broadcom stock,-0.2473200403250576
2024-04-15,11.0,AVGO,Broadcom stock,-0.34809430247928014
2024-04-22,12.0,AVGO,Broadcom stock,-0.2977071714021689
2024-04-29,12.0,AVGO,Broadcom stock,-0.2977071714021689
2024-05-06,11.0,AVGO,Broadcom stock,-0.34809430247928014
2024-05-13,12.0,AVGO,Broadcom stock,-0.2977071714021689
2024-05-20,13.0,AVGO,Broadcom stock,-0.2473200403250576
2024-05-27,13.0,AVGO,Broadcom stock,-0.2473200403250576
2024-06-03,15.0,AVGO,Broadcom stock,-0.14654577817083506
2024-06-10,69.0,AVGO,Broadcom stock,2.5743592999931737
2024-06-17,73.0,AVGO,Broadcom stock,2.775907824301619
2024-06-24,47.0,AVGO,Broadcom stock,1.4658424162967258
2024-07-01,44.0,AVGO,Broadcom stock,1.314681023065392
2024-07-08,52.0,AVGO,Broadcom stock,1.7177780716822821
2024-07-15,57.0,AVGO,Broadcom stock,1.9697137270678384
2024-07-22,42.0,AVGO,Broadcom stock,1.2139067609111693
2024-07-29,37.0,AVGO,Broadcom stock,0.961971105525613
2024-08-05,35.0,AVGO,Broadcom stock,0.8611968433713905
2024-08-12,32.0,AVGO,Broadcom stock,0.7100354501400566
2024-08-19,30.0,AVGO,Broadcom stock,0.6092611879858341
2024-08-26,29.0,AVGO,Broadcom stock,0.5588740569087228
2024-09-02,39.0,AVGO,Broadcom stock,1.0627453676798355
2024-09-09,36.0,AVGO,Broadcom stock,0.9115839744485017
2024-09-16,30.0,AVGO,Broadcom stock,0.6092611879858341
2024-09-23,31.0,AVGO,Broadcom stock,0.6596483190629453
2024-09-30,23.0,AVGO,Broadcom stock,0.25655127044605514
2024-10-07,30.0,AVGO,Broadcom stock,0.6092611879858341
2024-10-14,26.0,AVGO,Broadcom stock,0.40771266367738895
2024-10-21,24.0,AVGO,Broadcom stock,0.3069384015231664
2024-10-28,23.0,AVGO,Broadcom stock,0.25655127044605514
2024-11-04,26.0,AVGO,Broadcom stock,0.40771266367738895
2024-11-11,23.0,AVGO,Broadcom stock,0.25655127044605514
2024-11-18,26.0,AVGO,Broadcom stock,0.40771266367738895
2024-11-25,17.0,AVGO,Broadcom stock,-0.0457715160166125
2024-12-02,25.0,AVGO,Broadcom stock,0.3573255326002777
2024-12-09,62.0,AVGO,Broadcom stock,2.221649382453395
2024-12-16,100.0,AVGO,Broadcom stock,4.136360363383623
2024-12-23,56.0,AVGO,Broadcom stock,1.9193265959907273
2024-12-30,43.0,AVGO,Broadcom stock,1.2642938919882807
2025-01-06,39.0,AVGO,Broadcom stock,1.0627453676798355
2025-01-13,37.0,AVGO,Broadcom stock,0.961971105525613
2025-01-20,36.0,AVGO,Broadcom stock,0.9115839744485017
2025-01-27,77.0,AVGO,Broadcom stock,2.977456348610064
2025-02-03,47.0,AVGO,Broadcom stock,1.4658424162967258
2025-02-10,37.0,AVGO,Broadcom stock,0.961971105525613
2025-02-17,32.0,AVGO,Broadcom stock,0.7100354501400566
2025-02-24,37.0,AVGO,Broadcom stock,0.961971105525613
2025-03-03,54.0,AVGO,Broadcom stock,1.8185523338365046
2025-03-10,44.0,AVGO,Broadcom stock,1.314681023065392
2025-03-17,33.0,AVGO,Broadcom stock,0.7604225812171679
2025-03-24,30.0,AVGO,Broadcom stock,0.6092611879858341
2025-03-31,39.0,AVGO,Broadcom stock,1.0627453676798355
2025-04-07,51.0,AVGO,Broadcom stock,1.6673909406051708
2025-04-14,29.0,AVGO,Broadcom stock,0.5588740569087228
2025-04-21,28.0,AVGO,Broadcom stock,0.5084869258316115
2025-04-28,29.0,AVGO,Broadcom stock,0.5588740569087228
2025-05-05,27.0,AVGO,Broadcom stock,0.45809979475450024
2025-05-12,36.0,AVGO,Broadcom stock,0.9115839744485017
2025-05-19,26.0,AVGO,Broadcom stock,0.40771266367738895
2025-05-26,29.0,AVGO,Broadcom stock,0.5588740569087228
2025-06-02,54.0,AVGO,Broadcom stock,1.8185523338365046
2025-06-09,35.0,AVGO,Broadcom stock,0.8611968433713905
2025-06-16,29.0,AVGO,Broadcom stock,0.5588740569087228
2025-06-23,36.0,AVGO,Broadcom stock,0.9115839744485017
2025-06-30,31.0,AVGO,Broadcom stock,0.6596483190629453
2025-07-07,33.0,AVGO,Broadcom stock,0.7604225812171679
2025-07-14,38.0,AVGO,Broadcom stock,1.0123582366027242
2025-07-21,40.0,AVGO,Broadcom stock,1.1131324987569469
2025-07-28,46.0,AVGO,Broadcom stock,1.4154552852196145
2025-08-04,56.0,AVGO,Broadcom stock,1.9193265959907273
2025-08-11,54.0,AVGO,Broadcom stock,1.8185523338365046
2025-08-18,48.0,AVGO,Broadcom stock,1.516229547373837
2025-08-25,46.0,AVGO,Broadcom stock,1.4154552852196145
2025-09-01,94.0,AVGO,Broadcom stock,3.8340375769209554
2025-09-08,94.0,AVGO,Broadcom stock,3.8340375769209554
2025-09-15,53.0,AVGO,Broadcom stock,1.7681652027593935
2025-09-22,53.0,AVGO,Broadcom stock,1.7681652027593935
2025-09-29,50.0,AVGO,Broadcom stock,1.6170038095280597
2025-10-06,48.0,AVGO,Broadcom stock,1.516229547373837
2025-10-13,65.0,AVGO,Broadcom stock,2.3728107756847288
2025-10-20,45.0,AVGO,Broadcom stock,1.3650681541425032
2025-10-27,60.0,AVGO,Broadcom stock,2.1208751202991722
2025-11-03,44.0,AVGO,Broadcom stock,1.314681023065392
2025-11-10,43.0,AVGO,Broadcom stock,1.2642938919882807
2025-11-17,45.0,AVGO,Broadcom stock,1.3650681541425032
2025-11-24,59.0,AVGO,Broadcom stock,2.070487989222061
2025-12-01,54.0,AVGO,Broadcom stock,1.8185523338365046
2025-12-08,79.0,AVGO,Broadcom stock,3.0782306107642867
2025-12-15,65.0,AVGO,Broadcom stock,2.3728107756847288
2025-12-22,38.0,AVGO,Broadcom stock,1.0123582366027242
2020-12-21,29.0,BAC,BAC,-0.29879111744423625
2020-12-28,29.0,BAC,BAC,-0.29879111744423625
2021-01-04,30.0,BAC,BAC,-0.21122593537444886
2021-01-11,33.0,BAC,BAC,0.05146961083491327
2021-01-18,36.0,BAC,BAC,0.3141651570442754
2021-01-25,30.0,BAC,BAC,-0.21122593537444886
2021-02-01,31.0,BAC,BAC,-0.12366075330466149
2021-02-08,25.0,BAC,BAC,-0.6490518457233858
2021-02-15,27.0,BAC,BAC,-0.47392148158381103
2021-02-22,32.0,BAC,BAC,-0.03609557123487411
2021-03-01,34.0,BAC,BAC,0.13903479290470067
2021-03-08,33.0,BAC,BAC,0.05146961083491327
2021-03-15,33.0,BAC,BAC,0.05146961083491327
2021-03-22,34.0,BAC,BAC,0.13903479290470067
2021-03-29,34.0,BAC,BAC,0.13903479290470067
2021-04-05,31.0,BAC,BAC,-0.12366075330466149
2021-04-12,33.0,BAC,BAC,0.05146961083491327
2021-04-19,33.0,BAC,BAC,0.05146961083491327
2021-04-26,33.0,BAC,BAC,0.05146961083491327
2021-05-03,36.0,BAC,BAC,0.3141651570442754
2021-05-10,35.0,BAC,BAC,0.22659997497448803
2021-05-17,38.0,BAC,BAC,0.48929552118385017
2021-05-24,39.0,BAC,BAC,0.5768607032536376
2021-05-31,39.0,BAC,BAC,0.5768607032536376
2021-06-07,40.0,BAC,BAC,0.664425885323425
2021-06-14,56.0,BAC,BAC,2.065468798440023
2021-06-21,46.0,BAC,BAC,1.1898169777421492
2021-06-28,52.0,BAC,BAC,1.7152080701608736
2021-07-05,100.0,BAC,BAC,5.918336809510667
2021-07-12,39.0,BAC,BAC,0.5768607032536376
2021-07-19,40.0,BAC,BAC,0.664425885323425
2021-07-26,35.0,BAC,BAC,0.22659997497448803
2021-08-02,29.0,BAC,BAC,-0.29879111744423625
2021-08-09,32.0,BAC,BAC,-0.03609557123487411
2021-08-16,33.0,BAC,BAC,0.05146961083491327
2021-08-23,35.0,BAC,BAC,0.22659997497448803
2021-08-30,39.0,BAC,BAC,0.5768607032536376
2021-09-06,33.0,BAC,BAC,0.05146961083491327
2021-09-13,33.0,BAC,BAC,0.05146961083491327
2021-09-20,34.0,BAC,BAC,0.13903479290470067
2021-09-27,37.0,BAC,BAC,0.4017303391140628
2021-10-04,30.0,BAC,BAC,-0.21122593537444886
2021-10-11,31.0,BAC,BAC,-0.12366075330466149
2021-10-18,30.0,BAC,BAC,-0.21122593537444886
2021-10-25,29.0,BAC,BAC,-0.29879111744423625
2021-11-01,31.0,BAC,BAC,-0.12366075330466149
2021-11-08,31.0,BAC,BAC,-0.12366075330466149
2021-11-15,30.0,BAC,BAC,-0.21122593537444886
2021-11-22,29.0,BAC,BAC,-0.29879111744423625
2021-11-29,30.0,BAC,BAC,-0.21122593537444886
2021-12-06,29.0,BAC,BAC,-0.29879111744423625
2021-12-13,30.0,BAC,BAC,-0.21122593537444886
2021-12-20,29.0,BAC,BAC,-0.29879111744423625
2021-12-27,27.0,BAC,BAC,-0.47392148158381103
2022-01-03,32.0,BAC,BAC,-0.03609557123487411
2022-01-10,32.0,BAC,BAC,-0.03609557123487411
2022-01-17,30.0,BAC,BAC,-0.21122593537444886
2022-01-24,30.0,BAC,BAC,-0.21122593537444886
2022-01-31,26.0,BAC,BAC,-0.5614866636535985
2022-02-07,30.0,BAC,BAC,-0.21122593537444886
2022-02-14,32.0,BAC,BAC,-0.03609557123487411
2022-02-21,31.0,BAC,BAC,-0.12366075330466149
2022-02-28,31.0,BAC,BAC,-0.12366075330466149
2022-03-07,30.0,BAC,BAC,-0.21122593537444886
2022-03-14,33.0,BAC,BAC,0.05146961083491327
2022-03-21,32.0,BAC,BAC,-0.03609557123487411
2022-03-28,34.0,BAC,BAC,0.13903479290470067
2022-04-04,31.0,BAC,BAC,-0.12366075330466149
2022-04-11,30.0,BAC,BAC,-0.21122593537444886
2022-04-18,30.0,BAC,BAC,-0.21122593537444886
2022-04-25,32.0,BAC,BAC,-0.03609557123487411
2022-05-02,37.0,BAC,BAC,0.4017303391140628
2022-05-09,52.0,BAC,BAC,1.7152080701608736
2022-05-16,36.0,BAC,BAC,0.3141651570442754
2022-05-23,33.0,BAC,BAC,0.05146961083491327
2022-05-30,38.0,BAC,BAC,0.48929552118385017
2022-06-06,39.0,BAC,BAC,0.5768607032536376
2022-06-13,61.0,BAC,BAC,2.50329470878896
2022-06-20,51.0,BAC,BAC,1.627642888091086
2022-06-27,50.0,BAC,BAC,1.5400777060212987
2022-07-04,89.0,BAC,BAC,4.9551198067430064
2022-07-11,56.0,BAC,BAC,2.065468798440023
2022-07-18,38.0,BAC,BAC,0.48929552118385017
2022-07-25,34.0,BAC,BAC,0.13903479290470067
2022-08-01,27.0,BAC,BAC,-0.47392148158381103
2022-08-08,26.0,BAC,BAC,-0.5614866636535985
2022-08-15,31.0,BAC,BAC,-0.12366075330466149
2022-08-22,28.0,BAC,BAC,-0.3863562995140236
2022-08-29,29.0,BAC,BAC,-0.29879111744423625
2022-09-05,26.0,BAC,BAC,-0.5614866636535985
2022-09-12,27.0,BAC,BAC,-0.47392148158381103
2022-09-19,26.0,BAC,BAC,-0.5614866636535985
2022-09-26,26.0,BAC,BAC,-0.5614866636535985
2022-10-03,26.0,BAC,BAC,-0.5614866636535985
2022-10-10,26.0,BAC,BAC,-0.5614866636535985
2022-10-17,26.0,BAC,BAC,-0.5614866636535985
2022-10-24,25.0,BAC,BAC,-0.6490518457233858
2022-10-31,26.0,BAC,BAC,-0.5614866636535985
2022-11-07,26.0,BAC,BAC,-0.5614866636535985
2022-11-14,26.0,BAC,BAC,-0.5614866636535985
2022-11-21,25.0,BAC,BAC,-0.6490518457233858
2022-11-28,25.0,BAC,BAC,-0.6490518457233858
2022-12-05,25.0,BAC,BAC,-0.6490518457233858
2022-12-12,26.0,BAC,BAC,-0.5614866636535985
2022-12-19,23.0,BAC,BAC,-0.8241822098629605
2022-12-26,26.0,BAC,BAC,-0.5614866636535985
2023-01-02,26.0,BAC,BAC,-0.5614866636535985
2023-01-09,30.0,BAC,BAC,-0.21122593537444886
2023-01-16,27.0,BAC,BAC,-0.47392148158381103
2023-01-23,26.0,BAC,BAC,-0.5614866636535985
2023-01-30,30.0,BAC,BAC,-0.21122593537444886
2023-02-06,29.0,BAC,BAC,-0.29879111744423625
2023-02-13,28.0,BAC,BAC,-0.3863562995140236
2023-02-20,28.0,BAC,BAC,-0.3863562995140236
2023-02-27,29.0,BAC,BAC,-0.29879111744423625
2023-03-06,32.0,BAC,BAC,-0.03609557123487411
2023-03-13,40.0,BAC,BAC,0.664425885323425
2023-03-20,48.0,BAC,BAC,1.364947341881724
2023-03-27,32.0,BAC,BAC,-0.03609557123487411
2023-04-03,29.0,BAC,BAC,-0.29879111744423625
2023-04-10,40.0,BAC,BAC,0.664425885323425
2023-04-17,29.0,BAC,BAC,-0.29879111744423625
2023-04-24,32.0,BAC,BAC,-0.03609557123487411
2023-05-01,32.0,BAC,BAC,-0.03609557123487411
2023-05-08,35.0,BAC,BAC,0.22659997497448803
2023-05-15,34.0,BAC,BAC,0.13903479290470067
2023-05-22,34.0,BAC,BAC,0.13903479290470067
2023-05-29,37.0,BAC,BAC,0.4017303391140628
2023-06-05,41.0,BAC,BAC,0.7519910673932123
2023-06-12,59.0,BAC,BAC,2.328164344649385
2023-06-19,47.0,BAC,BAC,1.2773821598119366
2023-06-26,53.0,BAC,BAC,1.802773252230661
2023-07-03,93.0,BAC,BAC,5.305380535022156
2023-07-10,46.0,BAC,BAC,1.1898169777421492
2023-07-17,50.0,BAC,BAC,1.5400777060212987
2023-07-24,33.0,BAC,BAC,0.05146961083491327
2023-07-31,27.0,BAC,BAC,-0.47392148158381103
2023-08-07,24.0,BAC,BAC,-0.7366170277931732
2023-08-14,26.0,BAC,BAC,-0.5614866636535985
2023-08-21,25.0,BAC,BAC,-0.6490518457233858
2023-08-28,27.0,BAC,BAC,-0.47392148158381103
2023-09-04,29.0,BAC,BAC,-0.29879111744423625
2023-09-11,25.0,BAC,BAC,-0.6490518457233858
2023-09-18,26.0,BAC,BAC,-0.5614866636535985
2023-09-25,27.0,BAC,BAC,-0.47392148158381103
2023-10-02,26.0,BAC,BAC,-0.5614866636535985
2023-10-09,26.0,BAC,BAC,-0.5614866636535985
2023-10-16,25.0,BAC,BAC,-0.6490518457233858
2023-10-23,22.0,BAC,BAC,-0.9117473919327479
2023-10-30,25.0,BAC,BAC,-0.6490518457233858
2023-11-06,27.0,BAC,BAC,-0.47392148158381103
2023-11-13,28.0,BAC,BAC,-0.3863562995140236
2023-11-20,28.0,BAC,BAC,-0.3863562995140236
2023-11-27,27.0,BAC,BAC,-0.47392148158381103
2023-12-04,27.0,BAC,BAC,-0.47392148158381103
2023-12-11,28.0,BAC,BAC,-0.3863562995140236
2023-12-18,26.0,BAC,BAC,-0.5614866636535985
2023-12-25,25.0,BAC,BAC,-0.6490518457233858
2024-01-01,25.0,BAC,BAC,-0.6490518457233858
2024-01-08,27.0,BAC,BAC,-0.47392148158381103
2024-01-15,27.0,BAC,BAC,-0.47392148158381103
2024-01-22,26.0,BAC,BAC,-0.5614866636535985
2024-01-29,27.0,BAC,BAC,-0.47392148158381103
2024-02-05,26.0,BAC,BAC,-0.5614866636535985
2024-02-12,25.0,BAC,BAC,-0.6490518457233858
2024-02-19,25.0,BAC,BAC,-0.6490518457233858
2024-02-26,27.0,BAC,BAC,-0.47392148158381103
2024-03-04,31.0,BAC,BAC,-0.12366075330466149
2024-03-11,27.0,BAC,BAC,-0.47392148158381103
2024-03-18,27.0,BAC,BAC,-0.47392148158381103
2024-03-25,27.0,BAC,BAC,-0.47392148158381103
2024-04-01,27.0,BAC,BAC,-0.47392148158381103
2024-04-08,27.0,BAC,BAC,-0.47392148158381103
2024-04-15,29.0,BAC,BAC,-0.29879111744423625
2024-04-22,26.0,BAC,BAC,-0.5614866636535985
2024-04-29,28.0,BAC,BAC,-0.3863562995140236
2024-05-06,32.0,BAC,BAC,-0.03609557123487411
2024-05-13,34.0,BAC,BAC,0.13903479290470067
2024-05-20,34.0,BAC,BAC,0.13903479290470067
2024-05-27,39.0,BAC,BAC,0.5768607032536376
2024-06-03,43.0,BAC,BAC,0.9271214315327871
2024-06-10,54.0,BAC,BAC,1.8903384343004483
2024-06-17,60.0,BAC,BAC,2.4157295267191725
2024-06-24,43.0,BAC,BAC,0.9271214315327871
2024-07-01,49.0,BAC,BAC,1.4525125239515113
2024-07-08,99.0,BAC,BAC,5.83077162744088
2024-07-15,42.0,BAC,BAC,0.8395562494629997
2024-07-22,27.0,BAC,BAC,-0.47392148158381103
2024-07-29,24.0,BAC,BAC,-0.7366170277931732
2024-08-05,25.0,BAC,BAC,-0.6490518457233858
2024-08-12,23.0,BAC,BAC,-0.8241822098629605
2024-08-19,24.0,BAC,BAC,-0.7366170277931732
2024-08-26,24.0,BAC,BAC,-0.7366170277931732
2024-09-02,24.0,BAC,BAC,-0.7366170277931732
2024-09-09,24.0,BAC,BAC,-0.7366170277931732
2024-09-16,26.0,BAC,BAC,-0.5614866636535985
2024-09-23,23.0,BAC,BAC,-0.8241822098629605
2024-09-30,24.0,BAC,BAC,-0.7366170277931732
2024-10-07,23.0,BAC,BAC,-0.8241822098629605
2024-10-14,24.0,BAC,BAC,-0.7366170277931732
2024-10-21,22.0,BAC,BAC,-0.9117473919327479
2024-10-28,25.0,BAC,BAC,-0.6490518457233858
2024-11-04,24.0,BAC,BAC,-0.7366170277931732
2024-11-11,25.0,BAC,BAC,-0.6490518457233858
2024-11-18,25.0,BAC,BAC,-0.6490518457233858
2024-11-25,25.0,BAC,BAC,-0.6490518457233858
2024-12-02,26.0,BAC,BAC,-0.5614866636535985
2024-12-09,26.0,BAC,BAC,-0.5614866636535985
2024-12-16,25.0,BAC,BAC,-0.6490518457233858
2024-12-23,23.0,BAC,BAC,-0.8241822098629605
2024-12-30,24.0,BAC,BAC,-0.7366170277931732
2025-01-06,26.0,BAC,BAC,-0.5614866636535985
2025-01-13,27.0,BAC,BAC,-0.47392148158381103
2025-01-20,25.0,BAC,BAC,-0.6490518457233858
2025-01-27,24.0,BAC,BAC,-0.7366170277931732
2025-02-03,28.0,BAC,BAC,-0.3863562995140236
2025-02-10,25.0,BAC,BAC,-0.6490518457233858
2025-02-17,25.0,BAC,BAC,-0.6490518457233858
2025-02-24,27.0,BAC,BAC,-0.47392148158381103
2025-03-03,27.0,BAC,BAC,-0.47392148158381103
2025-03-10,29.0,BAC,BAC,-0.29879111744423625
2025-03-17,29.0,BAC,BAC,-0.29879111744423625
2025-03-24,31.0,BAC,BAC,-0.12366075330466149
2025-03-31,29.0,BAC,BAC,-0.29879111744423625
2025-04-07,30.0,BAC,BAC,-0.21122593537444886
2025-04-14,28.0,BAC,BAC,-0.3863562995140236
2025-04-21,28.0,BAC,BAC,-0.3863562995140236
2025-04-28,31.0,BAC,BAC,-0.12366075330466149
2025-05-05,32.0,BAC,BAC,-0.03609557123487411
2025-05-12,36.0,BAC,BAC,0.3141651570442754
2025-05-19,36.0,BAC,BAC,0.3141651570442754
2025-05-26,41.0,BAC,BAC,0.7519910673932123
2025-06-02,42.0,BAC,BAC,0.8395562494629997
2025-06-09,64.0,BAC,BAC,2.765990254998322
2025-06-16,61.0,BAC,BAC,2.50329470878896
2025-06-23,36.0,BAC,BAC,0.3141651570442754
2025-06-30,69.0,BAC,BAC,3.203816165347259
2025-07-07,59.0,BAC,BAC,2.328164344649385
2025-07-14,33.0,BAC,BAC,0.05146961083491327
2025-07-21,36.0,BAC,BAC,0.3141651570442754
2025-07-28,25.0,BAC,BAC,-0.6490518457233858
2025-08-04,25.0,BAC,BAC,-0.6490518457233858
2025-08-11,25.0,BAC,BAC,-0.6490518457233858
2025-08-18,26.0,BAC,BAC,-0.5614866636535985
2025-08-25,27.0,BAC,BAC,-0.47392148158381103
2025-09-01,28.0,BAC,BAC,-0.3863562995140236
2025-09-08,27.0,BAC,BAC,-0.47392148158381103
2025-09-15,26.0,BAC,BAC,-0.5614866636535985
2025-09-22,26.0,BAC,BAC,-0.5614866636535985
2025-09-29,26.0,BAC,BAC,-0.5614866636535985
2025-10-06,26.0,BAC,BAC,-0.5614866636535985
2025-10-13,26.0,BAC,BAC,-0.5614866636535985
2025-10-20,22.0,BAC,BAC,-0.9117473919327479
2025-10-27,24.0,BAC,BAC,-0.7366170277931732
2025-11-03,27.0,BAC,BAC,-0.47392148158381103
2025-11-10,27.0,BAC,BAC,-0.47392148158381103
2025-11-17,28.0,BAC,BAC,-0.3863562995140236
2025-11-24,28.0,BAC,BAC,-0.3863562995140236
2025-12-01,30.0,BAC,BAC,-0.21122593537444886
2025-12-08,28.0,BAC,BAC,-0.3863562995140236
2025-12-15,24.0,BAC,BAC,-0.7366170277931732
2025-12-22,21.0,BAC,BAC,-0.9993125740025354
2020-12-21,0.0,BAC,Bank of America earnings,-0.5615775169032722
2020-12-28,0.0,BAC,Bank of America earnings,-0.5615775169032722
2021-01-04,2.0,BAC,Bank of America earnings,-0.34583952653867195
2021-01-11,5.0,BAC,Bank of America earnings,-0.022232540991771726
2021-01-18,12.0,BAC,Bank of America earnings,0.7328504252843289
2021-01-25,4.0,BAC,Bank of America earnings,-0.1301015361740718
2021-02-01,2.0,BAC,Bank of America earnings,-0.34583952653867195
2021-02-08,0.0,BAC,Bank of America earnings,-0.5615775169032722
2021-02-15,2.0,BAC,Bank of America earnings,-0.34583952653867195
2021-02-22,0.0,BAC,Bank of America earnings,-0.5615775169032722
2021-03-01,0.0,BAC,Bank of America earnings,-0.5615775169032722
2021-03-08,2.0,BAC,Bank of America earnings,-0.34583952653867195
2021-03-15,0.0,BAC,Bank of America earnings,-0.5615775169032722
2021-03-22,2.0,BAC,Bank of America earnings,-0.34583952653867195
2021-03-29,0.0,BAC,Bank of America earnings,-0.5615775169032722
2021-04-05,3.0,BAC,Bank of America earnings,-0.2379705313563719
2021-04-12,15.0,BAC,Bank of America earnings,1.056457410831229
2021-04-19,3.0,BAC,Bank of America earnings,-0.2379705313563719
2021-04-26,2.0,BAC,Bank of America earnings,-0.34583952653867195
2021-05-03,2.0,BAC,Bank of America earnings,-0.34583952653867195
2021-05-10,2.0,BAC,Bank of America earnings,-0.34583952653867195
2021-05-17,0.0,BAC,Bank of America earnings,-0.5615775169032722
2021-05-24,2.0,BAC,Bank of America earnings,-0.34583952653867195
2021-05-31,0.0,BAC,Bank of America earnings,-0.5615775169032722
2021-06-07,2.0,BAC,Bank of America earnings,-0.34583952653867195
2021-06-14,0.0,BAC,Bank of America earnings,-0.5615775169032722
2021-06-21,0.0,BAC,Bank of America earnings,-0.5615775169032722
2021-06-28,0.0,BAC,Bank of America earnings,-0.5615775169032722
2021-07-05,2.0,BAC,Bank of America earnings,-0.34583952653867195
2021-07-12,12.0,BAC,Bank of America earnings,0.7328504252843289
2021-07-19,3.0,BAC,Bank of America earnings,-0.2379705313563719
2021-07-26,2.0,BAC,Bank of America earnings,-0.34583952653867195
2021-08-02,2.0,BAC,Bank of America earnings,-0.34583952653867195
2021-08-09,0.0,BAC,Bank of America earnings,-0.5615775169032722
2021-08-16,0.0,BAC,Bank of America earnings,-0.5615775169032722
2021-08-23,0.0,BAC,Bank of America earnings,-0.5615775169032722
2021-08-30,3.0,BAC,Bank of America earnings,-0.2379705313563719
2021-09-06,0.0,BAC,Bank of America earnings,-0.5615775169032722
2021-09-13,0.0,BAC,Bank of America earnings,-0.5615775169032722
2021-09-20,0.0,BAC,Bank of America earnings,-0.5615775169032722
2021-09-27,0.0,BAC,Bank of America earnings,-0.5615775169032722
2021-10-04,4.0,BAC,Bank of America earnings,-0.1301015361740718
2021-10-11,13.0,BAC,Bank of America earnings,0.840719420466629
2021-10-18,3.0,BAC,Bank of America earnings,-0.2379705313563719
2021-10-25,3.0,BAC,Bank of America earnings,-0.2379705313563719
2021-11-01,2.0,BAC,Bank of America earnings,-0.34583952653867195
2021-11-08,2.0,BAC,Bank of America earnings,-0.34583952653867195
2021-11-15,0.0,BAC,Bank of America earnings,-0.5615775169032722
2021-11-22,0.0,BAC,Bank of America earnings,-0.5615775169032722
2021-11-29,0.0,BAC,Bank of America earnings,-0.5615775169032722
2021-12-06,2.0,BAC,Bank of America earnings,-0.34583952653867195
2021-12-13,0.0,BAC,Bank of America earnings,-0.5615775169032722
2021-12-20,0.0,BAC,Bank of America earnings,-0.5615775169032722
2021-12-27,0.0,BAC,Bank of America earnings,-0.5615775169032722
2022-01-03,2.0,BAC,Bank of America earnings,-0.34583952653867195
2022-01-10,7.0,BAC,Bank of America earnings,0.19350544937282843
2022-01-17,16.0,BAC,Bank of America earnings,1.1643264060135292
2022-01-24,3.0,BAC,Bank of America earnings,-0.2379705313563719
2022-01-31,3.0,BAC,Bank of America earnings,-0.2379705313563719
2022-02-07,4.0,BAC,Bank of America earnings,-0.1301015361740718
2022-02-14,4.0,BAC,Bank of America earnings,-0.1301015361740718
2022-02-21,3.0,BAC,Bank of America earnings,-0.2379705313563719
2022-02-28,2.0,BAC,Bank of America earnings,-0.34583952653867195
2022-03-07,2.0,BAC,Bank of America earnings,-0.34583952653867195
2022-03-14,2.0,BAC,Bank of America earnings,-0.34583952653867195
2022-03-21,0.0,BAC,Bank of America earnings,-0.5615775169032722
2022-03-28,3.0,BAC,Bank of America earnings,-0.2379705313563719
2022-04-04,3.0,BAC,Bank of America earnings,-0.2379705313563719
2022-04-11,8.0,BAC,Bank of America earnings,0.3013744445551285
2022-04-18,12.0,BAC,Bank of America earnings,0.7328504252843289
2022-04-25,5.0,BAC,Bank of America earnings,-0.022232540991771726
2022-05-02,3.0,BAC,Bank of America earnings,-0.2379705313563719
2022-05-09,3.0,BAC,Bank of America earnings,-0.2379705313563719
2022-05-16,2.0,BAC,Bank of America earnings,-0.34583952653867195
2022-05-23,3.0,BAC,Bank of America earnings,-0.2379705313563719
2022-05-30,2.0,BAC,Bank of America earnings,-0.34583952653867195
2022-06-06,2.0,BAC,Bank of America earnings,-0.34583952653867195
2022-06-13,3.0,BAC,Bank of America earnings,-0.2379705313563719
2022-06-20,3.0,BAC,Bank of America earnings,-0.2379705313563719
2022-06-27,3.0,BAC,Bank of America earnings,-0.2379705313563719
2022-07-04,2.0,BAC,Bank of America earnings,-0.34583952653867195
2022-07-11,8.0,BAC,Bank of America earnings,0.3013744445551285
2022-07-18,18.0,BAC,Bank of America earnings,1.3800643963781294
2022-07-25,5.0,BAC,Bank of America earnings,-0.022232540991771726
2022-08-01,3.0,BAC,Bank of America earnings,-0.2379705313563719
2022-08-08,2.0,BAC,Bank of America earnings,-0.34583952653867195
2022-08-15,2.0,BAC,Bank of America earnings,-0.34583952653867195
2022-08-22,2.0,BAC,Bank of America earnings,-0.34583952653867195
2022-08-29,2.0,BAC,Bank of America earnings,-0.34583952653867195
2022-09-05,0.0,BAC,Bank of America earnings,-0.5615775169032722
2022-09-12,1.0,BAC,Bank of America earnings,-0.45370852172097204
2022-09-19,0.0,BAC,Bank of America earnings,-0.5615775169032722
2022-09-26,2.0,BAC,Bank of America earnings,-0.34583952653867195
2022-10-03,2.0,BAC,Bank of America earnings,-0.34583952653867195
2022-10-10,5.0,BAC,Bank of America earnings,-0.022232540991771726
2022-10-17,16.0,BAC,Bank of America earnings,1.1643264060135292
2022-10-24,4.0,BAC,Bank of America earnings,-0.1301015361740718
2022-10-31,3.0,BAC,Bank of America earnings,-0.2379705313563719
2022-11-07,2.0,BAC,Bank of America earnings,-0.34583952653867195
2022-11-14,2.0,BAC,Bank of America earnings,-0.34583952653867195
2022-11-21,0.0,BAC,Bank of America earnings,-0.5615775169032722
2022-11-28,2.0,BAC,Bank of America earnings,-0.34583952653867195
2022-12-05,2.0,BAC,Bank of America earnings,-0.34583952653867195
2022-12-12,0.0,BAC,Bank of America earnings,-0.5615775169032722
2022-12-19,0.0,BAC,Bank of America earnings,-0.5615775169032722
2022-12-26,0.0,BAC,Bank of America earnings,-0.5615775169032722
2023-01-02,2.0,BAC,Bank of America earnings,-0.34583952653867195
2023-01-09,13.0,BAC,Bank of America earnings,0.840719420466629
2023-01-16,7.0,BAC,Bank of America earnings,0.19350544937282843
2023-01-23,4.0,BAC,Bank of America earnings,-0.1301015361740718
2023-01-30,3.0,BAC,Bank of America earnings,-0.2379705313563719
2023-02-06,2.0,BAC,Bank of America earnings,-0.34583952653867195
2023-02-13,1.0,BAC,Bank of America earnings,-0.45370852172097204
2023-02-20,2.0,BAC,Bank of America earnings,-0.34583952653867195
2023-02-27,2.0,BAC,Bank of America earnings,-0.34583952653867195
2023-03-06,2.0,BAC,Bank of America earnings,-0.34583952653867195
2023-03-13,3.0,BAC,Bank of America earnings,-0.2379705313563719
2023-03-20,2.0,BAC,Bank of America earnings,-0.34583952653867195
2023-03-27,3.0,BAC,Bank of America earnings,-0.2379705313563719
2023-04-03,2.0,BAC,Bank of America earnings,-0.34583952653867195
2023-04-10,9.0,BAC,Bank of America earnings,0.4092434397374286
2023-04-17,24.0,BAC,Bank of America earnings,2.0272783674719297
2023-04-24,4.0,BAC,Bank of America earnings,-0.1301015361740718
2023-05-01,4.0,BAC,Bank of America earnings,-0.1301015361740718
2023-05-08,3.0,BAC,Bank of America earnings,-0.2379705313563719
2023-05-15,2.0,BAC,Bank of America earnings,-0.34583952653867195
2023-05-22,2.0,BAC,Bank of America earnings,-0.34583952653867195
2023-05-29,0.0,BAC,Bank of America earnings,-0.5615775169032722
2023-06-05,1.0,BAC,Bank of America earnings,-0.45370852172097204
2023-06-12,0.0,BAC,Bank of America earnings,-0.5615775169032722
2023-06-19,2.0,BAC,Bank of America earnings,-0.34583952653867195
2023-06-26,0.0,BAC,Bank of America earnings,-0.5615775169032722
2023-07-03,4.0,BAC,Bank of America earnings,-0.1301015361740718
2023-07-10,7.0,BAC,Bank of America earnings,0.19350544937282843
2023-07-17,21.0,BAC,Bank of America earnings,1.7036713819250295
2023-07-24,4.0,BAC,Bank of America earnings,-0.1301015361740718
2023-07-31,2.0,BAC,Bank of America earnings,-0.34583952653867195
2023-08-07,2.0,BAC,Bank of America earnings,-0.34583952653867195
2023-08-14,0.0,BAC,Bank of America earnings,-0.5615775169032722
2023-08-21,0.0,BAC,Bank of America earnings,-0.5615775169032722
2023-08-28,0.0,BAC,Bank of America earnings,-0.5615775169032722
2023-09-04,0.0,BAC,Bank of America earnings,-0.5615775169032722
2023-09-11,1.0,BAC,Bank of America earnings,-0.45370852172097204
2023-09-18,1.0,BAC,Bank of America earnings,-0.45370852172097204
2023-09-25,0.0,BAC,Bank of America earnings,-0.5615775169032722
2023-10-02,2.0,BAC,Bank of America earnings,-0.34583952653867195
2023-10-09,6.0,BAC,Bank of America earnings,0.08563645419052836
2023-10-16,17.0,BAC,Bank of America earnings,1.2721954011958292
2023-10-23,4.0,BAC,Bank of America earnings,-0.1301015361740718
2023-10-30,3.0,BAC,Bank of America earnings,-0.2379705313563719
2023-11-06,2.0,BAC,Bank of America earnings,-0.34583952653867195
2023-11-13,0.0,BAC,Bank of America earnings,-0.5615775169032722
2023-11-20,0.0,BAC,Bank of America earnings,-0.5615775169032722
2023-11-27,2.0,BAC,Bank of America earnings,-0.34583952653867195
2023-12-04,2.0,BAC,Bank of America earnings,-0.34583952653867195
2023-12-11,1.0,BAC,Bank of America earnings,-0.45370852172097204
2023-12-18,1.0,BAC,Bank of America earnings,-0.45370852172097204
2023-12-25,2.0,BAC,Bank of America earnings,-0.34583952653867195
2024-01-01,0.0,BAC,Bank of America earnings,-0.5615775169032722
2024-01-08,10.0,BAC,Bank of America earnings,0.5171124349197287
2024-01-15,5.0,BAC,Bank of America earnings,-0.022232540991771726
2024-01-22,4.0,BAC,Bank of America earnings,-0.1301015361740718
2024-01-29,2.0,BAC,Bank of America earnings,-0.34583952653867195
2024-02-05,2.0,BAC,Bank of America earnings,-0.34583952653867195
2024-02-12,3.0,BAC,Bank of America earnings,-0.2379705313563719
2024-02-19,3.0,BAC,Bank of America earnings,-0.2379705313563719
2024-02-26,2.0,BAC,Bank of America earnings,-0.34583952653867195
2024-03-04,2.0,BAC,Bank of America earnings,-0.34583952653867195
2024-03-11,2.0,BAC,Bank of America earnings,-0.34583952653867195
2024-03-18,0.0,BAC,Bank of America earnings,-0.5615775169032722
2024-03-25,2.0,BAC,Bank of America earnings,-0.34583952653867195
2024-04-01,0.0,BAC,Bank of America earnings,-0.5615775169032722
2024-04-08,5.0,BAC,Bank of America earnings,-0.022232540991771726
2024-04-15,15.0,BAC,Bank of America earnings,1.056457410831229
2024-04-22,3.0,BAC,Bank of America earnings,-0.2379705313563719
2024-04-29,4.0,BAC,Bank of America earnings,-0.1301015361740718
2024-05-06,3.0,BAC,Bank of America earnings,-0.2379705313563719
2024-05-13,2.0,BAC,Bank of America earnings,-0.34583952653867195
2024-05-20,0.0,BAC,Bank of America earnings,-0.5615775169032722
2024-05-27,3.0,BAC,Bank of America earnings,-0.2379705313563719
2024-06-03,0.0,BAC,Bank of America earnings,-0.5615775169032722
2024-06-10,2.0,BAC,Bank of America earnings,-0.34583952653867195
2024-06-17,2.0,BAC,Bank of America earnings,-0.34583952653867195
2024-06-24,2.0,BAC,Bank of America earnings,-0.34583952653867195
2024-07-01,2.0,BAC,Bank of America earnings,-0.34583952653867195
2024-07-08,6.0,BAC,Bank of America earnings,0.08563645419052836
2024-07-15,13.0,BAC,Bank of America earnings,0.840719420466629
2024-07-22,4.0,BAC,Bank of America earnings,-0.1301015361740718
2024-07-29,3.0,BAC,Bank of America earnings,-0.2379705313563719
2024-08-05,0.0,BAC,Bank of America earnings,-0.5615775169032722
2024-08-12,2.0,BAC,Bank of America earnings,-0.34583952653867195
2024-08-19,2.0,BAC,Bank of America earnings,-0.34583952653867195
2024-08-26,3.0,BAC,Bank of America earnings,-0.2379705313563719
2024-09-02,3.0,BAC,Bank of America earnings,-0.2379705313563719
2024-09-09,0.0,BAC,Bank of America earnings,-0.5615775169032722
2024-09-16,0.0,BAC,Bank of America earnings,-0.5615775169032722
2024-09-23,2.0,BAC,Bank of America earnings,-0.34583952653867195
2024-09-30,2.0,BAC,Bank of America earnings,-0.34583952653867195
2024-10-07,3.0,BAC,Bank of America earnings,-0.2379705313563719
2024-10-14,14.0,BAC,Bank of America earnings,0.948588415648929
2024-10-21,4.0,BAC,Bank of America earnings,-0.1301015361740718
2024-10-28,3.0,BAC,Bank of America earnings,-0.2379705313563719
2024-11-04,3.0,BAC,Bank of America earnings,-0.2379705313563719
2024-11-11,2.0,BAC,Bank of America earnings,-0.34583952653867195
2024-11-18,4.0,BAC,Bank of America earnings,-0.1301015361740718
2024-11-25,0.0,BAC,Bank of America earnings,-0.5615775169032722
2024-12-02,3.0,BAC,Bank of America earnings,-0.2379705313563719
2024-12-09,2.0,BAC,Bank of America earnings,-0.34583952653867195
2024-12-16,2.0,BAC,Bank of America earnings,-0.34583952653867195
2024-12-23,0.0,BAC,Bank of America earnings,-0.5615775169032722
2024-12-30,0.0,BAC,Bank of America earnings,-0.5615775169032722
2025-01-06,3.0,BAC,Bank of America earnings,-0.2379705313563719
2025-01-13,16.0,BAC,Bank of America earnings,1.1643264060135292
2025-01-20,4.0,BAC,Bank of America earnings,-0.1301015361740718
2025-01-27,3.0,BAC,Bank of America earnings,-0.2379705313563719
2025-02-03,4.0,BAC,Bank of America earnings,-0.1301015361740718
2025-02-10,4.0,BAC,Bank of America earnings,-0.1301015361740718
2025-02-17,3.0,BAC,Bank of America earnings,-0.2379705313563719
2025-02-24,3.0,BAC,Bank of America earnings,-0.2379705313563719
2025-03-03,2.0,BAC,Bank of America earnings,-0.34583952653867195
2025-03-10,2.0,BAC,Bank of America earnings,-0.34583952653867195
2025-03-17,2.0,BAC,Bank of America earnings,-0.34583952653867195
2025-03-24,2.0,BAC,Bank of America earnings,-0.34583952653867195
2025-03-31,3.0,BAC,Bank of America earnings,-0.2379705313563719
2025-04-07,3.0,BAC,Bank of America earnings,-0.2379705313563719
2025-04-14,14.0,BAC,Bank of America earnings,0.948588415648929
2025-04-21,3.0,BAC,Bank of America earnings,-0.2379705313563719
2025-04-28,3.0,BAC,Bank of America earnings,-0.2379705313563719
2025-05-05,2.0,BAC,Bank of America earnings,-0.34583952653867195
2025-05-12,2.0,BAC,Bank of America earnings,-0.34583952653867195
2025-05-19,0.0,BAC,Bank of America earnings,-0.5615775169032722
2025-05-26,3.0,BAC,Bank of America earnings,-0.2379705313563719
2025-06-02,2.0,BAC,Bank of America earnings,-0.34583952653867195
2025-06-09,3.0,BAC,Bank of America earnings,-0.2379705313563719
2025-06-16,2.0,BAC,Bank of America earnings,-0.34583952653867195
2025-06-23,3.0,BAC,Bank of America earnings,-0.2379705313563719
2025-06-30,3.0,BAC,Bank of America earnings,-0.2379705313563719
2025-07-07,5.0,BAC,Bank of America earnings,-0.022232540991771726
2025-07-14,20.0,BAC,Bank of America earnings,1.5958023867427296
2025-07-21,11.0,BAC,Bank of America earnings,0.6249814301020288
2025-07-28,20.0,BAC,Bank of America earnings,1.5958023867427296
2025-08-04,36.0,BAC,Bank of America earnings,3.3217063096595307
2025-08-11,41.0,BAC,Bank of America earnings,3.861051285571031
2025-08-18,29.0,BAC,Bank of America earnings,2.56662334338343
2025-08-25,30.0,BAC,Bank of America earnings,2.6744923385657304
2025-09-01,25.0,BAC,Bank of America earnings,2.13514736265423
2025-09-08,21.0,BAC,Bank of America earnings,1.7036713819250295
2025-09-15,20.0,BAC,Bank of America earnings,1.5958023867427296
2025-09-22,24.0,BAC,Bank of America earnings,2.0272783674719297
2025-09-29,23.0,BAC,Bank of America earnings,1.9194093722896297
2025-10-06,25.0,BAC,Bank of America earnings,2.13514736265423
2025-10-13,100.0,BAC,Bank of America earnings,10.225322001326736
2025-10-20,31.0,BAC,Bank of America earnings,2.7823613337480304
2025-10-27,33.0,BAC,Bank of America earnings,2.9980993241126304
2025-11-03,28.0,BAC,Bank of America earnings,2.45875434820113
2025-11-10,21.0,BAC,Bank of America earnings,1.7036713819250295
2025-11-17,26.0,BAC,Bank of America earnings,2.24301635783653
2025-11-24,17.0,BAC,Bank of America earnings,1.2721954011958292
2025-12-01,23.0,BAC,Bank of America earnings,1.9194093722896297
2025-12-08,7.0,BAC,Bank of America earnings,0.19350544937282843
2025-12-15,4.0,BAC,Bank of America earnings,-0.1301015361740718
2025-12-22,4.0,BAC,Bank of America earnings,-0.1301015361740718
2020-12-21,0.0,BAC,Bank of America earnings date,-0.2903525651417189
2020-12-28,0.0,BAC,Bank of America earnings date,-0.2903525651417189
2021-01-04,0.0,BAC,Bank of America earnings date,-0.2903525651417189
2021-01-11,0.0,BAC,Bank of America earnings date,-0.2903525651417189
2021-01-18,9.0,BAC,Bank of America earnings date,0.5807051302834378
2021-01-25,0.0,BAC,Bank of America earnings date,-0.2903525651417189
2021-02-01,0.0,BAC,Bank of America earnings date,-0.2903525651417189
2021-02-08,0.0,BAC,Bank of America earnings date,-0.2903525651417189
2021-02-15,0.0,BAC,Bank of America earnings date,-0.2903525651417189
2021-02-22,0.0,BAC,Bank of America earnings date,-0.2903525651417189
2021-03-01,0.0,BAC,Bank of America earnings date,-0.2903525651417189
2021-03-08,0.0,BAC,Bank of America earnings date,-0.2903525651417189
2021-03-15,0.0,BAC,Bank of America earnings date,-0.2903525651417189
2021-03-22,0.0,BAC,Bank of America earnings date,-0.2903525651417189
2021-03-29,0.0,BAC,Bank of America earnings date,-0.2903525651417189
2021-04-05,0.0,BAC,Bank of America earnings date,-0.2903525651417189
2021-04-12,10.0,BAC,Bank of America earnings date,0.6774893186640107
2021-04-19,14.0,BAC,Bank of America earnings date,1.0646260721863026
2021-04-26,0.0,BAC,Bank of America earnings date,-0.2903525651417189
2021-05-03,0.0,BAC,Bank of America earnings date,-0.2903525651417189
2021-05-10,0.0,BAC,Bank of America earnings date,-0.2903525651417189
2021-05-17,0.0,BAC,Bank of America earnings date,-0.2903525651417189
2021-05-24,0.0,BAC,Bank of America earnings date,-0.2903525651417189
2021-05-31,0.0,BAC,Bank of America earnings date,-0.2903525651417189
2021-06-07,0.0,BAC,Bank of America earnings date,-0.2903525651417189
2021-06-14,0.0,BAC,Bank of America earnings date,-0.2903525651417189
2021-06-21,0.0,BAC,Bank of America earnings date,-0.2903525651417189
2021-06-28,0.0,BAC,Bank of America earnings date,-0.2903525651417189
2021-07-05,0.0,BAC,Bank of America earnings date,-0.2903525651417189
2021-07-12,0.0,BAC,Bank of America earnings date,-0.2903525651417189
2021-07-19,0.0,BAC,Bank of America earnings date,-0.2903525651417189
2021-07-26,0.0,BAC,Bank of America earnings date,-0.2903525651417189
2021-08-02,0.0,BAC,Bank of America earnings date,-0.2903525651417189
2021-08-09,0.0,BAC,Bank of America earnings date,-0.2903525651417189
2021-08-16,0.0,BAC,Bank of America earnings date,-0.2903525651417189
2021-08-23,0.0,BAC,Bank of America earnings date,-0.2903525651417189
2021-08-30,0.0,BAC,Bank of America earnings date,-0.2903525651417189
2021-09-06,0.0,BAC,Bank of America earnings date,-0.2903525651417189
2021-09-13,0.0,BAC,Bank of America earnings date,-0.2903525651417189
2021-09-20,0.0,BAC,Bank of America earnings date,-0.2903525651417189
2021-09-27,0.0,BAC,Bank of America earnings date,-0.2903525651417189
2021-10-04,0.0,BAC,Bank of America earnings date,-0.2903525651417189
2021-10-11,0.0,BAC,Bank of America earnings date,-0.2903525651417189
2021-10-18,0.0,BAC,Bank of America earnings date,-0.2903525651417189
2021-10-25,0.0,BAC,Bank of America earnings date,-0.2903525651417189
2021-11-01,0.0,BAC,Bank of America earnings date,-0.2903525651417189
2021-11-08,0.0,BAC,Bank of America earnings date,-0.2903525651417189
2021-11-15,0.0,BAC,Bank of America earnings date,-0.2903525651417189
2021-11-22,0.0,BAC,Bank of America earnings date,-0.2903525651417189
2021-11-29,0.0,BAC,Bank of America earnings date,-0.2903525651417189
2021-12-06,0.0,BAC,Bank of America earnings date,-0.2903525651417189
2021-12-13,0.0,BAC,Bank of America earnings date,-0.2903525651417189
2021-12-20,0.0,BAC,Bank of America earnings date,-0.2903525651417189
2021-12-27,0.0,BAC,Bank of America earnings date,-0.2903525651417189
2022-01-03,0.0,BAC,Bank of America earnings date,-0.2903525651417189
2022-01-10,0.0,BAC,Bank of America earnings date,-0.2903525651417189
2022-01-17,10.0,BAC,Bank of America earnings date,0.6774893186640107
2022-01-24,0.0,BAC,Bank of America earnings date,-0.2903525651417189
2022-01-31,0.0,BAC,Bank of America earnings date,-0.2903525651417189
2022-02-07,0.0,BAC,Bank of America earnings date,-0.2903525651417189
2022-02-14,0.0,BAC,Bank of America earnings date,-0.2903525651417189
2022-02-21,0.0,BAC,Bank of America earnings date,-0.2903525651417189
2022-02-28,0.0,BAC,Bank of America earnings date,-0.2903525651417189
2022-03-07,0.0,BAC,Bank of America earnings date,-0.2903525651417189
2022-03-14,0.0,BAC,Bank of America earnings date,-0.2903525651417189
2022-03-21,0.0,BAC,Bank of America earnings date,-0.2903525651417189
2022-03-28,0.0,BAC,Bank of America earnings date,-0.2903525651417189
2022-04-04,0.0,BAC,Bank of America earnings date,-0.2903525651417189
2022-04-11,0.0,BAC,Bank of America earnings date,-0.2903525651417189
2022-04-18,0.0,BAC,Bank of America earnings date,-0.2903525651417189
2022-04-25,0.0,BAC,Bank of America earnings date,-0.2903525651417189
2022-05-02,0.0,BAC,Bank of America earnings date,-0.2903525651417189
2022-05-09,0.0,BAC,Bank of America earnings date,-0.2903525651417189
2022-05-16,0.0,BAC,Bank of America earnings date,-0.2903525651417189
2022-05-23,0.0,BAC,Bank of America earnings date,-0.2903525651417189
2022-05-30,0.0,BAC,Bank of America earnings date,-0.2903525651417189
2022-06-06,0.0,BAC,Bank of America earnings date,-0.2903525651417189
2022-06-13,0.0,BAC,Bank of America earnings date,-0.2903525651417189
2022-06-20,0.0,BAC,Bank of America earnings date,-0.2903525651417189
2022-06-27,0.0,BAC,Bank of America earnings date,-0.2903525651417189
2022-07-04,0.0,BAC,Bank of America earnings date,-0.2903525651417189
2022-07-11,0.0,BAC,Bank of America earnings date,-0.2903525651417189
2022-07-18,0.0,BAC,Bank of America earnings date,-0.2903525651417189
2022-07-25,0.0,BAC,Bank of America earnings date,-0.2903525651417189
2022-08-01,0.0,BAC,Bank of America earnings date,-0.2903525651417189
2022-08-08,0.0,BAC,Bank of America earnings date,-0.2903525651417189
2022-08-15,0.0,BAC,Bank of America earnings date,-0.2903525651417189
2022-08-22,0.0,BAC,Bank of America earnings date,-0.2903525651417189
2022-08-29,0.0,BAC,Bank of America earnings date,-0.2903525651417189
2022-09-05,0.0,BAC,Bank of America earnings date,-0.2903525651417189
2022-09-12,0.0,BAC,Bank of America earnings date,-0.2903525651417189
2022-09-19,0.0,BAC,Bank of America earnings date,-0.2903525651417189
2022-09-26,0.0,BAC,Bank of America earnings date,-0.2903525651417189
2022-10-03,0.0,BAC,Bank of America earnings date,-0.2903525651417189
2022-10-10,0.0,BAC,Bank of America earnings date,-0.2903525651417189
2022-10-17,0.0,BAC,Bank of America earnings date,-0.2903525651417189
2022-10-24,0.0,BAC,Bank of America earnings date,-0.2903525651417189
2022-10-31,0.0,BAC,Bank of America earnings date,-0.2903525651417189
2022-11-07,0.0,BAC,Bank of America earnings date,-0.2903525651417189
2022-11-14,0.0,BAC,Bank of America earnings date,-0.2903525651417189
2022-11-21,0.0,BAC,Bank of America earnings date,-0.2903525651417189
2022-11-28,0.0,BAC,Bank of America earnings date,-0.2903525651417189
2022-12-05,0.0,BAC,Bank of America earnings date,-0.2903525651417189
2022-12-12,0.0,BAC,Bank of America earnings date,-0.2903525651417189
2022-12-19,0.0,BAC,Bank of America earnings date,-0.2903525651417189
2022-12-26,0.0,BAC,Bank of America earnings date,-0.2903525651417189
2023-01-02,0.0,BAC,Bank of America earnings date,-0.2903525651417189
2023-01-09,0.0,BAC,Bank of America earnings date,-0.2903525651417189
2023-01-16,0.0,BAC,Bank of America earnings date,-0.2903525651417189
2023-01-23,0.0,BAC,Bank of America earnings date,-0.2903525651417189
2023-01-30,0.0,BAC,Bank of America earnings date,-0.2903525651417189
2023-02-06,0.0,BAC,Bank of America earnings date,-0.2903525651417189
2023-02-13,0.0,BAC,Bank of America earnings date,-0.2903525651417189
2023-02-20,0.0,BAC,Bank of America earnings date,-0.2903525651417189
2023-02-27,0.0,BAC,Bank of America earnings date,-0.2903525651417189
2023-03-06,0.0,BAC,Bank of America earnings date,-0.2903525651417189
2023-03-13,0.0,BAC,Bank of America earnings date,-0.2903525651417189
2023-03-20,0.0,BAC,Bank of America earnings date,-0.2903525651417189
2023-03-27,8.0,BAC,Bank of America earnings date,0.48392094190286483
2023-04-03,0.0,BAC,Bank of America earnings date,-0.2903525651417189
2023-04-10,0.0,BAC,Bank of America earnings date,-0.2903525651417189
2023-04-17,11.0,BAC,Bank of America earnings date,0.7742735070445838
2023-04-24,0.0,BAC,Bank of America earnings date,-0.2903525651417189
2023-05-01,0.0,BAC,Bank of America earnings date,-0.2903525651417189
2023-05-08,0.0,BAC,Bank of America earnings date,-0.2903525651417189
2023-05-15,0.0,BAC,Bank of America earnings date,-0.2903525651417189
2023-05-22,0.0,BAC,Bank of America earnings date,-0.2903525651417189
2023-05-29,0.0,BAC,Bank of America earnings date,-0.2903525651417189
2023-06-05,0.0,BAC,Bank of America earnings date,-0.2903525651417189
2023-06-12,0.0,BAC,Bank of America earnings date,-0.2903525651417189
2023-06-19,0.0,BAC,Bank of America earnings date,-0.2903525651417189
2023-06-26,0.0,BAC,Bank of America earnings date,-0.2903525651417189
2023-07-03,0.0,BAC,Bank of America earnings date,-0.2903525651417189
2023-07-10,12.0,BAC,Bank of America earnings date,0.8710576954251567
2023-07-17,19.0,BAC,Bank of America earnings date,1.5485470140891675
2023-07-24,0.0,BAC,Bank of America earnings date,-0.2903525651417189
2023-07-31,0.0,BAC,Bank of America earnings date,-0.2903525651417189
2023-08-07,0.0,BAC,Bank of America earnings date,-0.2903525651417189
2023-08-14,0.0,BAC,Bank of America earnings date,-0.2903525651417189
2023-08-21,0.0,BAC,Bank of America earnings date,-0.2903525651417189
2023-08-28,0.0,BAC,Bank of America earnings date,-0.2903525651417189
2023-09-04,0.0,BAC,Bank of America earnings date,-0.2903525651417189
2023-09-11,0.0,BAC,Bank of America earnings date,-0.2903525651417189
2023-09-18,0.0,BAC,Bank of America earnings date,-0.2903525651417189
2023-09-25,0.0,BAC,Bank of America earnings date,-0.2903525651417189
2023-10-02,0.0,BAC,Bank of America earnings date,-0.2903525651417189
2023-10-09,9.0,BAC,Bank of America earnings date,0.5807051302834378
2023-10-16,0.0,BAC,Bank of America earnings date,-0.2903525651417189
2023-10-23,0.0,BAC,Bank of America earnings date,-0.2903525651417189
2023-10-30,0.0,BAC,Bank of America earnings date,-0.2903525651417189
2023-11-06,0.0,BAC,Bank of America earnings date,-0.2903525651417189
2023-11-13,0.0,BAC,Bank of America earnings date,-0.2903525651417189
2023-11-20,0.0,BAC,Bank of America earnings date,-0.2903525651417189
2023-11-27,0.0,BAC,Bank of America earnings date,-0.2903525651417189
2023-12-04,0.0,BAC,Bank of America earnings date,-0.2903525651417189
2023-12-11,0.0,BAC,Bank of America earnings date,-0.2903525651417189
2023-12-18,0.0,BAC,Bank of America earnings date,-0.2903525651417189
2023-12-25,0.0,BAC,Bank of America earnings date,-0.2903525651417189
2024-01-01,0.0,BAC,Bank of America earnings date,-0.2903525651417189
2024-01-08,0.0,BAC,Bank of America earnings date,-0.2903525651417189
2024-01-15,0.0,BAC,Bank of America earnings date,-0.2903525651417189
2024-01-22,0.0,BAC,Bank of America earnings date,-0.2903525651417189
2024-01-29,0.0,BAC,Bank of America earnings date,-0.2903525651417189
2024-02-05,0.0,BAC,Bank of America earnings date,-0.2903525651417189
2024-02-12,0.0,BAC,Bank of America earnings date,-0.2903525651417189
2024-02-19,0.0,BAC,Bank of America earnings date,-0.2903525651417189
2024-02-26,0.0,BAC,Bank of America earnings date,-0.2903525651417189
2024-03-04,0.0,BAC,Bank of America earnings date,-0.2903525651417189
2024-03-11,0.0,BAC,Bank of America earnings date,-0.2903525651417189
2024-03-18,0.0,BAC,Bank of America earnings date,-0.2903525651417189
2024-03-25,0.0,BAC,Bank of America earnings date,-0.2903525651417189
2024-04-01,0.0,BAC,Bank of America earnings date,-0.2903525651417189
2024-04-08,0.0,BAC,Bank of America earnings date,-0.2903525651417189
2024-04-15,0.0,BAC,Bank of America earnings date,-0.2903525651417189
2024-04-22,0.0,BAC,Bank of America earnings date,-0.2903525651417189
2024-04-29,0.0,BAC,Bank of America earnings date,-0.2903525651417189
2024-05-06,0.0,BAC,Bank of America earnings date,-0.2903525651417189
2024-05-13,0.0,BAC,Bank of America earnings date,-0.2903525651417189
2024-05-20,0.0,BAC,Bank of America earnings date,-0.2903525651417189
2024-05-27,0.0,BAC,Bank of America earnings date,-0.2903525651417189
2024-06-03,0.0,BAC,Bank of America earnings date,-0.2903525651417189
2024-06-10,0.0,BAC,Bank of America earnings date,-0.2903525651417189
2024-06-17,0.0,BAC,Bank of America earnings date,-0.2903525651417189
2024-06-24,0.0,BAC,Bank of America earnings date,-0.2903525651417189
2024-07-01,0.0,BAC,Bank of America earnings date,-0.2903525651417189
2024-07-08,0.0,BAC,Bank of America earnings date,-0.2903525651417189
2024-07-15,0.0,BAC,Bank of America earnings date,-0.2903525651417189
2024-07-22,0.0,BAC,Bank of America earnings date,-0.2903525651417189
2024-07-29,0.0,BAC,Bank of America earnings date,-0.2903525651417189
2024-08-05,0.0,BAC,Bank of America earnings date,-0.2903525651417189
2024-08-12,0.0,BAC,Bank of America earnings date,-0.2903525651417189
2024-08-19,0.0,BAC,Bank of America earnings date,-0.2903525651417189
2024-08-26,0.0,BAC,Bank of America earnings date,-0.2903525651417189
2024-09-02,0.0,BAC,Bank of America earnings date,-0.2903525651417189
2024-09-09,0.0,BAC,Bank of America earnings date,-0.2903525651417189
2024-09-16,0.0,BAC,Bank of America earnings date,-0.2903525651417189
2024-09-23,0.0,BAC,Bank of America earnings date,-0.2903525651417189
2024-09-30,0.0,BAC,Bank of America earnings date,-0.2903525651417189
2024-10-07,10.0,BAC,Bank of America earnings date,0.6774893186640107
2024-10-14,12.0,BAC,Bank of America earnings date,0.8710576954251567
2024-10-21,0.0,BAC,Bank of America earnings date,-0.2903525651417189
2024-10-28,0.0,BAC,Bank of America earnings date,-0.2903525651417189
2024-11-04,0.0,BAC,Bank of America earnings date,-0.2903525651417189
2024-11-11,0.0,BAC,Bank of America earnings date,-0.2903525651417189
2024-11-18,0.0,BAC,Bank of America earnings date,-0.2903525651417189
2024-11-25,0.0,BAC,Bank of America earnings date,-0.2903525651417189
2024-12-02,0.0,BAC,Bank of America earnings date,-0.2903525651417189
2024-12-09,0.0,BAC,Bank of America earnings date,-0.2903525651417189
2024-12-16,0.0,BAC,Bank of America earnings date,-0.2903525651417189
2024-12-23,0.0,BAC,Bank of America earnings date,-0.2903525651417189
2024-12-30,0.0,BAC,Bank of America earnings date,-0.2903525651417189
2025-01-06,0.0,BAC,Bank of America earnings date,-0.2903525651417189
2025-01-13,0.0,BAC,Bank of America earnings date,-0.2903525651417189
2025-01-20,0.0,BAC,Bank of America earnings date,-0.2903525651417189
2025-01-27,0.0,BAC,Bank of America earnings date,-0.2903525651417189
2025-02-03,0.0,BAC,Bank of America earnings date,-0.2903525651417189
2025-02-10,0.0,BAC,Bank of America earnings date,-0.2903525651417189
2025-02-17,0.0,BAC,Bank of America earnings date,-0.2903525651417189
2025-02-24,0.0,BAC,Bank of America earnings date,-0.2903525651417189
2025-03-03,0.0,BAC,Bank of America earnings date,-0.2903525651417189
2025-03-10,0.0,BAC,Bank of America earnings date,-0.2903525651417189
2025-03-17,0.0,BAC,Bank of America earnings date,-0.2903525651417189
2025-03-24,0.0,BAC,Bank of America earnings date,-0.2903525651417189
2025-03-31,0.0,BAC,Bank of America earnings date,-0.2903525651417189
2025-04-07,0.0,BAC,Bank of America earnings date,-0.2903525651417189
2025-04-14,0.0,BAC,Bank of America earnings date,-0.2903525651417189
2025-04-21,0.0,BAC,Bank of America earnings date,-0.2903525651417189
2025-04-28,0.0,BAC,Bank of America earnings date,-0.2903525651417189
2025-05-05,0.0,BAC,Bank of America earnings date,-0.2903525651417189
2025-05-12,0.0,BAC,Bank of America earnings date,-0.2903525651417189
2025-05-19,0.0,BAC,Bank of America earnings date,-0.2903525651417189
2025-05-26,0.0,BAC,Bank of America earnings date,-0.2903525651417189
2025-06-02,0.0,BAC,Bank of America earnings date,-0.2903525651417189
2025-06-09,0.0,BAC,Bank of America earnings date,-0.2903525651417189
2025-06-16,0.0,BAC,Bank of America earnings date,-0.2903525651417189
2025-06-23,0.0,BAC,Bank of America earnings date,-0.2903525651417189
2025-06-30,0.0,BAC,Bank of America earnings date,-0.2903525651417189
2025-07-07,0.0,BAC,Bank of America earnings date,-0.2903525651417189
2025-07-14,15.0,BAC,Bank of America earnings date,1.1614102605668757
2025-07-21,0.0,BAC,Bank of America earnings date,-0.2903525651417189
2025-07-28,19.0,BAC,Bank of America earnings date,1.5485470140891675
2025-08-04,43.0,BAC,Bank of America earnings date,3.8713675352229187
2025-08-11,52.0,BAC,Bank of America earnings date,4.742425230648076
2025-08-18,32.0,BAC,Bank of America earnings date,2.806741463036616
2025-08-25,35.0,BAC,Bank of America earnings date,3.097094028178335
2025-09-01,31.0,BAC,Bank of America earnings date,2.709957274656043
2025-09-08,23.0,BAC,Bank of America earnings date,1.9356837676114593
2025-09-15,23.0,BAC,Bank of America earnings date,1.9356837676114593
2025-09-22,27.0,BAC,Bank of America earnings date,2.3228205211337514
2025-09-29,34.0,BAC,Bank of America earnings date,3.000309839797762
2025-10-06,56.0,BAC,Bank of America earnings date,5.129561984170367
2025-10-13,100.0,BAC,Bank of America earnings date,9.388066272915578
2025-10-20,33.0,BAC,Bank of America earnings date,2.9035256514171888
2025-10-27,34.0,BAC,Bank of America earnings date,3.000309839797762
2025-11-03,28.0,BAC,Bank of America earnings date,2.4196047095143243
2025-11-10,24.0,BAC,Bank of America earnings date,2.0324679559920322
2025-11-17,19.0,BAC,Bank of America earnings date,1.5485470140891675
2025-11-24,13.0,BAC,Bank of America earnings date,0.9678418838057297
2025-12-01,16.0,BAC,Bank of America earnings date,1.2581944489474486
2025-12-08,1.0,BAC,Bank of America earnings date,-0.19356837676114594
2025-12-15,4.0,BAC,Bank of America earnings date,0.09678418838057297
2025-12-22,0.0,BAC,Bank of America earnings date,-0.2903525651417189
2020-12-21,23.0,BAC,Bank of America stock,0.5855355175000504
2020-12-28,22.0,BAC,Bank of America stock,0.45574676489005617
2021-01-04,31.0,BAC,Bank of America stock,1.6238455383800048
2021-01-11,33.0,BAC,Bank of America stock,1.8834230435999932
2021-01-18,26.0,BAC,Bank of America stock,0.9749017753300333
2021-01-25,36.0,BAC,Bank of America stock,2.272789301429976
2021-02-01,33.0,BAC,Bank of America stock,1.8834230435999932
2021-02-08,29.0,BAC,Bank of America stock,1.364268033160016
2021-02-15,23.0,BAC,Bank of America stock,0.5855355175000504
2021-02-22,31.0,BAC,Bank of America stock,1.6238455383800048
2021-03-01,30.0,BAC,Bank of America stock,1.4940567857700104
2021-03-08,31.0,BAC,Bank of America stock,1.6238455383800048
2021-03-15,30.0,BAC,Bank of America stock,1.4940567857700104
2021-03-22,27.0,BAC,Bank of America stock,1.1046905279400276
2021-03-29,25.0,BAC,Bank of America stock,0.845113022720039
2021-04-05,24.0,BAC,Bank of America stock,0.7153242701100447
2021-04-12,30.0,BAC,Bank of America stock,1.4940567857700104
2021-04-19,25.0,BAC,Bank of America stock,0.845113022720039
2021-04-26,24.0,BAC,Bank of America stock,0.7153242701100447
2021-05-03,25.0,BAC,Bank of America stock,0.845113022720039
2021-05-10,26.0,BAC,Bank of America stock,0.9749017753300333
2021-05-17,23.0,BAC,Bank of America stock,0.5855355175000504
2021-05-24,22.0,BAC,Bank of America stock,0.45574676489005617
2021-05-31,22.0,BAC,Bank of America stock,0.45574676489005617
2021-06-07,22.0,BAC,Bank of America stock,0.45574676489005617
2021-06-14,24.0,BAC,Bank of America stock,0.7153242701100447
2021-06-21,23.0,BAC,Bank of America stock,0.5855355175000504
2021-06-28,22.0,BAC,Bank of America stock,0.45574676489005617
2021-07-05,19.0,BAC,Bank of America stock,0.06638050706007331
2021-07-12,25.0,BAC,Bank of America stock,0.845113022720039
2021-07-19,23.0,BAC,Bank of America stock,0.5855355175000504
2021-07-26,17.0,BAC,Bank of America stock,-0.19319699815991526
2021-08-02,18.0,BAC,Bank of America stock,-0.06340824554992097
2021-08-09,22.0,BAC,Bank of America stock,0.45574676489005617
2021-08-16,17.0,BAC,Bank of America stock,-0.19319699815991526
2021-08-23,20.0,BAC,Bank of America stock,0.1961692596700676
2021-08-30,18.0,BAC,Bank of America stock,-0.06340824554992097
2021-09-06,14.0,BAC,Bank of America stock,-0.5825632559898981
2021-09-13,17.0,BAC,Bank of America stock,-0.19319699815991526
2021-09-20,19.0,BAC,Bank of America stock,0.06638050706007331
2021-09-27,20.0,BAC,Bank of America stock,0.1961692596700676
2021-10-04,24.0,BAC,Bank of America stock,0.7153242701100447
2021-10-11,22.0,BAC,Bank of America stock,0.45574676489005617
2021-10-18,22.0,BAC,Bank of America stock,0.45574676489005617
2021-10-25,21.0,BAC,Bank of America stock,0.3259580122800619
2021-11-01,21.0,BAC,Bank of America stock,0.3259580122800619
2021-11-08,20.0,BAC,Bank of America stock,0.1961692596700676
2021-11-15,18.0,BAC,Bank of America stock,-0.06340824554992097
2021-11-22,16.0,BAC,Bank of America stock,-0.32298575076990954
2021-11-29,17.0,BAC,Bank of America stock,-0.19319699815991526
2021-12-06,18.0,BAC,Bank of America stock,-0.06340824554992097
2021-12-13,18.0,BAC,Bank of America stock,-0.06340824554992097
2021-12-20,16.0,BAC,Bank of America stock,-0.32298575076990954
2021-12-27,18.0,BAC,Bank of America stock,-0.06340824554992097
2022-01-03,24.0,BAC,Bank of America stock,0.7153242701100447
2022-01-10,23.0,BAC,Bank of America stock,0.5855355175000504
2022-01-17,22.0,BAC,Bank of America stock,0.45574676489005617
2022-01-24,25.0,BAC,Bank of America stock,0.845113022720039
2022-01-31,22.0,BAC,Bank of America stock,0.45574676489005617
2022-02-07,22.0,BAC,Bank of America stock,0.45574676489005617
2022-02-14,19.0,BAC,Bank of America stock,0.06638050706007331
2022-02-21,19.0,BAC,Bank of America stock,0.06638050706007331
2022-02-28,20.0,BAC,Bank of America stock,0.1961692596700676
2022-03-07,22.0,BAC,Bank of America stock,0.45574676489005617
2022-03-14,23.0,BAC,Bank of America stock,0.5855355175000504
2022-03-21,19.0,BAC,Bank of America stock,0.06638050706007331
2022-03-28,19.0,BAC,Bank of America stock,0.06638050706007331
2022-04-04,17.0,BAC,Bank of America stock,-0.19319699815991526
2022-04-11,18.0,BAC,Bank of America stock,-0.06340824554992097
2022-04-18,22.0,BAC,Bank of America stock,0.45574676489005617
2022-04-25,19.0,BAC,Bank of America stock,0.06638050706007331
2022-05-02,21.0,BAC,Bank of America stock,0.3259580122800619
2022-05-09,20.0,BAC,Bank of America stock,0.1961692596700676
2022-05-16,20.0,BAC,Bank of America stock,0.1961692596700676
2022-05-23,18.0,BAC,Bank of America stock,-0.06340824554992097
2022-05-30,16.0,BAC,Bank of America stock,-0.32298575076990954
2022-06-06,17.0,BAC,Bank of America stock,-0.19319699815991526
2022-06-13,21.0,BAC,Bank of America stock,0.3259580122800619
2022-06-20,16.0,BAC,Bank of America stock,-0.32298575076990954
2022-06-27,15.0,BAC,Bank of America stock,-0.4527745033799038
2022-07-04,14.0,BAC,Bank of America stock,-0.5825632559898981
2022-07-11,19.0,BAC,Bank of America stock,0.06638050706007331
2022-07-18,20.0,BAC,Bank of America stock,0.1961692596700676
2022-07-25,16.0,BAC,Bank of America stock,-0.32298575076990954
2022-08-01,15.0,BAC,Bank of America stock,-0.4527745033799038
2022-08-08,17.0,BAC,Bank of America stock,-0.19319699815991526
2022-08-15,16.0,BAC,Bank of America stock,-0.32298575076990954
2022-08-22,14.0,BAC,Bank of America stock,-0.5825632559898981
2022-08-29,14.0,BAC,Bank of America stock,-0.5825632559898981
2022-09-05,12.0,BAC,Bank of America stock,-0.8421407612098867
2022-09-12,14.0,BAC,Bank of America stock,-0.5825632559898981
2022-09-19,14.0,BAC,Bank of America stock,-0.5825632559898981
2022-09-26,14.0,BAC,Bank of America stock,-0.5825632559898981
2022-10-03,14.0,BAC,Bank of America stock,-0.5825632559898981
2022-10-10,14.0,BAC,Bank of America stock,-0.5825632559898981
2022-10-17,19.0,BAC,Bank of America stock,0.06638050706007331
2022-10-24,16.0,BAC,Bank of America stock,-0.32298575076990954
2022-10-31,16.0,BAC,Bank of America stock,-0.32298575076990954
2022-11-07,16.0,BAC,Bank of America stock,-0.32298575076990954
2022-11-14,13.0,BAC,Bank of America stock,-0.7123520085998925
2022-11-21,11.0,BAC,Bank of America stock,-0.971929513819881
2022-11-28,12.0,BAC,Bank of America stock,-0.8421407612098867
2022-12-05,14.0,BAC,Bank of America stock,-0.5825632559898981
2022-12-12,13.0,BAC,Bank of America stock,-0.7123520085998925
2022-12-19,12.0,BAC,Bank of America stock,-0.8421407612098867
2022-12-26,13.0,BAC,Bank of America stock,-0.7123520085998925
2023-01-02,14.0,BAC,Bank of America stock,-0.5825632559898981
2023-01-09,17.0,BAC,Bank of America stock,-0.19319699815991526
2023-01-16,17.0,BAC,Bank of America stock,-0.19319699815991526
2023-01-23,14.0,BAC,Bank of America stock,-0.5825632559898981
2023-01-30,16.0,BAC,Bank of America stock,-0.32298575076990954
2023-02-06,14.0,BAC,Bank of America stock,-0.5825632559898981
2023-02-13,13.0,BAC,Bank of America stock,-0.7123520085998925
2023-02-20,11.0,BAC,Bank of America stock,-0.971929513819881
2023-02-27,13.0,BAC,Bank of America stock,-0.7123520085998925
2023-03-06,31.0,BAC,Bank of America stock,1.6238455383800048
2023-03-13,100.0,BAC,Bank of America stock,10.579269468469612
2023-03-20,47.0,BAC,Bank of America stock,3.7004655801399133
2023-03-27,29.0,BAC,Bank of America stock,1.364268033160016
2023-04-03,21.0,BAC,Bank of America stock,0.3259580122800619
2023-04-10,24.0,BAC,Bank of America stock,0.7153242701100447
2023-04-17,27.0,BAC,Bank of America stock,1.1046905279400276
2023-04-24,22.0,BAC,Bank of America stock,0.45574676489005617
2023-05-01,28.0,BAC,Bank of America stock,1.2344792805500218
2023-05-08,20.0,BAC,Bank of America stock,0.1961692596700676
2023-05-15,19.0,BAC,Bank of America stock,0.06638050706007331
2023-05-22,17.0,BAC,Bank of America stock,-0.19319699815991526
2023-05-29,16.0,BAC,Bank of America stock,-0.32298575076990954
2023-06-05,18.0,BAC,Bank of America stock,-0.06340824554992097
2023-06-12,17.0,BAC,Bank of America stock,-0.19319699815991526
2023-06-19,14.0,BAC,Bank of America stock,-0.5825632559898981
2023-06-26,17.0,BAC,Bank of America stock,-0.19319699815991526
2023-07-03,17.0,BAC,Bank of America stock,-0.19319699815991526
2023-07-10,22.0,BAC,Bank of America stock,0.45574676489005617
2023-07-17,24.0,BAC,Bank of America stock,0.7153242701100447
2023-07-24,19.0,BAC,Bank of America stock,0.06638050706007331
2023-07-31,15.0,BAC,Bank of America stock,-0.4527745033799038
2023-08-07,16.0,BAC,Bank of America stock,-0.32298575076990954
2023-08-14,15.0,BAC,Bank of America stock,-0.4527745033799038
2023-08-21,15.0,BAC,Bank of America stock,-0.4527745033799038
2023-08-28,14.0,BAC,Bank of America stock,-0.5825632559898981
2023-09-04,11.0,BAC,Bank of America stock,-0.971929513819881
2023-09-11,13.0,BAC,Bank of America stock,-0.7123520085998925
2023-09-18,12.0,BAC,Bank of America stock,-0.8421407612098867
2023-09-25,13.0,BAC,Bank of America stock,-0.7123520085998925
2023-10-02,15.0,BAC,Bank of America stock,-0.4527745033799038
2023-10-09,14.0,BAC,Bank of America stock,-0.5825632559898981
2023-10-16,17.0,BAC,Bank of America stock,-0.19319699815991526
2023-10-23,14.0,BAC,Bank of America stock,-0.5825632559898981
2023-10-30,16.0,BAC,Bank of America stock,-0.32298575076990954
2023-11-06,14.0,BAC,Bank of America stock,-0.5825632559898981
2023-11-13,14.0,BAC,Bank of America stock,-0.5825632559898981
2023-11-20,12.0,BAC,Bank of America stock,-0.8421407612098867
2023-11-27,14.0,BAC,Bank of America stock,-0.5825632559898981
2023-12-04,16.0,BAC,Bank of America stock,-0.32298575076990954
2023-12-11,16.0,BAC,Bank of America stock,-0.32298575076990954
2023-12-18,14.0,BAC,Bank of America stock,-0.5825632559898981
2023-12-25,13.0,BAC,Bank of America stock,-0.7123520085998925
2024-01-01,13.0,BAC,Bank of America stock,-0.7123520085998925
2024-01-08,15.0,BAC,Bank of America stock,-0.4527745033799038
2024-01-15,14.0,BAC,Bank of America stock,-0.5825632559898981
2024-01-22,14.0,BAC,Bank of America stock,-0.5825632559898981
2024-01-29,16.0,BAC,Bank of America stock,-0.32298575076990954
2024-02-05,14.0,BAC,Bank of America stock,-0.5825632559898981
2024-02-12,12.0,BAC,Bank of America stock,-0.8421407612098867
2024-02-19,12.0,BAC,Bank of America stock,-0.8421407612098867
2024-02-26,14.0,BAC,Bank of America stock,-0.5825632559898981
2024-03-04,14.0,BAC,Bank of America stock,-0.5825632559898981
2024-03-11,13.0,BAC,Bank of America stock,-0.7123520085998925
2024-03-18,14.0,BAC,Bank of America stock,-0.5825632559898981
2024-03-25,14.0,BAC,Bank of America stock,-0.5825632559898981
2024-04-01,13.0,BAC,Bank of America stock,-0.7123520085998925
2024-04-08,13.0,BAC,Bank of America stock,-0.7123520085998925
2024-04-15,15.0,BAC,Bank of America stock,-0.4527745033799038
2024-04-22,13.0,BAC,Bank of America stock,-0.7123520085998925
2024-04-29,12.0,BAC,Bank of America stock,-0.8421407612098867
2024-05-06,13.0,BAC,Bank of America stock,-0.7123520085998925
2024-05-13,12.0,BAC,Bank of America stock,-0.8421407612098867
2024-05-20,12.0,BAC,Bank of America stock,-0.8421407612098867
2024-05-27,11.0,BAC,Bank of America stock,-0.971929513819881
2024-06-03,13.0,BAC,Bank of America stock,-0.7123520085998925
2024-06-10,13.0,BAC,Bank of America stock,-0.7123520085998925
2024-06-17,12.0,BAC,Bank of America stock,-0.8421407612098867
2024-06-24,12.0,BAC,Bank of America stock,-0.8421407612098867
2024-07-01,10.0,BAC,Bank of America stock,-1.1017182664298752
2024-07-08,13.0,BAC,Bank of America stock,-0.7123520085998925
2024-07-15,18.0,BAC,Bank of America stock,-0.06340824554992097
2024-07-22,17.0,BAC,Bank of America stock,-0.19319699815991526
2024-07-29,15.0,BAC,Bank of America stock,-0.4527745033799038
2024-08-05,19.0,BAC,Bank of America stock,0.06638050706007331
2024-08-12,14.0,BAC,Bank of America stock,-0.5825632559898981
2024-08-19,13.0,BAC,Bank of America stock,-0.7123520085998925
2024-08-26,17.0,BAC,Bank of America stock,-0.19319699815991526
2024-09-02,12.0,BAC,Bank of America stock,-0.8421407612098867
2024-09-09,13.0,BAC,Bank of America stock,-0.7123520085998925
2024-09-16,13.0,BAC,Bank of America stock,-0.7123520085998925
2024-09-23,12.0,BAC,Bank of America stock,-0.8421407612098867
2024-09-30,15.0,BAC,Bank of America stock,-0.4527745033799038
2024-10-07,14.0,BAC,Bank of America stock,-0.5825632559898981
2024-10-14,15.0,BAC,Bank of America stock,-0.4527745033799038
2024-10-21,12.0,BAC,Bank of America stock,-0.8421407612098867
2024-10-28,12.0,BAC,Bank of America stock,-0.8421407612098867
2024-11-04,20.0,BAC,Bank of America stock,0.1961692596700676
2024-11-11,15.0,BAC,Bank of America stock,-0.4527745033799038
2024-11-18,15.0,BAC,Bank of America stock,-0.4527745033799038
2024-11-25,12.0,BAC,Bank of America stock,-0.8421407612098867
2024-12-02,14.0,BAC,Bank of America stock,-0.5825632559898981
2024-12-09,13.0,BAC,Bank of America stock,-0.7123520085998925
2024-12-16,14.0,BAC,Bank of America stock,-0.5825632559898981
2024-12-23,11.0,BAC,Bank of America stock,-0.971929513819881
2024-12-30,12.0,BAC,Bank of America stock,-0.8421407612098867
2025-01-06,14.0,BAC,Bank of America stock,-0.5825632559898981
2025-01-13,17.0,BAC,Bank of America stock,-0.19319699815991526
2025-01-20,15.0,BAC,Bank of America stock,-0.4527745033799038
2025-01-27,16.0,BAC,Bank of America stock,-0.32298575076990954
2025-02-03,16.0,BAC,Bank of America stock,-0.32298575076990954
2025-02-10,14.0,BAC,Bank of America stock,-0.5825632559898981
2025-02-17,14.0,BAC,Bank of America stock,-0.5825632559898981
2025-02-24,15.0,BAC,Bank of America stock,-0.4527745033799038
2025-03-03,16.0,BAC,Bank of America stock,-0.32298575076990954
2025-03-10,17.0,BAC,Bank of America stock,-0.19319699815991526
2025-03-17,14.0,BAC,Bank of America stock,-0.5825632559898981
2025-03-24,16.0,BAC,Bank of America stock,-0.32298575076990954
2025-03-31,23.0,BAC,Bank of America stock,0.5855355175000504
2025-04-07,28.0,BAC,Bank of America stock,1.2344792805500218
2025-04-14,17.0,BAC,Bank of America stock,-0.19319699815991526
2025-04-21,15.0,BAC,Bank of America stock,-0.4527745033799038
2025-04-28,13.0,BAC,Bank of America stock,-0.7123520085998925
2025-05-05,12.0,BAC,Bank of America stock,-0.8421407612098867
2025-05-12,14.0,BAC,Bank of America stock,-0.5825632559898981
2025-05-19,12.0,BAC,Bank of America stock,-0.8421407612098867
2025-05-26,11.0,BAC,Bank of America stock,-0.971929513819881
2025-06-02,14.0,BAC,Bank of America stock,-0.5825632559898981
2025-06-09,12.0,BAC,Bank of America stock,-0.8421407612098867
2025-06-16,11.0,BAC,Bank of America stock,-0.971929513819881
2025-06-23,15.0,BAC,Bank of America stock,-0.4527745033799038
2025-06-30,14.0,BAC,Bank of America stock,-0.5825632559898981
2025-07-07,14.0,BAC,Bank of America stock,-0.5825632559898981
2025-07-14,17.0,BAC,Bank of America stock,-0.19319699815991526
2025-07-21,18.0,BAC,Bank of America stock,-0.06340824554992097
2025-07-28,22.0,BAC,Bank of America stock,0.45574676489005617
2025-08-04,35.0,BAC,Bank of America stock,2.1430005488199817
2025-08-11,37.0,BAC,Bank of America stock,2.4025780540399704
2025-08-18,32.0,BAC,Bank of America stock,1.753634290989999
2025-08-25,27.0,BAC,Bank of America stock,1.1046905279400276
2025-09-01,26.0,BAC,Bank of America stock,0.9749017753300333
2025-09-08,26.0,BAC,Bank of America stock,0.9749017753300333
2025-09-15,25.0,BAC,Bank of America stock,0.845113022720039
2025-09-22,26.0,BAC,Bank of America stock,0.9749017753300333
2025-09-29,27.0,BAC,Bank of America stock,1.1046905279400276
2025-10-06,23.0,BAC,Bank of America stock,0.5855355175000504
2025-10-13,28.0,BAC,Bank of America stock,1.2344792805500218
2025-10-20,22.0,BAC,Bank of America stock,0.45574676489005617
2025-10-27,22.0,BAC,Bank of America stock,0.45574676489005617
2025-11-03,24.0,BAC,Bank of America stock,0.7153242701100447
2025-11-10,25.0,BAC,Bank of America stock,0.845113022720039
2025-11-17,24.0,BAC,Bank of America stock,0.7153242701100447
2025-11-24,23.0,BAC,Bank of America stock,0.5855355175000504
2025-12-01,30.0,BAC,Bank of America stock,1.4940567857700104
2025-12-08,16.0,BAC,Bank of America stock,-0.32298575076990954
2025-12-15,12.0,BAC,Bank of America stock,-0.8421407612098867
2025-12-22,11.0,BAC,Bank of America stock,-0.971929513819881
2020-12-21,33.0,COST,COST,-0.9600761771367622
2020-12-28,35.0,COST,COST,-0.7824976678463763
2021-01-04,36.0,COST,COST,-0.6937084132011833
2021-01-11,36.0,COST,COST,-0.6937084132011833
2021-01-18,40.0,COST,COST,-0.33855139462041134
2021-01-25,36.0,COST,COST,-0.6937084132011833
2021-02-01,38.0,COST,COST,-0.5161299039107973
2021-02-08,37.0,COST,COST,-0.6049191585559903
2021-02-15,39.0,COST,COST,-0.42734064926560433
2021-02-22,39.0,COST,COST,-0.42734064926560433
2021-03-01,40.0,COST,COST,-0.33855139462041134
2021-03-08,38.0,COST,COST,-0.5161299039107973
2021-03-15,38.0,COST,COST,-0.5161299039107973
2021-03-22,39.0,COST,COST,-0.42734064926560433
2021-03-29,39.0,COST,COST,-0.42734064926560433
2021-04-05,38.0,COST,COST,-0.5161299039107973
2021-04-12,38.0,COST,COST,-0.5161299039107973
2021-04-19,37.0,COST,COST,-0.6049191585559903
2021-04-26,37.0,COST,COST,-0.6049191585559903
2021-05-03,39.0,COST,COST,-0.42734064926560433
2021-05-10,37.0,COST,COST,-0.6049191585559903
2021-05-17,37.0,COST,COST,-0.6049191585559903
2021-05-24,37.0,COST,COST,-0.6049191585559903
2021-05-31,36.0,COST,COST,-0.6937084132011833
2021-06-07,39.0,COST,COST,-0.42734064926560433
2021-06-14,37.0,COST,COST,-0.6049191585559903
2021-06-21,37.0,COST,COST,-0.6049191585559903
2021-06-28,39.0,COST,COST,-0.42734064926560433
2021-07-05,38.0,COST,COST,-0.5161299039107973
2021-07-12,40.0,COST,COST,-0.33855139462041134
2021-07-19,40.0,COST,COST,-0.33855139462041134
2021-07-26,37.0,COST,COST,-0.6049191585559903
2021-08-02,37.0,COST,COST,-0.6049191585559903
2021-08-09,38.0,COST,COST,-0.5161299039107973
2021-08-16,37.0,COST,COST,-0.6049191585559903
2021-08-23,38.0,COST,COST,-0.5161299039107973
2021-08-30,36.0,COST,COST,-0.6937084132011833
2021-09-06,36.0,COST,COST,-0.6937084132011833
2021-09-13,37.0,COST,COST,-0.6049191585559903
2021-09-20,36.0,COST,COST,-0.6937084132011833
2021-09-27,37.0,COST,COST,-0.6049191585559903
2021-10-04,38.0,COST,COST,-0.5161299039107973
2021-10-11,37.0,COST,COST,-0.6049191585559903
2021-10-18,37.0,COST,COST,-0.6049191585559903
2021-10-25,37.0,COST,COST,-0.6049191585559903
2021-11-01,37.0,COST,COST,-0.6049191585559903
2021-11-08,38.0,COST,COST,-0.5161299039107973
2021-11-15,37.0,COST,COST,-0.6049191585559903
2021-11-22,33.0,COST,COST,-0.9600761771367622
2021-11-29,38.0,COST,COST,-0.5161299039107973
2021-12-06,35.0,COST,COST,-0.7824976678463763
2021-12-13,36.0,COST,COST,-0.6937084132011833
2021-12-20,33.0,COST,COST,-0.9600761771367622
2021-12-27,36.0,COST,COST,-0.6937084132011833
2022-01-03,38.0,COST,COST,-0.5161299039107973
2022-01-10,39.0,COST,COST,-0.42734064926560433
2022-01-17,38.0,COST,COST,-0.5161299039107973
2022-01-24,39.0,COST,COST,-0.42734064926560433
2022-01-31,41.0,COST,COST,-0.24976213997521834
2022-02-07,43.0,COST,COST,-0.07218363068483238
2022-02-14,43.0,COST,COST,-0.07218363068483238
2022-02-21,41.0,COST,COST,-0.24976213997521834
2022-02-28,42.0,COST,COST,-0.16097288533002538
2022-03-07,44.0,COST,COST,0.016605623960360603
2022-03-14,41.0,COST,COST,-0.24976213997521834
2022-03-21,44.0,COST,COST,0.016605623960360603
2022-03-28,44.0,COST,COST,0.016605623960360603
2022-04-04,43.0,COST,COST,-0.07218363068483238
2022-04-11,42.0,COST,COST,-0.16097288533002538
2022-04-18,44.0,COST,COST,0.016605623960360603
2022-04-25,43.0,COST,COST,-0.07218363068483238
2022-05-02,43.0,COST,COST,-0.07218363068483238
2022-05-09,42.0,COST,COST,-0.16097288533002538
2022-05-16,40.0,COST,COST,-0.33855139462041134
2022-05-23,39.0,COST,COST,-0.42734064926560433
2022-05-30,38.0,COST,COST,-0.5161299039107973
2022-06-06,41.0,COST,COST,-0.24976213997521834
2022-06-13,42.0,COST,COST,-0.16097288533002538
2022-06-20,42.0,COST,COST,-0.16097288533002538
2022-06-27,38.0,COST,COST,-0.5161299039107973
2022-07-04,40.0,COST,COST,-0.33855139462041134
2022-07-11,41.0,COST,COST,-0.24976213997521834
2022-07-18,42.0,COST,COST,-0.16097288533002538
2022-07-25,41.0,COST,COST,-0.24976213997521834
2022-08-01,41.0,COST,COST,-0.24976213997521834
2022-08-08,40.0,COST,COST,-0.33855139462041134
2022-08-15,41.0,COST,COST,-0.24976213997521834
2022-08-22,41.0,COST,COST,-0.24976213997521834
2022-08-29,41.0,COST,COST,-0.24976213997521834
2022-09-05,39.0,COST,COST,-0.42734064926560433
2022-09-12,39.0,COST,COST,-0.42734064926560433
2022-09-19,40.0,COST,COST,-0.33855139462041134
2022-09-26,40.0,COST,COST,-0.33855139462041134
2022-10-03,39.0,COST,COST,-0.42734064926560433
2022-10-10,38.0,COST,COST,-0.5161299039107973
2022-10-17,39.0,COST,COST,-0.42734064926560433
2022-10-24,40.0,COST,COST,-0.33855139462041134
2022-10-31,40.0,COST,COST,-0.33855139462041134
2022-11-07,39.0,COST,COST,-0.42734064926560433
2022-11-14,39.0,COST,COST,-0.42734064926560433
2022-11-21,35.0,COST,COST,-0.7824976678463763
2022-11-28,37.0,COST,COST,-0.6049191585559903
2022-12-05,38.0,COST,COST,-0.5161299039107973
2022-12-12,36.0,COST,COST,-0.6937084132011833
2022-12-19,35.0,COST,COST,-0.7824976678463763
2022-12-26,36.0,COST,COST,-0.6937084132011833
2023-01-02,41.0,COST,COST,-0.24976213997521834
2023-01-09,41.0,COST,COST,-0.24976213997521834
2023-01-16,40.0,COST,COST,-0.33855139462041134
2023-01-23,41.0,COST,COST,-0.24976213997521834
2023-01-30,42.0,COST,COST,-0.16097288533002538
2023-02-06,43.0,COST,COST,-0.07218363068483238
2023-02-13,40.0,COST,COST,-0.33855139462041134
2023-02-20,42.0,COST,COST,-0.16097288533002538
2023-02-27,41.0,COST,COST,-0.24976213997521834
2023-03-06,41.0,COST,COST,-0.24976213997521834
2023-03-13,40.0,COST,COST,-0.33855139462041134
2023-03-20,42.0,COST,COST,-0.16097288533002538
2023-03-27,41.0,COST,COST,-0.24976213997521834
2023-04-03,40.0,COST,COST,-0.33855139462041134
2023-04-10,41.0,COST,COST,-0.24976213997521834
2023-04-17,43.0,COST,COST,-0.07218363068483238
2023-04-24,41.0,COST,COST,-0.24976213997521834
2023-05-01,39.0,COST,COST,-0.42734064926560433
2023-05-08,40.0,COST,COST,-0.33855139462041134
2023-05-15,39.0,COST,COST,-0.42734064926560433
2023-05-22,39.0,COST,COST,-0.42734064926560433
2023-05-29,38.0,COST,COST,-0.5161299039107973
2023-06-05,40.0,COST,COST,-0.33855139462041134
2023-06-12,40.0,COST,COST,-0.33855139462041134
2023-06-19,40.0,COST,COST,-0.33855139462041134
2023-06-26,38.0,COST,COST,-0.5161299039107973
2023-07-03,41.0,COST,COST,-0.24976213997521834
2023-07-10,41.0,COST,COST,-0.24976213997521834
2023-07-17,42.0,COST,COST,-0.16097288533002538
2023-07-24,41.0,COST,COST,-0.24976213997521834
2023-07-31,40.0,COST,COST,-0.33855139462041134
2023-08-07,40.0,COST,COST,-0.33855139462041134
2023-08-14,41.0,COST,COST,-0.24976213997521834
2023-08-21,40.0,COST,COST,-0.33855139462041134
2023-08-28,40.0,COST,COST,-0.33855139462041134
2023-09-04,40.0,COST,COST,-0.33855139462041134
2023-09-11,40.0,COST,COST,-0.33855139462041134
2023-09-18,41.0,COST,COST,-0.24976213997521834
2023-09-25,39.0,COST,COST,-0.42734064926560433
2023-10-02,39.0,COST,COST,-0.42734064926560433
2023-10-09,39.0,COST,COST,-0.42734064926560433
2023-10-16,37.0,COST,COST,-0.6049191585559903
2023-10-23,38.0,COST,COST,-0.5161299039107973
2023-10-30,39.0,COST,COST,-0.42734064926560433
2023-11-06,39.0,COST,COST,-0.42734064926560433
2023-11-13,37.0,COST,COST,-0.6049191585559903
2023-11-20,36.0,COST,COST,-0.6937084132011833
2023-11-27,40.0,COST,COST,-0.33855139462041134
2023-12-04,40.0,COST,COST,-0.33855139462041134
2023-12-11,39.0,COST,COST,-0.42734064926560433
2023-12-18,36.0,COST,COST,-0.6937084132011833
2023-12-25,36.0,COST,COST,-0.6937084132011833
2024-01-01,40.0,COST,COST,-0.33855139462041134
2024-01-08,39.0,COST,COST,-0.42734064926560433
2024-01-15,42.0,COST,COST,-0.16097288533002538
2024-01-22,43.0,COST,COST,-0.07218363068483238
2024-01-29,45.0,COST,COST,0.10539487860555359
2024-02-05,45.0,COST,COST,0.10539487860555359
2024-02-12,42.0,COST,COST,-0.16097288533002538
2024-02-19,42.0,COST,COST,-0.16097288533002538
2024-02-26,42.0,COST,COST,-0.16097288533002538
2024-03-04,44.0,COST,COST,0.016605623960360603
2024-03-11,41.0,COST,COST,-0.24976213997521834
2024-03-18,41.0,COST,COST,-0.24976213997521834
2024-03-25,43.0,COST,COST,-0.07218363068483238
2024-04-01,42.0,COST,COST,-0.16097288533002538
2024-04-08,42.0,COST,COST,-0.16097288533002538
2024-04-15,41.0,COST,COST,-0.24976213997521834
2024-04-22,43.0,COST,COST,-0.07218363068483238
2024-04-29,44.0,COST,COST,0.016605623960360603
2024-05-06,42.0,COST,COST,-0.16097288533002538
2024-05-13,42.0,COST,COST,-0.16097288533002538
2024-05-20,41.0,COST,COST,-0.24976213997521834
2024-05-27,40.0,COST,COST,-0.33855139462041134
2024-06-03,40.0,COST,COST,-0.33855139462041134
2024-06-10,42.0,COST,COST,-0.16097288533002538
2024-06-17,40.0,COST,COST,-0.33855139462041134
2024-06-24,40.0,COST,COST,-0.33855139462041134
2024-07-01,38.0,COST,COST,-0.5161299039107973
2024-07-08,42.0,COST,COST,-0.16097288533002538
2024-07-15,41.0,COST,COST,-0.24976213997521834
2024-07-22,42.0,COST,COST,-0.16097288533002538
2024-07-29,41.0,COST,COST,-0.24976213997521834
2024-08-05,39.0,COST,COST,-0.42734064926560433
2024-08-12,43.0,COST,COST,-0.07218363068483238
2024-08-19,41.0,COST,COST,-0.24976213997521834
2024-08-26,42.0,COST,COST,-0.16097288533002538
2024-09-02,40.0,COST,COST,-0.33855139462041134
2024-09-09,42.0,COST,COST,-0.16097288533002538
2024-09-16,42.0,COST,COST,-0.16097288533002538
2024-09-23,41.0,COST,COST,-0.24976213997521834
2024-09-30,40.0,COST,COST,-0.33855139462041134
2024-10-07,41.0,COST,COST,-0.24976213997521834
2024-10-14,41.0,COST,COST,-0.24976213997521834
2024-10-21,46.0,COST,COST,0.19418413325074657
2024-10-28,43.0,COST,COST,-0.07218363068483238
2024-11-04,43.0,COST,COST,-0.07218363068483238
2024-11-11,48.0,COST,COST,0.37176264254113256
2024-11-18,48.0,COST,COST,0.37176264254113256
2024-11-25,44.0,COST,COST,0.016605623960360603
2024-12-02,48.0,COST,COST,0.37176264254113256
2024-12-09,43.0,COST,COST,-0.07218363068483238
2024-12-16,40.0,COST,COST,-0.33855139462041134
2024-12-23,39.0,COST,COST,-0.42734064926560433
2024-12-30,43.0,COST,COST,-0.07218363068483238
2025-01-06,45.0,COST,COST,0.10539487860555359
2025-01-13,47.0,COST,COST,0.28297338789593957
2025-01-20,46.0,COST,COST,0.19418413325074657
2025-01-27,46.0,COST,COST,0.19418413325074657
2025-02-03,45.0,COST,COST,0.10539487860555359
2025-02-10,45.0,COST,COST,0.10539487860555359
2025-02-17,46.0,COST,COST,0.19418413325074657
2025-02-24,47.0,COST,COST,0.28297338789593957
2025-03-03,45.0,COST,COST,0.10539487860555359
2025-03-10,44.0,COST,COST,0.016605623960360603
2025-03-17,48.0,COST,COST,0.37176264254113256
2025-03-24,45.0,COST,COST,0.10539487860555359
2025-03-31,49.0,COST,COST,0.4605518971863255
2025-04-07,48.0,COST,COST,0.37176264254113256
2025-04-14,47.0,COST,COST,0.28297338789593957
2025-04-21,48.0,COST,COST,0.37176264254113256
2025-04-28,49.0,COST,COST,0.4605518971863255
2025-05-05,48.0,COST,COST,0.37176264254113256
2025-05-12,49.0,COST,COST,0.4605518971863255
2025-05-19,46.0,COST,COST,0.19418413325074657
2025-05-26,47.0,COST,COST,0.28297338789593957
2025-06-02,50.0,COST,COST,0.5493411518315185
2025-06-09,48.0,COST,COST,0.37176264254113256
2025-06-16,52.0,COST,COST,0.7269196611219044
2025-06-23,51.0,COST,COST,0.6381304064767115
2025-06-30,50.0,COST,COST,0.5493411518315185
2025-07-07,50.0,COST,COST,0.5493411518315185
2025-07-14,54.0,COST,COST,0.9044981704122904
2025-07-21,57.0,COST,COST,1.1708659343478693
2025-07-28,65.0,COST,COST,1.8811799715094133
2025-08-04,88.0,COST,COST,3.923332828348852
2025-08-11,100.0,COST,COST,4.988803884091168
2025-08-18,96.0,COST,COST,4.6336468655103955
2025-08-25,88.0,COST,COST,3.923332828348852
2025-09-01,91.0,COST,COST,4.189700592284431
2025-09-08,88.0,COST,COST,3.923332828348852
2025-09-15,84.0,COST,COST,3.56817580976808
2025-09-22,80.0,COST,COST,3.213018791187308
2025-09-29,78.0,COST,COST,3.035440281896922
2025-10-06,71.0,COST,COST,2.4139154993805714
2025-10-13,69.0,COST,COST,2.236336990090185
2025-10-20,70.0,COST,COST,2.325126244735378
2025-10-27,67.0,COST,COST,2.058758480799799
2025-11-03,68.0,COST,COST,2.1475477354449923
2025-11-10,74.0,COST,COST,2.68028326331615
2025-11-17,74.0,COST,COST,2.68028326331615
2025-11-24,81.0,COST,COST,3.301808045832501
2025-12-01,94.0,COST,COST,4.45606835622001
2025-12-08,60.0,COST,COST,1.4372336982834484
2025-12-15,48.0,COST,COST,0.37176264254113256
2025-12-22,49.0,COST,COST,0.4605518971863255
2020-12-21,1.0,COST,Costco earnings,-0.4108083735443835
2020-12-28,1.0,COST,Costco earnings,-0.4108083735443835
2021-01-04,1.0,COST,Costco earnings,-0.4108083735443835
2021-01-11,1.0,COST,Costco earnings,-0.4108083735443835
2021-01-18,3.0,COST,Costco earnings,-0.20362493972604187
2021-01-25,3.0,COST,Costco earnings,-0.20362493972604187
2021-02-01,3.0,COST,Costco earnings,-0.20362493972604187
2021-02-08,2.0,COST,Costco earnings,-0.3072166566352127
2021-02-15,2.0,COST,Costco earnings,-0.3072166566352127
2021-02-22,2.0,COST,Costco earnings,-0.3072166566352127
2021-03-01,11.0,COST,Costco earnings,0.6251087955473247
2021-03-08,1.0,COST,Costco earnings,-0.4108083735443835
2021-03-15,0.0,COST,Costco earnings,-0.5144000904535543
2021-03-22,0.0,COST,Costco earnings,-0.5144000904535543
2021-03-29,1.0,COST,Costco earnings,-0.4108083735443835
2021-04-05,1.0,COST,Costco earnings,-0.4108083735443835
2021-04-12,1.0,COST,Costco earnings,-0.4108083735443835
2021-04-19,1.0,COST,Costco earnings,-0.4108083735443835
2021-04-26,2.0,COST,Costco earnings,-0.3072166566352127
2021-05-03,1.0,COST,Costco earnings,-0.4108083735443835
2021-05-10,1.0,COST,Costco earnings,-0.4108083735443835
2021-05-17,1.0,COST,Costco earnings,-0.4108083735443835
2021-05-24,4.0,COST,Costco earnings,-0.10003322281687103
2021-05-31,1.0,COST,Costco earnings,-0.4108083735443835
2021-06-07,0.0,COST,Costco earnings,-0.5144000904535543
2021-06-14,0.0,COST,Costco earnings,-0.5144000904535543
2021-06-21,0.0,COST,Costco earnings,-0.5144000904535543
2021-06-28,0.0,COST,Costco earnings,-0.5144000904535543
2021-07-05,1.0,COST,Costco earnings,-0.4108083735443835
2021-07-12,1.0,COST,Costco earnings,-0.4108083735443835
2021-07-19,1.0,COST,Costco earnings,-0.4108083735443835
2021-07-26,2.0,COST,Costco earnings,-0.3072166566352127
2021-08-02,2.0,COST,Costco earnings,-0.3072166566352127
2021-08-09,1.0,COST,Costco earnings,-0.4108083735443835
2021-08-16,1.0,COST,Costco earnings,-0.4108083735443835
2021-08-23,0.0,COST,Costco earnings,-0.5144000904535543
2021-08-30,1.0,COST,Costco earnings,-0.4108083735443835
2021-09-06,0.0,COST,Costco earnings,-0.5144000904535543
2021-09-13,1.0,COST,Costco earnings,-0.4108083735443835
2021-09-20,5.0,COST,Costco earnings,0.0035584940922997843
2021-09-27,1.0,COST,Costco earnings,-0.4108083735443835
2021-10-04,0.0,COST,Costco earnings,-0.5144000904535543
2021-10-11,0.0,COST,Costco earnings,-0.5144000904535543
2021-10-18,2.0,COST,Costco earnings,-0.3072166566352127
2021-10-25,2.0,COST,Costco earnings,-0.3072166566352127
2021-11-01,1.0,COST,Costco earnings,-0.4108083735443835
2021-11-08,2.0,COST,Costco earnings,-0.3072166566352127
2021-11-15,3.0,COST,Costco earnings,-0.20362493972604187
2021-11-22,1.0,COST,Costco earnings,-0.4108083735443835
2021-11-29,2.0,COST,Costco earnings,-0.3072166566352127
2021-12-06,9.0,COST,Costco earnings,0.4179253617289831
2021-12-13,1.0,COST,Costco earnings,-0.4108083735443835
2021-12-20,0.0,COST,Costco earnings,-0.5144000904535543
2021-12-27,1.0,COST,Costco earnings,-0.4108083735443835
2022-01-03,1.0,COST,Costco earnings,-0.4108083735443835
2022-01-10,1.0,COST,Costco earnings,-0.4108083735443835
2022-01-17,1.0,COST,Costco earnings,-0.4108083735443835
2022-01-24,1.0,COST,Costco earnings,-0.4108083735443835
2022-01-31,3.0,COST,Costco earnings,-0.20362493972604187
2022-02-07,2.0,COST,Costco earnings,-0.3072166566352127
2022-02-14,2.0,COST,Costco earnings,-0.3072166566352127
2022-02-21,1.0,COST,Costco earnings,-0.4108083735443835
2022-02-28,10.0,COST,Costco earnings,0.5215170786381539
2022-03-07,2.0,COST,Costco earnings,-0.3072166566352127
2022-03-14,1.0,COST,Costco earnings,-0.4108083735443835
2022-03-21,1.0,COST,Costco earnings,-0.4108083735443835
2022-03-28,1.0,COST,Costco earnings,-0.4108083735443835
2022-04-04,2.0,COST,Costco earnings,-0.3072166566352127
2022-04-11,1.0,COST,Costco earnings,-0.4108083735443835
2022-04-18,2.0,COST,Costco earnings,-0.3072166566352127
2022-04-25,3.0,COST,Costco earnings,-0.20362493972604187
2022-05-02,2.0,COST,Costco earnings,-0.3072166566352127
2022-05-09,2.0,COST,Costco earnings,-0.3072166566352127
2022-05-16,11.0,COST,Costco earnings,0.6251087955473247
2022-05-23,26.0,COST,Costco earnings,2.178984549184887
2022-05-30,2.0,COST,Costco earnings,-0.3072166566352127
2022-06-06,2.0,COST,Costco earnings,-0.3072166566352127
2022-06-13,1.0,COST,Costco earnings,-0.4108083735443835
2022-06-20,1.0,COST,Costco earnings,-0.4108083735443835
2022-06-27,1.0,COST,Costco earnings,-0.4108083735443835
2022-07-04,2.0,COST,Costco earnings,-0.3072166566352127
2022-07-11,2.0,COST,Costco earnings,-0.3072166566352127
2022-07-18,2.0,COST,Costco earnings,-0.3072166566352127
2022-07-25,4.0,COST,Costco earnings,-0.10003322281687103
2022-08-01,2.0,COST,Costco earnings,-0.3072166566352127
2022-08-08,1.0,COST,Costco earnings,-0.4108083735443835
2022-08-15,2.0,COST,Costco earnings,-0.3072166566352127
2022-08-22,1.0,COST,Costco earnings,-0.4108083735443835
2022-08-29,1.0,COST,Costco earnings,-0.4108083735443835
2022-09-05,1.0,COST,Costco earnings,-0.4108083735443835
2022-09-12,2.0,COST,Costco earnings,-0.3072166566352127
2022-09-19,12.0,COST,Costco earnings,0.7287005124564956
2022-09-26,2.0,COST,Costco earnings,-0.3072166566352127
2022-10-03,1.0,COST,Costco earnings,-0.4108083735443835
2022-10-10,1.0,COST,Costco earnings,-0.4108083735443835
2022-10-17,1.0,COST,Costco earnings,-0.4108083735443835
2022-10-24,2.0,COST,Costco earnings,-0.3072166566352127
2022-10-31,2.0,COST,Costco earnings,-0.3072166566352127
2022-11-07,1.0,COST,Costco earnings,-0.4108083735443835
2022-11-14,3.0,COST,Costco earnings,-0.20362493972604187
2022-11-21,1.0,COST,Costco earnings,-0.4108083735443835
2022-11-28,3.0,COST,Costco earnings,-0.20362493972604187
2022-12-05,10.0,COST,Costco earnings,0.5215170786381539
2022-12-12,1.0,COST,Costco earnings,-0.4108083735443835
2022-12-19,1.0,COST,Costco earnings,-0.4108083735443835
2022-12-26,0.0,COST,Costco earnings,-0.5144000904535543
2023-01-02,1.0,COST,Costco earnings,-0.4108083735443835
2023-01-09,2.0,COST,Costco earnings,-0.3072166566352127
2023-01-16,1.0,COST,Costco earnings,-0.4108083735443835
2023-01-23,3.0,COST,Costco earnings,-0.20362493972604187
2023-01-30,2.0,COST,Costco earnings,-0.3072166566352127
2023-02-06,1.0,COST,Costco earnings,-0.4108083735443835
2023-02-13,2.0,COST,Costco earnings,-0.3072166566352127
2023-02-20,2.0,COST,Costco earnings,-0.3072166566352127
2023-02-27,8.0,COST,Costco earnings,0.31433364481981224
2023-03-06,2.0,COST,Costco earnings,-0.3072166566352127
2023-03-13,1.0,COST,Costco earnings,-0.4108083735443835
2023-03-20,1.0,COST,Costco earnings,-0.4108083735443835
2023-03-27,1.0,COST,Costco earnings,-0.4108083735443835
2023-04-03,2.0,COST,Costco earnings,-0.3072166566352127
2023-04-10,1.0,COST,Costco earnings,-0.4108083735443835
2023-04-17,2.0,COST,Costco earnings,-0.3072166566352127
2023-04-24,2.0,COST,Costco earnings,-0.3072166566352127
2023-05-01,2.0,COST,Costco earnings,-0.3072166566352127
2023-05-08,1.0,COST,Costco earnings,-0.4108083735443835
2023-05-15,2.0,COST,Costco earnings,-0.3072166566352127
2023-05-22,13.0,COST,Costco earnings,0.8322922293656665
2023-05-29,2.0,COST,Costco earnings,-0.3072166566352127
2023-06-05,1.0,COST,Costco earnings,-0.4108083735443835
2023-06-12,1.0,COST,Costco earnings,-0.4108083735443835
2023-06-19,0.0,COST,Costco earnings,-0.5144000904535543
2023-06-26,1.0,COST,Costco earnings,-0.4108083735443835
2023-07-03,1.0,COST,Costco earnings,-0.4108083735443835
2023-07-10,1.0,COST,Costco earnings,-0.4108083735443835
2023-07-17,1.0,COST,Costco earnings,-0.4108083735443835
2023-07-24,2.0,COST,Costco earnings,-0.3072166566352127
2023-07-31,2.0,COST,Costco earnings,-0.3072166566352127
2023-08-07,1.0,COST,Costco earnings,-0.4108083735443835
2023-08-14,1.0,COST,Costco earnings,-0.4108083735443835
2023-08-21,2.0,COST,Costco earnings,-0.3072166566352127
2023-08-28,2.0,COST,Costco earnings,-0.3072166566352127
2023-09-04,1.0,COST,Costco earnings,-0.4108083735443835
2023-09-11,1.0,COST,Costco earnings,-0.4108083735443835
2023-09-18,1.0,COST,Costco earnings,-0.4108083735443835
2023-09-25,8.0,COST,Costco earnings,0.31433364481981224
2023-10-02,1.0,COST,Costco earnings,-0.4108083735443835
2023-10-09,1.0,COST,Costco earnings,-0.4108083735443835
2023-10-16,2.0,COST,Costco earnings,-0.3072166566352127
2023-10-23,2.0,COST,Costco earnings,-0.3072166566352127
2023-10-30,2.0,COST,Costco earnings,-0.3072166566352127
2023-11-06,1.0,COST,Costco earnings,-0.4108083735443835
2023-11-13,2.0,COST,Costco earnings,-0.3072166566352127
2023-11-20,2.0,COST,Costco earnings,-0.3072166566352127
2023-11-27,1.0,COST,Costco earnings,-0.4108083735443835
2023-12-04,2.0,COST,Costco earnings,-0.3072166566352127
2023-12-11,11.0,COST,Costco earnings,0.6251087955473247
2023-12-18,1.0,COST,Costco earnings,-0.4108083735443835
2023-12-25,1.0,COST,Costco earnings,-0.4108083735443835
2024-01-01,1.0,COST,Costco earnings,-0.4108083735443835
2024-01-08,1.0,COST,Costco earnings,-0.4108083735443835
2024-01-15,1.0,COST,Costco earnings,-0.4108083735443835
2024-01-22,2.0,COST,Costco earnings,-0.3072166566352127
2024-01-29,3.0,COST,Costco earnings,-0.20362493972604187
2024-02-05,3.0,COST,Costco earnings,-0.20362493972604187
2024-02-12,3.0,COST,Costco earnings,-0.20362493972604187
2024-02-19,4.0,COST,Costco earnings,-0.10003322281687103
2024-02-26,5.0,COST,Costco earnings,0.0035584940922997843
2024-03-04,33.0,COST,Costco earnings,2.904126567549083
2024-03-11,3.0,COST,Costco earnings,-0.20362493972604187
2024-03-18,1.0,COST,Costco earnings,-0.4108083735443835
2024-03-25,1.0,COST,Costco earnings,-0.4108083735443835
2024-04-01,1.0,COST,Costco earnings,-0.4108083735443835
2024-04-08,2.0,COST,Costco earnings,-0.3072166566352127
2024-04-15,2.0,COST,Costco earnings,-0.3072166566352127
2024-04-22,3.0,COST,Costco earnings,-0.20362493972604187
2024-04-29,2.0,COST,Costco earnings,-0.3072166566352127
2024-05-06,3.0,COST,Costco earnings,-0.20362493972604187
2024-05-13,3.0,COST,Costco earnings,-0.20362493972604187
2024-05-20,4.0,COST,Costco earnings,-0.10003322281687103
2024-05-27,24.0,COST,Costco earnings,1.9718011153665456
2024-06-03,2.0,COST,Costco earnings,-0.3072166566352127
2024-06-10,2.0,COST,Costco earnings,-0.3072166566352127
2024-06-17,1.0,COST,Costco earnings,-0.4108083735443835
2024-06-24,1.0,COST,Costco earnings,-0.4108083735443835
2024-07-01,2.0,COST,Costco earnings,-0.3072166566352127
2024-07-08,3.0,COST,Costco earnings,-0.20362493972604187
2024-07-15,2.0,COST,Costco earnings,-0.3072166566352127
2024-07-22,2.0,COST,Costco earnings,-0.3072166566352127
2024-07-29,3.0,COST,Costco earnings,-0.20362493972604187
2024-08-05,3.0,COST,Costco earnings,-0.20362493972604187
2024-08-12,2.0,COST,Costco earnings,-0.3072166566352127
2024-08-19,2.0,COST,Costco earnings,-0.3072166566352127
2024-08-26,4.0,COST,Costco earnings,-0.10003322281687103
2024-09-02,2.0,COST,Costco earnings,-0.3072166566352127
2024-09-09,1.0,COST,Costco earnings,-0.4108083735443835
2024-09-16,3.0,COST,Costco earnings,-0.20362493972604187
2024-09-23,21.0,COST,Costco earnings,1.661025964639033
2024-09-30,3.0,COST,Costco earnings,-0.20362493972604187
2024-10-07,3.0,COST,Costco earnings,-0.20362493972604187
2024-10-14,2.0,COST,Costco earnings,-0.3072166566352127
2024-10-21,2.0,COST,Costco earnings,-0.3072166566352127
2024-10-28,4.0,COST,Costco earnings,-0.10003322281687103
2024-11-04,3.0,COST,Costco earnings,-0.20362493972604187
2024-11-11,3.0,COST,Costco earnings,-0.20362493972604187
2024-11-18,3.0,COST,Costco earnings,-0.20362493972604187
2024-11-25,3.0,COST,Costco earnings,-0.20362493972604187
2024-12-02,3.0,COST,Costco earnings,-0.20362493972604187
2024-12-09,17.0,COST,Costco earnings,1.2466590970023497
2024-12-16,2.0,COST,Costco earnings,-0.3072166566352127
2024-12-23,1.0,COST,Costco earnings,-0.4108083735443835
2024-12-30,1.0,COST,Costco earnings,-0.4108083735443835
2025-01-06,2.0,COST,Costco earnings,-0.3072166566352127
2025-01-13,2.0,COST,Costco earnings,-0.3072166566352127
2025-01-20,2.0,COST,Costco earnings,-0.3072166566352127
2025-01-27,4.0,COST,Costco earnings,-0.10003322281687103
2025-02-03,7.0,COST,Costco earnings,0.21074192791064142
2025-02-10,4.0,COST,Costco earnings,-0.10003322281687103
2025-02-17,4.0,COST,Costco earnings,-0.10003322281687103
2025-02-24,5.0,COST,Costco earnings,0.0035584940922997843
2025-03-03,15.0,COST,Costco earnings,1.039475663184008
2025-03-10,2.0,COST,Costco earnings,-0.3072166566352127
2025-03-17,2.0,COST,Costco earnings,-0.3072166566352127
2025-03-24,2.0,COST,Costco earnings,-0.3072166566352127
2025-03-31,2.0,COST,Costco earnings,-0.3072166566352127
2025-04-07,2.0,COST,Costco earnings,-0.3072166566352127
2025-04-14,2.0,COST,Costco earnings,-0.3072166566352127
2025-04-21,3.0,COST,Costco earnings,-0.20362493972604187
2025-04-28,4.0,COST,Costco earnings,-0.10003322281687103
2025-05-05,2.0,COST,Costco earnings,-0.3072166566352127
2025-05-12,3.0,COST,Costco earnings,-0.20362493972604187
2025-05-19,3.0,COST,Costco earnings,-0.20362493972604187
2025-05-26,10.0,COST,Costco earnings,0.5215170786381539
2025-06-02,3.0,COST,Costco earnings,-0.20362493972604187
2025-06-09,3.0,COST,Costco earnings,-0.20362493972604187
2025-06-16,3.0,COST,Costco earnings,-0.20362493972604187
2025-06-23,3.0,COST,Costco earnings,-0.20362493972604187
2025-06-30,3.0,COST,Costco earnings,-0.20362493972604187
2025-07-07,5.0,COST,Costco earnings,0.0035584940922997843
2025-07-14,6.0,COST,Costco earnings,0.10715021100147061
2025-07-21,11.0,COST,Costco earnings,0.6251087955473247
2025-07-28,21.0,COST,Costco earnings,1.661025964639033
2025-08-04,44.0,COST,Costco earnings,4.043635453549961
2025-08-11,44.0,COST,Costco earnings,4.043635453549961
2025-08-18,33.0,COST,Costco earnings,2.904126567549083
2025-08-25,35.0,COST,Costco earnings,3.1113100013674244
2025-09-01,25.0,COST,Costco earnings,2.0753928322757162
2025-09-08,26.0,COST,Costco earnings,2.178984549184887
2025-09-15,26.0,COST,Costco earnings,2.178984549184887
2025-09-22,100.0,COST,Costco earnings,9.84477160046353
2025-09-29,29.0,COST,Costco earnings,2.4897596999124
2025-10-06,19.0,COST,Costco earnings,1.4538425308206915
2025-10-13,19.0,COST,Costco earnings,1.4538425308206915
2025-10-20,23.0,COST,Costco earnings,1.8682093984573747
2025-10-27,31.0,COST,Costco earnings,2.6969431337307412
2025-11-03,25.0,COST,Costco earnings,2.0753928322757162
2025-11-10,21.0,COST,Costco earnings,1.661025964639033
2025-11-17,27.0,COST,Costco earnings,2.282576266094058
2025-11-24,21.0,COST,Costco earnings,1.661025964639033
2025-12-01,28.0,COST,Costco earnings,2.386167983003229
2025-12-08,22.0,COST,Costco earnings,1.764617681548204
2025-12-15,6.0,COST,Costco earnings,0.10715021100147061
2025-12-22,6.0,COST,Costco earnings,0.10715021100147061
2020-12-21,0.0,COST,Costco earnings date,-0.38343011221372597
2020-12-28,0.0,COST,Costco earnings date,-0.38343011221372597
2021-01-04,0.0,COST,Costco earnings date,-0.38343011221372597
2021-01-11,0.0,COST,Costco earnings date,-0.38343011221372597
2021-01-18,0.0,COST,Costco earnings date,-0.38343011221372597
2021-01-25,0.0,COST,Costco earnings date,-0.38343011221372597
2021-02-01,4.0,COST,Costco earnings date,0.04314606358243627
2021-02-08,0.0,COST,Costco earnings date,-0.38343011221372597
2021-02-15,0.0,COST,Costco earnings date,-0.38343011221372597
2021-02-22,0.0,COST,Costco earnings date,-0.38343011221372597
2021-03-01,13.0,COST,Costco earnings date,1.0029424591238012
2021-03-08,0.0,COST,Costco earnings date,-0.38343011221372597
2021-03-15,0.0,COST,Costco earnings date,-0.38343011221372597
2021-03-22,0.0,COST,Costco earnings date,-0.38343011221372597
2021-03-29,0.0,COST,Costco earnings date,-0.38343011221372597
2021-04-05,0.0,COST,Costco earnings date,-0.38343011221372597
2021-04-12,0.0,COST,Costco earnings date,-0.38343011221372597
2021-04-19,3.0,COST,Costco earnings date,-0.0634979803666043
2021-04-26,3.0,COST,Costco earnings date,-0.0634979803666043
2021-05-03,0.0,COST,Costco earnings date,-0.38343011221372597
2021-05-10,0.0,COST,Costco earnings date,-0.38343011221372597
2021-05-17,0.0,COST,Costco earnings date,-0.38343011221372597
2021-05-24,0.0,COST,Costco earnings date,-0.38343011221372597
2021-05-31,0.0,COST,Costco earnings date,-0.38343011221372597
2021-06-07,0.0,COST,Costco earnings date,-0.38343011221372597
2021-06-14,0.0,COST,Costco earnings date,-0.38343011221372597
2021-06-21,0.0,COST,Costco earnings date,-0.38343011221372597
2021-06-28,0.0,COST,Costco earnings date,-0.38343011221372597
2021-07-05,0.0,COST,Costco earnings date,-0.38343011221372597
2021-07-12,0.0,COST,Costco earnings date,-0.38343011221372597
2021-07-19,0.0,COST,Costco earnings date,-0.38343011221372597
2021-07-26,0.0,COST,Costco earnings date,-0.38343011221372597
2021-08-02,0.0,COST,Costco earnings date,-0.38343011221372597
2021-08-09,0.0,COST,Costco earnings date,-0.38343011221372597
2021-08-16,0.0,COST,Costco earnings date,-0.38343011221372597
2021-08-23,0.0,COST,Costco earnings date,-0.38343011221372597
2021-08-30,0.0,COST,Costco earnings date,-0.38343011221372597
2021-09-06,0.0,COST,Costco earnings date,-0.38343011221372597
2021-09-13,0.0,COST,Costco earnings date,-0.38343011221372597
2021-09-20,0.0,COST,Costco earnings date,-0.38343011221372597
2021-09-27,0.0,COST,Costco earnings date,-0.38343011221372597
2021-10-04,0.0,COST,Costco earnings date,-0.38343011221372597
2021-10-11,0.0,COST,Costco earnings date,-0.38343011221372597
2021-10-18,0.0,COST,Costco earnings date,-0.38343011221372597
2021-10-25,4.0,COST,Costco earnings date,0.04314606358243627
2021-11-01,0.0,COST,Costco earnings date,-0.38343011221372597
2021-11-08,0.0,COST,Costco earnings date,-0.38343011221372597
2021-11-15,4.0,COST,Costco earnings date,0.04314606358243627
2021-11-22,0.0,COST,Costco earnings date,-0.38343011221372597
2021-11-29,0.0,COST,Costco earnings date,-0.38343011221372597
2021-12-06,0.0,COST,Costco earnings date,-0.38343011221372597
2021-12-13,0.0,COST,Costco earnings date,-0.38343011221372597
2021-12-20,0.0,COST,Costco earnings date,-0.38343011221372597
2021-12-27,0.0,COST,Costco earnings date,-0.38343011221372597
2022-01-03,0.0,COST,Costco earnings date,-0.38343011221372597
2022-01-10,0.0,COST,Costco earnings date,-0.38343011221372597
2022-01-17,4.0,COST,Costco earnings date,0.04314606358243627
2022-01-24,0.0,COST,Costco earnings date,-0.38343011221372597
2022-01-31,4.0,COST,Costco earnings date,0.04314606358243627
2022-02-07,0.0,COST,Costco earnings date,-0.38343011221372597
2022-02-14,0.0,COST,Costco earnings date,-0.38343011221372597
2022-02-21,0.0,COST,Costco earnings date,-0.38343011221372597
2022-02-28,8.0,COST,Costco earnings date,0.46972223937859847
2022-03-07,0.0,COST,Costco earnings date,-0.38343011221372597
2022-03-14,0.0,COST,Costco earnings date,-0.38343011221372597
2022-03-21,0.0,COST,Costco earnings date,-0.38343011221372597
2022-03-28,0.0,COST,Costco earnings date,-0.38343011221372597
2022-04-04,0.0,COST,Costco earnings date,-0.38343011221372597
2022-04-11,0.0,COST,Costco earnings date,-0.38343011221372597
2022-04-18,3.0,COST,Costco earnings date,-0.0634979803666043
2022-04-25,0.0,COST,Costco earnings date,-0.38343011221372597
2022-05-02,0.0,COST,Costco earnings date,-0.38343011221372597
2022-05-09,0.0,COST,Costco earnings date,-0.38343011221372597
2022-05-16,15.0,COST,Costco earnings date,1.2162305470218824
2022-05-23,16.0,COST,Costco earnings date,1.322874590970923
2022-05-30,0.0,COST,Costco earnings date,-0.38343011221372597
2022-06-06,0.0,COST,Costco earnings date,-0.38343011221372597
2022-06-13,0.0,COST,Costco earnings date,-0.38343011221372597
2022-06-20,0.0,COST,Costco earnings date,-0.38343011221372597
2022-06-27,0.0,COST,Costco earnings date,-0.38343011221372597
2022-07-04,0.0,COST,Costco earnings date,-0.38343011221372597
2022-07-11,3.0,COST,Costco earnings date,-0.0634979803666043
2022-07-18,0.0,COST,Costco earnings date,-0.38343011221372597
2022-07-25,5.0,COST,Costco earnings date,0.14979010753147684
2022-08-01,3.0,COST,Costco earnings date,-0.0634979803666043
2022-08-08,0.0,COST,Costco earnings date,-0.38343011221372597
2022-08-15,0.0,COST,Costco earnings date,-0.38343011221372597
2022-08-22,0.0,COST,Costco earnings date,-0.38343011221372597
2022-08-29,0.0,COST,Costco earnings date,-0.38343011221372597
2022-09-05,0.0,COST,Costco earnings date,-0.38343011221372597
2022-09-12,0.0,COST,Costco earnings date,-0.38343011221372597
2022-09-19,5.0,COST,Costco earnings date,0.14979010753147684
2022-09-26,0.0,COST,Costco earnings date,-0.38343011221372597
2022-10-03,0.0,COST,Costco earnings date,-0.38343011221372597
2022-10-10,0.0,COST,Costco earnings date,-0.38343011221372597
2022-10-17,0.0,COST,Costco earnings date,-0.38343011221372597
2022-10-24,0.0,COST,Costco earnings date,-0.38343011221372597
2022-10-31,0.0,COST,Costco earnings date,-0.38343011221372597
2022-11-07,0.0,COST,Costco earnings date,-0.38343011221372597
2022-11-14,0.0,COST,Costco earnings date,-0.38343011221372597
2022-11-21,0.0,COST,Costco earnings date,-0.38343011221372597
2022-11-28,0.0,COST,Costco earnings date,-0.38343011221372597
2022-12-05,5.0,COST,Costco earnings date,0.14979010753147684
2022-12-12,0.0,COST,Costco earnings date,-0.38343011221372597
2022-12-19,0.0,COST,Costco earnings date,-0.38343011221372597
2022-12-26,0.0,COST,Costco earnings date,-0.38343011221372597
2023-01-02,0.0,COST,Costco earnings date,-0.38343011221372597
2023-01-09,0.0,COST,Costco earnings date,-0.38343011221372597
2023-01-16,0.0,COST,Costco earnings date,-0.38343011221372597
2023-01-23,0.0,COST,Costco earnings date,-0.38343011221372597
2023-01-30,0.0,COST,Costco earnings date,-0.38343011221372597
2023-02-06,0.0,COST,Costco earnings date,-0.38343011221372597
2023-02-13,0.0,COST,Costco earnings date,-0.38343011221372597
2023-02-20,3.0,COST,Costco earnings date,-0.0634979803666043
2023-02-27,8.0,COST,Costco earnings date,0.46972223937859847
2023-03-06,0.0,COST,Costco earnings date,-0.38343011221372597
2023-03-13,0.0,COST,Costco earnings date,-0.38343011221372597
2023-03-20,0.0,COST,Costco earnings date,-0.38343011221372597
2023-03-27,0.0,COST,Costco earnings date,-0.38343011221372597
2023-04-03,0.0,COST,Costco earnings date,-0.38343011221372597
2023-04-10,0.0,COST,Costco earnings date,-0.38343011221372597
2023-04-17,4.0,COST,Costco earnings date,0.04314606358243627
2023-04-24,0.0,COST,Costco earnings date,-0.38343011221372597
2023-05-01,0.0,COST,Costco earnings date,-0.38343011221372597
2023-05-08,0.0,COST,Costco earnings date,-0.38343011221372597
2023-05-15,0.0,COST,Costco earnings date,-0.38343011221372597
2023-05-22,6.0,COST,Costco earnings date,0.2564341514805174
2023-05-29,0.0,COST,Costco earnings date,-0.38343011221372597
2023-06-05,0.0,COST,Costco earnings date,-0.38343011221372597
2023-06-12,0.0,COST,Costco earnings date,-0.38343011221372597
2023-06-19,0.0,COST,Costco earnings date,-0.38343011221372597
2023-06-26,0.0,COST,Costco earnings date,-0.38343011221372597
2023-07-03,0.0,COST,Costco earnings date,-0.38343011221372597
2023-07-10,0.0,COST,Costco earnings date,-0.38343011221372597
2023-07-17,0.0,COST,Costco earnings date,-0.38343011221372597
2023-07-24,0.0,COST,Costco earnings date,-0.38343011221372597
2023-07-31,0.0,COST,Costco earnings date,-0.38343011221372597
2023-08-07,0.0,COST,Costco earnings date,-0.38343011221372597
2023-08-14,0.0,COST,Costco earnings date,-0.38343011221372597
2023-08-21,0.0,COST,Costco earnings date,-0.38343011221372597
2023-08-28,0.0,COST,Costco earnings date,-0.38343011221372597
2023-09-04,0.0,COST,Costco earnings date,-0.38343011221372597
2023-09-11,0.0,COST,Costco earnings date,-0.38343011221372597
2023-09-18,0.0,COST,Costco earnings date,-0.38343011221372597
2023-09-25,3.0,COST,Costco earnings date,-0.0634979803666043
2023-10-02,0.0,COST,Costco earnings date,-0.38343011221372597
2023-10-09,0.0,COST,Costco earnings date,-0.38343011221372597
2023-10-16,0.0,COST,Costco earnings date,-0.38343011221372597
2023-10-23,0.0,COST,Costco earnings date,-0.38343011221372597
2023-10-30,0.0,COST,Costco earnings date,-0.38343011221372597
2023-11-06,0.0,COST,Costco earnings date,-0.38343011221372597
2023-11-13,0.0,COST,Costco earnings date,-0.38343011221372597
2023-11-20,0.0,COST,Costco earnings date,-0.38343011221372597
2023-11-27,0.0,COST,Costco earnings date,-0.38343011221372597
2023-12-04,0.0,COST,Costco earnings date,-0.38343011221372597
2023-12-11,6.0,COST,Costco earnings date,0.2564341514805174
2023-12-18,0.0,COST,Costco earnings date,-0.38343011221372597
2023-12-25,0.0,COST,Costco earnings date,-0.38343011221372597
2024-01-01,0.0,COST,Costco earnings date,-0.38343011221372597
2024-01-08,0.0,COST,Costco earnings date,-0.38343011221372597
2024-01-15,3.0,COST,Costco earnings date,-0.0634979803666043
2024-01-22,0.0,COST,Costco earnings date,-0.38343011221372597
2024-01-29,0.0,COST,Costco earnings date,-0.38343011221372597
2024-02-05,5.0,COST,Costco earnings date,0.14979010753147684
2024-02-12,0.0,COST,Costco earnings date,-0.38343011221372597
2024-02-19,3.0,COST,Costco earnings date,-0.0634979803666043
2024-02-26,7.0,COST,Costco earnings date,0.36307819542955794
2024-03-04,20.0,COST,Costco earnings date,1.7494507667670853
2024-03-11,0.0,COST,Costco earnings date,-0.38343011221372597
2024-03-18,0.0,COST,Costco earnings date,-0.38343011221372597
2024-03-25,0.0,COST,Costco earnings date,-0.38343011221372597
2024-04-01,0.0,COST,Costco earnings date,-0.38343011221372597
2024-04-08,0.0,COST,Costco earnings date,-0.38343011221372597
2024-04-15,0.0,COST,Costco earnings date,-0.38343011221372597
2024-04-22,4.0,COST,Costco earnings date,0.04314606358243627
2024-04-29,0.0,COST,Costco earnings date,-0.38343011221372597
2024-05-06,0.0,COST,Costco earnings date,-0.38343011221372597
2024-05-13,4.0,COST,Costco earnings date,0.04314606358243627
2024-05-20,4.0,COST,Costco earnings date,0.04314606358243627
2024-05-27,13.0,COST,Costco earnings date,1.0029424591238012
2024-06-03,0.0,COST,Costco earnings date,-0.38343011221372597
2024-06-10,0.0,COST,Costco earnings date,-0.38343011221372597
2024-06-17,0.0,COST,Costco earnings date,-0.38343011221372597
2024-06-24,0.0,COST,Costco earnings date,-0.38343011221372597
2024-07-01,0.0,COST,Costco earnings date,-0.38343011221372597
2024-07-08,5.0,COST,Costco earnings date,0.14979010753147684
2024-07-15,0.0,COST,Costco earnings date,-0.38343011221372597
2024-07-22,0.0,COST,Costco earnings date,-0.38343011221372597
2024-07-29,4.0,COST,Costco earnings date,0.04314606358243627
2024-08-05,0.0,COST,Costco earnings date,-0.38343011221372597
2024-08-12,0.0,COST,Costco earnings date,-0.38343011221372597
2024-08-19,4.0,COST,Costco earnings date,0.04314606358243627
2024-08-26,0.0,COST,Costco earnings date,-0.38343011221372597
2024-09-02,4.0,COST,Costco earnings date,0.04314606358243627
2024-09-09,0.0,COST,Costco earnings date,-0.38343011221372597
2024-09-16,4.0,COST,Costco earnings date,0.04314606358243627
2024-09-23,15.0,COST,Costco earnings date,1.2162305470218824
2024-09-30,3.0,COST,Costco earnings date,-0.0634979803666043
2024-10-07,4.0,COST,Costco earnings date,0.04314606358243627
2024-10-14,4.0,COST,Costco earnings date,0.04314606358243627
2024-10-21,4.0,COST,Costco earnings date,0.04314606358243627
2024-10-28,4.0,COST,Costco earnings date,0.04314606358243627
2024-11-04,3.0,COST,Costco earnings date,-0.0634979803666043
2024-11-11,6.0,COST,Costco earnings date,0.2564341514805174
2024-11-18,0.0,COST,Costco earnings date,-0.38343011221372597
2024-11-25,0.0,COST,Costco earnings date,-0.38343011221372597
2024-12-02,4.0,COST,Costco earnings date,0.04314606358243627
2024-12-09,11.0,COST,Costco earnings date,0.7896543712257201
2024-12-16,0.0,COST,Costco earnings date,-0.38343011221372597
2024-12-23,0.0,COST,Costco earnings date,-0.38343011221372597
2024-12-30,0.0,COST,Costco earnings date,-0.38343011221372597
2025-01-06,0.0,COST,Costco earnings date,-0.38343011221372597
2025-01-13,3.0,COST,Costco earnings date,-0.0634979803666043
2025-01-20,4.0,COST,Costco earnings date,0.04314606358243627
2025-01-27,6.0,COST,Costco earnings date,0.2564341514805174
2025-02-03,10.0,COST,Costco earnings date,0.6830103272766797
2025-02-10,3.0,COST,Costco earnings date,-0.0634979803666043
2025-02-17,5.0,COST,Costco earnings date,0.14979010753147684
2025-02-24,5.0,COST,Costco earnings date,0.14979010753147684
2025-03-03,8.0,COST,Costco earnings date,0.46972223937859847
2025-03-10,0.0,COST,Costco earnings date,-0.38343011221372597
2025-03-17,0.0,COST,Costco earnings date,-0.38343011221372597
2025-03-24,0.0,COST,Costco earnings date,-0.38343011221372597
2025-03-31,0.0,COST,Costco earnings date,-0.38343011221372597
2025-04-07,0.0,COST,Costco earnings date,-0.38343011221372597
2025-04-14,4.0,COST,Costco earnings date,0.04314606358243627
2025-04-21,0.0,COST,Costco earnings date,-0.38343011221372597
2025-04-28,5.0,COST,Costco earnings date,0.14979010753147684
2025-05-05,0.0,COST,Costco earnings date,-0.38343011221372597
2025-05-12,6.0,COST,Costco earnings date,0.2564341514805174
2025-05-19,0.0,COST,Costco earnings date,-0.38343011221372597
2025-05-26,6.0,COST,Costco earnings date,0.2564341514805174
2025-06-02,0.0,COST,Costco earnings date,-0.38343011221372597
2025-06-09,0.0,COST,Costco earnings date,-0.38343011221372597
2025-06-16,0.0,COST,Costco earnings date,-0.38343011221372597
2025-06-23,0.0,COST,Costco earnings date,-0.38343011221372597
2025-06-30,0.0,COST,Costco earnings date,-0.38343011221372597
2025-07-07,5.0,COST,Costco earnings date,0.14979010753147684
2025-07-14,6.0,COST,Costco earnings date,0.2564341514805174
2025-07-21,11.0,COST,Costco earnings date,0.7896543712257201
2025-07-28,21.0,COST,Costco earnings date,1.8560948107161257
2025-08-04,45.0,COST,Costco earnings date,4.415551865493099
2025-08-11,40.0,COST,Costco earnings date,3.8823316457478967
2025-08-18,38.0,COST,Costco earnings date,3.6690435578498155
2025-08-25,38.0,COST,Costco earnings date,3.6690435578498155
2025-09-01,24.0,COST,Costco earnings date,2.1760269425632477
2025-09-08,31.0,COST,Costco earnings date,2.9225352502065314
2025-09-15,31.0,COST,Costco earnings date,2.9225352502065314
2025-09-22,100.0,COST,Costco earnings date,10.28097428269033
2025-09-29,20.0,COST,Costco earnings date,1.7494507667670853
2025-10-06,16.0,COST,Costco earnings date,1.322874590970923
2025-10-13,18.0,COST,Costco earnings date,1.5361626788690042
2025-10-20,21.0,COST,Costco earnings date,1.8560948107161257
2025-10-27,24.0,COST,Costco earnings date,2.1760269425632477
2025-11-03,18.0,COST,Costco earnings date,1.5361626788690042
2025-11-10,18.0,COST,Costco earnings date,1.5361626788690042
2025-11-17,18.0,COST,Costco earnings date,1.5361626788690042
2025-11-24,12.0,COST,Costco earnings date,0.8962984151747607
2025-12-01,24.0,COST,Costco earnings date,2.1760269425632477
2025-12-08,18.0,COST,Costco earnings date,1.5361626788690042
2025-12-15,3.0,COST,Costco earnings date,-0.0634979803666043
2025-12-22,3.0,COST,Costco earnings date,-0.0634979803666043
2020-12-21,34.0,COST,Costco stock,-0.4411531824626788
2020-12-28,34.0,COST,Costco stock,-0.4411531824626788
2021-01-04,36.0,COST,Costco stock,-0.29400851816577006
2021-01-11,36.0,COST,Costco stock,-0.29400851816577006
2021-01-18,33.0,COST,Costco stock,-0.5147255146111333
2021-01-25,40.0,COST,Costco stock,0.0002808104280475159
2021-02-01,43.0,COST,Costco stock,0.2209978068734107
2021-02-08,39.0,COST,Costco stock,-0.07329152172040687
2021-02-15,28.0,COST,Costco stock,-0.8825871753534053
2021-02-22,38.0,COST,Costco stock,-0.14686385386886128
2021-03-01,54.0,COST,Costco stock,1.030293460506409
2021-03-08,48.0,COST,Costco stock,0.5888594676156826
2021-03-15,35.0,COST,Costco stock,-0.36758085031422444
2021-03-22,37.0,COST,Costco stock,-0.22043618601731566
2021-03-29,33.0,COST,Costco stock,-0.5147255146111333
2021-04-05,38.0,COST,Costco stock,-0.14686385386886128
2021-04-12,34.0,COST,Costco stock,-0.4411531824626788
2021-04-19,33.0,COST,Costco stock,-0.5147255146111333
2021-04-26,30.0,COST,Costco stock,-0.7354425110564964
2021-05-03,34.0,COST,Costco stock,-0.4411531824626788
2021-05-10,34.0,COST,Costco stock,-0.4411531824626788
2021-05-17,30.0,COST,Costco stock,-0.7354425110564964
2021-05-24,33.0,COST,Costco stock,-0.5147255146111333
2021-05-31,28.0,COST,Costco stock,-0.8825871753534053
2021-06-07,29.0,COST,Costco stock,-0.8090148432049508
2021-06-14,27.0,COST,Costco stock,-0.9561595075018596
2021-06-21,30.0,COST,Costco stock,-0.7354425110564964
2021-06-28,31.0,COST,Costco stock,-0.661870178908042
2021-07-05,34.0,COST,Costco stock,-0.4411531824626788
2021-07-12,32.0,COST,Costco stock,-0.5882978467595876
2021-07-19,35.0,COST,Costco stock,-0.36758085031422444
2021-07-26,33.0,COST,Costco stock,-0.5147255146111333
2021-08-02,36.0,COST,Costco stock,-0.29400851816577006
2021-08-09,34.0,COST,Costco stock,-0.4411531824626788
2021-08-16,36.0,COST,Costco stock,-0.29400851816577006
2021-08-23,33.0,COST,Costco stock,-0.5147255146111333
2021-08-30,30.0,COST,Costco stock,-0.7354425110564964
2021-09-06,28.0,COST,Costco stock,-0.8825871753534053
2021-09-13,30.0,COST,Costco stock,-0.7354425110564964
2021-09-20,36.0,COST,Costco stock,-0.29400851816577006
2021-09-27,33.0,COST,Costco stock,-0.5147255146111333
2021-10-04,31.0,COST,Costco stock,-0.661870178908042
2021-10-11,29.0,COST,Costco stock,-0.8090148432049508
2021-10-18,36.0,COST,Costco stock,-0.29400851816577006
2021-10-25,39.0,COST,Costco stock,-0.07329152172040687
2021-11-01,48.0,COST,Costco stock,0.5888594676156826
2021-11-08,43.0,COST,Costco stock,0.2209978068734107
2021-11-15,49.0,COST,Costco stock,0.662431799764137
2021-11-22,42.0,COST,Costco stock,0.1474254747249563
2021-11-29,45.0,COST,Costco stock,0.3681424711703195
2021-12-06,56.0,COST,Costco stock,1.1774381248033179
2021-12-13,47.0,COST,Costco stock,0.5152871354672283
2021-12-20,42.0,COST,Costco stock,0.1474254747249563
2021-12-27,46.0,COST,Costco stock,0.4417148033187739
2022-01-03,39.0,COST,Costco stock,-0.07329152172040687
2022-01-10,38.0,COST,Costco stock,-0.14686385386886128
2022-01-17,36.0,COST,Costco stock,-0.29400851816577006
2022-01-24,43.0,COST,Costco stock,0.2209978068734107
2022-01-31,38.0,COST,Costco stock,-0.14686385386886128
2022-02-07,35.0,COST,Costco stock,-0.36758085031422444
2022-02-14,32.0,COST,Costco stock,-0.5882978467595876
2022-02-21,32.0,COST,Costco stock,-0.5882978467595876
2022-02-28,37.0,COST,Costco stock,-0.22043618601731566
2022-03-07,36.0,COST,Costco stock,-0.29400851816577006
2022-03-14,34.0,COST,Costco stock,-0.4411531824626788
2022-03-21,32.0,COST,Costco stock,-0.5882978467595876
2022-03-28,35.0,COST,Costco stock,-0.36758085031422444
2022-04-04,39.0,COST,Costco stock,-0.07329152172040687
2022-04-11,35.0,COST,Costco stock,-0.36758085031422444
2022-04-18,35.0,COST,Costco stock,-0.36758085031422444
2022-04-25,38.0,COST,Costco stock,-0.14686385386886128
2022-05-02,37.0,COST,Costco stock,-0.22043618601731566
2022-05-09,41.0,COST,Costco stock,0.07385314257650191
2022-05-16,64.0,COST,Costco stock,1.766016781990953
2022-05-23,56.0,COST,Costco stock,1.1774381248033179
2022-05-30,34.0,COST,Costco stock,-0.4411531824626788
2022-06-06,35.0,COST,Costco stock,-0.36758085031422444
2022-06-13,40.0,COST,Costco stock,0.0002808104280475159
2022-06-20,35.0,COST,Costco stock,-0.36758085031422444
2022-06-27,31.0,COST,Costco stock,-0.661870178908042
2022-07-04,28.0,COST,Costco stock,-0.8825871753534053
2022-07-11,35.0,COST,Costco stock,-0.36758085031422444
2022-07-18,34.0,COST,Costco stock,-0.4411531824626788
2022-07-25,36.0,COST,Costco stock,-0.29400851816577006
2022-08-01,34.0,COST,Costco stock,-0.4411531824626788
2022-08-08,35.0,COST,Costco stock,-0.36758085031422444
2022-08-15,35.0,COST,Costco stock,-0.36758085031422444
2022-08-22,31.0,COST,Costco stock,-0.661870178908042
2022-08-29,29.0,COST,Costco stock,-0.8090148432049508
2022-09-05,26.0,COST,Costco stock,-1.029731839650314
2022-09-12,31.0,COST,Costco stock,-0.661870178908042
2022-09-19,38.0,COST,Costco stock,-0.14686385386886128
2022-09-26,32.0,COST,Costco stock,-0.5882978467595876
2022-10-03,29.0,COST,Costco stock,-0.8090148432049508
2022-10-10,28.0,COST,Costco stock,-0.8825871753534053
2022-10-17,27.0,COST,Costco stock,-0.9561595075018596
2022-10-24,34.0,COST,Costco stock,-0.4411531824626788
2022-10-31,31.0,COST,Costco stock,-0.661870178908042
2022-11-07,31.0,COST,Costco stock,-0.661870178908042
2022-11-14,32.0,COST,Costco stock,-0.5882978467595876
2022-11-21,27.0,COST,Costco stock,-0.9561595075018596
2022-11-28,32.0,COST,Costco stock,-0.5882978467595876
2022-12-05,34.0,COST,Costco stock,-0.4411531824626788
2022-12-12,30.0,COST,Costco stock,-0.7354425110564964
2022-12-19,29.0,COST,Costco stock,-0.8090148432049508
2022-12-26,28.0,COST,Costco stock,-0.8825871753534053
2023-01-02,29.0,COST,Costco stock,-0.8090148432049508
2023-01-09,28.0,COST,Costco stock,-0.8825871753534053
2023-01-16,26.0,COST,Costco stock,-1.029731839650314
2023-01-23,30.0,COST,Costco stock,-0.7354425110564964
2023-01-30,35.0,COST,Costco stock,-0.36758085031422444
2023-02-06,28.0,COST,Costco stock,-0.8825871753534053
2023-02-13,28.0,COST,Costco stock,-0.8825871753534053
2023-02-20,26.0,COST,Costco stock,-1.029731839650314
2023-02-27,31.0,COST,Costco stock,-0.661870178908042
2023-03-06,28.0,COST,Costco stock,-0.8825871753534053
2023-03-13,27.0,COST,Costco stock,-0.9561595075018596
2023-03-20,27.0,COST,Costco stock,-0.9561595075018596
2023-03-27,25.0,COST,Costco stock,-1.1033041717987684
2023-04-03,26.0,COST,Costco stock,-1.029731839650314
2023-04-10,26.0,COST,Costco stock,-1.029731839650314
2023-04-17,27.0,COST,Costco stock,-0.9561595075018596
2023-04-24,27.0,COST,Costco stock,-0.9561595075018596
2023-05-01,25.0,COST,Costco stock,-1.1033041717987684
2023-05-08,24.0,COST,Costco stock,-1.1768765039472229
2023-05-15,23.0,COST,Costco stock,-1.2504488360956771
2023-05-22,29.0,COST,Costco stock,-0.8090148432049508
2023-05-29,28.0,COST,Costco stock,-0.8825871753534053
2023-06-05,27.0,COST,Costco stock,-0.9561595075018596
2023-06-12,28.0,COST,Costco stock,-0.8825871753534053
2023-06-19,22.0,COST,Costco stock,-1.3240211682441316
2023-06-26,27.0,COST,Costco stock,-0.9561595075018596
2023-07-03,24.0,COST,Costco stock,-1.1768765039472229
2023-07-10,27.0,COST,Costco stock,-0.9561595075018596
2023-07-17,28.0,COST,Costco stock,-0.8825871753534053
2023-07-24,29.0,COST,Costco stock,-0.8090148432049508
2023-07-31,26.0,COST,Costco stock,-1.029731839650314
2023-08-07,25.0,COST,Costco stock,-1.1033041717987684
2023-08-14,24.0,COST,Costco stock,-1.1768765039472229
2023-08-21,23.0,COST,Costco stock,-1.2504488360956771
2023-08-28,23.0,COST,Costco stock,-1.2504488360956771
2023-09-04,19.0,COST,Costco stock,-1.5447381646894947
2023-09-11,22.0,COST,Costco stock,-1.3240211682441316
2023-09-18,23.0,COST,Costco stock,-1.2504488360956771
2023-09-25,36.0,COST,Costco stock,-0.29400851816577006
2023-10-02,28.0,COST,Costco stock,-0.8825871753534053
2023-10-09,25.0,COST,Costco stock,-1.1033041717987684
2023-10-16,25.0,COST,Costco stock,-1.1033041717987684
2023-10-23,25.0,COST,Costco stock,-1.1033041717987684
2023-10-30,24.0,COST,Costco stock,-1.1768765039472229
2023-11-06,26.0,COST,Costco stock,-1.029731839650314
2023-11-13,30.0,COST,Costco stock,-0.7354425110564964
2023-11-20,27.0,COST,Costco stock,-0.9561595075018596
2023-11-27,29.0,COST,Costco stock,-0.8090148432049508
2023-12-04,34.0,COST,Costco stock,-0.4411531824626788
2023-12-11,55.0,COST,Costco stock,1.1038657926548634
2023-12-18,53.0,COST,Costco stock,0.9567211283579546
2023-12-25,39.0,COST,Costco stock,-0.07329152172040687
2024-01-01,36.0,COST,Costco stock,-0.29400851816577006
2024-01-08,35.0,COST,Costco stock,-0.36758085031422444
2024-01-15,35.0,COST,Costco stock,-0.36758085031422444
2024-01-22,39.0,COST,Costco stock,-0.07329152172040687
2024-01-29,37.0,COST,Costco stock,-0.22043618601731566
2024-02-05,40.0,COST,Costco stock,0.0002808104280475159
2024-02-12,35.0,COST,Costco stock,-0.36758085031422444
2024-02-19,34.0,COST,Costco stock,-0.4411531824626788
2024-02-26,47.0,COST,Costco stock,0.5152871354672283
2024-03-04,68.0,COST,Costco stock,2.0603061105847704
2024-03-11,44.0,COST,Costco stock,0.2945701390218651
2024-03-18,38.0,COST,Costco stock,-0.14686385386886128
2024-03-25,34.0,COST,Costco stock,-0.4411531824626788
2024-04-01,36.0,COST,Costco stock,-0.29400851816577006
2024-04-08,36.0,COST,Costco stock,-0.29400851816577006
2024-04-15,31.0,COST,Costco stock,-0.661870178908042
2024-04-22,30.0,COST,Costco stock,-0.7354425110564964
2024-04-29,32.0,COST,Costco stock,-0.5882978467595876
2024-05-06,37.0,COST,Costco stock,-0.22043618601731566
2024-05-13,37.0,COST,Costco stock,-0.22043618601731566
2024-05-20,38.0,COST,Costco stock,-0.14686385386886128
2024-05-27,46.0,COST,Costco stock,0.4417148033187739
2024-06-03,43.0,COST,Costco stock,0.2209978068734107
2024-06-10,43.0,COST,Costco stock,0.2209978068734107
2024-06-17,41.0,COST,Costco stock,0.07385314257650191
2024-06-24,36.0,COST,Costco stock,-0.29400851816577006
2024-07-01,33.0,COST,Costco stock,-0.5147255146111333
2024-07-08,58.0,COST,Costco stock,1.3245827891002266
2024-07-15,43.0,COST,Costco stock,0.2209978068734107
2024-07-22,38.0,COST,Costco stock,-0.14686385386886128
2024-07-29,37.0,COST,Costco stock,-0.22043618601731566
2024-08-05,48.0,COST,Costco stock,0.5888594676156826
2024-08-12,42.0,COST,Costco stock,0.1474254747249563
2024-08-19,37.0,COST,Costco stock,-0.22043618601731566
2024-08-26,44.0,COST,Costco stock,0.2945701390218651
2024-09-02,37.0,COST,Costco stock,-0.22043618601731566
2024-09-09,39.0,COST,Costco stock,-0.07329152172040687
2024-09-16,43.0,COST,Costco stock,0.2209978068734107
2024-09-23,54.0,COST,Costco stock,1.030293460506409
2024-09-30,41.0,COST,Costco stock,0.07385314257650191
2024-10-07,38.0,COST,Costco stock,-0.14686385386886128
2024-10-14,38.0,COST,Costco stock,-0.14686385386886128
2024-10-21,37.0,COST,Costco stock,-0.22043618601731566
2024-10-28,36.0,COST,Costco stock,-0.29400851816577006
2024-11-04,49.0,COST,Costco stock,0.662431799764137
2024-11-11,47.0,COST,Costco stock,0.5152871354672283
2024-11-18,48.0,COST,Costco stock,0.5888594676156826
2024-11-25,45.0,COST,Costco stock,0.3681424711703195
2024-12-02,53.0,COST,Costco stock,0.9567211283579546
2024-12-09,70.0,COST,Costco stock,2.2074507748816794
2024-12-16,54.0,COST,Costco stock,1.030293460506409
2024-12-23,49.0,COST,Costco stock,0.662431799764137
2024-12-30,46.0,COST,Costco stock,0.4417148033187739
2025-01-06,45.0,COST,Costco stock,0.3681424711703195
2025-01-13,46.0,COST,Costco stock,0.4417148033187739
2025-01-20,49.0,COST,Costco stock,0.662431799764137
2025-01-27,65.0,COST,Costco stock,1.8395891141394074
2025-02-03,94.0,COST,Costco stock,3.973186746444585
2025-02-10,62.0,COST,Costco stock,1.6188721176940442
2025-02-17,59.0,COST,Costco stock,1.398155121248681
2025-02-24,54.0,COST,Costco stock,1.030293460506409
2025-03-03,77.0,COST,Costco stock,2.72245709992086
2025-03-10,80.0,COST,Costco stock,2.9431740963662234
2025-03-17,55.0,COST,Costco stock,1.1038657926548634
2025-03-24,53.0,COST,Costco stock,0.9567211283579546
2025-03-31,78.0,COST,Costco stock,2.7960294320693144
2025-04-07,100.0,COST,Costco stock,4.414620739335311
2025-04-14,51.0,COST,Costco stock,0.8095764640610459
2025-04-21,57.0,COST,Costco stock,1.2510104569517722
2025-04-28,50.0,COST,Costco stock,0.7360041319125914
2025-05-05,49.0,COST,Costco stock,0.662431799764137
2025-05-12,59.0,COST,Costco stock,1.398155121248681
2025-05-19,50.0,COST,Costco stock,0.7360041319125914
2025-05-26,46.0,COST,Costco stock,0.4417148033187739
2025-06-02,59.0,COST,Costco stock,1.398155121248681
2025-06-09,50.0,COST,Costco stock,0.7360041319125914
2025-06-16,45.0,COST,Costco stock,0.3681424711703195
2025-06-23,47.0,COST,Costco stock,0.5152871354672283
2025-06-30,44.0,COST,Costco stock,0.2945701390218651
2025-07-07,50.0,COST,Costco stock,0.7360041319125914
2025-07-14,53.0,COST,Costco stock,0.9567211283579546
2025-07-21,52.0,COST,Costco stock,0.8831487962095003
2025-07-28,60.0,COST,Costco stock,1.4717274533971354
2025-08-04,80.0,COST,Costco stock,2.9431740963662234
2025-08-11,80.0,COST,Costco stock,2.9431740963662234
2025-08-18,77.0,COST,Costco stock,2.72245709992086
2025-08-25,70.0,COST,Costco stock,2.2074507748816794
2025-09-01,61.0,COST,Costco stock,1.5452997855455897
2025-09-08,57.0,COST,Costco stock,1.2510104569517722
2025-09-15,52.0,COST,Costco stock,0.8831487962095003
2025-09-22,80.0,COST,Costco stock,2.9431740963662234
2025-09-29,66.0,COST,Costco stock,1.9131614462878617
2025-10-06,59.0,COST,Costco stock,1.398155121248681
2025-10-13,57.0,COST,Costco stock,1.2510104569517722
2025-10-20,52.0,COST,Costco stock,0.8831487962095003
2025-10-27,53.0,COST,Costco stock,0.9567211283579546
2025-11-03,56.0,COST,Costco stock,1.1774381248033179
2025-11-10,58.0,COST,Costco stock,1.3245827891002266
2025-11-17,60.0,COST,Costco stock,1.4717274533971354
2025-11-24,63.0,COST,Costco stock,1.6924444498424986
2025-12-01,75.0,COST,Costco stock,2.5753124356239514
2025-12-08,61.0,COST,Costco stock,1.5452997855455897
2025-12-15,49.0,COST,Costco stock,0.662431799764137
2025-12-22,41.0,COST,Costco stock,0.07385314257650191
2020-12-21,52.0,GOOGL,GOOGL,-1.0196334189881688
2020-12-28,52.0,GOOGL,GOOGL,-1.0196334189881688
2021-01-04,56.0,GOOGL,GOOGL,-0.6437713637297796
2021-01-11,57.0,GOOGL,GOOGL,-0.5498058499151823
2021-01-18,61.0,GOOGL,GOOGL,-0.17394379465679305
2021-01-25,57.0,GOOGL,GOOGL,-0.5498058499151823
2021-02-01,66.0,GOOGL,GOOGL,0.2958837744161935
2021-02-08,57.0,GOOGL,GOOGL,-0.5498058499151823
2021-02-15,56.0,GOOGL,GOOGL,-0.6437713637297796
2021-02-22,58.0,GOOGL,GOOGL,-0.455840336100585
2021-03-01,57.0,GOOGL,GOOGL,-0.5498058499151823
2021-03-08,61.0,GOOGL,GOOGL,-0.17394379465679305
2021-03-15,55.0,GOOGL,GOOGL,-0.7377368775443769
2021-03-22,59.0,GOOGL,GOOGL,-0.36187482228598766
2021-03-29,53.0,GOOGL,GOOGL,-0.9256679051735716
2021-04-05,54.0,GOOGL,GOOGL,-0.8317023913589743
2021-04-12,54.0,GOOGL,GOOGL,-0.8317023913589743
2021-04-19,55.0,GOOGL,GOOGL,-0.7377368775443769
2021-04-26,62.0,GOOGL,GOOGL,-0.07997828084219574
2021-05-03,56.0,GOOGL,GOOGL,-0.6437713637297796
2021-05-10,56.0,GOOGL,GOOGL,-0.6437713637297796
2021-05-17,57.0,GOOGL,GOOGL,-0.5498058499151823
2021-05-24,54.0,GOOGL,GOOGL,-0.8317023913589743
2021-05-31,55.0,GOOGL,GOOGL,-0.7377368775443769
2021-06-07,53.0,GOOGL,GOOGL,-0.9256679051735716
2021-06-14,52.0,GOOGL,GOOGL,-1.0196334189881688
2021-06-21,54.0,GOOGL,GOOGL,-0.8317023913589743
2021-06-28,51.0,GOOGL,GOOGL,-1.1135989328027662
2021-07-05,54.0,GOOGL,GOOGL,-0.8317023913589743
2021-07-12,53.0,GOOGL,GOOGL,-0.9256679051735716
2021-07-19,54.0,GOOGL,GOOGL,-0.8317023913589743
2021-07-26,58.0,GOOGL,GOOGL,-0.455840336100585
2021-08-02,54.0,GOOGL,GOOGL,-0.8317023913589743
2021-08-09,53.0,GOOGL,GOOGL,-0.9256679051735716
2021-08-16,51.0,GOOGL,GOOGL,-1.1135989328027662
2021-08-23,57.0,GOOGL,GOOGL,-0.5498058499151823
2021-08-30,55.0,GOOGL,GOOGL,-0.7377368775443769
2021-09-06,57.0,GOOGL,GOOGL,-0.5498058499151823
2021-09-13,57.0,GOOGL,GOOGL,-0.5498058499151823
2021-09-20,58.0,GOOGL,GOOGL,-0.455840336100585
2021-09-27,56.0,GOOGL,GOOGL,-0.6437713637297796
2021-10-04,59.0,GOOGL,GOOGL,-0.36187482228598766
2021-10-11,59.0,GOOGL,GOOGL,-0.36187482228598766
2021-10-18,56.0,GOOGL,GOOGL,-0.6437713637297796
2021-10-25,64.0,GOOGL,GOOGL,0.10795274678699887
2021-11-01,58.0,GOOGL,GOOGL,-0.455840336100585
2021-11-08,60.0,GOOGL,GOOGL,-0.2679093084713904
2021-11-15,59.0,GOOGL,GOOGL,-0.36187482228598766
2021-11-22,58.0,GOOGL,GOOGL,-0.455840336100585
2021-11-29,59.0,GOOGL,GOOGL,-0.36187482228598766
2021-12-06,59.0,GOOGL,GOOGL,-0.36187482228598766
2021-12-13,59.0,GOOGL,GOOGL,-0.36187482228598766
2021-12-20,53.0,GOOGL,GOOGL,-0.9256679051735716
2021-12-27,52.0,GOOGL,GOOGL,-1.0196334189881688
2022-01-03,56.0,GOOGL,GOOGL,-0.6437713637297796
2022-01-10,61.0,GOOGL,GOOGL,-0.17394379465679305
2022-01-17,56.0,GOOGL,GOOGL,-0.6437713637297796
2022-01-24,59.0,GOOGL,GOOGL,-0.36187482228598766
2022-01-31,80.0,GOOGL,GOOGL,1.6114009678205559
2022-02-07,68.0,GOOGL,GOOGL,0.4838148020453881
2022-02-14,63.0,GOOGL,GOOGL,0.013987232972401564
2022-02-21,60.0,GOOGL,GOOGL,-0.2679093084713904
2022-02-28,61.0,GOOGL,GOOGL,-0.17394379465679305
2022-03-07,60.0,GOOGL,GOOGL,-0.2679093084713904
2022-03-14,61.0,GOOGL,GOOGL,-0.17394379465679305
2022-03-21,59.0,GOOGL,GOOGL,-0.36187482228598766
2022-03-28,63.0,GOOGL,GOOGL,0.013987232972401564
2022-04-04,60.0,GOOGL,GOOGL,-0.2679093084713904
2022-04-11,61.0,GOOGL,GOOGL,-0.17394379465679305
2022-04-18,68.0,GOOGL,GOOGL,0.4838148020453881
2022-04-25,73.0,GOOGL,GOOGL,0.9536423711183747
2022-05-02,65.0,GOOGL,GOOGL,0.20191826060159618
2022-05-09,66.0,GOOGL,GOOGL,0.2958837744161935
2022-05-16,62.0,GOOGL,GOOGL,-0.07997828084219574
2022-05-23,68.0,GOOGL,GOOGL,0.4838148020453881
2022-05-30,58.0,GOOGL,GOOGL,-0.455840336100585
2022-06-06,57.0,GOOGL,GOOGL,-0.5498058499151823
2022-06-13,55.0,GOOGL,GOOGL,-0.7377368775443769
2022-06-20,54.0,GOOGL,GOOGL,-0.8317023913589743
2022-06-27,54.0,GOOGL,GOOGL,-0.8317023913589743
2022-07-04,51.0,GOOGL,GOOGL,-1.1135989328027662
2022-07-11,54.0,GOOGL,GOOGL,-0.8317023913589743
2022-07-18,62.0,GOOGL,GOOGL,-0.07997828084219574
2022-07-25,64.0,GOOGL,GOOGL,0.10795274678699887
2022-08-01,55.0,GOOGL,GOOGL,-0.7377368775443769
2022-08-08,54.0,GOOGL,GOOGL,-0.8317023913589743
2022-08-15,54.0,GOOGL,GOOGL,-0.8317023913589743
2022-08-22,56.0,GOOGL,GOOGL,-0.6437713637297796
2022-08-29,53.0,GOOGL,GOOGL,-0.9256679051735716
2022-09-05,54.0,GOOGL,GOOGL,-0.8317023913589743
2022-09-12,59.0,GOOGL,GOOGL,-0.36187482228598766
2022-09-19,59.0,GOOGL,GOOGL,-0.36187482228598766
2022-09-26,58.0,GOOGL,GOOGL,-0.455840336100585
2022-10-03,56.0,GOOGL,GOOGL,-0.6437713637297796
2022-10-10,51.0,GOOGL,GOOGL,-1.1135989328027662
2022-10-17,55.0,GOOGL,GOOGL,-0.7377368775443769
2022-10-24,65.0,GOOGL,GOOGL,0.20191826060159618
2022-10-31,59.0,GOOGL,GOOGL,-0.36187482228598766
2022-11-07,56.0,GOOGL,GOOGL,-0.6437713637297796
2022-11-14,58.0,GOOGL,GOOGL,-0.455840336100585
2022-11-21,49.0,GOOGL,GOOGL,-1.3015299604319608
2022-11-28,52.0,GOOGL,GOOGL,-1.0196334189881688
2022-12-05,53.0,GOOGL,GOOGL,-0.9256679051735716
2022-12-12,53.0,GOOGL,GOOGL,-0.9256679051735716
2022-12-19,47.0,GOOGL,GOOGL,-1.4894609880611553
2022-12-26,46.0,GOOGL,GOOGL,-1.5834265018757527
2023-01-02,48.0,GOOGL,GOOGL,-1.3954954742465582
2023-01-09,54.0,GOOGL,GOOGL,-0.8317023913589743
2023-01-16,53.0,GOOGL,GOOGL,-0.9256679051735716
2023-01-23,59.0,GOOGL,GOOGL,-0.36187482228598766
2023-01-30,66.0,GOOGL,GOOGL,0.2958837744161935
2023-02-06,66.0,GOOGL,GOOGL,0.2958837744161935
2023-02-13,60.0,GOOGL,GOOGL,-0.2679093084713904
2023-02-20,54.0,GOOGL,GOOGL,-0.8317023913589743
2023-02-27,56.0,GOOGL,GOOGL,-0.6437713637297796
2023-03-06,61.0,GOOGL,GOOGL,-0.17394379465679305
2023-03-13,52.0,GOOGL,GOOGL,-1.0196334189881688
2023-03-20,56.0,GOOGL,GOOGL,-0.6437713637297796
2023-03-27,54.0,GOOGL,GOOGL,-0.8317023913589743
2023-04-03,51.0,GOOGL,GOOGL,-1.1135989328027662
2023-04-10,49.0,GOOGL,GOOGL,-1.3015299604319608
2023-04-17,55.0,GOOGL,GOOGL,-0.7377368775443769
2023-04-24,62.0,GOOGL,GOOGL,-0.07997828084219574
2023-05-01,54.0,GOOGL,GOOGL,-0.8317023913589743
2023-05-08,59.0,GOOGL,GOOGL,-0.36187482228598766
2023-05-15,57.0,GOOGL,GOOGL,-0.5498058499151823
2023-05-22,54.0,GOOGL,GOOGL,-0.8317023913589743
2023-05-29,51.0,GOOGL,GOOGL,-1.1135989328027662
2023-06-05,53.0,GOOGL,GOOGL,-0.9256679051735716
2023-06-12,51.0,GOOGL,GOOGL,-1.1135989328027662
2023-06-19,49.0,GOOGL,GOOGL,-1.3015299604319608
2023-06-26,50.0,GOOGL,GOOGL,-1.2075644466173634
2023-07-03,47.0,GOOGL,GOOGL,-1.4894609880611553
2023-07-10,53.0,GOOGL,GOOGL,-0.9256679051735716
2023-07-17,54.0,GOOGL,GOOGL,-0.8317023913589743
2023-07-24,61.0,GOOGL,GOOGL,-0.17394379465679305
2023-07-31,52.0,GOOGL,GOOGL,-1.0196334189881688
2023-08-07,54.0,GOOGL,GOOGL,-0.8317023913589743
2023-08-14,50.0,GOOGL,GOOGL,-1.2075644466173634
2023-08-21,51.0,GOOGL,GOOGL,-1.1135989328027662
2023-08-28,53.0,GOOGL,GOOGL,-0.9256679051735716
2023-09-04,49.0,GOOGL,GOOGL,-1.3015299604319608
2023-09-11,56.0,GOOGL,GOOGL,-0.6437713637297796
2023-09-18,56.0,GOOGL,GOOGL,-0.6437713637297796
2023-09-25,57.0,GOOGL,GOOGL,-0.5498058499151823
2023-10-02,59.0,GOOGL,GOOGL,-0.36187482228598766
2023-10-09,55.0,GOOGL,GOOGL,-0.7377368775443769
2023-10-16,55.0,GOOGL,GOOGL,-0.7377368775443769
2023-10-23,62.0,GOOGL,GOOGL,-0.07997828084219574
2023-10-30,53.0,GOOGL,GOOGL,-0.9256679051735716
2023-11-06,56.0,GOOGL,GOOGL,-0.6437713637297796
2023-11-13,56.0,GOOGL,GOOGL,-0.6437713637297796
2023-11-20,53.0,GOOGL,GOOGL,-0.9256679051735716
2023-11-27,55.0,GOOGL,GOOGL,-0.7377368775443769
2023-12-04,58.0,GOOGL,GOOGL,-0.455840336100585
2023-12-11,59.0,GOOGL,GOOGL,-0.36187482228598766
2023-12-18,52.0,GOOGL,GOOGL,-1.0196334189881688
2023-12-25,45.0,GOOGL,GOOGL,-1.6773920156903501
2024-01-01,48.0,GOOGL,GOOGL,-1.3954954742465582
2024-01-08,56.0,GOOGL,GOOGL,-0.6437713637297796
2024-01-15,56.0,GOOGL,GOOGL,-0.6437713637297796
2024-01-22,61.0,GOOGL,GOOGL,-0.17394379465679305
2024-01-29,75.0,GOOGL,GOOGL,1.1415733987475694
2024-02-05,68.0,GOOGL,GOOGL,0.4838148020453881
2024-02-12,69.0,GOOGL,GOOGL,0.5777803158599855
2024-02-19,67.0,GOOGL,GOOGL,0.3898492882307908
2024-02-26,68.0,GOOGL,GOOGL,0.4838148020453881
2024-03-04,76.0,GOOGL,GOOGL,1.2355389125621665
2024-03-11,67.0,GOOGL,GOOGL,0.3898492882307908
2024-03-18,70.0,GOOGL,GOOGL,0.6717458296745827
2024-03-25,61.0,GOOGL,GOOGL,-0.17394379465679305
2024-04-01,65.0,GOOGL,GOOGL,0.20191826060159618
2024-04-08,66.0,GOOGL,GOOGL,0.2958837744161935
2024-04-15,68.0,GOOGL,GOOGL,0.4838148020453881
2024-04-22,79.0,GOOGL,GOOGL,1.5174354540059585
2024-04-29,71.0,GOOGL,GOOGL,0.76571134348918
2024-05-06,72.0,GOOGL,GOOGL,0.8596768573037774
2024-05-13,71.0,GOOGL,GOOGL,0.76571134348918
2024-05-20,68.0,GOOGL,GOOGL,0.4838148020453881
2024-05-27,64.0,GOOGL,GOOGL,0.10795274678699887
2024-06-03,67.0,GOOGL,GOOGL,0.3898492882307908
2024-06-10,69.0,GOOGL,GOOGL,0.5777803158599855
2024-06-17,61.0,GOOGL,GOOGL,-0.17394379465679305
2024-06-24,63.0,GOOGL,GOOGL,0.013987232972401564
2024-07-01,56.0,GOOGL,GOOGL,-0.6437713637297796
2024-07-08,61.0,GOOGL,GOOGL,-0.17394379465679305
2024-07-15,62.0,GOOGL,GOOGL,-0.07997828084219574
2024-07-22,72.0,GOOGL,GOOGL,0.8596768573037774
2024-07-29,65.0,GOOGL,GOOGL,0.20191826060159618
2024-08-05,65.0,GOOGL,GOOGL,0.20191826060159618
2024-08-12,61.0,GOOGL,GOOGL,-0.17394379465679305
2024-08-19,63.0,GOOGL,GOOGL,0.013987232972401564
2024-08-26,63.0,GOOGL,GOOGL,0.013987232972401564
2024-09-02,66.0,GOOGL,GOOGL,0.2958837744161935
2024-09-09,73.0,GOOGL,GOOGL,0.9536423711183747
2024-09-16,70.0,GOOGL,GOOGL,0.6717458296745827
2024-09-23,68.0,GOOGL,GOOGL,0.4838148020453881
2024-09-30,67.0,GOOGL,GOOGL,0.3898492882307908
2024-10-07,68.0,GOOGL,GOOGL,0.4838148020453881
2024-10-14,67.0,GOOGL,GOOGL,0.3898492882307908
2024-10-21,69.0,GOOGL,GOOGL,0.5777803158599855
2024-10-28,82.0,GOOGL,GOOGL,1.7993319954497504
2024-11-04,71.0,GOOGL,GOOGL,0.76571134348918
2024-11-11,71.0,GOOGL,GOOGL,0.76571134348918
2024-11-18,75.0,GOOGL,GOOGL,1.1415733987475694
2024-11-25,65.0,GOOGL,GOOGL,0.20191826060159618
2024-12-02,71.0,GOOGL,GOOGL,0.76571134348918
2024-12-09,87.0,GOOGL,GOOGL,2.269159564522737
2024-12-16,71.0,GOOGL,GOOGL,0.76571134348918
2024-12-23,56.0,GOOGL,GOOGL,-0.6437713637297796
2024-12-30,56.0,GOOGL,GOOGL,-0.6437713637297796
2025-01-06,66.0,GOOGL,GOOGL,0.2958837744161935
2025-01-13,71.0,GOOGL,GOOGL,0.76571134348918
2025-01-20,70.0,GOOGL,GOOGL,0.6717458296745827
2025-01-27,77.0,GOOGL,GOOGL,1.329504426376764
2025-02-03,86.0,GOOGL,GOOGL,2.1751940507081398
2025-02-10,77.0,GOOGL,GOOGL,1.329504426376764
2025-02-17,74.0,GOOGL,GOOGL,1.047607884932972
2025-02-24,75.0,GOOGL,GOOGL,1.1415733987475694
2025-03-03,72.0,GOOGL,GOOGL,0.8596768573037774
2025-03-10,74.0,GOOGL,GOOGL,1.047607884932972
2025-03-17,75.0,GOOGL,GOOGL,1.1415733987475694
2025-03-24,72.0,GOOGL,GOOGL,0.8596768573037774
2025-03-31,78.0,GOOGL,GOOGL,1.4234699401913613
2025-04-07,77.0,GOOGL,GOOGL,1.329504426376764
2025-04-14,74.0,GOOGL,GOOGL,1.047607884932972
2025-04-21,80.0,GOOGL,GOOGL,1.6114009678205559
2025-04-28,72.0,GOOGL,GOOGL,0.8596768573037774
2025-05-05,79.0,GOOGL,GOOGL,1.5174354540059585
2025-05-12,80.0,GOOGL,GOOGL,1.6114009678205559
2025-05-19,76.0,GOOGL,GOOGL,1.2355389125621665
2025-05-26,69.0,GOOGL,GOOGL,0.5777803158599855
2025-06-02,69.0,GOOGL,GOOGL,0.5777803158599855
2025-06-09,71.0,GOOGL,GOOGL,0.76571134348918
2025-06-16,69.0,GOOGL,GOOGL,0.5777803158599855
2025-06-23,73.0,GOOGL,GOOGL,0.9536423711183747
2025-06-30,66.0,GOOGL,GOOGL,0.2958837744161935
2025-07-07,67.0,GOOGL,GOOGL,0.3898492882307908
2025-07-14,73.0,GOOGL,GOOGL,0.9536423711183747
2025-07-21,87.0,GOOGL,GOOGL,2.269159564522737
2025-07-28,73.0,GOOGL,GOOGL,0.9536423711183747
2025-08-04,81.0,GOOGL,GOOGL,1.7053664816351533
2025-08-11,83.0,GOOGL,GOOGL,1.8932975092643478
2025-08-18,84.0,GOOGL,GOOGL,1.9872630230789452
2025-08-25,82.0,GOOGL,GOOGL,1.7993319954497504
2025-09-01,95.0,GOOGL,GOOGL,3.0208836750395154
2025-09-08,88.0,GOOGL,GOOGL,2.3631250783373345
2025-09-15,91.0,GOOGL,GOOGL,2.6450216197811263
2025-09-22,84.0,GOOGL,GOOGL,1.9872630230789452
2025-09-29,80.0,GOOGL,GOOGL,1.6114009678205559
2025-10-06,82.0,GOOGL,GOOGL,1.7993319954497504
2025-10-13,81.0,GOOGL,GOOGL,1.7053664816351533
2025-10-20,83.0,GOOGL,GOOGL,1.8932975092643478
2025-10-27,99.0,GOOGL,GOOGL,3.396745730297905
2025-11-03,85.0,GOOGL,GOOGL,2.0812285368935424
2025-11-10,83.0,GOOGL,GOOGL,1.8932975092643478
2025-11-17,100.0,GOOGL,GOOGL,3.490711244112502
2025-11-24,95.0,GOOGL,GOOGL,3.0208836750395154
2025-12-01,93.0,GOOGL,GOOGL,2.832952647410321
2025-12-08,71.0,GOOGL,GOOGL,0.76571134348918
2025-12-15,70.0,GOOGL,GOOGL,0.6717458296745827
2025-12-22,60.0,GOOGL,GOOGL,-0.2679093084713904
2020-12-21,1.0,GOOGL,Google earnings,-0.43873450401119296
2020-12-28,1.0,GOOGL,Google earnings,-0.43873450401119296
2021-01-04,1.0,GOOGL,Google earnings,-0.43873450401119296
2021-01-11,2.0,GOOGL,Google earnings,-0.3693211948016926
2021-01-18,2.0,GOOGL,Google earnings,-0.3693211948016926
2021-01-25,4.0,GOOGL,Google earnings,-0.23049457638269197
2021-02-01,7.0,GOOGL,Google earnings,-0.02225464875419097
2021-02-08,2.0,GOOGL,Google earnings,-0.3693211948016926
2021-02-15,2.0,GOOGL,Google earnings,-0.3693211948016926
2021-02-22,2.0,GOOGL,Google earnings,-0.3693211948016926
2021-03-01,2.0,GOOGL,Google earnings,-0.3693211948016926
2021-03-08,2.0,GOOGL,Google earnings,-0.3693211948016926
2021-03-15,1.0,GOOGL,Google earnings,-0.43873450401119296
2021-03-22,1.0,GOOGL,Google earnings,-0.43873450401119296
2021-03-29,1.0,GOOGL,Google earnings,-0.43873450401119296
2021-04-05,2.0,GOOGL,Google earnings,-0.3693211948016926
2021-04-12,2.0,GOOGL,Google earnings,-0.3693211948016926
2021-04-19,3.0,GOOGL,Google earnings,-0.2999078855921923
2021-04-26,7.0,GOOGL,Google earnings,-0.02225464875419097
2021-05-03,2.0,GOOGL,Google earnings,-0.3693211948016926
2021-05-10,2.0,GOOGL,Google earnings,-0.3693211948016926
2021-05-17,1.0,GOOGL,Google earnings,-0.43873450401119296
2021-05-24,1.0,GOOGL,Google earnings,-0.43873450401119296
2021-05-31,1.0,GOOGL,Google earnings,-0.43873450401119296
2021-06-07,2.0,GOOGL,Google earnings,-0.3693211948016926
2021-06-14,1.0,GOOGL,Google earnings,-0.43873450401119296
2021-06-21,1.0,GOOGL,Google earnings,-0.43873450401119296
2021-06-28,1.0,GOOGL,Google earnings,-0.43873450401119296
2021-07-05,1.0,GOOGL,Google earnings,-0.43873450401119296
2021-07-12,2.0,GOOGL,Google earnings,-0.3693211948016926
2021-07-19,3.0,GOOGL,Google earnings,-0.2999078855921923
2021-07-26,7.0,GOOGL,Google earnings,-0.02225464875419097
2021-08-02,2.0,GOOGL,Google earnings,-0.3693211948016926
2021-08-09,2.0,GOOGL,Google earnings,-0.3693211948016926
2021-08-16,1.0,GOOGL,Google earnings,-0.43873450401119296
2021-08-23,1.0,GOOGL,Google earnings,-0.43873450401119296
2021-08-30,1.0,GOOGL,Google earnings,-0.43873450401119296
2021-09-06,1.0,GOOGL,Google earnings,-0.43873450401119296
2021-09-13,1.0,GOOGL,Google earnings,-0.43873450401119296
2021-09-20,1.0,GOOGL,Google earnings,-0.43873450401119296
2021-09-27,1.0,GOOGL,Google earnings,-0.43873450401119296
2021-10-04,2.0,GOOGL,Google earnings,-0.3693211948016926
2021-10-11,2.0,GOOGL,Google earnings,-0.3693211948016926
2021-10-18,3.0,GOOGL,Google earnings,-0.2999078855921923
2021-10-25,6.0,GOOGL,Google earnings,-0.0916679579636913
2021-11-01,3.0,GOOGL,Google earnings,-0.2999078855921923
2021-11-08,2.0,GOOGL,Google earnings,-0.3693211948016926
2021-11-15,2.0,GOOGL,Google earnings,-0.3693211948016926
2021-11-22,1.0,GOOGL,Google earnings,-0.43873450401119296
2021-11-29,1.0,GOOGL,Google earnings,-0.43873450401119296
2021-12-06,1.0,GOOGL,Google earnings,-0.43873450401119296
2021-12-13,1.0,GOOGL,Google earnings,-0.43873450401119296
2021-12-20,1.0,GOOGL,Google earnings,-0.43873450401119296
2021-12-27,1.0,GOOGL,Google earnings,-0.43873450401119296
2022-01-03,2.0,GOOGL,Google earnings,-0.3693211948016926
2022-01-10,2.0,GOOGL,Google earnings,-0.3693211948016926
2022-01-17,3.0,GOOGL,Google earnings,-0.2999078855921923
2022-01-24,5.0,GOOGL,Google earnings,-0.16108126717319163
2022-01-31,14.0,GOOGL,Google earnings,0.46363851571231135
2022-02-07,4.0,GOOGL,Google earnings,-0.23049457638269197
2022-02-14,4.0,GOOGL,Google earnings,-0.23049457638269197
2022-02-21,3.0,GOOGL,Google earnings,-0.2999078855921923
2022-02-28,3.0,GOOGL,Google earnings,-0.2999078855921923
2022-03-07,2.0,GOOGL,Google earnings,-0.3693211948016926
2022-03-14,3.0,GOOGL,Google earnings,-0.2999078855921923
2022-03-21,2.0,GOOGL,Google earnings,-0.3693211948016926
2022-03-28,3.0,GOOGL,Google earnings,-0.2999078855921923
2022-04-04,3.0,GOOGL,Google earnings,-0.2999078855921923
2022-04-11,3.0,GOOGL,Google earnings,-0.2999078855921923
2022-04-18,6.0,GOOGL,Google earnings,-0.0916679579636913
2022-04-25,18.0,GOOGL,Google earnings,0.7412917525503127
2022-05-02,4.0,GOOGL,Google earnings,-0.23049457638269197
2022-05-09,4.0,GOOGL,Google earnings,-0.23049457638269197
2022-05-16,3.0,GOOGL,Google earnings,-0.2999078855921923
2022-05-23,3.0,GOOGL,Google earnings,-0.2999078855921923
2022-05-30,3.0,GOOGL,Google earnings,-0.2999078855921923
2022-06-06,3.0,GOOGL,Google earnings,-0.2999078855921923
2022-06-13,3.0,GOOGL,Google earnings,-0.2999078855921923
2022-06-20,2.0,GOOGL,Google earnings,-0.3693211948016926
2022-06-27,3.0,GOOGL,Google earnings,-0.2999078855921923
2022-07-04,3.0,GOOGL,Google earnings,-0.2999078855921923
2022-07-11,4.0,GOOGL,Google earnings,-0.23049457638269197
2022-07-18,7.0,GOOGL,Google earnings,-0.02225464875419097
2022-07-25,20.0,GOOGL,Google earnings,0.8801183709693133
2022-08-01,4.0,GOOGL,Google earnings,-0.23049457638269197
2022-08-08,4.0,GOOGL,Google earnings,-0.23049457638269197
2022-08-15,3.0,GOOGL,Google earnings,-0.2999078855921923
2022-08-22,3.0,GOOGL,Google earnings,-0.2999078855921923
2022-08-29,2.0,GOOGL,Google earnings,-0.3693211948016926
2022-09-05,2.0,GOOGL,Google earnings,-0.3693211948016926
2022-09-12,2.0,GOOGL,Google earnings,-0.3693211948016926
2022-09-19,2.0,GOOGL,Google earnings,-0.3693211948016926
2022-09-26,2.0,GOOGL,Google earnings,-0.3693211948016926
2022-10-03,2.0,GOOGL,Google earnings,-0.3693211948016926
2022-10-10,3.0,GOOGL,Google earnings,-0.2999078855921923
2022-10-17,4.0,GOOGL,Google earnings,-0.23049457638269197
2022-10-24,18.0,GOOGL,Google earnings,0.7412917525503127
2022-10-31,4.0,GOOGL,Google earnings,-0.23049457638269197
2022-11-07,3.0,GOOGL,Google earnings,-0.2999078855921923
2022-11-14,2.0,GOOGL,Google earnings,-0.3693211948016926
2022-11-21,2.0,GOOGL,Google earnings,-0.3693211948016926
2022-11-28,2.0,GOOGL,Google earnings,-0.3693211948016926
2022-12-05,2.0,GOOGL,Google earnings,-0.3693211948016926
2022-12-12,2.0,GOOGL,Google earnings,-0.3693211948016926
2022-12-19,2.0,GOOGL,Google earnings,-0.3693211948016926
2022-12-26,1.0,GOOGL,Google earnings,-0.43873450401119296
2023-01-02,2.0,GOOGL,Google earnings,-0.3693211948016926
2023-01-09,3.0,GOOGL,Google earnings,-0.2999078855921923
2023-01-16,4.0,GOOGL,Google earnings,-0.23049457638269197
2023-01-23,6.0,GOOGL,Google earnings,-0.0916679579636913
2023-01-30,18.0,GOOGL,Google earnings,0.7412917525503127
2023-02-06,4.0,GOOGL,Google earnings,-0.23049457638269197
2023-02-13,3.0,GOOGL,Google earnings,-0.2999078855921923
2023-02-20,3.0,GOOGL,Google earnings,-0.2999078855921923
2023-02-27,2.0,GOOGL,Google earnings,-0.3693211948016926
2023-03-06,2.0,GOOGL,Google earnings,-0.3693211948016926
2023-03-13,2.0,GOOGL,Google earnings,-0.3693211948016926
2023-03-20,2.0,GOOGL,Google earnings,-0.3693211948016926
2023-03-27,3.0,GOOGL,Google earnings,-0.2999078855921923
2023-04-03,2.0,GOOGL,Google earnings,-0.3693211948016926
2023-04-10,3.0,GOOGL,Google earnings,-0.2999078855921923
2023-04-17,5.0,GOOGL,Google earnings,-0.16108126717319163
2023-04-24,14.0,GOOGL,Google earnings,0.46363851571231135
2023-05-01,3.0,GOOGL,Google earnings,-0.2999078855921923
2023-05-08,3.0,GOOGL,Google earnings,-0.2999078855921923
2023-05-15,2.0,GOOGL,Google earnings,-0.3693211948016926
2023-05-22,2.0,GOOGL,Google earnings,-0.3693211948016926
2023-05-29,2.0,GOOGL,Google earnings,-0.3693211948016926
2023-06-05,2.0,GOOGL,Google earnings,-0.3693211948016926
2023-06-12,2.0,GOOGL,Google earnings,-0.3693211948016926
2023-06-19,2.0,GOOGL,Google earnings,-0.3693211948016926
2023-06-26,2.0,GOOGL,Google earnings,-0.3693211948016926
2023-07-03,2.0,GOOGL,Google earnings,-0.3693211948016926
2023-07-10,3.0,GOOGL,Google earnings,-0.2999078855921923
2023-07-17,4.0,GOOGL,Google earnings,-0.23049457638269197
2023-07-24,14.0,GOOGL,Google earnings,0.46363851571231135
2023-07-31,4.0,GOOGL,Google earnings,-0.23049457638269197
2023-08-07,2.0,GOOGL,Google earnings,-0.3693211948016926
2023-08-14,2.0,GOOGL,Google earnings,-0.3693211948016926
2023-08-21,2.0,GOOGL,Google earnings,-0.3693211948016926
2023-08-28,2.0,GOOGL,Google earnings,-0.3693211948016926
2023-09-04,2.0,GOOGL,Google earnings,-0.3693211948016926
2023-09-11,2.0,GOOGL,Google earnings,-0.3693211948016926
2023-09-18,2.0,GOOGL,Google earnings,-0.3693211948016926
2023-09-25,2.0,GOOGL,Google earnings,-0.3693211948016926
2023-10-02,2.0,GOOGL,Google earnings,-0.3693211948016926
2023-10-09,2.0,GOOGL,Google earnings,-0.3693211948016926
2023-10-16,4.0,GOOGL,Google earnings,-0.23049457638269197
2023-10-23,13.0,GOOGL,Google earnings,0.394225206502811
2023-10-30,3.0,GOOGL,Google earnings,-0.2999078855921923
2023-11-06,2.0,GOOGL,Google earnings,-0.3693211948016926
2023-11-13,2.0,GOOGL,Google earnings,-0.3693211948016926
2023-11-20,2.0,GOOGL,Google earnings,-0.3693211948016926
2023-11-27,2.0,GOOGL,Google earnings,-0.3693211948016926
2023-12-04,2.0,GOOGL,Google earnings,-0.3693211948016926
2023-12-11,2.0,GOOGL,Google earnings,-0.3693211948016926
2023-12-18,2.0,GOOGL,Google earnings,-0.3693211948016926
2023-12-25,1.0,GOOGL,Google earnings,-0.43873450401119296
2024-01-01,2.0,GOOGL,Google earnings,-0.3693211948016926
2024-01-08,2.0,GOOGL,Google earnings,-0.3693211948016926
2024-01-15,3.0,GOOGL,Google earnings,-0.2999078855921923
2024-01-22,4.0,GOOGL,Google earnings,-0.23049457638269197
2024-01-29,15.0,GOOGL,Google earnings,0.5330518249218117
2024-02-05,4.0,GOOGL,Google earnings,-0.23049457638269197
2024-02-12,4.0,GOOGL,Google earnings,-0.23049457638269197
2024-02-19,4.0,GOOGL,Google earnings,-0.23049457638269197
2024-02-26,4.0,GOOGL,Google earnings,-0.23049457638269197
2024-03-04,3.0,GOOGL,Google earnings,-0.2999078855921923
2024-03-11,3.0,GOOGL,Google earnings,-0.2999078855921923
2024-03-18,2.0,GOOGL,Google earnings,-0.3693211948016926
2024-03-25,2.0,GOOGL,Google earnings,-0.3693211948016926
2024-04-01,3.0,GOOGL,Google earnings,-0.2999078855921923
2024-04-08,2.0,GOOGL,Google earnings,-0.3693211948016926
2024-04-15,3.0,GOOGL,Google earnings,-0.2999078855921923
2024-04-22,16.0,GOOGL,Google earnings,0.6024651341313121
2024-04-29,4.0,GOOGL,Google earnings,-0.23049457638269197
2024-05-06,3.0,GOOGL,Google earnings,-0.2999078855921923
2024-05-13,2.0,GOOGL,Google earnings,-0.3693211948016926
2024-05-20,3.0,GOOGL,Google earnings,-0.2999078855921923
2024-05-27,2.0,GOOGL,Google earnings,-0.3693211948016926
2024-06-03,2.0,GOOGL,Google earnings,-0.3693211948016926
2024-06-10,2.0,GOOGL,Google earnings,-0.3693211948016926
2024-06-17,2.0,GOOGL,Google earnings,-0.3693211948016926
2024-06-24,2.0,GOOGL,Google earnings,-0.3693211948016926
2024-07-01,2.0,GOOGL,Google earnings,-0.3693211948016926
2024-07-08,3.0,GOOGL,Google earnings,-0.2999078855921923
2024-07-15,3.0,GOOGL,Google earnings,-0.2999078855921923
2024-07-22,15.0,GOOGL,Google earnings,0.5330518249218117
2024-07-29,5.0,GOOGL,Google earnings,-0.16108126717319163
2024-08-05,3.0,GOOGL,Google earnings,-0.2999078855921923
2024-08-12,2.0,GOOGL,Google earnings,-0.3693211948016926
2024-08-19,2.0,GOOGL,Google earnings,-0.3693211948016926
2024-08-26,3.0,GOOGL,Google earnings,-0.2999078855921923
2024-09-02,2.0,GOOGL,Google earnings,-0.3693211948016926
2024-09-09,2.0,GOOGL,Google earnings,-0.3693211948016926
2024-09-16,2.0,GOOGL,Google earnings,-0.3693211948016926
2024-09-23,2.0,GOOGL,Google earnings,-0.3693211948016926
2024-09-30,2.0,GOOGL,Google earnings,-0.3693211948016926
2024-10-07,3.0,GOOGL,Google earnings,-0.2999078855921923
2024-10-14,3.0,GOOGL,Google earnings,-0.2999078855921923
2024-10-21,5.0,GOOGL,Google earnings,-0.16108126717319163
2024-10-28,19.0,GOOGL,Google earnings,0.810705061759813
2024-11-04,3.0,GOOGL,Google earnings,-0.2999078855921923
2024-11-11,3.0,GOOGL,Google earnings,-0.2999078855921923
2024-11-18,4.0,GOOGL,Google earnings,-0.23049457638269197
2024-11-25,2.0,GOOGL,Google earnings,-0.3693211948016926
2024-12-02,2.0,GOOGL,Google earnings,-0.3693211948016926
2024-12-09,2.0,GOOGL,Google earnings,-0.3693211948016926
2024-12-16,2.0,GOOGL,Google earnings,-0.3693211948016926
2024-12-23,1.0,GOOGL,Google earnings,-0.43873450401119296
2024-12-30,2.0,GOOGL,Google earnings,-0.3693211948016926
2025-01-06,2.0,GOOGL,Google earnings,-0.3693211948016926
2025-01-13,3.0,GOOGL,Google earnings,-0.2999078855921923
2025-01-20,4.0,GOOGL,Google earnings,-0.23049457638269197
2025-01-27,8.0,GOOGL,Google earnings,0.047158660455309365
2025-02-03,18.0,GOOGL,Google earnings,0.7412917525503127
2025-02-10,4.0,GOOGL,Google earnings,-0.23049457638269197
2025-02-17,3.0,GOOGL,Google earnings,-0.2999078855921923
2025-02-24,4.0,GOOGL,Google earnings,-0.23049457638269197
2025-03-03,2.0,GOOGL,Google earnings,-0.3693211948016926
2025-03-10,2.0,GOOGL,Google earnings,-0.3693211948016926
2025-03-17,2.0,GOOGL,Google earnings,-0.3693211948016926
2025-03-24,2.0,GOOGL,Google earnings,-0.3693211948016926
2025-03-31,3.0,GOOGL,Google earnings,-0.2999078855921923
2025-04-07,2.0,GOOGL,Google earnings,-0.3693211948016926
2025-04-14,3.0,GOOGL,Google earnings,-0.2999078855921923
2025-04-21,16.0,GOOGL,Google earnings,0.6024651341313121
2025-04-28,5.0,GOOGL,Google earnings,-0.16108126717319163
2025-05-05,4.0,GOOGL,Google earnings,-0.23049457638269197
2025-05-12,2.0,GOOGL,Google earnings,-0.3693211948016926
2025-05-19,2.0,GOOGL,Google earnings,-0.3693211948016926
2025-05-26,3.0,GOOGL,Google earnings,-0.2999078855921923
2025-06-02,3.0,GOOGL,Google earnings,-0.2999078855921923
2025-06-09,4.0,GOOGL,Google earnings,-0.23049457638269197
2025-06-16,4.0,GOOGL,Google earnings,-0.23049457638269197
2025-06-23,5.0,GOOGL,Google earnings,-0.16108126717319163
2025-06-30,4.0,GOOGL,Google earnings,-0.23049457638269197
2025-07-07,4.0,GOOGL,Google earnings,-0.23049457638269197
2025-07-14,9.0,GOOGL,Google earnings,0.1165719696648097
2025-07-21,33.0,GOOGL,Google earnings,1.782491390692818
2025-07-28,27.0,GOOGL,Google earnings,1.3660115354358158
2025-08-04,57.0,GOOGL,Google earnings,3.4484108117208256
2025-08-11,87.0,GOOGL,Google earnings,5.530810088005835
2025-08-18,65.0,GOOGL,Google earnings,4.003717285396829
2025-08-25,61.0,GOOGL,Google earnings,3.7260640485588272
2025-09-01,49.0,GOOGL,Google earnings,2.8931043380448234
2025-09-08,47.0,GOOGL,Google earnings,2.7542777196258226
2025-09-15,40.0,GOOGL,Google earnings,2.26838455515932
2025-09-22,49.0,GOOGL,Google earnings,2.8931043380448234
2025-09-29,40.0,GOOGL,Google earnings,2.26838455515932
2025-10-06,35.0,GOOGL,Google earnings,1.9213180091118185
2025-10-13,43.0,GOOGL,Google earnings,2.476624482787821
2025-10-20,64.0,GOOGL,Google earnings,3.934303976187328
2025-10-27,100.0,GOOGL,Google earnings,6.43318310772934
2025-11-03,66.0,GOOGL,Google earnings,4.0731305946063285
2025-11-10,43.0,GOOGL,Google earnings,2.476624482787821
2025-11-17,66.0,GOOGL,Google earnings,4.0731305946063285
2025-11-24,42.0,GOOGL,Google earnings,2.407211173578321
2025-12-01,44.0,GOOGL,Google earnings,2.5460377919973216
2025-12-08,15.0,GOOGL,Google earnings,0.5330518249218117
2025-12-15,11.0,GOOGL,Google earnings,0.2553985880838104
2025-12-22,10.0,GOOGL,Google earnings,0.18598527887431004
2020-12-21,0.0,GOOGL,Google earnings date,-0.45692859498679983
2020-12-28,1.0,GOOGL,Google earnings date,-0.3922176263994801
2021-01-04,1.0,GOOGL,Google earnings date,-0.3922176263994801
2021-01-11,2.0,GOOGL,Google earnings date,-0.3275066578121603
2021-01-18,4.0,GOOGL,Google earnings date,-0.1980847206375208
2021-01-25,8.0,GOOGL,Google earnings date,0.060759153711758246
2021-02-01,6.0,GOOGL,Google earnings date,-0.06866278346288128
2021-02-08,2.0,GOOGL,Google earnings date,-0.3275066578121603
2021-02-15,1.0,GOOGL,Google earnings date,-0.3922176263994801
2021-02-22,1.0,GOOGL,Google earnings date,-0.3922176263994801
2021-03-01,1.0,GOOGL,Google earnings date,-0.3922176263994801
2021-03-08,0.0,GOOGL,Google earnings date,-0.45692859498679983
2021-03-15,1.0,GOOGL,Google earnings date,-0.3922176263994801
2021-03-22,1.0,GOOGL,Google earnings date,-0.3922176263994801
2021-03-29,1.0,GOOGL,Google earnings date,-0.3922176263994801
2021-04-05,1.0,GOOGL,Google earnings date,-0.3922176263994801
2021-04-12,1.0,GOOGL,Google earnings date,-0.3922176263994801
2021-04-19,4.0,GOOGL,Google earnings date,-0.1980847206375208
2021-04-26,7.0,GOOGL,Google earnings date,-0.003951814875561519
2021-05-03,2.0,GOOGL,Google earnings date,-0.3275066578121603
2021-05-10,1.0,GOOGL,Google earnings date,-0.3922176263994801
2021-05-17,0.0,GOOGL,Google earnings date,-0.45692859498679983
2021-05-24,1.0,GOOGL,Google earnings date,-0.3922176263994801
2021-05-31,0.0,GOOGL,Google earnings date,-0.45692859498679983
2021-06-07,1.0,GOOGL,Google earnings date,-0.3922176263994801
2021-06-14,0.0,GOOGL,Google earnings date,-0.45692859498679983
2021-06-21,1.0,GOOGL,Google earnings date,-0.3922176263994801
2021-06-28,1.0,GOOGL,Google earnings date,-0.3922176263994801
2021-07-05,1.0,GOOGL,Google earnings date,-0.3922176263994801
2021-07-12,2.0,GOOGL,Google earnings date,-0.3275066578121603
2021-07-19,4.0,GOOGL,Google earnings date,-0.1980847206375208
2021-07-26,7.0,GOOGL,Google earnings date,-0.003951814875561519
2021-08-02,2.0,GOOGL,Google earnings date,-0.3275066578121603
2021-08-09,1.0,GOOGL,Google earnings date,-0.3922176263994801
2021-08-16,1.0,GOOGL,Google earnings date,-0.3922176263994801
2021-08-23,1.0,GOOGL,Google earnings date,-0.3922176263994801
2021-08-30,0.0,GOOGL,Google earnings date,-0.45692859498679983
2021-09-06,1.0,GOOGL,Google earnings date,-0.3922176263994801
2021-09-13,0.0,GOOGL,Google earnings date,-0.45692859498679983
2021-09-20,0.0,GOOGL,Google earnings date,-0.45692859498679983
2021-09-27,0.0,GOOGL,Google earnings date,-0.45692859498679983
2021-10-04,2.0,GOOGL,Google earnings date,-0.3275066578121603
2021-10-11,2.0,GOOGL,Google earnings date,-0.3275066578121603
2021-10-18,4.0,GOOGL,Google earnings date,-0.1980847206375208
2021-10-25,7.0,GOOGL,Google earnings date,-0.003951814875561519
2021-11-01,2.0,GOOGL,Google earnings date,-0.3275066578121603
2021-11-08,2.0,GOOGL,Google earnings date,-0.3275066578121603
2021-11-15,0.0,GOOGL,Google earnings date,-0.45692859498679983
2021-11-22,1.0,GOOGL,Google earnings date,-0.3922176263994801
2021-11-29,0.0,GOOGL,Google earnings date,-0.45692859498679983
2021-12-06,0.0,GOOGL,Google earnings date,-0.45692859498679983
2021-12-13,0.0,GOOGL,Google earnings date,-0.45692859498679983
2021-12-20,0.0,GOOGL,Google earnings date,-0.45692859498679983
2021-12-27,0.0,GOOGL,Google earnings date,-0.45692859498679983
2022-01-03,2.0,GOOGL,Google earnings date,-0.3275066578121603
2022-01-10,2.0,GOOGL,Google earnings date,-0.3275066578121603
2022-01-17,3.0,GOOGL,Google earnings date,-0.2627956892248406
2022-01-24,8.0,GOOGL,Google earnings date,0.060759153711758246
2022-01-31,13.0,GOOGL,Google earnings date,0.3843139966483571
2022-02-07,3.0,GOOGL,Google earnings date,-0.2627956892248406
2022-02-14,2.0,GOOGL,Google earnings date,-0.3275066578121603
2022-02-21,1.0,GOOGL,Google earnings date,-0.3922176263994801
2022-02-28,2.0,GOOGL,Google earnings date,-0.3275066578121603
2022-03-07,1.0,GOOGL,Google earnings date,-0.3922176263994801
2022-03-14,1.0,GOOGL,Google earnings date,-0.3922176263994801
2022-03-21,1.0,GOOGL,Google earnings date,-0.3922176263994801
2022-03-28,1.0,GOOGL,Google earnings date,-0.3922176263994801
2022-04-04,2.0,GOOGL,Google earnings date,-0.3275066578121603
2022-04-11,3.0,GOOGL,Google earnings date,-0.2627956892248406
2022-04-18,9.0,GOOGL,Google earnings date,0.125470122299078
2022-04-25,14.0,GOOGL,Google earnings date,0.4490249652356768
2022-05-02,2.0,GOOGL,Google earnings date,-0.3275066578121603
2022-05-09,2.0,GOOGL,Google earnings date,-0.3275066578121603
2022-05-16,2.0,GOOGL,Google earnings date,-0.3275066578121603
2022-05-23,2.0,GOOGL,Google earnings date,-0.3275066578121603
2022-05-30,1.0,GOOGL,Google earnings date,-0.3922176263994801
2022-06-06,1.0,GOOGL,Google earnings date,-0.3922176263994801
2022-06-13,1.0,GOOGL,Google earnings date,-0.3922176263994801
2022-06-20,1.0,GOOGL,Google earnings date,-0.3922176263994801
2022-06-27,1.0,GOOGL,Google earnings date,-0.3922176263994801
2022-07-04,2.0,GOOGL,Google earnings date,-0.3275066578121603
2022-07-11,4.0,GOOGL,Google earnings date,-0.1980847206375208
2022-07-18,12.0,GOOGL,Google earnings date,0.3196030280610373
2022-07-25,14.0,GOOGL,Google earnings date,0.4490249652356768
2022-08-01,3.0,GOOGL,Google earnings date,-0.2627956892248406
2022-08-08,1.0,GOOGL,Google earnings date,-0.3922176263994801
2022-08-15,1.0,GOOGL,Google earnings date,-0.3922176263994801
2022-08-22,1.0,GOOGL,Google earnings date,-0.3922176263994801
2022-08-29,0.0,GOOGL,Google earnings date,-0.45692859498679983
2022-09-05,1.0,GOOGL,Google earnings date,-0.3922176263994801
2022-09-12,1.0,GOOGL,Google earnings date,-0.3922176263994801
2022-09-19,1.0,GOOGL,Google earnings date,-0.3922176263994801
2022-09-26,2.0,GOOGL,Google earnings date,-0.3275066578121603
2022-10-03,2.0,GOOGL,Google earnings date,-0.3275066578121603
2022-10-10,3.0,GOOGL,Google earnings date,-0.2627956892248406
2022-10-17,5.0,GOOGL,Google earnings date,-0.13337375205020105
2022-10-24,11.0,GOOGL,Google earnings date,0.2548920594737175
2022-10-31,2.0,GOOGL,Google earnings date,-0.3275066578121603
2022-11-07,1.0,GOOGL,Google earnings date,-0.3922176263994801
2022-11-14,0.0,GOOGL,Google earnings date,-0.45692859498679983
2022-11-21,0.0,GOOGL,Google earnings date,-0.45692859498679983
2022-11-28,1.0,GOOGL,Google earnings date,-0.3922176263994801
2022-12-05,0.0,GOOGL,Google earnings date,-0.45692859498679983
2022-12-12,0.0,GOOGL,Google earnings date,-0.45692859498679983
2022-12-19,1.0,GOOGL,Google earnings date,-0.3922176263994801
2022-12-26,1.0,GOOGL,Google earnings date,-0.3922176263994801
2023-01-02,2.0,GOOGL,Google earnings date,-0.3275066578121603
2023-01-09,4.0,GOOGL,Google earnings date,-0.1980847206375208
2023-01-16,5.0,GOOGL,Google earnings date,-0.13337375205020105
2023-01-23,9.0,GOOGL,Google earnings date,0.125470122299078
2023-01-30,13.0,GOOGL,Google earnings date,0.3843139966483571
2023-02-06,3.0,GOOGL,Google earnings date,-0.2627956892248406
2023-02-13,2.0,GOOGL,Google earnings date,-0.3275066578121603
2023-02-20,2.0,GOOGL,Google earnings date,-0.3275066578121603
2023-02-27,1.0,GOOGL,Google earnings date,-0.3922176263994801
2023-03-06,0.0,GOOGL,Google earnings date,-0.45692859498679983
2023-03-13,1.0,GOOGL,Google earnings date,-0.3922176263994801
2023-03-20,1.0,GOOGL,Google earnings date,-0.3922176263994801
2023-03-27,2.0,GOOGL,Google earnings date,-0.3275066578121603
2023-04-03,2.0,GOOGL,Google earnings date,-0.3275066578121603
2023-04-10,4.0,GOOGL,Google earnings date,-0.1980847206375208
2023-04-17,6.0,GOOGL,Google earnings date,-0.06866278346288128
2023-04-24,11.0,GOOGL,Google earnings date,0.2548920594737175
2023-05-01,3.0,GOOGL,Google earnings date,-0.2627956892248406
2023-05-08,2.0,GOOGL,Google earnings date,-0.3275066578121603
2023-05-15,1.0,GOOGL,Google earnings date,-0.3922176263994801
2023-05-22,1.0,GOOGL,Google earnings date,-0.3922176263994801
2023-05-29,1.0,GOOGL,Google earnings date,-0.3922176263994801
2023-06-05,1.0,GOOGL,Google earnings date,-0.3922176263994801
2023-06-12,1.0,GOOGL,Google earnings date,-0.3922176263994801
2023-06-19,1.0,GOOGL,Google earnings date,-0.3922176263994801
2023-06-26,1.0,GOOGL,Google earnings date,-0.3922176263994801
2023-07-03,1.0,GOOGL,Google earnings date,-0.3922176263994801
2023-07-10,5.0,GOOGL,Google earnings date,-0.13337375205020105
2023-07-17,7.0,GOOGL,Google earnings date,-0.003951814875561519
2023-07-24,12.0,GOOGL,Google earnings date,0.3196030280610373
2023-07-31,4.0,GOOGL,Google earnings date,-0.1980847206375208
2023-08-07,2.0,GOOGL,Google earnings date,-0.3275066578121603
2023-08-14,1.0,GOOGL,Google earnings date,-0.3922176263994801
2023-08-21,1.0,GOOGL,Google earnings date,-0.3922176263994801
2023-08-28,0.0,GOOGL,Google earnings date,-0.45692859498679983
2023-09-04,0.0,GOOGL,Google earnings date,-0.45692859498679983
2023-09-11,0.0,GOOGL,Google earnings date,-0.45692859498679983
2023-09-18,1.0,GOOGL,Google earnings date,-0.3922176263994801
2023-09-25,1.0,GOOGL,Google earnings date,-0.3922176263994801
2023-10-02,1.0,GOOGL,Google earnings date,-0.3922176263994801
2023-10-09,3.0,GOOGL,Google earnings date,-0.2627956892248406
2023-10-16,6.0,GOOGL,Google earnings date,-0.06866278346288128
2023-10-23,9.0,GOOGL,Google earnings date,0.125470122299078
2023-10-30,2.0,GOOGL,Google earnings date,-0.3275066578121603
2023-11-06,1.0,GOOGL,Google earnings date,-0.3922176263994801
2023-11-13,1.0,GOOGL,Google earnings date,-0.3922176263994801
2023-11-20,1.0,GOOGL,Google earnings date,-0.3922176263994801
2023-11-27,1.0,GOOGL,Google earnings date,-0.3922176263994801
2023-12-04,1.0,GOOGL,Google earnings date,-0.3922176263994801
2023-12-11,1.0,GOOGL,Google earnings date,-0.3922176263994801
2023-12-18,1.0,GOOGL,Google earnings date,-0.3922176263994801
2023-12-25,1.0,GOOGL,Google earnings date,-0.3922176263994801
2024-01-01,2.0,GOOGL,Google earnings date,-0.3275066578121603
2024-01-08,2.0,GOOGL,Google earnings date,-0.3275066578121603
2024-01-15,4.0,GOOGL,Google earnings date,-0.1980847206375208
2024-01-22,7.0,GOOGL,Google earnings date,-0.003951814875561519
2024-01-29,12.0,GOOGL,Google earnings date,0.3196030280610373
2024-02-05,4.0,GOOGL,Google earnings date,-0.1980847206375208
2024-02-12,3.0,GOOGL,Google earnings date,-0.2627956892248406
2024-02-19,3.0,GOOGL,Google earnings date,-0.2627956892248406
2024-02-26,3.0,GOOGL,Google earnings date,-0.2627956892248406
2024-03-04,2.0,GOOGL,Google earnings date,-0.3275066578121603
2024-03-11,2.0,GOOGL,Google earnings date,-0.3275066578121603
2024-03-18,3.0,GOOGL,Google earnings date,-0.2627956892248406
2024-03-25,2.0,GOOGL,Google earnings date,-0.3275066578121603
2024-04-01,3.0,GOOGL,Google earnings date,-0.2627956892248406
2024-04-08,3.0,GOOGL,Google earnings date,-0.2627956892248406
2024-04-15,5.0,GOOGL,Google earnings date,-0.13337375205020105
2024-04-22,17.0,GOOGL,Google earnings date,0.6431578709976361
2024-04-29,5.0,GOOGL,Google earnings date,-0.13337375205020105
2024-05-06,2.0,GOOGL,Google earnings date,-0.3275066578121603
2024-05-13,2.0,GOOGL,Google earnings date,-0.3275066578121603
2024-05-20,3.0,GOOGL,Google earnings date,-0.2627956892248406
2024-05-27,1.0,GOOGL,Google earnings date,-0.3922176263994801
2024-06-03,1.0,GOOGL,Google earnings date,-0.3922176263994801
2024-06-10,2.0,GOOGL,Google earnings date,-0.3275066578121603
2024-06-17,2.0,GOOGL,Google earnings date,-0.3275066578121603
2024-06-24,2.0,GOOGL,Google earnings date,-0.3275066578121603
2024-07-01,3.0,GOOGL,Google earnings date,-0.2627956892248406
2024-07-08,4.0,GOOGL,Google earnings date,-0.1980847206375208
2024-07-15,6.0,GOOGL,Google earnings date,-0.06866278346288128
2024-07-22,13.0,GOOGL,Google earnings date,0.3843139966483571
2024-07-29,6.0,GOOGL,Google earnings date,-0.06866278346288128
2024-08-05,2.0,GOOGL,Google earnings date,-0.3275066578121603
2024-08-12,2.0,GOOGL,Google earnings date,-0.3275066578121603
2024-08-19,2.0,GOOGL,Google earnings date,-0.3275066578121603
2024-08-26,2.0,GOOGL,Google earnings date,-0.3275066578121603
2024-09-02,1.0,GOOGL,Google earnings date,-0.3922176263994801
2024-09-09,1.0,GOOGL,Google earnings date,-0.3922176263994801
2024-09-16,1.0,GOOGL,Google earnings date,-0.3922176263994801
2024-09-23,2.0,GOOGL,Google earnings date,-0.3275066578121603
2024-09-30,2.0,GOOGL,Google earnings date,-0.3275066578121603
2024-10-07,4.0,GOOGL,Google earnings date,-0.1980847206375208
2024-10-14,5.0,GOOGL,Google earnings date,-0.13337375205020105
2024-10-21,9.0,GOOGL,Google earnings date,0.125470122299078
2024-10-28,18.0,GOOGL,Google earnings date,0.7078688395849559
2024-11-04,2.0,GOOGL,Google earnings date,-0.3275066578121603
2024-11-11,3.0,GOOGL,Google earnings date,-0.2627956892248406
2024-11-18,3.0,GOOGL,Google earnings date,-0.2627956892248406
2024-11-25,1.0,GOOGL,Google earnings date,-0.3922176263994801
2024-12-02,1.0,GOOGL,Google earnings date,-0.3922176263994801
2024-12-09,3.0,GOOGL,Google earnings date,-0.2627956892248406
2024-12-16,2.0,GOOGL,Google earnings date,-0.3275066578121603
2024-12-23,0.0,GOOGL,Google earnings date,-0.45692859498679983
2024-12-30,2.0,GOOGL,Google earnings date,-0.3275066578121603
2025-01-06,2.0,GOOGL,Google earnings date,-0.3275066578121603
2025-01-13,4.0,GOOGL,Google earnings date,-0.1980847206375208
2025-01-20,6.0,GOOGL,Google earnings date,-0.06866278346288128
2025-01-27,15.0,GOOGL,Google earnings date,0.5137359338229965
2025-02-03,14.0,GOOGL,Google earnings date,0.4490249652356768
2025-02-10,4.0,GOOGL,Google earnings date,-0.1980847206375208
2025-02-17,3.0,GOOGL,Google earnings date,-0.2627956892248406
2025-02-24,2.0,GOOGL,Google earnings date,-0.3275066578121603
2025-03-03,2.0,GOOGL,Google earnings date,-0.3275066578121603
2025-03-10,1.0,GOOGL,Google earnings date,-0.3922176263994801
2025-03-17,2.0,GOOGL,Google earnings date,-0.3275066578121603
2025-03-24,2.0,GOOGL,Google earnings date,-0.3275066578121603
2025-03-31,3.0,GOOGL,Google earnings date,-0.2627956892248406
2025-04-07,2.0,GOOGL,Google earnings date,-0.3275066578121603
2025-04-14,3.0,GOOGL,Google earnings date,-0.2627956892248406
2025-04-21,15.0,GOOGL,Google earnings date,0.5137359338229965
2025-04-28,5.0,GOOGL,Google earnings date,-0.13337375205020105
2025-05-05,4.0,GOOGL,Google earnings date,-0.1980847206375208
2025-05-12,2.0,GOOGL,Google earnings date,-0.3275066578121603
2025-05-19,2.0,GOOGL,Google earnings date,-0.3275066578121603
2025-05-26,2.0,GOOGL,Google earnings date,-0.3275066578121603
2025-06-02,3.0,GOOGL,Google earnings date,-0.2627956892248406
2025-06-09,2.0,GOOGL,Google earnings date,-0.3275066578121603
2025-06-16,2.0,GOOGL,Google earnings date,-0.3275066578121603
2025-06-23,5.0,GOOGL,Google earnings date,-0.13337375205020105
2025-06-30,3.0,GOOGL,Google earnings date,-0.2627956892248406
2025-07-07,5.0,GOOGL,Google earnings date,-0.13337375205020105
2025-07-14,13.0,GOOGL,Google earnings date,0.3843139966483571
2025-07-21,30.0,GOOGL,Google earnings date,1.4844004626327931
2025-07-28,32.0,GOOGL,Google earnings date,1.6138223998074326
2025-08-04,70.0,GOOGL,Google earnings date,4.072839206125583
2025-08-11,100.0,GOOGL,Google earnings date,6.0141682637451765
2025-08-18,82.0,GOOGL,Google earnings date,4.849370829173421
2025-08-25,74.0,GOOGL,Google earnings date,4.331683080474863
2025-09-01,59.0,GOOGL,Google earnings date,3.361018551665066
2025-09-08,56.0,GOOGL,Google earnings date,3.1668856459031067
2025-09-15,40.0,GOOGL,Google earnings date,2.1315101485059906
2025-09-22,47.0,GOOGL,Google earnings date,2.584486928617229
2025-09-29,42.0,GOOGL,Google earnings date,2.26093208568063
2025-10-06,45.0,GOOGL,Google earnings date,2.455064991442589
2025-10-13,53.0,GOOGL,Google earnings date,2.9727527401411473
2025-10-20,76.0,GOOGL,Google earnings date,4.461105017649502
2025-10-27,96.0,GOOGL,Google earnings date,5.755324389395898
2025-11-03,57.0,GOOGL,Google earnings date,3.2315966144904262
2025-11-10,40.0,GOOGL,Google earnings date,2.1315101485059906
2025-11-17,49.0,GOOGL,Google earnings date,2.7139088657918684
2025-11-24,33.0,GOOGL,Google earnings date,1.6785333683947523
2025-12-01,33.0,GOOGL,Google earnings date,1.6785333683947523
2025-12-08,13.0,GOOGL,Google earnings date,0.3843139966483571
2025-12-15,7.0,GOOGL,Google earnings date,-0.003951814875561519
2025-12-22,6.0,GOOGL,Google earnings date,-0.06866278346288128
2020-12-21,19.0,GOOGL,Google stock,-0.6815674365808146
2020-12-28,18.0,GOOGL,Google stock,-0.7477537480649412
2021-01-04,24.0,GOOGL,Google stock,-0.3506358791601819
2021-01-11,28.0,GOOGL,Google stock,-0.08589063322367568
2021-01-18,23.0,GOOGL,Google stock,-0.4168221906443084
2021-01-25,37.0,GOOGL,Google stock,0.5097861701334633
2021-02-01,40.0,GOOGL,Google stock,0.7083451045858429
2021-02-08,28.0,GOOGL,Google stock,-0.08589063322367568
2021-02-15,24.0,GOOGL,Google stock,-0.3506358791601819
2021-02-22,28.0,GOOGL,Google stock,-0.08589063322367568
2021-03-01,24.0,GOOGL,Google stock,-0.3506358791601819
2021-03-08,24.0,GOOGL,Google stock,-0.3506358791601819
2021-03-15,21.0,GOOGL,Google stock,-0.5491948136125615
2021-03-22,20.0,GOOGL,Google stock,-0.6153811250966881
2021-03-29,18.0,GOOGL,Google stock,-0.7477537480649412
2021-04-05,19.0,GOOGL,Google stock,-0.6815674365808146
2021-04-12,21.0,GOOGL,Google stock,-0.5491948136125615
2021-04-19,19.0,GOOGL,Google stock,-0.6815674365808146
2021-04-26,24.0,GOOGL,Google stock,-0.3506358791601819
2021-05-03,21.0,GOOGL,Google stock,-0.5491948136125615
2021-05-10,20.0,GOOGL,Google stock,-0.6153811250966881
2021-05-17,18.0,GOOGL,Google stock,-0.7477537480649412
2021-05-24,18.0,GOOGL,Google stock,-0.7477537480649412
2021-05-31,19.0,GOOGL,Google stock,-0.6815674365808146
2021-06-07,18.0,GOOGL,Google stock,-0.7477537480649412
2021-06-14,19.0,GOOGL,Google stock,-0.6815674365808146
2021-06-21,17.0,GOOGL,Google stock,-0.8139400595490677
2021-06-28,16.0,GOOGL,Google stock,-0.8801263710331942
2021-07-05,16.0,GOOGL,Google stock,-0.8801263710331942
2021-07-12,17.0,GOOGL,Google stock,-0.8139400595490677
2021-07-19,18.0,GOOGL,Google stock,-0.7477537480649412
2021-07-26,22.0,GOOGL,Google stock,-0.483008502128435
2021-08-02,17.0,GOOGL,Google stock,-0.8139400595490677
2021-08-09,16.0,GOOGL,Google stock,-0.8801263710331942
2021-08-16,16.0,GOOGL,Google stock,-0.8801263710331942
2021-08-23,17.0,GOOGL,Google stock,-0.8139400595490677
2021-08-30,17.0,GOOGL,Google stock,-0.8139400595490677
2021-09-06,15.0,GOOGL,Google stock,-0.9463126825173208
2021-09-13,16.0,GOOGL,Google stock,-0.8801263710331942
2021-09-20,17.0,GOOGL,Google stock,-0.8139400595490677
2021-09-27,19.0,GOOGL,Google stock,-0.6815674365808146
2021-10-04,19.0,GOOGL,Google stock,-0.6815674365808146
2021-10-11,17.0,GOOGL,Google stock,-0.8139400595490677
2021-10-18,19.0,GOOGL,Google stock,-0.6815674365808146
2021-10-25,24.0,GOOGL,Google stock,-0.3506358791601819
2021-11-01,21.0,GOOGL,Google stock,-0.5491948136125615
2021-11-08,21.0,GOOGL,Google stock,-0.5491948136125615
2021-11-15,20.0,GOOGL,Google stock,-0.6153811250966881
2021-11-22,16.0,GOOGL,Google stock,-0.8801263710331942
2021-11-29,20.0,GOOGL,Google stock,-0.6153811250966881
2021-12-06,20.0,GOOGL,Google stock,-0.6153811250966881
2021-12-13,19.0,GOOGL,Google stock,-0.6815674365808146
2021-12-20,16.0,GOOGL,Google stock,-0.8801263710331942
2021-12-27,17.0,GOOGL,Google stock,-0.8139400595490677
2022-01-03,23.0,GOOGL,Google stock,-0.4168221906443084
2022-01-10,21.0,GOOGL,Google stock,-0.5491948136125615
2022-01-17,21.0,GOOGL,Google stock,-0.5491948136125615
2022-01-24,28.0,GOOGL,Google stock,-0.08589063322367568
2022-01-31,72.0,GOOGL,Google stock,2.8263070720778924
2022-02-07,39.0,GOOGL,Google stock,0.6421587931017163
2022-02-14,31.0,GOOGL,Google stock,0.11266830122870396
2022-02-21,33.0,GOOGL,Google stock,0.24504092419695706
2022-02-28,30.0,GOOGL,Google stock,0.046481989744577415
2022-03-07,33.0,GOOGL,Google stock,0.24504092419695706
2022-03-14,30.0,GOOGL,Google stock,0.046481989744577415
2022-03-21,30.0,GOOGL,Google stock,0.046481989744577415
2022-03-28,31.0,GOOGL,Google stock,0.11266830122870396
2022-04-04,27.0,GOOGL,Google stock,-0.15207694470780223
2022-04-11,27.0,GOOGL,Google stock,-0.15207694470780223
2022-04-18,32.0,GOOGL,Google stock,0.1788546127128305
2022-04-25,46.0,GOOGL,Google stock,1.1054629734906023
2022-05-02,35.0,GOOGL,Google stock,0.37741354716521014
2022-05-09,39.0,GOOGL,Google stock,0.6421587931017163
2022-05-16,30.0,GOOGL,Google stock,0.046481989744577415
2022-05-23,31.0,GOOGL,Google stock,0.11266830122870396
2022-05-30,27.0,GOOGL,Google stock,-0.15207694470780223
2022-06-06,31.0,GOOGL,Google stock,0.11266830122870396
2022-06-13,33.0,GOOGL,Google stock,0.24504092419695706
2022-06-20,27.0,GOOGL,Google stock,-0.15207694470780223
2022-06-27,25.0,GOOGL,Google stock,-0.28444956767605534
2022-07-04,24.0,GOOGL,Google stock,-0.3506358791601819
2022-07-11,35.0,GOOGL,Google stock,0.37741354716521014
2022-07-18,44.0,GOOGL,Google stock,0.973090350522349
2022-07-25,39.0,GOOGL,Google stock,0.6421587931017163
2022-08-01,30.0,GOOGL,Google stock,0.046481989744577415
2022-08-08,29.0,GOOGL,Google stock,-0.019704321739549138
2022-08-15,29.0,GOOGL,Google stock,-0.019704321739549138
2022-08-22,25.0,GOOGL,Google stock,-0.28444956767605534
2022-08-29,25.0,GOOGL,Google stock,-0.28444956767605534
2022-09-05,21.0,GOOGL,Google stock,-0.5491948136125615
2022-09-12,27.0,GOOGL,Google stock,-0.15207694470780223
2022-09-19,28.0,GOOGL,Google stock,-0.08589063322367568
2022-09-26,26.0,GOOGL,Google stock,-0.2182632561919288
2022-10-03,25.0,GOOGL,Google stock,-0.28444956767605534
2022-10-10,25.0,GOOGL,Google stock,-0.28444956767605534
2022-10-17,24.0,GOOGL,Google stock,-0.3506358791601819
2022-10-24,40.0,GOOGL,Google stock,0.7083451045858429
2022-10-31,32.0,GOOGL,Google stock,0.1788546127128305
2022-11-07,30.0,GOOGL,Google stock,0.046481989744577415
2022-11-14,26.0,GOOGL,Google stock,-0.2182632561919288
2022-11-21,19.0,GOOGL,Google stock,-0.6815674365808146
2022-11-28,21.0,GOOGL,Google stock,-0.5491948136125615
2022-12-05,20.0,GOOGL,Google stock,-0.6153811250966881
2022-12-12,21.0,GOOGL,Google stock,-0.5491948136125615
2022-12-19,20.0,GOOGL,Google stock,-0.6153811250966881
2022-12-26,20.0,GOOGL,Google stock,-0.6153811250966881
2023-01-02,21.0,GOOGL,Google stock,-0.5491948136125615
2023-01-09,23.0,GOOGL,Google stock,-0.4168221906443084
2023-01-16,23.0,GOOGL,Google stock,-0.4168221906443084
2023-01-23,31.0,GOOGL,Google stock,0.11266830122870396
2023-01-30,36.0,GOOGL,Google stock,0.4435998586493367
2023-02-06,47.0,GOOGL,Google stock,1.1716492849747286
2023-02-13,32.0,GOOGL,Google stock,0.1788546127128305
2023-02-20,25.0,GOOGL,Google stock,-0.28444956767605534
2023-02-27,24.0,GOOGL,Google stock,-0.3506358791601819
2023-03-06,24.0,GOOGL,Google stock,-0.3506358791601819
2023-03-13,28.0,GOOGL,Google stock,-0.08589063322367568
2023-03-20,27.0,GOOGL,Google stock,-0.15207694470780223
2023-03-27,24.0,GOOGL,Google stock,-0.3506358791601819
2023-04-03,21.0,GOOGL,Google stock,-0.5491948136125615
2023-04-10,22.0,GOOGL,Google stock,-0.483008502128435
2023-04-17,24.0,GOOGL,Google stock,-0.3506358791601819
2023-04-24,30.0,GOOGL,Google stock,0.046481989744577415
2023-05-01,23.0,GOOGL,Google stock,-0.4168221906443084
2023-05-08,29.0,GOOGL,Google stock,-0.019704321739549138
2023-05-15,29.0,GOOGL,Google stock,-0.019704321739549138
2023-05-22,27.0,GOOGL,Google stock,-0.15207694470780223
2023-05-29,23.0,GOOGL,Google stock,-0.4168221906443084
2023-06-05,26.0,GOOGL,Google stock,-0.2182632561919288
2023-06-12,24.0,GOOGL,Google stock,-0.3506358791601819
2023-06-19,20.0,GOOGL,Google stock,-0.6153811250966881
2023-06-26,22.0,GOOGL,Google stock,-0.483008502128435
2023-07-03,20.0,GOOGL,Google stock,-0.6153811250966881
2023-07-10,24.0,GOOGL,Google stock,-0.3506358791601819
2023-07-17,23.0,GOOGL,Google stock,-0.4168221906443084
2023-07-24,32.0,GOOGL,Google stock,0.1788546127128305
2023-07-31,23.0,GOOGL,Google stock,-0.4168221906443084
2023-08-07,21.0,GOOGL,Google stock,-0.5491948136125615
2023-08-14,19.0,GOOGL,Google stock,-0.6815674365808146
2023-08-21,20.0,GOOGL,Google stock,-0.6153811250966881
2023-08-28,21.0,GOOGL,Google stock,-0.5491948136125615
2023-09-04,19.0,GOOGL,Google stock,-0.6815674365808146
2023-09-11,19.0,GOOGL,Google stock,-0.6815674365808146
2023-09-18,19.0,GOOGL,Google stock,-0.6815674365808146
2023-09-25,20.0,GOOGL,Google stock,-0.6153811250966881
2023-10-02,19.0,GOOGL,Google stock,-0.6815674365808146
2023-10-09,18.0,GOOGL,Google stock,-0.7477537480649412
2023-10-16,17.0,GOOGL,Google stock,-0.8139400595490677
2023-10-23,31.0,GOOGL,Google stock,0.11266830122870396
2023-10-30,22.0,GOOGL,Google stock,-0.483008502128435
2023-11-06,20.0,GOOGL,Google stock,-0.6153811250966881
2023-11-13,21.0,GOOGL,Google stock,-0.5491948136125615
2023-11-20,18.0,GOOGL,Google stock,-0.7477537480649412
2023-11-27,18.0,GOOGL,Google stock,-0.7477537480649412
2023-12-04,25.0,GOOGL,Google stock,-0.28444956767605534
2023-12-11,24.0,GOOGL,Google stock,-0.3506358791601819
2023-12-18,22.0,GOOGL,Google stock,-0.483008502128435
2023-12-25,17.0,GOOGL,Google stock,-0.8139400595490677
2024-01-01,18.0,GOOGL,Google stock,-0.7477537480649412
2024-01-08,22.0,GOOGL,Google stock,-0.483008502128435
2024-01-15,20.0,GOOGL,Google stock,-0.6153811250966881
2024-01-22,24.0,GOOGL,Google stock,-0.3506358791601819
2024-01-29,36.0,GOOGL,Google stock,0.4435998586493367
2024-02-05,27.0,GOOGL,Google stock,-0.15207694470780223
2024-02-12,25.0,GOOGL,Google stock,-0.28444956767605534
2024-02-19,25.0,GOOGL,Google stock,-0.28444956767605534
2024-02-26,32.0,GOOGL,Google stock,0.1788546127128305
2024-03-04,31.0,GOOGL,Google stock,0.11266830122870396
2024-03-11,24.0,GOOGL,Google stock,-0.3506358791601819
2024-03-18,29.0,GOOGL,Google stock,-0.019704321739549138
2024-03-25,22.0,GOOGL,Google stock,-0.483008502128435
2024-04-01,24.0,GOOGL,Google stock,-0.3506358791601819
2024-04-08,24.0,GOOGL,Google stock,-0.3506358791601819
2024-04-15,23.0,GOOGL,Google stock,-0.4168221906443084
2024-04-22,37.0,GOOGL,Google stock,0.5097861701334633
2024-04-29,28.0,GOOGL,Google stock,-0.08589063322367568
2024-05-06,23.0,GOOGL,Google stock,-0.4168221906443084
2024-05-13,26.0,GOOGL,Google stock,-0.2182632561919288
2024-05-20,23.0,GOOGL,Google stock,-0.4168221906443084
2024-05-27,20.0,GOOGL,Google stock,-0.6153811250966881
2024-06-03,23.0,GOOGL,Google stock,-0.4168221906443084
2024-06-10,23.0,GOOGL,Google stock,-0.4168221906443084
2024-06-17,21.0,GOOGL,Google stock,-0.5491948136125615
2024-06-24,24.0,GOOGL,Google stock,-0.3506358791601819
2024-07-01,19.0,GOOGL,Google stock,-0.6815674365808146
2024-07-08,22.0,GOOGL,Google stock,-0.483008502128435
2024-07-15,25.0,GOOGL,Google stock,-0.28444956767605534
2024-07-22,35.0,GOOGL,Google stock,0.37741354716521014
2024-07-29,26.0,GOOGL,Google stock,-0.2182632561919288
2024-08-05,36.0,GOOGL,Google stock,0.4435998586493367
2024-08-12,27.0,GOOGL,Google stock,-0.15207694470780223
2024-08-19,23.0,GOOGL,Google stock,-0.4168221906443084
2024-08-26,20.0,GOOGL,Google stock,-0.6153811250966881
2024-09-02,20.0,GOOGL,Google stock,-0.6153811250966881
2024-09-09,25.0,GOOGL,Google stock,-0.28444956767605534
2024-09-16,24.0,GOOGL,Google stock,-0.3506358791601819
2024-09-23,21.0,GOOGL,Google stock,-0.5491948136125615
2024-09-30,21.0,GOOGL,Google stock,-0.5491948136125615
2024-10-07,24.0,GOOGL,Google stock,-0.3506358791601819
2024-10-14,22.0,GOOGL,Google stock,-0.483008502128435
2024-10-21,21.0,GOOGL,Google stock,-0.5491948136125615
2024-10-28,37.0,GOOGL,Google stock,0.5097861701334633
2024-11-04,30.0,GOOGL,Google stock,0.046481989744577415
2024-11-11,28.0,GOOGL,Google stock,-0.08589063322367568
2024-11-18,31.0,GOOGL,Google stock,0.11266830122870396
2024-11-25,22.0,GOOGL,Google stock,-0.483008502128435
2024-12-02,26.0,GOOGL,Google stock,-0.2182632561919288
2024-12-09,41.0,GOOGL,Google stock,0.7745314160699694
2024-12-16,33.0,GOOGL,Google stock,0.24504092419695706
2024-12-23,22.0,GOOGL,Google stock,-0.483008502128435
2024-12-30,22.0,GOOGL,Google stock,-0.483008502128435
2025-01-06,24.0,GOOGL,Google stock,-0.3506358791601819
2025-01-13,24.0,GOOGL,Google stock,-0.3506358791601819
2025-01-20,27.0,GOOGL,Google stock,-0.15207694470780223
2025-01-27,42.0,GOOGL,Google stock,0.840717727554096
2025-02-03,51.0,GOOGL,Google stock,1.436394530911235
2025-02-10,31.0,GOOGL,Google stock,0.11266830122870396
2025-02-17,25.0,GOOGL,Google stock,-0.28444956767605534
2025-02-24,30.0,GOOGL,Google stock,0.046481989744577415
2025-03-03,32.0,GOOGL,Google stock,0.1788546127128305
2025-03-10,32.0,GOOGL,Google stock,0.1788546127128305
2025-03-17,29.0,GOOGL,Google stock,-0.019704321739549138
2025-03-24,25.0,GOOGL,Google stock,-0.28444956767605534
2025-03-31,38.0,GOOGL,Google stock,0.5759724816175898
2025-04-07,45.0,GOOGL,Google stock,1.0392766620064757
2025-04-14,26.0,GOOGL,Google stock,-0.2182632561919288
2025-04-21,35.0,GOOGL,Google stock,0.37741354716521014
2025-04-28,27.0,GOOGL,Google stock,-0.15207694470780223
2025-05-05,37.0,GOOGL,Google stock,0.5097861701334633
2025-05-12,31.0,GOOGL,Google stock,0.11266830122870396
2025-05-19,32.0,GOOGL,Google stock,0.1788546127128305
2025-05-26,24.0,GOOGL,Google stock,-0.3506358791601819
2025-06-02,29.0,GOOGL,Google stock,-0.019704321739549138
2025-06-09,30.0,GOOGL,Google stock,0.046481989744577415
2025-06-16,24.0,GOOGL,Google stock,-0.3506358791601819
2025-06-23,30.0,GOOGL,Google stock,0.046481989744577415
2025-06-30,26.0,GOOGL,Google stock,-0.2182632561919288
2025-07-07,26.0,GOOGL,Google stock,-0.2182632561919288
2025-07-14,31.0,GOOGL,Google stock,0.11266830122870396
2025-07-21,46.0,GOOGL,Google stock,1.1054629734906023
2025-07-28,48.0,GOOGL,Google stock,1.2378355964588552
2025-08-04,72.0,GOOGL,Google stock,2.8263070720778924
2025-08-11,99.0,GOOGL,Google stock,4.613337482149309
2025-08-18,84.0,GOOGL,Google stock,3.620542809887411
2025-08-25,73.0,GOOGL,Google stock,2.892493383562019
2025-09-01,83.0,GOOGL,Google stock,3.5543564984032847
2025-09-08,78.0,GOOGL,Google stock,3.223424940982652
2025-09-15,70.0,GOOGL,Google stock,2.6939344491096393
2025-09-22,76.0,GOOGL,Google stock,3.0910523180143987
2025-09-29,65.0,GOOGL,Google stock,2.3630028916890065
2025-10-06,63.0,GOOGL,Google stock,2.2306302687207533
2025-10-13,63.0,GOOGL,Google stock,2.2306302687207533
2025-10-20,65.0,GOOGL,Google stock,2.3630028916890065
2025-10-27,75.0,GOOGL,Google stock,3.024866006530272
2025-11-03,64.0,GOOGL,Google stock,2.29681658020488
2025-11-10,71.0,GOOGL,Google stock,2.760120760593766
2025-11-17,87.0,GOOGL,Google stock,3.8191017443397905
2025-11-24,100.0,GOOGL,Google stock,4.679523793633436
2025-12-01,93.0,GOOGL,Google stock,4.21621961324455
2025-12-08,47.0,GOOGL,Google stock,1.1716492849747286
2025-12-15,34.0,GOOGL,Google stock,0.3112272356810836
2025-12-22,29.0,GOOGL,Google stock,-0.019704321739549138
2020-12-21,100.0,HD,HD,3.052313825961795
2020-12-28,99.0,HD,HD,2.932507650321047
2021-01-04,95.0,HD,HD,2.4532829477580567
2021-01-11,89.0,HD,HD,1.7344458939135712
2021-01-18,89.0,HD,HD,1.7344458939135712
2021-01-25,87.0,HD,HD,1.494833542632076
2021-02-01,86.0,HD,HD,1.3750273669913284
2021-02-08,86.0,HD,HD,1.3750273669913284
2021-02-15,85.0,HD,HD,1.2552211913505809
2021-02-22,87.0,HD,HD,1.494833542632076
2021-03-01,86.0,HD,HD,1.3750273669913284
2021-03-08,86.0,HD,HD,1.3750273669913284
2021-03-15,84.0,HD,HD,1.1354150157098333
2021-03-22,80.0,HD,HD,0.656190313146843
2021-03-29,89.0,HD,HD,1.7344458939135712
2021-04-05,87.0,HD,HD,1.494833542632076
2021-04-12,77.0,HD,HD,0.29677178622460015
2021-04-19,83.0,HD,HD,1.0156088400690857
2021-04-26,80.0,HD,HD,0.656190313146843
2021-05-03,82.0,HD,HD,0.8958026644283381
2021-05-10,90.0,HD,HD,1.8542520695543188
2021-05-17,89.0,HD,HD,1.7344458939135712
2021-05-24,86.0,HD,HD,1.3750273669913284
2021-05-31,85.0,HD,HD,1.2552211913505809
2021-06-07,90.0,HD,HD,1.8542520695543188
2021-06-14,88.0,HD,HD,1.6146397182728236
2021-06-21,87.0,HD,HD,1.494833542632076
2021-06-28,85.0,HD,HD,1.2552211913505809
2021-07-05,84.0,HD,HD,1.1354150157098333
2021-07-12,85.0,HD,HD,1.2552211913505809
2021-07-19,90.0,HD,HD,1.8542520695543188
2021-07-26,87.0,HD,HD,1.494833542632076
2021-08-02,81.0,HD,HD,0.7759964887875905
2021-08-09,83.0,HD,HD,1.0156088400690857
2021-08-16,86.0,HD,HD,1.3750273669913284
2021-08-23,85.0,HD,HD,1.2552211913505809
2021-08-30,85.0,HD,HD,1.2552211913505809
2021-09-06,82.0,HD,HD,0.8958026644283381
2021-09-13,84.0,HD,HD,1.1354150157098333
2021-09-20,88.0,HD,HD,1.6146397182728236
2021-09-27,83.0,HD,HD,1.0156088400690857
2021-10-04,79.0,HD,HD,0.5363841375060954
2021-10-11,78.0,HD,HD,0.41657796186534773
2021-10-18,82.0,HD,HD,0.8958026644283381
2021-10-25,84.0,HD,HD,1.1354150157098333
2021-11-01,84.0,HD,HD,1.1354150157098333
2021-11-08,82.0,HD,HD,0.8958026644283381
2021-11-15,84.0,HD,HD,1.1354150157098333
2021-11-22,79.0,HD,HD,0.5363841375060954
2021-11-29,83.0,HD,HD,1.0156088400690857
2021-12-06,80.0,HD,HD,0.656190313146843
2021-12-13,84.0,HD,HD,1.1354150157098333
2021-12-20,90.0,HD,HD,1.8542520695543188
2021-12-27,90.0,HD,HD,1.8542520695543188
2022-01-03,91.0,HD,HD,1.9740582451950663
2022-01-10,86.0,HD,HD,1.3750273669913284
2022-01-17,81.0,HD,HD,0.7759964887875905
2022-01-24,81.0,HD,HD,0.7759964887875905
2022-01-31,84.0,HD,HD,1.1354150157098333
2022-02-07,80.0,HD,HD,0.656190313146843
2022-02-14,81.0,HD,HD,0.7759964887875905
2022-02-21,78.0,HD,HD,0.41657796186534773
2022-02-28,79.0,HD,HD,0.5363841375060954
2022-03-07,76.0,HD,HD,0.17696561058385255
2022-03-14,78.0,HD,HD,0.41657796186534773
2022-03-21,80.0,HD,HD,0.656190313146843
2022-03-28,80.0,HD,HD,0.656190313146843
2022-04-04,74.0,HD,HD,-0.06264674069764263
2022-04-11,83.0,HD,HD,1.0156088400690857
2022-04-18,82.0,HD,HD,0.8958026644283381
2022-04-25,78.0,HD,HD,0.41657796186534773
2022-05-02,84.0,HD,HD,1.1354150157098333
2022-05-09,82.0,HD,HD,0.8958026644283381
2022-05-16,80.0,HD,HD,0.656190313146843
2022-05-23,81.0,HD,HD,0.7759964887875905
2022-05-30,79.0,HD,HD,0.5363841375060954
2022-06-06,83.0,HD,HD,1.0156088400690857
2022-06-13,85.0,HD,HD,1.2552211913505809
2022-06-20,86.0,HD,HD,1.3750273669913284
2022-06-27,82.0,HD,HD,0.8958026644283381
2022-07-04,83.0,HD,HD,1.0156088400690857
2022-07-11,84.0,HD,HD,1.1354150157098333
2022-07-18,84.0,HD,HD,1.1354150157098333
2022-07-25,83.0,HD,HD,1.0156088400690857
2022-08-01,82.0,HD,HD,0.8958026644283381
2022-08-08,85.0,HD,HD,1.2552211913505809
2022-08-15,86.0,HD,HD,1.3750273669913284
2022-08-22,79.0,HD,HD,0.5363841375060954
2022-08-29,82.0,HD,HD,0.8958026644283381
2022-09-05,78.0,HD,HD,0.41657796186534773
2022-09-12,76.0,HD,HD,0.17696561058385255
2022-09-19,79.0,HD,HD,0.5363841375060954
2022-09-26,76.0,HD,HD,0.17696561058385255
2022-10-03,77.0,HD,HD,0.29677178622460015
2022-10-10,76.0,HD,HD,0.17696561058385255
2022-10-17,77.0,HD,HD,0.29677178622460015
2022-10-24,83.0,HD,HD,1.0156088400690857
2022-10-31,73.0,HD,HD,-0.18245291633839023
2022-11-07,75.0,HD,HD,0.057159434943104964
2022-11-14,75.0,HD,HD,0.057159434943104964
2022-11-21,75.0,HD,HD,0.057159434943104964
2022-11-28,74.0,HD,HD,-0.06264674069764263
2022-12-05,79.0,HD,HD,0.5363841375060954
2022-12-12,78.0,HD,HD,0.41657796186534773
2022-12-19,80.0,HD,HD,0.656190313146843
2022-12-26,85.0,HD,HD,1.2552211913505809
2023-01-02,79.0,HD,HD,0.5363841375060954
2023-01-09,77.0,HD,HD,0.29677178622460015
2023-01-16,74.0,HD,HD,-0.06264674069764263
2023-01-23,78.0,HD,HD,0.41657796186534773
2023-01-30,79.0,HD,HD,0.5363841375060954
2023-02-06,73.0,HD,HD,-0.18245291633839023
2023-02-13,72.0,HD,HD,-0.3022590919791378
2023-02-20,74.0,HD,HD,-0.06264674069764263
2023-02-27,71.0,HD,HD,-0.4220652676198854
2023-03-06,73.0,HD,HD,-0.18245291633839023
2023-03-13,73.0,HD,HD,-0.18245291633839023
2023-03-20,73.0,HD,HD,-0.18245291633839023
2023-03-27,68.0,HD,HD,-0.7814837945421281
2023-04-03,71.0,HD,HD,-0.4220652676198854
2023-04-10,72.0,HD,HD,-0.3022590919791378
2023-04-17,70.0,HD,HD,-0.541871443260633
2023-04-24,73.0,HD,HD,-0.18245291633839023
2023-05-01,72.0,HD,HD,-0.3022590919791378
2023-05-08,70.0,HD,HD,-0.541871443260633
2023-05-15,74.0,HD,HD,-0.06264674069764263
2023-05-22,73.0,HD,HD,-0.18245291633839023
2023-05-29,72.0,HD,HD,-0.3022590919791378
2023-06-05,71.0,HD,HD,-0.4220652676198854
2023-06-12,72.0,HD,HD,-0.3022590919791378
2023-06-19,75.0,HD,HD,0.057159434943104964
2023-06-26,74.0,HD,HD,-0.06264674069764263
2023-07-03,74.0,HD,HD,-0.06264674069764263
2023-07-10,76.0,HD,HD,0.17696561058385255
2023-07-17,69.0,HD,HD,-0.6616776189013805
2023-07-24,72.0,HD,HD,-0.3022590919791378
2023-07-31,71.0,HD,HD,-0.4220652676198854
2023-08-07,71.0,HD,HD,-0.4220652676198854
2023-08-14,71.0,HD,HD,-0.4220652676198854
2023-08-21,72.0,HD,HD,-0.3022590919791378
2023-08-28,72.0,HD,HD,-0.3022590919791378
2023-09-04,70.0,HD,HD,-0.541871443260633
2023-09-11,67.0,HD,HD,-0.9012899701828758
2023-09-18,70.0,HD,HD,-0.541871443260633
2023-09-25,70.0,HD,HD,-0.541871443260633
2023-10-02,64.0,HD,HD,-1.2607084971051186
2023-10-09,69.0,HD,HD,-0.6616776189013805
2023-10-16,63.0,HD,HD,-1.3805146727458661
2023-10-23,67.0,HD,HD,-0.9012899701828758
2023-10-30,70.0,HD,HD,-0.541871443260633
2023-11-06,73.0,HD,HD,-0.18245291633839023
2023-11-13,72.0,HD,HD,-0.3022590919791378
2023-11-20,69.0,HD,HD,-0.6616776189013805
2023-11-27,71.0,HD,HD,-0.4220652676198854
2023-12-04,68.0,HD,HD,-0.7814837945421281
2023-12-11,66.0,HD,HD,-1.0210961458236234
2023-12-18,71.0,HD,HD,-0.4220652676198854
2023-12-25,76.0,HD,HD,0.17696561058385255
2024-01-01,70.0,HD,HD,-0.541871443260633
2024-01-08,67.0,HD,HD,-0.9012899701828758
2024-01-15,70.0,HD,HD,-0.541871443260633
2024-01-22,73.0,HD,HD,-0.18245291633839023
2024-01-29,73.0,HD,HD,-0.18245291633839023
2024-02-05,72.0,HD,HD,-0.3022590919791378
2024-02-12,71.0,HD,HD,-0.4220652676198854
2024-02-19,69.0,HD,HD,-0.6616776189013805
2024-02-26,69.0,HD,HD,-0.6616776189013805
2024-03-04,71.0,HD,HD,-0.4220652676198854
2024-03-11,65.0,HD,HD,-1.140902321464371
2024-03-18,67.0,HD,HD,-0.9012899701828758
2024-03-25,69.0,HD,HD,-0.6616776189013805
2024-04-01,65.0,HD,HD,-1.140902321464371
2024-04-08,70.0,HD,HD,-0.541871443260633
2024-04-15,68.0,HD,HD,-0.7814837945421281
2024-04-22,68.0,HD,HD,-0.7814837945421281
2024-04-29,70.0,HD,HD,-0.541871443260633
2024-05-06,71.0,HD,HD,-0.4220652676198854
2024-05-13,70.0,HD,HD,-0.541871443260633
2024-05-20,63.0,HD,HD,-1.3805146727458661
2024-05-27,72.0,HD,HD,-0.3022590919791378
2024-06-03,70.0,HD,HD,-0.541871443260633
2024-06-10,71.0,HD,HD,-0.4220652676198854
2024-06-17,72.0,HD,HD,-0.3022590919791378
2024-06-24,70.0,HD,HD,-0.541871443260633
2024-07-01,73.0,HD,HD,-0.18245291633839023
2024-07-08,69.0,HD,HD,-0.6616776189013805
2024-07-15,72.0,HD,HD,-0.3022590919791378
2024-07-22,67.0,HD,HD,-0.9012899701828758
2024-07-29,74.0,HD,HD,-0.06264674069764263
2024-08-05,70.0,HD,HD,-0.541871443260633
2024-08-12,73.0,HD,HD,-0.18245291633839023
2024-08-19,72.0,HD,HD,-0.3022590919791378
2024-08-26,70.0,HD,HD,-0.541871443260633
2024-09-02,70.0,HD,HD,-0.541871443260633
2024-09-09,72.0,HD,HD,-0.3022590919791378
2024-09-16,69.0,HD,HD,-0.6616776189013805
2024-09-23,70.0,HD,HD,-0.541871443260633
2024-09-30,67.0,HD,HD,-0.9012899701828758
2024-10-07,70.0,HD,HD,-0.541871443260633
2024-10-14,70.0,HD,HD,-0.541871443260633
2024-10-21,70.0,HD,HD,-0.541871443260633
2024-10-28,71.0,HD,HD,-0.4220652676198854
2024-11-04,71.0,HD,HD,-0.4220652676198854
2024-11-11,73.0,HD,HD,-0.18245291633839023
2024-11-18,70.0,HD,HD,-0.541871443260633
2024-11-25,73.0,HD,HD,-0.18245291633839023
2024-12-02,72.0,HD,HD,-0.3022590919791378
2024-12-09,67.0,HD,HD,-0.9012899701828758
2024-12-16,71.0,HD,HD,-0.4220652676198854
2024-12-23,79.0,HD,HD,0.5363841375060954
2024-12-30,74.0,HD,HD,-0.06264674069764263
2025-01-06,70.0,HD,HD,-0.541871443260633
2025-01-13,72.0,HD,HD,-0.3022590919791378
2025-01-20,68.0,HD,HD,-0.7814837945421281
2025-01-27,71.0,HD,HD,-0.4220652676198854
2025-02-03,66.0,HD,HD,-1.0210961458236234
2025-02-10,67.0,HD,HD,-0.9012899701828758
2025-02-17,67.0,HD,HD,-0.9012899701828758
2025-02-24,70.0,HD,HD,-0.541871443260633
2025-03-03,58.0,HD,HD,-1.979545550949604
2025-03-10,60.0,HD,HD,-1.7399331996681089
2025-03-17,62.0,HD,HD,-1.5003208483866137
2025-03-24,61.0,HD,HD,-1.6201270240273613
2025-03-31,68.0,HD,HD,-0.7814837945421281
2025-04-07,63.0,HD,HD,-1.3805146727458661
2025-04-14,63.0,HD,HD,-1.3805146727458661
2025-04-21,65.0,HD,HD,-1.140902321464371
2025-04-28,65.0,HD,HD,-1.140902321464371
2025-05-05,64.0,HD,HD,-1.2607084971051186
2025-05-12,66.0,HD,HD,-1.0210961458236234
2025-05-19,64.0,HD,HD,-1.2607084971051186
2025-05-26,61.0,HD,HD,-1.6201270240273613
2025-06-02,63.0,HD,HD,-1.3805146727458661
2025-06-09,63.0,HD,HD,-1.3805146727458661
2025-06-16,64.0,HD,HD,-1.2607084971051186
2025-06-23,65.0,HD,HD,-1.140902321464371
2025-06-30,65.0,HD,HD,-1.140902321464371
2025-07-07,65.0,HD,HD,-1.140902321464371
2025-07-14,65.0,HD,HD,-1.140902321464371
2025-07-21,61.0,HD,HD,-1.6201270240273613
2025-07-28,65.0,HD,HD,-1.140902321464371
2025-08-04,64.0,HD,HD,-1.2607084971051186
2025-08-11,65.0,HD,HD,-1.140902321464371
2025-08-18,64.0,HD,HD,-1.2607084971051186
2025-08-25,64.0,HD,HD,-1.2607084971051186
2025-09-01,67.0,HD,HD,-0.9012899701828758
2025-09-08,66.0,HD,HD,-1.0210961458236234
2025-09-15,66.0,HD,HD,-1.0210961458236234
2025-09-22,62.0,HD,HD,-1.5003208483866137
2025-09-29,65.0,HD,HD,-1.140902321464371
2025-10-06,63.0,HD,HD,-1.3805146727458661
2025-10-13,61.0,HD,HD,-1.6201270240273613
2025-10-20,61.0,HD,HD,-1.6201270240273613
2025-10-27,60.0,HD,HD,-1.7399331996681089
2025-11-03,59.0,HD,HD,-1.8597393753088565
2025-11-10,61.0,HD,HD,-1.6201270240273613
2025-11-17,62.0,HD,HD,-1.5003208483866137
2025-11-24,63.0,HD,HD,-1.3805146727458661
2025-12-01,62.0,HD,HD,-1.5003208483866137
2025-12-08,61.0,HD,HD,-1.6201270240273613
2025-12-15,65.0,HD,HD,-1.140902321464371
2025-12-22,68.0,HD,HD,-0.7814837945421281
2020-12-21,0.0,HD,Home Depot earnings,-0.3800359581784532
2020-12-28,1.0,HD,Home Depot earnings,-0.2686607668554613
2021-01-04,0.0,HD,Home Depot earnings,-0.3800359581784532
2021-01-11,1.0,HD,Home Depot earnings,-0.2686607668554613
2021-01-18,1.0,HD,Home Depot earnings,-0.2686607668554613
2021-01-25,1.0,HD,Home Depot earnings,-0.2686607668554613
2021-02-01,1.0,HD,Home Depot earnings,-0.2686607668554613
2021-02-08,1.0,HD,Home Depot earnings,-0.2686607668554613
2021-02-15,3.0,HD,Home Depot earnings,-0.045910384209477566
2021-02-22,5.0,HD,Home Depot earnings,0.1768399984365062
2021-03-01,1.0,HD,Home Depot earnings,-0.2686607668554613
2021-03-08,1.0,HD,Home Depot earnings,-0.2686607668554613
2021-03-15,0.0,HD,Home Depot earnings,-0.3800359581784532
2021-03-22,0.0,HD,Home Depot earnings,-0.3800359581784532
2021-03-29,0.0,HD,Home Depot earnings,-0.3800359581784532
2021-04-05,1.0,HD,Home Depot earnings,-0.2686607668554613
2021-04-12,1.0,HD,Home Depot earnings,-0.2686607668554613
2021-04-19,1.0,HD,Home Depot earnings,-0.2686607668554613
2021-04-26,1.0,HD,Home Depot earnings,-0.2686607668554613
2021-05-03,2.0,HD,Home Depot earnings,-0.15728557553246944
2021-05-10,2.0,HD,Home Depot earnings,-0.15728557553246944
2021-05-17,5.0,HD,Home Depot earnings,0.1768399984365062
2021-05-24,0.0,HD,Home Depot earnings,-0.3800359581784532
2021-05-31,1.0,HD,Home Depot earnings,-0.2686607668554613
2021-06-07,0.0,HD,Home Depot earnings,-0.3800359581784532
2021-06-14,0.0,HD,Home Depot earnings,-0.3800359581784532
2021-06-21,1.0,HD,Home Depot earnings,-0.2686607668554613
2021-06-28,1.0,HD,Home Depot earnings,-0.2686607668554613
2021-07-05,0.0,HD,Home Depot earnings,-0.3800359581784532
2021-07-12,1.0,HD,Home Depot earnings,-0.2686607668554613
2021-07-19,1.0,HD,Home Depot earnings,-0.2686607668554613
2021-07-26,2.0,HD,Home Depot earnings,-0.15728557553246944
2021-08-02,1.0,HD,Home Depot earnings,-0.2686607668554613
2021-08-09,2.0,HD,Home Depot earnings,-0.15728557553246944
2021-08-16,6.0,HD,Home Depot earnings,0.28821518975949806
2021-08-23,1.0,HD,Home Depot earnings,-0.2686607668554613
2021-08-30,0.0,HD,Home Depot earnings,-0.3800359581784532
2021-09-06,0.0,HD,Home Depot earnings,-0.3800359581784532
2021-09-13,0.0,HD,Home Depot earnings,-0.3800359581784532
2021-09-20,1.0,HD,Home Depot earnings,-0.2686607668554613
2021-09-27,0.0,HD,Home Depot earnings,-0.3800359581784532
2021-10-04,1.0,HD,Home Depot earnings,-0.2686607668554613
2021-10-11,0.0,HD,Home Depot earnings,-0.3800359581784532
2021-10-18,1.0,HD,Home Depot earnings,-0.2686607668554613
2021-10-25,1.0,HD,Home Depot earnings,-0.2686607668554613
2021-11-01,1.0,HD,Home Depot earnings,-0.2686607668554613
2021-11-08,2.0,HD,Home Depot earnings,-0.15728557553246944
2021-11-15,7.0,HD,Home Depot earnings,0.39959038108248995
2021-11-22,1.0,HD,Home Depot earnings,-0.2686607668554613
2021-11-29,0.0,HD,Home Depot earnings,-0.3800359581784532
2021-12-06,0.0,HD,Home Depot earnings,-0.3800359581784532
2021-12-13,0.0,HD,Home Depot earnings,-0.3800359581784532
2021-12-20,0.0,HD,Home Depot earnings,-0.3800359581784532
2021-12-27,0.0,HD,Home Depot earnings,-0.3800359581784532
2022-01-03,0.0,HD,Home Depot earnings,-0.3800359581784532
2022-01-10,0.0,HD,Home Depot earnings,-0.3800359581784532
2022-01-17,2.0,HD,Home Depot earnings,-0.15728557553246944
2022-01-24,1.0,HD,Home Depot earnings,-0.2686607668554613
2022-01-31,1.0,HD,Home Depot earnings,-0.2686607668554613
2022-02-07,2.0,HD,Home Depot earnings,-0.15728557553246944
2022-02-14,3.0,HD,Home Depot earnings,-0.045910384209477566
2022-02-21,8.0,HD,Home Depot earnings,0.5109655724054818
2022-02-28,1.0,HD,Home Depot earnings,-0.2686607668554613
2022-03-07,1.0,HD,Home Depot earnings,-0.2686607668554613
2022-03-14,1.0,HD,Home Depot earnings,-0.2686607668554613
2022-03-21,1.0,HD,Home Depot earnings,-0.2686607668554613
2022-03-28,1.0,HD,Home Depot earnings,-0.2686607668554613
2022-04-04,1.0,HD,Home Depot earnings,-0.2686607668554613
2022-04-11,2.0,HD,Home Depot earnings,-0.15728557553246944
2022-04-18,2.0,HD,Home Depot earnings,-0.15728557553246944
2022-04-25,3.0,HD,Home Depot earnings,-0.045910384209477566
2022-05-02,2.0,HD,Home Depot earnings,-0.15728557553246944
2022-05-09,2.0,HD,Home Depot earnings,-0.15728557553246944
2022-05-16,9.0,HD,Home Depot earnings,0.6223407637284737
2022-05-23,2.0,HD,Home Depot earnings,-0.15728557553246944
2022-05-30,1.0,HD,Home Depot earnings,-0.2686607668554613
2022-06-06,1.0,HD,Home Depot earnings,-0.2686607668554613
2022-06-13,2.0,HD,Home Depot earnings,-0.15728557553246944
2022-06-20,2.0,HD,Home Depot earnings,-0.15728557553246944
2022-06-27,1.0,HD,Home Depot earnings,-0.2686607668554613
2022-07-04,2.0,HD,Home Depot earnings,-0.15728557553246944
2022-07-11,1.0,HD,Home Depot earnings,-0.2686607668554613
2022-07-18,2.0,HD,Home Depot earnings,-0.15728557553246944
2022-07-25,3.0,HD,Home Depot earnings,-0.045910384209477566
2022-08-01,2.0,HD,Home Depot earnings,-0.15728557553246944
2022-08-08,3.0,HD,Home Depot earnings,-0.045910384209477566
2022-08-15,12.0,HD,Home Depot earnings,0.9564663376974494
2022-08-22,2.0,HD,Home Depot earnings,-0.15728557553246944
2022-08-29,1.0,HD,Home Depot earnings,-0.2686607668554613
2022-09-05,1.0,HD,Home Depot earnings,-0.2686607668554613
2022-09-12,1.0,HD,Home Depot earnings,-0.2686607668554613
2022-09-19,1.0,HD,Home Depot earnings,-0.2686607668554613
2022-09-26,0.0,HD,Home Depot earnings,-0.3800359581784532
2022-10-03,1.0,HD,Home Depot earnings,-0.2686607668554613
2022-10-10,0.0,HD,Home Depot earnings,-0.3800359581784532
2022-10-17,1.0,HD,Home Depot earnings,-0.2686607668554613
2022-10-24,2.0,HD,Home Depot earnings,-0.15728557553246944
2022-10-31,1.0,HD,Home Depot earnings,-0.2686607668554613
2022-11-07,2.0,HD,Home Depot earnings,-0.15728557553246944
2022-11-14,8.0,HD,Home Depot earnings,0.5109655724054818
2022-11-21,1.0,HD,Home Depot earnings,-0.2686607668554613
2022-11-28,1.0,HD,Home Depot earnings,-0.2686607668554613
2022-12-05,0.0,HD,Home Depot earnings,-0.3800359581784532
2022-12-12,1.0,HD,Home Depot earnings,-0.2686607668554613
2022-12-19,0.0,HD,Home Depot earnings,-0.3800359581784532
2022-12-26,0.0,HD,Home Depot earnings,-0.3800359581784532
2023-01-02,0.0,HD,Home Depot earnings,-0.3800359581784532
2023-01-09,0.0,HD,Home Depot earnings,-0.3800359581784532
2023-01-16,1.0,HD,Home Depot earnings,-0.2686607668554613
2023-01-23,1.0,HD,Home Depot earnings,-0.2686607668554613
2023-01-30,2.0,HD,Home Depot earnings,-0.15728557553246944
2023-02-06,1.0,HD,Home Depot earnings,-0.2686607668554613
2023-02-13,2.0,HD,Home Depot earnings,-0.15728557553246944
2023-02-20,9.0,HD,Home Depot earnings,0.6223407637284737
2023-02-27,2.0,HD,Home Depot earnings,-0.15728557553246944
2023-03-06,1.0,HD,Home Depot earnings,-0.2686607668554613
2023-03-13,0.0,HD,Home Depot earnings,-0.3800359581784532
2023-03-20,0.0,HD,Home Depot earnings,-0.3800359581784532
2023-03-27,1.0,HD,Home Depot earnings,-0.2686607668554613
2023-04-03,0.0,HD,Home Depot earnings,-0.3800359581784532
2023-04-10,0.0,HD,Home Depot earnings,-0.3800359581784532
2023-04-17,1.0,HD,Home Depot earnings,-0.2686607668554613
2023-04-24,2.0,HD,Home Depot earnings,-0.15728557553246944
2023-05-01,2.0,HD,Home Depot earnings,-0.15728557553246944
2023-05-08,2.0,HD,Home Depot earnings,-0.15728557553246944
2023-05-15,12.0,HD,Home Depot earnings,0.9564663376974494
2023-05-22,2.0,HD,Home Depot earnings,-0.15728557553246944
2023-05-29,1.0,HD,Home Depot earnings,-0.2686607668554613
2023-06-05,1.0,HD,Home Depot earnings,-0.2686607668554613
2023-06-12,1.0,HD,Home Depot earnings,-0.2686607668554613
2023-06-19,0.0,HD,Home Depot earnings,-0.3800359581784532
2023-06-26,1.0,HD,Home Depot earnings,-0.2686607668554613
2023-07-03,1.0,HD,Home Depot earnings,-0.2686607668554613
2023-07-10,1.0,HD,Home Depot earnings,-0.2686607668554613
2023-07-17,1.0,HD,Home Depot earnings,-0.2686607668554613
2023-07-24,1.0,HD,Home Depot earnings,-0.2686607668554613
2023-07-31,1.0,HD,Home Depot earnings,-0.2686607668554613
2023-08-07,1.0,HD,Home Depot earnings,-0.2686607668554613
2023-08-14,9.0,HD,Home Depot earnings,0.6223407637284737
2023-08-21,2.0,HD,Home Depot earnings,-0.15728557553246944
2023-08-28,1.0,HD,Home Depot earnings,-0.2686607668554613
2023-09-04,1.0,HD,Home Depot earnings,-0.2686607668554613
2023-09-11,1.0,HD,Home Depot earnings,-0.2686607668554613
2023-09-18,0.0,HD,Home Depot earnings,-0.3800359581784532
2023-09-25,1.0,HD,Home Depot earnings,-0.2686607668554613
2023-10-02,0.0,HD,Home Depot earnings,-0.3800359581784532
2023-10-09,1.0,HD,Home Depot earnings,-0.2686607668554613
2023-10-16,1.0,HD,Home Depot earnings,-0.2686607668554613
2023-10-23,1.0,HD,Home Depot earnings,-0.2686607668554613
2023-10-30,1.0,HD,Home Depot earnings,-0.2686607668554613
2023-11-06,1.0,HD,Home Depot earnings,-0.2686607668554613
2023-11-13,6.0,HD,Home Depot earnings,0.28821518975949806
2023-11-20,1.0,HD,Home Depot earnings,-0.2686607668554613
2023-11-27,1.0,HD,Home Depot earnings,-0.2686607668554613
2023-12-04,0.0,HD,Home Depot earnings,-0.3800359581784532
2023-12-11,1.0,HD,Home Depot earnings,-0.2686607668554613
2023-12-18,0.0,HD,Home Depot earnings,-0.3800359581784532
2023-12-25,0.0,HD,Home Depot earnings,-0.3800359581784532
2024-01-01,0.0,HD,Home Depot earnings,-0.3800359581784532
2024-01-08,1.0,HD,Home Depot earnings,-0.2686607668554613
2024-01-15,0.0,HD,Home Depot earnings,-0.3800359581784532
2024-01-22,1.0,HD,Home Depot earnings,-0.2686607668554613
2024-01-29,1.0,HD,Home Depot earnings,-0.2686607668554613
2024-02-05,1.0,HD,Home Depot earnings,-0.2686607668554613
2024-02-12,2.0,HD,Home Depot earnings,-0.15728557553246944
2024-02-19,8.0,HD,Home Depot earnings,0.5109655724054818
2024-02-26,2.0,HD,Home Depot earnings,-0.15728557553246944
2024-03-04,1.0,HD,Home Depot earnings,-0.2686607668554613
2024-03-11,1.0,HD,Home Depot earnings,-0.2686607668554613
2024-03-18,0.0,HD,Home Depot earnings,-0.3800359581784532
2024-03-25,0.0,HD,Home Depot earnings,-0.3800359581784532
2024-04-01,1.0,HD,Home Depot earnings,-0.2686607668554613
2024-04-08,1.0,HD,Home Depot earnings,-0.2686607668554613
2024-04-15,1.0,HD,Home Depot earnings,-0.2686607668554613
2024-04-22,2.0,HD,Home Depot earnings,-0.15728557553246944
2024-04-29,2.0,HD,Home Depot earnings,-0.15728557553246944
2024-05-06,1.0,HD,Home Depot earnings,-0.2686607668554613
2024-05-13,8.0,HD,Home Depot earnings,0.5109655724054818
2024-05-20,3.0,HD,Home Depot earnings,-0.045910384209477566
2024-05-27,1.0,HD,Home Depot earnings,-0.2686607668554613
2024-06-03,1.0,HD,Home Depot earnings,-0.2686607668554613
2024-06-10,1.0,HD,Home Depot earnings,-0.2686607668554613
2024-06-17,1.0,HD,Home Depot earnings,-0.2686607668554613
2024-06-24,0.0,HD,Home Depot earnings,-0.3800359581784532
2024-07-01,1.0,HD,Home Depot earnings,-0.2686607668554613
2024-07-08,1.0,HD,Home Depot earnings,-0.2686607668554613
2024-07-15,1.0,HD,Home Depot earnings,-0.2686607668554613
2024-07-22,1.0,HD,Home Depot earnings,-0.2686607668554613
2024-07-29,1.0,HD,Home Depot earnings,-0.2686607668554613
2024-08-05,2.0,HD,Home Depot earnings,-0.15728557553246944
2024-08-12,11.0,HD,Home Depot earnings,0.8450911463744575
2024-08-19,3.0,HD,Home Depot earnings,-0.045910384209477566
2024-08-26,1.0,HD,Home Depot earnings,-0.2686607668554613
2024-09-02,1.0,HD,Home Depot earnings,-0.2686607668554613
2024-09-09,1.0,HD,Home Depot earnings,-0.2686607668554613
2024-09-16,0.0,HD,Home Depot earnings,-0.3800359581784532
2024-09-23,0.0,HD,Home Depot earnings,-0.3800359581784532
2024-09-30,0.0,HD,Home Depot earnings,-0.3800359581784532
2024-10-07,1.0,HD,Home Depot earnings,-0.2686607668554613
2024-10-14,1.0,HD,Home Depot earnings,-0.2686607668554613
2024-10-21,1.0,HD,Home Depot earnings,-0.2686607668554613
2024-10-28,2.0,HD,Home Depot earnings,-0.15728557553246944
2024-11-04,1.0,HD,Home Depot earnings,-0.2686607668554613
2024-11-11,6.0,HD,Home Depot earnings,0.28821518975949806
2024-11-18,2.0,HD,Home Depot earnings,-0.15728557553246944
2024-11-25,1.0,HD,Home Depot earnings,-0.2686607668554613
2024-12-02,0.0,HD,Home Depot earnings,-0.3800359581784532
2024-12-09,0.0,HD,Home Depot earnings,-0.3800359581784532
2024-12-16,0.0,HD,Home Depot earnings,-0.3800359581784532
2024-12-23,0.0,HD,Home Depot earnings,-0.3800359581784532
2024-12-30,0.0,HD,Home Depot earnings,-0.3800359581784532
2025-01-06,1.0,HD,Home Depot earnings,-0.2686607668554613
2025-01-13,0.0,HD,Home Depot earnings,-0.3800359581784532
2025-01-20,0.0,HD,Home Depot earnings,-0.3800359581784532
2025-01-27,2.0,HD,Home Depot earnings,-0.15728557553246944
2025-02-03,2.0,HD,Home Depot earnings,-0.15728557553246944
2025-02-10,1.0,HD,Home Depot earnings,-0.2686607668554613
2025-02-17,2.0,HD,Home Depot earnings,-0.15728557553246944
2025-02-24,8.0,HD,Home Depot earnings,0.5109655724054818
2025-03-03,1.0,HD,Home Depot earnings,-0.2686607668554613
2025-03-10,0.0,HD,Home Depot earnings,-0.3800359581784532
2025-03-17,1.0,HD,Home Depot earnings,-0.2686607668554613
2025-03-24,0.0,HD,Home Depot earnings,-0.3800359581784532
2025-03-31,0.0,HD,Home Depot earnings,-0.3800359581784532
2025-04-07,0.0,HD,Home Depot earnings,-0.3800359581784532
2025-04-14,1.0,HD,Home Depot earnings,-0.2686607668554613
2025-04-21,1.0,HD,Home Depot earnings,-0.2686607668554613
2025-04-28,1.0,HD,Home Depot earnings,-0.2686607668554613
2025-05-05,1.0,HD,Home Depot earnings,-0.2686607668554613
2025-05-12,2.0,HD,Home Depot earnings,-0.15728557553246944
2025-05-19,7.0,HD,Home Depot earnings,0.39959038108248995
2025-05-26,2.0,HD,Home Depot earnings,-0.15728557553246944
2025-06-02,0.0,HD,Home Depot earnings,-0.3800359581784532
2025-06-09,1.0,HD,Home Depot earnings,-0.2686607668554613
2025-06-16,1.0,HD,Home Depot earnings,-0.2686607668554613
2025-06-23,1.0,HD,Home Depot earnings,-0.2686607668554613
2025-06-30,2.0,HD,Home Depot earnings,-0.15728557553246944
2025-07-07,1.0,HD,Home Depot earnings,-0.2686607668554613
2025-07-14,2.0,HD,Home Depot earnings,-0.15728557553246944
2025-07-21,6.0,HD,Home Depot earnings,0.28821518975949806
2025-07-28,10.0,HD,Home Depot earnings,0.7337159550514656
2025-08-04,28.0,HD,Home Depot earnings,2.7384693988653193
2025-08-11,46.0,HD,Home Depot earnings,4.743222842679173
2025-08-18,100.0,HD,Home Depot earnings,10.757483174120734
2025-08-25,28.0,HD,Home Depot earnings,2.7384693988653193
2025-09-01,18.0,HD,Home Depot earnings,1.6247174856354007
2025-09-08,16.0,HD,Home Depot earnings,1.401967102989417
2025-09-15,14.0,HD,Home Depot earnings,1.1792167203434332
2025-09-22,12.0,HD,Home Depot earnings,0.9564663376974494
2025-09-29,13.0,HD,Home Depot earnings,1.0678415290204413
2025-10-06,14.0,HD,Home Depot earnings,1.1792167203434332
2025-10-13,14.0,HD,Home Depot earnings,1.1792167203434332
2025-10-20,23.0,HD,Home Depot earnings,2.1815934422503602
2025-10-27,26.0,HD,Home Depot earnings,2.5157190162193355
2025-11-03,26.0,HD,Home Depot earnings,2.5157190162193355
2025-11-10,31.0,HD,Home Depot earnings,3.072594972834295
2025-11-17,62.0,HD,Home Depot earnings,6.525225903847043
2025-11-24,17.0,HD,Home Depot earnings,1.5133422943124089
2025-12-01,17.0,HD,Home Depot earnings,1.5133422943124089
2025-12-08,4.0,HD,Home Depot earnings,0.06546480711351431
2025-12-15,3.0,HD,Home Depot earnings,-0.045910384209477566
2025-12-22,3.0,HD,Home Depot earnings,-0.045910384209477566
2020-12-21,0.0,HD,Home Depot earnings date,-0.22183627533918682
2020-12-28,0.0,HD,Home Depot earnings date,-0.22183627533918682
2021-01-04,0.0,HD,Home Depot earnings date,-0.22183627533918682
2021-01-11,0.0,HD,Home Depot earnings date,-0.22183627533918682
2021-01-18,0.0,HD,Home Depot earnings date,-0.22183627533918682
2021-01-25,0.0,HD,Home Depot earnings date,-0.22183627533918682
2021-02-01,3.0,HD,Home Depot earnings date,0.1421789906662429
2021-02-08,0.0,HD,Home Depot earnings date,-0.22183627533918682
2021-02-15,0.0,HD,Home Depot earnings date,-0.22183627533918682
2021-02-22,4.0,HD,Home Depot earnings date,0.26351741266805284
2021-03-01,0.0,HD,Home Depot earnings date,-0.22183627533918682
2021-03-08,0.0,HD,Home Depot earnings date,-0.22183627533918682
2021-03-15,0.0,HD,Home Depot earnings date,-0.22183627533918682
2021-03-22,0.0,HD,Home Depot earnings date,-0.22183627533918682
2021-03-29,0.0,HD,Home Depot earnings date,-0.22183627533918682
2021-04-05,0.0,HD,Home Depot earnings date,-0.22183627533918682
2021-04-12,0.0,HD,Home Depot earnings date,-0.22183627533918682
2021-04-19,0.0,HD,Home Depot earnings date,-0.22183627533918682
2021-04-26,0.0,HD,Home Depot earnings date,-0.22183627533918682
2021-05-03,0.0,HD,Home Depot earnings date,-0.22183627533918682
2021-05-10,0.0,HD,Home Depot earnings date,-0.22183627533918682
2021-05-17,0.0,HD,Home Depot earnings date,-0.22183627533918682
2021-05-24,0.0,HD,Home Depot earnings date,-0.22183627533918682
2021-05-31,0.0,HD,Home Depot earnings date,-0.22183627533918682
2021-06-07,0.0,HD,Home Depot earnings date,-0.22183627533918682
2021-06-14,0.0,HD,Home Depot earnings date,-0.22183627533918682
2021-06-21,0.0,HD,Home Depot earnings date,-0.22183627533918682
2021-06-28,0.0,HD,Home Depot earnings date,-0.22183627533918682
2021-07-05,0.0,HD,Home Depot earnings date,-0.22183627533918682
2021-07-12,0.0,HD,Home Depot earnings date,-0.22183627533918682
2021-07-19,0.0,HD,Home Depot earnings date,-0.22183627533918682
2021-07-26,0.0,HD,Home Depot earnings date,-0.22183627533918682
2021-08-02,0.0,HD,Home Depot earnings date,-0.22183627533918682
2021-08-09,0.0,HD,Home Depot earnings date,-0.22183627533918682
2021-08-16,0.0,HD,Home Depot earnings date,-0.22183627533918682
2021-08-23,0.0,HD,Home Depot earnings date,-0.22183627533918682
2021-08-30,0.0,HD,Home Depot earnings date,-0.22183627533918682
2021-09-06,0.0,HD,Home Depot earnings date,-0.22183627533918682
2021-09-13,0.0,HD,Home Depot earnings date,-0.22183627533918682
2021-09-20,0.0,HD,Home Depot earnings date,-0.22183627533918682
2021-09-27,0.0,HD,Home Depot earnings date,-0.22183627533918682
2021-10-04,0.0,HD,Home Depot earnings date,-0.22183627533918682
2021-10-11,0.0,HD,Home Depot earnings date,-0.22183627533918682
2021-10-18,0.0,HD,Home Depot earnings date,-0.22183627533918682
2021-10-25,0.0,HD,Home Depot earnings date,-0.22183627533918682
2021-11-01,0.0,HD,Home Depot earnings date,-0.22183627533918682
2021-11-08,0.0,HD,Home Depot earnings date,-0.22183627533918682
2021-11-15,0.0,HD,Home Depot earnings date,-0.22183627533918682
2021-11-22,0.0,HD,Home Depot earnings date,-0.22183627533918682
2021-11-29,0.0,HD,Home Depot earnings date,-0.22183627533918682
2021-12-06,0.0,HD,Home Depot earnings date,-0.22183627533918682
2021-12-13,0.0,HD,Home Depot earnings date,-0.22183627533918682
2021-12-20,0.0,HD,Home Depot earnings date,-0.22183627533918682
2021-12-27,0.0,HD,Home Depot earnings date,-0.22183627533918682
2022-01-03,0.0,HD,Home Depot earnings date,-0.22183627533918682
2022-01-10,0.0,HD,Home Depot earnings date,-0.22183627533918682
2022-01-17,0.0,HD,Home Depot earnings date,-0.22183627533918682
2022-01-24,0.0,HD,Home Depot earnings date,-0.22183627533918682
2022-01-31,0.0,HD,Home Depot earnings date,-0.22183627533918682
2022-02-07,3.0,HD,Home Depot earnings date,0.1421789906662429
2022-02-14,3.0,HD,Home Depot earnings date,0.1421789906662429
2022-02-21,0.0,HD,Home Depot earnings date,-0.22183627533918682
2022-02-28,0.0,HD,Home Depot earnings date,-0.22183627533918682
2022-03-07,0.0,HD,Home Depot earnings date,-0.22183627533918682
2022-03-14,0.0,HD,Home Depot earnings date,-0.22183627533918682
2022-03-21,0.0,HD,Home Depot earnings date,-0.22183627533918682
2022-03-28,0.0,HD,Home Depot earnings date,-0.22183627533918682
2022-04-04,0.0,HD,Home Depot earnings date,-0.22183627533918682
2022-04-11,0.0,HD,Home Depot earnings date,-0.22183627533918682
2022-04-18,0.0,HD,Home Depot earnings date,-0.22183627533918682
2022-04-25,3.0,HD,Home Depot earnings date,0.1421789906662429
2022-05-02,2.0,HD,Home Depot earnings date,0.020840568664433
2022-05-09,0.0,HD,Home Depot earnings date,-0.22183627533918682
2022-05-16,3.0,HD,Home Depot earnings date,0.1421789906662429
2022-05-23,0.0,HD,Home Depot earnings date,-0.22183627533918682
2022-05-30,0.0,HD,Home Depot earnings date,-0.22183627533918682
2022-06-06,0.0,HD,Home Depot earnings date,-0.22183627533918682
2022-06-13,0.0,HD,Home Depot earnings date,-0.22183627533918682
2022-06-20,0.0,HD,Home Depot earnings date,-0.22183627533918682
2022-06-27,0.0,HD,Home Depot earnings date,-0.22183627533918682
2022-07-04,0.0,HD,Home Depot earnings date,-0.22183627533918682
2022-07-11,0.0,HD,Home Depot earnings date,-0.22183627533918682
2022-07-18,0.0,HD,Home Depot earnings date,-0.22183627533918682
2022-07-25,0.0,HD,Home Depot earnings date,-0.22183627533918682
2022-08-01,0.0,HD,Home Depot earnings date,-0.22183627533918682
2022-08-08,0.0,HD,Home Depot earnings date,-0.22183627533918682
2022-08-15,6.0,HD,Home Depot earnings date,0.5061942566716726
2022-08-22,0.0,HD,Home Depot earnings date,-0.22183627533918682
2022-08-29,0.0,HD,Home Depot earnings date,-0.22183627533918682
2022-09-05,0.0,HD,Home Depot earnings date,-0.22183627533918682
2022-09-12,0.0,HD,Home Depot earnings date,-0.22183627533918682
2022-09-19,0.0,HD,Home Depot earnings date,-0.22183627533918682
2022-09-26,0.0,HD,Home Depot earnings date,-0.22183627533918682
2022-10-03,0.0,HD,Home Depot earnings date,-0.22183627533918682
2022-10-10,0.0,HD,Home Depot earnings date,-0.22183627533918682
2022-10-17,0.0,HD,Home Depot earnings date,-0.22183627533918682
2022-10-24,0.0,HD,Home Depot earnings date,-0.22183627533918682
2022-10-31,0.0,HD,Home Depot earnings date,-0.22183627533918682
2022-11-07,0.0,HD,Home Depot earnings date,-0.22183627533918682
2022-11-14,0.0,HD,Home Depot earnings date,-0.22183627533918682
2022-11-21,0.0,HD,Home Depot earnings date,-0.22183627533918682
2022-11-28,0.0,HD,Home Depot earnings date,-0.22183627533918682
2022-12-05,0.0,HD,Home Depot earnings date,-0.22183627533918682
2022-12-12,0.0,HD,Home Depot earnings date,-0.22183627533918682
2022-12-19,0.0,HD,Home Depot earnings date,-0.22183627533918682
2022-12-26,0.0,HD,Home Depot earnings date,-0.22183627533918682
2023-01-02,0.0,HD,Home Depot earnings date,-0.22183627533918682
2023-01-09,0.0,HD,Home Depot earnings date,-0.22183627533918682
2023-01-16,0.0,HD,Home Depot earnings date,-0.22183627533918682
2023-01-23,0.0,HD,Home Depot earnings date,-0.22183627533918682
2023-01-30,0.0,HD,Home Depot earnings date,-0.22183627533918682
2023-02-06,0.0,HD,Home Depot earnings date,-0.22183627533918682
2023-02-13,0.0,HD,Home Depot earnings date,-0.22183627533918682
2023-02-20,0.0,HD,Home Depot earnings date,-0.22183627533918682
2023-02-27,0.0,HD,Home Depot earnings date,-0.22183627533918682
2023-03-06,0.0,HD,Home Depot earnings date,-0.22183627533918682
2023-03-13,0.0,HD,Home Depot earnings date,-0.22183627533918682
2023-03-20,0.0,HD,Home Depot earnings date,-0.22183627533918682
2023-03-27,0.0,HD,Home Depot earnings date,-0.22183627533918682
2023-04-03,0.0,HD,Home Depot earnings date,-0.22183627533918682
2023-04-10,0.0,HD,Home Depot earnings date,-0.22183627533918682
2023-04-17,0.0,HD,Home Depot earnings date,-0.22183627533918682
2023-04-24,0.0,HD,Home Depot earnings date,-0.22183627533918682
2023-05-01,0.0,HD,Home Depot earnings date,-0.22183627533918682
2023-05-08,0.0,HD,Home Depot earnings date,-0.22183627533918682
2023-05-15,3.0,HD,Home Depot earnings date,0.1421789906662429
2023-05-22,0.0,HD,Home Depot earnings date,-0.22183627533918682
2023-05-29,0.0,HD,Home Depot earnings date,-0.22183627533918682
2023-06-05,0.0,HD,Home Depot earnings date,-0.22183627533918682
2023-06-12,0.0,HD,Home Depot earnings date,-0.22183627533918682
2023-06-19,0.0,HD,Home Depot earnings date,-0.22183627533918682
2023-06-26,0.0,HD,Home Depot earnings date,-0.22183627533918682
2023-07-03,0.0,HD,Home Depot earnings date,-0.22183627533918682
2023-07-10,0.0,HD,Home Depot earnings date,-0.22183627533918682
2023-07-17,0.0,HD,Home Depot earnings date,-0.22183627533918682
2023-07-24,0.0,HD,Home Depot earnings date,-0.22183627533918682
2023-07-31,0.0,HD,Home Depot earnings date,-0.22183627533918682
2023-08-07,0.0,HD,Home Depot earnings date,-0.22183627533918682
2023-08-14,0.0,HD,Home Depot earnings date,-0.22183627533918682
2023-08-21,0.0,HD,Home Depot earnings date,-0.22183627533918682
2023-08-28,0.0,HD,Home Depot earnings date,-0.22183627533918682
2023-09-04,0.0,HD,Home Depot earnings date,-0.22183627533918682
2023-09-11,0.0,HD,Home Depot earnings date,-0.22183627533918682
2023-09-18,0.0,HD,Home Depot earnings date,-0.22183627533918682
2023-09-25,0.0,HD,Home Depot earnings date,-0.22183627533918682
2023-10-02,0.0,HD,Home Depot earnings date,-0.22183627533918682
2023-10-09,0.0,HD,Home Depot earnings date,-0.22183627533918682
2023-10-16,0.0,HD,Home Depot earnings date,-0.22183627533918682
2023-10-23,0.0,HD,Home Depot earnings date,-0.22183627533918682
2023-10-30,0.0,HD,Home Depot earnings date,-0.22183627533918682
2023-11-06,0.0,HD,Home Depot earnings date,-0.22183627533918682
2023-11-13,0.0,HD,Home Depot earnings date,-0.22183627533918682
2023-11-20,0.0,HD,Home Depot earnings date,-0.22183627533918682
2023-11-27,0.0,HD,Home Depot earnings date,-0.22183627533918682
2023-12-04,0.0,HD,Home Depot earnings date,-0.22183627533918682
2023-12-11,0.0,HD,Home Depot earnings date,-0.22183627533918682
2023-12-18,0.0,HD,Home Depot earnings date,-0.22183627533918682
2023-12-25,0.0,HD,Home Depot earnings date,-0.22183627533918682
2024-01-01,0.0,HD,Home Depot earnings date,-0.22183627533918682
2024-01-08,0.0,HD,Home Depot earnings date,-0.22183627533918682
2024-01-15,0.0,HD,Home Depot earnings date,-0.22183627533918682
2024-01-22,0.0,HD,Home Depot earnings date,-0.22183627533918682
2024-01-29,0.0,HD,Home Depot earnings date,-0.22183627533918682
2024-02-05,0.0,HD,Home Depot earnings date,-0.22183627533918682
2024-02-12,0.0,HD,Home Depot earnings date,-0.22183627533918682
2024-02-19,3.0,HD,Home Depot earnings date,0.1421789906662429
2024-02-26,0.0,HD,Home Depot earnings date,-0.22183627533918682
2024-03-04,0.0,HD,Home Depot earnings date,-0.22183627533918682
2024-03-11,0.0,HD,Home Depot earnings date,-0.22183627533918682
2024-03-18,0.0,HD,Home Depot earnings date,-0.22183627533918682
2024-03-25,0.0,HD,Home Depot earnings date,-0.22183627533918682
2024-04-01,0.0,HD,Home Depot earnings date,-0.22183627533918682
2024-04-08,0.0,HD,Home Depot earnings date,-0.22183627533918682
2024-04-15,0.0,HD,Home Depot earnings date,-0.22183627533918682
2024-04-22,0.0,HD,Home Depot earnings date,-0.22183627533918682
2024-04-29,0.0,HD,Home Depot earnings date,-0.22183627533918682
2024-05-06,0.0,HD,Home Depot earnings date,-0.22183627533918682
2024-05-13,0.0,HD,Home Depot earnings date,-0.22183627533918682
2024-05-20,0.0,HD,Home Depot earnings date,-0.22183627533918682
2024-05-27,0.0,HD,Home Depot earnings date,-0.22183627533918682
2024-06-03,0.0,HD,Home Depot earnings date,-0.22183627533918682
2024-06-10,0.0,HD,Home Depot earnings date,-0.22183627533918682
2024-06-17,0.0,HD,Home Depot earnings date,-0.22183627533918682
2024-06-24,0.0,HD,Home Depot earnings date,-0.22183627533918682
2024-07-01,0.0,HD,Home Depot earnings date,-0.22183627533918682
2024-07-08,0.0,HD,Home Depot earnings date,-0.22183627533918682
2024-07-15,0.0,HD,Home Depot earnings date,-0.22183627533918682
2024-07-22,0.0,HD,Home Depot earnings date,-0.22183627533918682
2024-07-29,0.0,HD,Home Depot earnings date,-0.22183627533918682
2024-08-05,0.0,HD,Home Depot earnings date,-0.22183627533918682
2024-08-12,4.0,HD,Home Depot earnings date,0.26351741266805284
2024-08-19,0.0,HD,Home Depot earnings date,-0.22183627533918682
2024-08-26,0.0,HD,Home Depot earnings date,-0.22183627533918682
2024-09-02,0.0,HD,Home Depot earnings date,-0.22183627533918682
2024-09-09,0.0,HD,Home Depot earnings date,-0.22183627533918682
2024-09-16,0.0,HD,Home Depot earnings date,-0.22183627533918682
2024-09-23,0.0,HD,Home Depot earnings date,-0.22183627533918682
2024-09-30,0.0,HD,Home Depot earnings date,-0.22183627533918682
2024-10-07,3.0,HD,Home Depot earnings date,0.1421789906662429
2024-10-14,0.0,HD,Home Depot earnings date,-0.22183627533918682
2024-10-21,0.0,HD,Home Depot earnings date,-0.22183627533918682
2024-10-28,0.0,HD,Home Depot earnings date,-0.22183627533918682
2024-11-04,0.0,HD,Home Depot earnings date,-0.22183627533918682
2024-11-11,5.0,HD,Home Depot earnings date,0.38485583466986273
2024-11-18,0.0,HD,Home Depot earnings date,-0.22183627533918682
2024-11-25,0.0,HD,Home Depot earnings date,-0.22183627533918682
2024-12-02,0.0,HD,Home Depot earnings date,-0.22183627533918682
2024-12-09,0.0,HD,Home Depot earnings date,-0.22183627533918682
2024-12-16,0.0,HD,Home Depot earnings date,-0.22183627533918682
2024-12-23,0.0,HD,Home Depot earnings date,-0.22183627533918682
2024-12-30,0.0,HD,Home Depot earnings date,-0.22183627533918682
2025-01-06,0.0,HD,Home Depot earnings date,-0.22183627533918682
2025-01-13,0.0,HD,Home Depot earnings date,-0.22183627533918682
2025-01-20,0.0,HD,Home Depot earnings date,-0.22183627533918682
2025-01-27,0.0,HD,Home Depot earnings date,-0.22183627533918682
2025-02-03,0.0,HD,Home Depot earnings date,-0.22183627533918682
2025-02-10,0.0,HD,Home Depot earnings date,-0.22183627533918682
2025-02-17,0.0,HD,Home Depot earnings date,-0.22183627533918682
2025-02-24,0.0,HD,Home Depot earnings date,-0.22183627533918682
2025-03-03,0.0,HD,Home Depot earnings date,-0.22183627533918682
2025-03-10,0.0,HD,Home Depot earnings date,-0.22183627533918682
2025-03-17,0.0,HD,Home Depot earnings date,-0.22183627533918682
2025-03-24,0.0,HD,Home Depot earnings date,-0.22183627533918682
2025-03-31,0.0,HD,Home Depot earnings date,-0.22183627533918682
2025-04-07,0.0,HD,Home Depot earnings date,-0.22183627533918682
2025-04-14,0.0,HD,Home Depot earnings date,-0.22183627533918682
2025-04-21,0.0,HD,Home Depot earnings date,-0.22183627533918682
2025-04-28,0.0,HD,Home Depot earnings date,-0.22183627533918682
2025-05-05,0.0,HD,Home Depot earnings date,-0.22183627533918682
2025-05-12,4.0,HD,Home Depot earnings date,0.26351741266805284
2025-05-19,3.0,HD,Home Depot earnings date,0.1421789906662429
2025-05-26,0.0,HD,Home Depot earnings date,-0.22183627533918682
2025-06-02,0.0,HD,Home Depot earnings date,-0.22183627533918682
2025-06-09,0.0,HD,Home Depot earnings date,-0.22183627533918682
2025-06-16,0.0,HD,Home Depot earnings date,-0.22183627533918682
2025-06-23,0.0,HD,Home Depot earnings date,-0.22183627533918682
2025-06-30,0.0,HD,Home Depot earnings date,-0.22183627533918682
2025-07-07,0.0,HD,Home Depot earnings date,-0.22183627533918682
2025-07-14,0.0,HD,Home Depot earnings date,-0.22183627533918682
2025-07-21,4.0,HD,Home Depot earnings date,0.26351741266805284
2025-07-28,8.0,HD,Home Depot earnings date,0.7488711006752925
2025-08-04,23.0,HD,Home Depot earnings date,2.568947430702441
2025-08-11,61.0,HD,Home Depot earnings date,7.1798074667712175
2025-08-18,100.0,HD,Home Depot earnings date,11.912005924841804
2025-08-25,23.0,HD,Home Depot earnings date,2.568947430702441
2025-09-01,15.0,HD,Home Depot earnings date,1.5982400546879618
2025-09-08,11.0,HD,Home Depot earnings date,1.1128863666807223
2025-09-15,9.0,HD,Home Depot earnings date,0.8702095226771024
2025-09-22,12.0,HD,Home Depot earnings date,1.2342247886825322
2025-09-29,8.0,HD,Home Depot earnings date,0.7488711006752925
2025-10-06,11.0,HD,Home Depot earnings date,1.1128863666807223
2025-10-13,10.0,HD,Home Depot earnings date,0.9915479446789123
2025-10-20,20.0,HD,Home Depot earnings date,2.204932164697011
2025-10-27,20.0,HD,Home Depot earnings date,2.204932164697011
2025-11-03,21.0,HD,Home Depot earnings date,2.326270586698821
2025-11-10,24.0,HD,Home Depot earnings date,2.6902858527042506
2025-11-17,29.0,HD,Home Depot earnings date,3.2969779627133002
2025-11-24,7.0,HD,Home Depot earnings date,0.6275326786734825
2025-12-01,7.0,HD,Home Depot earnings date,0.6275326786734825
2025-12-08,1.0,HD,Home Depot earnings date,-0.1004978533373769
2025-12-15,2.0,HD,Home Depot earnings date,0.020840568664433
2025-12-22,1.0,HD,Home Depot earnings date,-0.1004978533373769
2020-12-21,39.0,HD,Home Depot stock,-0.05024125649957382
2020-12-28,41.0,HD,Home Depot stock,0.09765997049917126
2021-01-04,46.0,HD,Home Depot stock,0.46741303799603395
2021-01-11,50.0,HD,Home Depot stock,0.7632154919935241
2021-01-18,46.0,HD,Home Depot stock,0.46741303799603395
2021-01-25,62.0,HD,Home Depot stock,1.6506228539859946
2021-02-01,60.0,HD,Home Depot stock,1.5027216269872494
2021-02-08,49.0,HD,Home Depot stock,0.6892648784941515
2021-02-15,48.0,HD,Home Depot stock,0.615314264994779
2021-02-22,66.0,HD,Home Depot stock,1.9464253079834846
2021-03-01,53.0,HD,Home Depot stock,0.9850673324916417
2021-03-08,52.0,HD,Home Depot stock,0.9111167189922692
2021-03-15,52.0,HD,Home Depot stock,0.9111167189922692
2021-03-22,56.0,HD,Home Depot stock,1.2069191729897593
2021-03-29,58.0,HD,Home Depot stock,1.3548203999885045
2021-04-05,61.0,HD,Home Depot stock,1.576672240486622
2021-04-12,61.0,HD,Home Depot stock,1.576672240486622
2021-04-19,59.0,HD,Home Depot stock,1.4287710134878768
2021-04-26,51.0,HD,Home Depot stock,0.8371661054928966
2021-05-03,58.0,HD,Home Depot stock,1.3548203999885045
2021-05-10,66.0,HD,Home Depot stock,1.9464253079834846
2021-05-17,64.0,HD,Home Depot stock,1.7985240809847396
2021-05-24,53.0,HD,Home Depot stock,0.9850673324916417
2021-05-31,49.0,HD,Home Depot stock,0.6892648784941515
2021-06-07,47.0,HD,Home Depot stock,0.5413636514954064
2021-06-14,48.0,HD,Home Depot stock,0.615314264994779
2021-06-21,50.0,HD,Home Depot stock,0.7632154919935241
2021-06-28,51.0,HD,Home Depot stock,0.8371661054928966
2021-07-05,41.0,HD,Home Depot stock,0.09765997049917126
2021-07-12,43.0,HD,Home Depot stock,0.24556119749791633
2021-07-19,45.0,HD,Home Depot stock,0.3934624244966614
2021-07-26,43.0,HD,Home Depot stock,0.24556119749791633
2021-08-02,39.0,HD,Home Depot stock,-0.05024125649957382
2021-08-09,40.0,HD,Home Depot stock,0.02370935699979872
2021-08-16,56.0,HD,Home Depot stock,1.2069191729897593
2021-08-23,43.0,HD,Home Depot stock,0.24556119749791633
2021-08-30,43.0,HD,Home Depot stock,0.24556119749791633
2021-09-06,40.0,HD,Home Depot stock,0.02370935699979872
2021-09-13,38.0,HD,Home Depot stock,-0.12419186999894635
2021-09-20,40.0,HD,Home Depot stock,0.02370935699979872
2021-09-27,36.0,HD,Home Depot stock,-0.2720930969976914
2021-10-04,35.0,HD,Home Depot stock,-0.34604371049706395
2021-10-11,40.0,HD,Home Depot stock,0.02370935699979872
2021-10-18,45.0,HD,Home Depot stock,0.3934624244966614
2021-10-25,45.0,HD,Home Depot stock,0.3934624244966614
2021-11-01,44.0,HD,Home Depot stock,0.31951181099728887
2021-11-08,43.0,HD,Home Depot stock,0.24556119749791633
2021-11-15,73.0,HD,Home Depot stock,2.4640796024790923
2021-11-22,50.0,HD,Home Depot stock,0.7632154919935241
2021-11-29,52.0,HD,Home Depot stock,0.9111167189922692
2021-12-06,52.0,HD,Home Depot stock,0.9111167189922692
2021-12-13,48.0,HD,Home Depot stock,0.615314264994779
2021-12-20,44.0,HD,Home Depot stock,0.31951181099728887
2021-12-27,51.0,HD,Home Depot stock,0.8371661054928966
2022-01-03,49.0,HD,Home Depot stock,0.6892648784941515
2022-01-10,44.0,HD,Home Depot stock,0.31951181099728887
2022-01-17,42.0,HD,Home Depot stock,0.1716105839985438
2022-01-24,51.0,HD,Home Depot stock,0.8371661054928966
2022-01-31,46.0,HD,Home Depot stock,0.46741303799603395
2022-02-07,41.0,HD,Home Depot stock,0.09765997049917126
2022-02-14,41.0,HD,Home Depot stock,0.09765997049917126
2022-02-21,74.0,HD,Home Depot stock,2.538030215978465
2022-02-28,46.0,HD,Home Depot stock,0.46741303799603395
2022-03-07,46.0,HD,Home Depot stock,0.46741303799603395
2022-03-14,42.0,HD,Home Depot stock,0.1716105839985438
2022-03-21,48.0,HD,Home Depot stock,0.615314264994779
2022-03-28,49.0,HD,Home Depot stock,0.6892648784941515
2022-04-04,48.0,HD,Home Depot stock,0.615314264994779
2022-04-11,44.0,HD,Home Depot stock,0.31951181099728887
2022-04-18,48.0,HD,Home Depot stock,0.615314264994779
2022-04-25,47.0,HD,Home Depot stock,0.5413636514954064
2022-05-02,50.0,HD,Home Depot stock,0.7632154919935241
2022-05-09,55.0,HD,Home Depot stock,1.1329685594903867
2022-05-16,72.0,HD,Home Depot stock,2.3901289889797197
2022-05-23,48.0,HD,Home Depot stock,0.615314264994779
2022-05-30,41.0,HD,Home Depot stock,0.09765997049917126
2022-06-06,42.0,HD,Home Depot stock,0.1716105839985438
2022-06-13,50.0,HD,Home Depot stock,0.7632154919935241
2022-06-20,42.0,HD,Home Depot stock,0.1716105839985438
2022-06-27,40.0,HD,Home Depot stock,0.02370935699979872
2022-07-04,36.0,HD,Home Depot stock,-0.2720930969976914
2022-07-11,38.0,HD,Home Depot stock,-0.12419186999894635
2022-07-18,41.0,HD,Home Depot stock,0.09765997049917126
2022-07-25,39.0,HD,Home Depot stock,-0.05024125649957382
2022-08-01,40.0,HD,Home Depot stock,0.02370935699979872
2022-08-08,41.0,HD,Home Depot stock,0.09765997049917126
2022-08-15,51.0,HD,Home Depot stock,0.8371661054928966
2022-08-22,37.0,HD,Home Depot stock,-0.1981424834983189
2022-08-29,33.0,HD,Home Depot stock,-0.49394493749580903
2022-09-05,29.0,HD,Home Depot stock,-0.7897473914932992
2022-09-12,35.0,HD,Home Depot stock,-0.34604371049706395
2022-09-19,34.0,HD,Home Depot stock,-0.4199943239964365
2022-09-26,37.0,HD,Home Depot stock,-0.1981424834983189
2022-10-03,36.0,HD,Home Depot stock,-0.2720930969976914
2022-10-10,32.0,HD,Home Depot stock,-0.5678955509951815
2022-10-17,35.0,HD,Home Depot stock,-0.34604371049706395
2022-10-24,38.0,HD,Home Depot stock,-0.12419186999894635
2022-10-31,33.0,HD,Home Depot stock,-0.49394493749580903
2022-11-07,37.0,HD,Home Depot stock,-0.1981424834983189
2022-11-14,43.0,HD,Home Depot stock,0.24556119749791633
2022-11-21,31.0,HD,Home Depot stock,-0.6418461644945541
2022-11-28,33.0,HD,Home Depot stock,-0.49394493749580903
2022-12-05,29.0,HD,Home Depot stock,-0.7897473914932992
2022-12-12,32.0,HD,Home Depot stock,-0.5678955509951815
2022-12-19,29.0,HD,Home Depot stock,-0.7897473914932992
2022-12-26,30.0,HD,Home Depot stock,-0.7157967779939266
2023-01-02,29.0,HD,Home Depot stock,-0.7897473914932992
2023-01-09,33.0,HD,Home Depot stock,-0.49394493749580903
2023-01-16,30.0,HD,Home Depot stock,-0.7157967779939266
2023-01-23,34.0,HD,Home Depot stock,-0.4199943239964365
2023-01-30,36.0,HD,Home Depot stock,-0.2720930969976914
2023-02-06,31.0,HD,Home Depot stock,-0.6418461644945541
2023-02-13,30.0,HD,Home Depot stock,-0.7157967779939266
2023-02-20,48.0,HD,Home Depot stock,0.615314264994779
2023-02-27,31.0,HD,Home Depot stock,-0.6418461644945541
2023-03-06,31.0,HD,Home Depot stock,-0.6418461644945541
2023-03-13,33.0,HD,Home Depot stock,-0.49394493749580903
2023-03-20,35.0,HD,Home Depot stock,-0.34604371049706395
2023-03-27,32.0,HD,Home Depot stock,-0.5678955509951815
2023-04-03,31.0,HD,Home Depot stock,-0.6418461644945541
2023-04-10,34.0,HD,Home Depot stock,-0.4199943239964365
2023-04-17,34.0,HD,Home Depot stock,-0.4199943239964365
2023-04-24,34.0,HD,Home Depot stock,-0.4199943239964365
2023-05-01,32.0,HD,Home Depot stock,-0.5678955509951815
2023-05-08,31.0,HD,Home Depot stock,-0.6418461644945541
2023-05-15,53.0,HD,Home Depot stock,0.9850673324916417
2023-05-22,35.0,HD,Home Depot stock,-0.34604371049706395
2023-05-29,31.0,HD,Home Depot stock,-0.6418461644945541
2023-06-05,33.0,HD,Home Depot stock,-0.49394493749580903
2023-06-12,34.0,HD,Home Depot stock,-0.4199943239964365
2023-06-19,28.0,HD,Home Depot stock,-0.8636980049926717
2023-06-26,33.0,HD,Home Depot stock,-0.49394493749580903
2023-07-03,27.0,HD,Home Depot stock,-0.9376486184920443
2023-07-10,32.0,HD,Home Depot stock,-0.5678955509951815
2023-07-17,32.0,HD,Home Depot stock,-0.5678955509951815
2023-07-24,31.0,HD,Home Depot stock,-0.6418461644945541
2023-07-31,30.0,HD,Home Depot stock,-0.7157967779939266
2023-08-07,30.0,HD,Home Depot stock,-0.7157967779939266
2023-08-14,35.0,HD,Home Depot stock,-0.34604371049706395
2023-08-21,27.0,HD,Home Depot stock,-0.9376486184920443
2023-08-28,27.0,HD,Home Depot stock,-0.9376486184920443
2023-09-04,24.0,HD,Home Depot stock,-1.1595004589901619
2023-09-11,23.0,HD,Home Depot stock,-1.2334510724895345
2023-09-18,23.0,HD,Home Depot stock,-1.2334510724895345
2023-09-25,24.0,HD,Home Depot stock,-1.1595004589901619
2023-10-02,24.0,HD,Home Depot stock,-1.1595004589901619
2023-10-09,23.0,HD,Home Depot stock,-1.2334510724895345
2023-10-16,22.0,HD,Home Depot stock,-1.3074016859889068
2023-10-23,23.0,HD,Home Depot stock,-1.2334510724895345
2023-10-30,26.0,HD,Home Depot stock,-1.0115992319914169
2023-11-06,26.0,HD,Home Depot stock,-1.0115992319914169
2023-11-13,34.0,HD,Home Depot stock,-0.4199943239964365
2023-11-20,27.0,HD,Home Depot stock,-0.9376486184920443
2023-11-27,28.0,HD,Home Depot stock,-0.8636980049926717
2023-12-04,28.0,HD,Home Depot stock,-0.8636980049926717
2023-12-11,33.0,HD,Home Depot stock,-0.49394493749580903
2023-12-18,31.0,HD,Home Depot stock,-0.6418461644945541
2023-12-25,25.0,HD,Home Depot stock,-1.0855498454907893
2024-01-01,27.0,HD,Home Depot stock,-0.9376486184920443
2024-01-08,28.0,HD,Home Depot stock,-0.8636980049926717
2024-01-15,27.0,HD,Home Depot stock,-0.9376486184920443
2024-01-22,27.0,HD,Home Depot stock,-0.9376486184920443
2024-01-29,27.0,HD,Home Depot stock,-0.9376486184920443
2024-02-05,27.0,HD,Home Depot stock,-0.9376486184920443
2024-02-12,25.0,HD,Home Depot stock,-1.0855498454907893
2024-02-19,32.0,HD,Home Depot stock,-0.5678955509951815
2024-02-26,28.0,HD,Home Depot stock,-0.8636980049926717
2024-03-04,28.0,HD,Home Depot stock,-0.8636980049926717
2024-03-11,26.0,HD,Home Depot stock,-1.0115992319914169
2024-03-18,28.0,HD,Home Depot stock,-0.8636980049926717
2024-03-25,32.0,HD,Home Depot stock,-0.5678955509951815
2024-04-01,31.0,HD,Home Depot stock,-0.6418461644945541
2024-04-08,30.0,HD,Home Depot stock,-0.7157967779939266
2024-04-15,29.0,HD,Home Depot stock,-0.7897473914932992
2024-04-22,28.0,HD,Home Depot stock,-0.8636980049926717
2024-04-29,29.0,HD,Home Depot stock,-0.7897473914932992
2024-05-06,26.0,HD,Home Depot stock,-1.0115992319914169
2024-05-13,33.0,HD,Home Depot stock,-0.49394493749580903
2024-05-20,31.0,HD,Home Depot stock,-0.6418461644945541
2024-05-27,25.0,HD,Home Depot stock,-1.0855498454907893
2024-06-03,28.0,HD,Home Depot stock,-0.8636980049926717
2024-06-10,28.0,HD,Home Depot stock,-0.8636980049926717
2024-06-17,28.0,HD,Home Depot stock,-0.8636980049926717
2024-06-24,27.0,HD,Home Depot stock,-0.9376486184920443
2024-07-01,25.0,HD,Home Depot stock,-1.0855498454907893
2024-07-08,30.0,HD,Home Depot stock,-0.7157967779939266
2024-07-15,30.0,HD,Home Depot stock,-0.7157967779939266
2024-07-22,27.0,HD,Home Depot stock,-0.9376486184920443
2024-07-29,26.0,HD,Home Depot stock,-1.0115992319914169
2024-08-05,32.0,HD,Home Depot stock,-0.5678955509951815
2024-08-12,39.0,HD,Home Depot stock,-0.05024125649957382
2024-08-19,29.0,HD,Home Depot stock,-0.7897473914932992
2024-08-26,28.0,HD,Home Depot stock,-0.8636980049926717
2024-09-02,22.0,HD,Home Depot stock,-1.3074016859889068
2024-09-09,26.0,HD,Home Depot stock,-1.0115992319914169
2024-09-16,30.0,HD,Home Depot stock,-0.7157967779939266
2024-09-23,29.0,HD,Home Depot stock,-0.7897473914932992
2024-09-30,31.0,HD,Home Depot stock,-0.6418461644945541
2024-10-07,37.0,HD,Home Depot stock,-0.1981424834983189
2024-10-14,31.0,HD,Home Depot stock,-0.6418461644945541
2024-10-21,29.0,HD,Home Depot stock,-0.7897473914932992
2024-10-28,27.0,HD,Home Depot stock,-0.9376486184920443
2024-11-04,39.0,HD,Home Depot stock,-0.05024125649957382
2024-11-11,41.0,HD,Home Depot stock,0.09765997049917126
2024-11-18,32.0,HD,Home Depot stock,-0.5678955509951815
2024-11-25,30.0,HD,Home Depot stock,-0.7157967779939266
2024-12-02,31.0,HD,Home Depot stock,-0.6418461644945541
2024-12-09,30.0,HD,Home Depot stock,-0.7157967779939266
2024-12-16,30.0,HD,Home Depot stock,-0.7157967779939266
2024-12-23,23.0,HD,Home Depot stock,-1.2334510724895345
2024-12-30,28.0,HD,Home Depot stock,-0.8636980049926717
2025-01-06,30.0,HD,Home Depot stock,-0.7157967779939266
2025-01-13,35.0,HD,Home Depot stock,-0.34604371049706395
2025-01-20,30.0,HD,Home Depot stock,-0.7157967779939266
2025-01-27,34.0,HD,Home Depot stock,-0.4199943239964365
2025-02-03,34.0,HD,Home Depot stock,-0.4199943239964365
2025-02-10,29.0,HD,Home Depot stock,-0.7897473914932992
2025-02-17,30.0,HD,Home Depot stock,-0.7157967779939266
2025-02-24,40.0,HD,Home Depot stock,0.02370935699979872
2025-03-03,34.0,HD,Home Depot stock,-0.4199943239964365
2025-03-10,40.0,HD,Home Depot stock,0.02370935699979872
2025-03-17,33.0,HD,Home Depot stock,-0.49394493749580903
2025-03-24,31.0,HD,Home Depot stock,-0.6418461644945541
2025-03-31,49.0,HD,Home Depot stock,0.6892648784941515
2025-04-07,53.0,HD,Home Depot stock,0.9850673324916417
2025-04-14,35.0,HD,Home Depot stock,-0.34604371049706395
2025-04-21,39.0,HD,Home Depot stock,-0.05024125649957382
2025-04-28,31.0,HD,Home Depot stock,-0.6418461644945541
2025-05-05,31.0,HD,Home Depot stock,-0.6418461644945541
2025-05-12,35.0,HD,Home Depot stock,-0.34604371049706395
2025-05-19,38.0,HD,Home Depot stock,-0.12419186999894635
2025-05-26,24.0,HD,Home Depot stock,-1.1595004589901619
2025-06-02,32.0,HD,Home Depot stock,-0.5678955509951815
2025-06-09,29.0,HD,Home Depot stock,-0.7897473914932992
2025-06-16,30.0,HD,Home Depot stock,-0.7157967779939266
2025-06-23,34.0,HD,Home Depot stock,-0.4199943239964365
2025-06-30,32.0,HD,Home Depot stock,-0.5678955509951815
2025-07-07,32.0,HD,Home Depot stock,-0.5678955509951815
2025-07-14,34.0,HD,Home Depot stock,-0.4199943239964365
2025-07-21,40.0,HD,Home Depot stock,0.02370935699979872
2025-07-28,48.0,HD,Home Depot stock,0.615314264994779
2025-08-04,81.0,HD,Home Depot stock,3.0556845104740726
2025-08-11,93.0,HD,Home Depot stock,3.9430918724665434
2025-08-18,100.0,HD,Home Depot stock,4.460746166962151
2025-08-25,75.0,HD,Home Depot stock,2.6119808294778375
2025-09-01,70.0,HD,Home Depot stock,2.242227761980975
2025-09-08,67.0,HD,Home Depot stock,2.020375921482857
2025-09-15,65.0,HD,Home Depot stock,1.8724746944841122
2025-09-22,65.0,HD,Home Depot stock,1.8724746944841122
2025-09-29,55.0,HD,Home Depot stock,1.1329685594903867
2025-10-06,59.0,HD,Home Depot stock,1.4287710134878768
2025-10-13,60.0,HD,Home Depot stock,1.5027216269872494
2025-10-20,61.0,HD,Home Depot stock,1.576672240486622
2025-10-27,55.0,HD,Home Depot stock,1.1329685594903867
2025-11-03,61.0,HD,Home Depot stock,1.576672240486622
2025-11-10,69.0,HD,Home Depot stock,2.1682771484816024
2025-11-17,83.0,HD,Home Depot stock,3.203585737472818
2025-11-24,75.0,HD,Home Depot stock,2.6119808294778375
2025-12-01,78.0,HD,Home Depot stock,2.8338326699759553
2025-12-08,42.0,HD,Home Depot stock,0.1716105839985438
2025-12-15,29.0,HD,Home Depot stock,-0.7897473914932992
2025-12-22,29.0,HD,Home Depot stock,-0.7897473914932992
2020-12-21,46.0,JPM,JPM,0.19283022369077465
2020-12-28,35.0,JPM,JPM,-0.886270173739928
2021-01-04,54.0,JPM,JPM,0.9776305127312858
2021-01-11,68.0,JPM,JPM,2.35103101855218
2021-01-18,49.0,JPM,JPM,0.48713033208096634
2021-01-25,44.0,JPM,JPM,-0.0033698485693531
2021-02-01,48.0,JPM,JPM,0.38903029595090244
2021-02-08,43.0,JPM,JPM,-0.10146988469941698
2021-02-15,46.0,JPM,JPM,0.19283022369077465
2021-02-22,51.0,JPM,JPM,0.683330404341094
2021-03-01,45.0,JPM,JPM,0.09473018756071079
2021-03-08,47.0,JPM,JPM,0.29093025982083853
2021-03-15,46.0,JPM,JPM,0.19283022369077465
2021-03-22,54.0,JPM,JPM,0.9776305127312858
2021-03-29,44.0,JPM,JPM,-0.0033698485693531
2021-04-05,44.0,JPM,JPM,-0.0033698485693531
2021-04-12,56.0,JPM,JPM,1.1738305849914135
2021-04-19,44.0,JPM,JPM,-0.0033698485693531
2021-04-26,41.0,JPM,JPM,-0.29766995695954473
2021-05-03,41.0,JPM,JPM,-0.29766995695954473
2021-05-10,48.0,JPM,JPM,0.38903029595090244
2021-05-17,40.0,JPM,JPM,-0.39576999308960864
2021-05-24,39.0,JPM,JPM,-0.49387002921967255
2021-05-31,36.0,JPM,JPM,-0.7881701376098642
2021-06-07,37.0,JPM,JPM,-0.6900701014798003
2021-06-14,45.0,JPM,JPM,0.09473018756071079
2021-06-21,44.0,JPM,JPM,-0.0033698485693531
2021-06-28,46.0,JPM,JPM,0.19283022369077465
2021-07-05,42.0,JPM,JPM,-0.19956992082948086
2021-07-12,54.0,JPM,JPM,0.9776305127312858
2021-07-19,44.0,JPM,JPM,-0.0033698485693531
2021-07-26,38.0,JPM,JPM,-0.5919700653497364
2021-08-02,39.0,JPM,JPM,-0.49387002921967255
2021-08-09,43.0,JPM,JPM,-0.10146988469941698
2021-08-16,38.0,JPM,JPM,-0.5919700653497364
2021-08-23,38.0,JPM,JPM,-0.5919700653497364
2021-08-30,37.0,JPM,JPM,-0.6900701014798003
2021-09-06,34.0,JPM,JPM,-0.9843702098699919
2021-09-13,38.0,JPM,JPM,-0.5919700653497364
2021-09-20,39.0,JPM,JPM,-0.49387002921967255
2021-09-27,41.0,JPM,JPM,-0.29766995695954473
2021-10-04,42.0,JPM,JPM,-0.19956992082948086
2021-10-11,50.0,JPM,JPM,0.5852303682110302
2021-10-18,42.0,JPM,JPM,-0.19956992082948086
2021-10-25,41.0,JPM,JPM,-0.29766995695954473
2021-11-01,40.0,JPM,JPM,-0.39576999308960864
2021-11-08,38.0,JPM,JPM,-0.5919700653497364
2021-11-15,40.0,JPM,JPM,-0.39576999308960864
2021-11-22,36.0,JPM,JPM,-0.7881701376098642
2021-11-29,40.0,JPM,JPM,-0.39576999308960864
2021-12-06,38.0,JPM,JPM,-0.5919700653497364
2021-12-13,42.0,JPM,JPM,-0.19956992082948086
2021-12-20,35.0,JPM,JPM,-0.886270173739928
2021-12-27,33.0,JPM,JPM,-1.082470246000056
2022-01-03,42.0,JPM,JPM,-0.19956992082948086
2022-01-10,55.0,JPM,JPM,1.0757305488613496
2022-01-17,49.0,JPM,JPM,0.48713033208096634
2022-01-24,44.0,JPM,JPM,-0.0033698485693531
2022-01-31,43.0,JPM,JPM,-0.10146988469941698
2022-02-07,39.0,JPM,JPM,-0.49387002921967255
2022-02-14,38.0,JPM,JPM,-0.5919700653497364
2022-02-21,36.0,JPM,JPM,-0.7881701376098642
2022-02-28,46.0,JPM,JPM,0.19283022369077465
2022-03-07,44.0,JPM,JPM,-0.0033698485693531
2022-03-14,42.0,JPM,JPM,-0.19956992082948086
2022-03-21,39.0,JPM,JPM,-0.49387002921967255
2022-03-28,38.0,JPM,JPM,-0.5919700653497364
2022-04-04,41.0,JPM,JPM,-0.29766995695954473
2022-04-11,50.0,JPM,JPM,0.5852303682110302
2022-04-18,38.0,JPM,JPM,-0.5919700653497364
2022-04-25,37.0,JPM,JPM,-0.6900701014798003
2022-05-02,39.0,JPM,JPM,-0.49387002921967255
2022-05-09,42.0,JPM,JPM,-0.19956992082948086
2022-05-16,38.0,JPM,JPM,-0.5919700653497364
2022-05-23,44.0,JPM,JPM,-0.0033698485693531
2022-05-30,34.0,JPM,JPM,-0.9843702098699919
2022-06-06,35.0,JPM,JPM,-0.886270173739928
2022-06-13,38.0,JPM,JPM,-0.5919700653497364
2022-06-20,37.0,JPM,JPM,-0.6900701014798003
2022-06-27,35.0,JPM,JPM,-0.886270173739928
2022-07-04,35.0,JPM,JPM,-0.886270173739928
2022-07-11,56.0,JPM,JPM,1.1738305849914135
2022-07-18,36.0,JPM,JPM,-0.7881701376098642
2022-07-25,35.0,JPM,JPM,-0.886270173739928
2022-08-01,37.0,JPM,JPM,-0.6900701014798003
2022-08-08,35.0,JPM,JPM,-0.886270173739928
2022-08-15,37.0,JPM,JPM,-0.6900701014798003
2022-08-22,34.0,JPM,JPM,-0.9843702098699919
2022-08-29,32.0,JPM,JPM,-1.1805702821301196
2022-09-05,31.0,JPM,JPM,-1.2786703182601835
2022-09-12,34.0,JPM,JPM,-0.9843702098699919
2022-09-19,33.0,JPM,JPM,-1.082470246000056
2022-09-26,35.0,JPM,JPM,-0.886270173739928
2022-10-03,36.0,JPM,JPM,-0.7881701376098642
2022-10-10,41.0,JPM,JPM,-0.29766995695954473
2022-10-17,38.0,JPM,JPM,-0.5919700653497364
2022-10-24,35.0,JPM,JPM,-0.886270173739928
2022-10-31,36.0,JPM,JPM,-0.7881701376098642
2022-11-07,35.0,JPM,JPM,-0.886270173739928
2022-11-14,34.0,JPM,JPM,-0.9843702098699919
2022-11-21,28.0,JPM,JPM,-1.5729704266503752
2022-11-28,35.0,JPM,JPM,-0.886270173739928
2022-12-05,36.0,JPM,JPM,-0.7881701376098642
2022-12-12,33.0,JPM,JPM,-1.082470246000056
2022-12-19,30.0,JPM,JPM,-1.3767703543902474
2022-12-26,28.0,JPM,JPM,-1.5729704266503752
2023-01-02,37.0,JPM,JPM,-0.6900701014798003
2023-01-09,57.0,JPM,JPM,1.2719306211214774
2023-01-16,38.0,JPM,JPM,-0.5919700653497364
2023-01-23,38.0,JPM,JPM,-0.5919700653497364
2023-01-30,39.0,JPM,JPM,-0.49387002921967255
2023-02-06,39.0,JPM,JPM,-0.49387002921967255
2023-02-13,32.0,JPM,JPM,-1.1805702821301196
2023-02-20,31.0,JPM,JPM,-1.2786703182601835
2023-02-27,32.0,JPM,JPM,-1.1805702821301196
2023-03-06,48.0,JPM,JPM,0.38903029595090244
2023-03-13,88.0,JPM,JPM,4.313031741153458
2023-03-20,54.0,JPM,JPM,0.9776305127312858
2023-03-27,43.0,JPM,JPM,-0.10146988469941698
2023-04-03,38.0,JPM,JPM,-0.5919700653497364
2023-04-10,58.0,JPM,JPM,1.3700306572515413
2023-04-17,43.0,JPM,JPM,-0.10146988469941698
2023-04-24,36.0,JPM,JPM,-0.7881701376098642
2023-05-01,66.0,JPM,JPM,2.1548309462920523
2023-05-08,35.0,JPM,JPM,-0.886270173739928
2023-05-15,34.0,JPM,JPM,-0.9843702098699919
2023-05-22,37.0,JPM,JPM,-0.6900701014798003
2023-05-29,41.0,JPM,JPM,-0.29766995695954473
2023-06-05,37.0,JPM,JPM,-0.6900701014798003
2023-06-12,39.0,JPM,JPM,-0.49387002921967255
2023-06-19,34.0,JPM,JPM,-0.9843702098699919
2023-06-26,38.0,JPM,JPM,-0.5919700653497364
2023-07-03,35.0,JPM,JPM,-0.886270173739928
2023-07-10,52.0,JPM,JPM,0.781430440471158
2023-07-17,43.0,JPM,JPM,-0.10146988469941698
2023-07-24,41.0,JPM,JPM,-0.29766995695954473
2023-07-31,37.0,JPM,JPM,-0.6900701014798003
2023-08-07,38.0,JPM,JPM,-0.5919700653497364
2023-08-14,36.0,JPM,JPM,-0.7881701376098642
2023-08-21,35.0,JPM,JPM,-0.886270173739928
2023-08-28,34.0,JPM,JPM,-0.9843702098699919
2023-09-04,31.0,JPM,JPM,-1.2786703182601835
2023-09-11,33.0,JPM,JPM,-1.082470246000056
2023-09-18,34.0,JPM,JPM,-0.9843702098699919
2023-09-25,35.0,JPM,JPM,-0.886270173739928
2023-10-02,35.0,JPM,JPM,-0.886270173739928
2023-10-09,41.0,JPM,JPM,-0.29766995695954473
2023-10-16,42.0,JPM,JPM,-0.19956992082948086
2023-10-23,44.0,JPM,JPM,-0.0033698485693531
2023-10-30,35.0,JPM,JPM,-0.886270173739928
2023-11-06,33.0,JPM,JPM,-1.082470246000056
2023-11-13,39.0,JPM,JPM,-0.49387002921967255
2023-11-20,31.0,JPM,JPM,-1.2786703182601835
2023-11-27,35.0,JPM,JPM,-0.886270173739928
2023-12-04,38.0,JPM,JPM,-0.5919700653497364
2023-12-11,40.0,JPM,JPM,-0.39576999308960864
2023-12-18,41.0,JPM,JPM,-0.29766995695954473
2023-12-25,31.0,JPM,JPM,-1.2786703182601835
2024-01-01,42.0,JPM,JPM,-0.19956992082948086
2024-01-08,62.0,JPM,JPM,1.762430801771797
2024-01-15,43.0,JPM,JPM,-0.10146988469941698
2024-01-22,42.0,JPM,JPM,-0.19956992082948086
2024-01-29,40.0,JPM,JPM,-0.39576999308960864
2024-02-05,42.0,JPM,JPM,-0.19956992082948086
2024-02-12,38.0,JPM,JPM,-0.5919700653497364
2024-02-19,40.0,JPM,JPM,-0.39576999308960864
2024-02-26,41.0,JPM,JPM,-0.29766995695954473
2024-03-04,41.0,JPM,JPM,-0.29766995695954473
2024-03-11,41.0,JPM,JPM,-0.29766995695954473
2024-03-18,42.0,JPM,JPM,-0.19956992082948086
2024-03-25,39.0,JPM,JPM,-0.49387002921967255
2024-04-01,41.0,JPM,JPM,-0.29766995695954473
2024-04-08,53.0,JPM,JPM,0.8795304766012219
2024-04-15,44.0,JPM,JPM,-0.0033698485693531
2024-04-22,41.0,JPM,JPM,-0.29766995695954473
2024-04-29,40.0,JPM,JPM,-0.39576999308960864
2024-05-06,38.0,JPM,JPM,-0.5919700653497364
2024-05-13,45.0,JPM,JPM,0.09473018756071079
2024-05-20,42.0,JPM,JPM,-0.19956992082948086
2024-05-27,37.0,JPM,JPM,-0.6900701014798003
2024-06-03,38.0,JPM,JPM,-0.5919700653497364
2024-06-10,44.0,JPM,JPM,-0.0033698485693531
2024-06-17,37.0,JPM,JPM,-0.6900701014798003
2024-06-24,41.0,JPM,JPM,-0.29766995695954473
2024-07-01,39.0,JPM,JPM,-0.49387002921967255
2024-07-08,60.0,JPM,JPM,1.566230729511669
2024-07-15,49.0,JPM,JPM,0.48713033208096634
2024-07-22,41.0,JPM,JPM,-0.29766995695954473
2024-07-29,43.0,JPM,JPM,-0.10146988469941698
2024-08-05,44.0,JPM,JPM,-0.0033698485693531
2024-08-12,41.0,JPM,JPM,-0.29766995695954473
2024-08-19,38.0,JPM,JPM,-0.5919700653497364
2024-08-26,45.0,JPM,JPM,0.09473018756071079
2024-09-02,40.0,JPM,JPM,-0.39576999308960864
2024-09-09,48.0,JPM,JPM,0.38903029595090244
2024-09-16,44.0,JPM,JPM,-0.0033698485693531
2024-09-23,40.0,JPM,JPM,-0.39576999308960864
2024-09-30,42.0,JPM,JPM,-0.19956992082948086
2024-10-07,48.0,JPM,JPM,0.38903029595090244
2024-10-14,53.0,JPM,JPM,0.8795304766012219
2024-10-21,41.0,JPM,JPM,-0.29766995695954473
2024-10-28,40.0,JPM,JPM,-0.39576999308960864
2024-11-04,54.0,JPM,JPM,0.9776305127312858
2024-11-11,52.0,JPM,JPM,0.781430440471158
2024-11-18,43.0,JPM,JPM,-0.10146988469941698
2024-11-25,42.0,JPM,JPM,-0.19956992082948086
2024-12-02,43.0,JPM,JPM,-0.10146988469941698
2024-12-09,45.0,JPM,JPM,0.09473018756071079
2024-12-16,44.0,JPM,JPM,-0.0033698485693531
2024-12-23,32.0,JPM,JPM,-1.1805702821301196
2024-12-30,40.0,JPM,JPM,-0.39576999308960864
2025-01-06,55.0,JPM,JPM,1.0757305488613496
2025-01-13,86.0,JPM,JPM,4.11683166889333
2025-01-20,52.0,JPM,JPM,0.781430440471158
2025-01-27,53.0,JPM,JPM,0.8795304766012219
2025-02-03,48.0,JPM,JPM,0.38903029595090244
2025-02-10,50.0,JPM,JPM,0.5852303682110302
2025-02-17,51.0,JPM,JPM,0.683330404341094
2025-02-24,49.0,JPM,JPM,0.48713033208096634
2025-03-03,46.0,JPM,JPM,0.19283022369077465
2025-03-10,52.0,JPM,JPM,0.781430440471158
2025-03-17,48.0,JPM,JPM,0.38903029595090244
2025-03-24,46.0,JPM,JPM,0.19283022369077465
2025-03-31,57.0,JPM,JPM,1.2719306211214774
2025-04-07,80.0,JPM,JPM,3.5282314521129465
2025-04-14,49.0,JPM,JPM,0.48713033208096634
2025-04-21,49.0,JPM,JPM,0.48713033208096634
2025-04-28,45.0,JPM,JPM,0.09473018756071079
2025-05-05,45.0,JPM,JPM,0.09473018756071079
2025-05-12,52.0,JPM,JPM,0.781430440471158
2025-05-19,45.0,JPM,JPM,0.09473018756071079
2025-05-26,42.0,JPM,JPM,-0.19956992082948086
2025-06-02,46.0,JPM,JPM,0.19283022369077465
2025-06-09,45.0,JPM,JPM,0.09473018756071079
2025-06-16,50.0,JPM,JPM,0.5852303682110302
2025-06-23,54.0,JPM,JPM,0.9776305127312858
2025-06-30,47.0,JPM,JPM,0.29093025982083853
2025-07-07,48.0,JPM,JPM,0.38903029595090244
2025-07-14,65.0,JPM,JPM,2.0567309101619884
2025-07-21,53.0,JPM,JPM,0.8795304766012219
2025-07-28,53.0,JPM,JPM,0.8795304766012219
2025-08-04,56.0,JPM,JPM,1.1738305849914135
2025-08-11,65.0,JPM,JPM,2.0567309101619884
2025-08-18,66.0,JPM,JPM,2.1548309462920523
2025-08-25,63.0,JPM,JPM,1.8605308379018608
2025-09-01,58.0,JPM,JPM,1.3700306572515413
2025-09-08,64.0,JPM,JPM,1.9586308740319245
2025-09-15,65.0,JPM,JPM,2.0567309101619884
2025-09-22,61.0,JPM,JPM,1.664330765641733
2025-09-29,70.0,JPM,JPM,2.547231090812308
2025-10-06,60.0,JPM,JPM,1.566230729511669
2025-10-13,100.0,JPM,JPM,5.490232174714224
2025-10-20,60.0,JPM,JPM,1.566230729511669
2025-10-27,64.0,JPM,JPM,1.9586308740319245
2025-11-03,61.0,JPM,JPM,1.664330765641733
2025-11-10,70.0,JPM,JPM,2.547231090812308
2025-11-17,59.0,JPM,JPM,1.4681306933816052
2025-11-24,54.0,JPM,JPM,0.9776305127312858
2025-12-01,58.0,JPM,JPM,1.3700306572515413
2025-12-08,64.0,JPM,JPM,1.9586308740319245
2025-12-15,49.0,JPM,JPM,0.48713033208096634
2025-12-22,42.0,JPM,JPM,-0.19956992082948086
2020-12-21,0.0,JPM,JPMorgan earnings,-0.2605182570330648
2020-12-28,0.0,JPM,JPMorgan earnings,-0.2605182570330648
2021-01-04,0.0,JPM,JPMorgan earnings,-0.2605182570330648
2021-01-11,3.0,JPM,JPMorgan earnings,0.10976628189639075
2021-01-18,1.0,JPM,JPMorgan earnings,-0.13709007738991294
2021-01-25,0.0,JPM,JPMorgan earnings,-0.2605182570330648
2021-02-01,0.0,JPM,JPMorgan earnings,-0.2605182570330648
2021-02-08,0.0,JPM,JPMorgan earnings,-0.2605182570330648
2021-02-15,0.0,JPM,JPMorgan earnings,-0.2605182570330648
2021-02-22,0.0,JPM,JPMorgan earnings,-0.2605182570330648
2021-03-01,0.0,JPM,JPMorgan earnings,-0.2605182570330648
2021-03-08,0.0,JPM,JPMorgan earnings,-0.2605182570330648
2021-03-15,0.0,JPM,JPMorgan earnings,-0.2605182570330648
2021-03-22,0.0,JPM,JPMorgan earnings,-0.2605182570330648
2021-03-29,0.0,JPM,JPMorgan earnings,-0.2605182570330648
2021-04-05,0.0,JPM,JPMorgan earnings,-0.2605182570330648
2021-04-12,2.0,JPM,JPMorgan earnings,-0.013661897746761098
2021-04-19,1.0,JPM,JPMorgan earnings,-0.13709007738991294
2021-04-26,0.0,JPM,JPMorgan earnings,-0.2605182570330648
2021-05-03,0.0,JPM,JPMorgan earnings,-0.2605182570330648
2021-05-10,0.0,JPM,JPMorgan earnings,-0.2605182570330648
2021-05-17,0.0,JPM,JPMorgan earnings,-0.2605182570330648
2021-05-24,0.0,JPM,JPMorgan earnings,-0.2605182570330648
2021-05-31,0.0,JPM,JPMorgan earnings,-0.2605182570330648
2021-06-07,0.0,JPM,JPMorgan earnings,-0.2605182570330648
2021-06-14,0.0,JPM,JPMorgan earnings,-0.2605182570330648
2021-06-21,0.0,JPM,JPMorgan earnings,-0.2605182570330648
2021-06-28,0.0,JPM,JPMorgan earnings,-0.2605182570330648
2021-07-05,0.0,JPM,JPMorgan earnings,-0.2605182570330648
2021-07-12,3.0,JPM,JPMorgan earnings,0.10976628189639075
2021-07-19,0.0,JPM,JPMorgan earnings,-0.2605182570330648
2021-07-26,0.0,JPM,JPMorgan earnings,-0.2605182570330648
2021-08-02,0.0,JPM,JPMorgan earnings,-0.2605182570330648
2021-08-09,0.0,JPM,JPMorgan earnings,-0.2605182570330648
2021-08-16,0.0,JPM,JPMorgan earnings,-0.2605182570330648
2021-08-23,0.0,JPM,JPMorgan earnings,-0.2605182570330648
2021-08-30,0.0,JPM,JPMorgan earnings,-0.2605182570330648
2021-09-06,0.0,JPM,JPMorgan earnings,-0.2605182570330648
2021-09-13,0.0,JPM,JPMorgan earnings,-0.2605182570330648
2021-09-20,0.0,JPM,JPMorgan earnings,-0.2605182570330648
2021-09-27,0.0,JPM,JPMorgan earnings,-0.2605182570330648
2021-10-04,0.0,JPM,JPMorgan earnings,-0.2605182570330648
2021-10-11,2.0,JPM,JPMorgan earnings,-0.013661897746761098
2021-10-18,0.0,JPM,JPMorgan earnings,-0.2605182570330648
2021-10-25,0.0,JPM,JPMorgan earnings,-0.2605182570330648
2021-11-01,0.0,JPM,JPMorgan earnings,-0.2605182570330648
2021-11-08,0.0,JPM,JPMorgan earnings,-0.2605182570330648
2021-11-15,0.0,JPM,JPMorgan earnings,-0.2605182570330648
2021-11-22,0.0,JPM,JPMorgan earnings,-0.2605182570330648
2021-11-29,0.0,JPM,JPMorgan earnings,-0.2605182570330648
2021-12-06,0.0,JPM,JPMorgan earnings,-0.2605182570330648
2021-12-13,0.0,JPM,JPMorgan earnings,-0.2605182570330648
2021-12-20,0.0,JPM,JPMorgan earnings,-0.2605182570330648
2021-12-27,0.0,JPM,JPMorgan earnings,-0.2605182570330648
2022-01-03,0.0,JPM,JPMorgan earnings,-0.2605182570330648
2022-01-10,2.0,JPM,JPMorgan earnings,-0.013661897746761098
2022-01-17,2.0,JPM,JPMorgan earnings,-0.013661897746761098
2022-01-24,0.0,JPM,JPMorgan earnings,-0.2605182570330648
2022-01-31,0.0,JPM,JPMorgan earnings,-0.2605182570330648
2022-02-07,0.0,JPM,JPMorgan earnings,-0.2605182570330648
2022-02-14,0.0,JPM,JPMorgan earnings,-0.2605182570330648
2022-02-21,0.0,JPM,JPMorgan earnings,-0.2605182570330648
2022-02-28,0.0,JPM,JPMorgan earnings,-0.2605182570330648
2022-03-07,0.0,JPM,JPMorgan earnings,-0.2605182570330648
2022-03-14,0.0,JPM,JPMorgan earnings,-0.2605182570330648
2022-03-21,0.0,JPM,JPMorgan earnings,-0.2605182570330648
2022-03-28,0.0,JPM,JPMorgan earnings,-0.2605182570330648
2022-04-04,0.0,JPM,JPMorgan earnings,-0.2605182570330648
2022-04-11,2.0,JPM,JPMorgan earnings,-0.013661897746761098
2022-04-18,1.0,JPM,JPMorgan earnings,-0.13709007738991294
2022-04-25,1.0,JPM,JPMorgan earnings,-0.13709007738991294
2022-05-02,0.0,JPM,JPMorgan earnings,-0.2605182570330648
2022-05-09,0.0,JPM,JPMorgan earnings,-0.2605182570330648
2022-05-16,0.0,JPM,JPMorgan earnings,-0.2605182570330648
2022-05-23,0.0,JPM,JPMorgan earnings,-0.2605182570330648
2022-05-30,0.0,JPM,JPMorgan earnings,-0.2605182570330648
2022-06-06,0.0,JPM,JPMorgan earnings,-0.2605182570330648
2022-06-13,1.0,JPM,JPMorgan earnings,-0.13709007738991294
2022-06-20,0.0,JPM,JPMorgan earnings,-0.2605182570330648
2022-06-27,0.0,JPM,JPMorgan earnings,-0.2605182570330648
2022-07-04,0.0,JPM,JPMorgan earnings,-0.2605182570330648
2022-07-11,4.0,JPM,JPMorgan earnings,0.2331944615395426
2022-07-18,1.0,JPM,JPMorgan earnings,-0.13709007738991294
2022-07-25,1.0,JPM,JPMorgan earnings,-0.13709007738991294
2022-08-01,0.0,JPM,JPMorgan earnings,-0.2605182570330648
2022-08-08,0.0,JPM,JPMorgan earnings,-0.2605182570330648
2022-08-15,0.0,JPM,JPMorgan earnings,-0.2605182570330648
2022-08-22,0.0,JPM,JPMorgan earnings,-0.2605182570330648
2022-08-29,0.0,JPM,JPMorgan earnings,-0.2605182570330648
2022-09-05,1.0,JPM,JPMorgan earnings,-0.13709007738991294
2022-09-12,0.0,JPM,JPMorgan earnings,-0.2605182570330648
2022-09-19,0.0,JPM,JPMorgan earnings,-0.2605182570330648
2022-09-26,0.0,JPM,JPMorgan earnings,-0.2605182570330648
2022-10-03,0.0,JPM,JPMorgan earnings,-0.2605182570330648
2022-10-10,3.0,JPM,JPMorgan earnings,0.10976628189639075
2022-10-17,1.0,JPM,JPMorgan earnings,-0.13709007738991294
2022-10-24,0.0,JPM,JPMorgan earnings,-0.2605182570330648
2022-10-31,0.0,JPM,JPMorgan earnings,-0.2605182570330648
2022-11-07,0.0,JPM,JPMorgan earnings,-0.2605182570330648
2022-11-14,0.0,JPM,JPMorgan earnings,-0.2605182570330648
2022-11-21,0.0,JPM,JPMorgan earnings,-0.2605182570330648
2022-11-28,0.0,JPM,JPMorgan earnings,-0.2605182570330648
2022-12-05,0.0,JPM,JPMorgan earnings,-0.2605182570330648
2022-12-12,0.0,JPM,JPMorgan earnings,-0.2605182570330648
2022-12-19,0.0,JPM,JPMorgan earnings,-0.2605182570330648
2022-12-26,0.0,JPM,JPMorgan earnings,-0.2605182570330648
2023-01-02,1.0,JPM,JPMorgan earnings,-0.13709007738991294
2023-01-09,3.0,JPM,JPMorgan earnings,0.10976628189639075
2023-01-16,1.0,JPM,JPMorgan earnings,-0.13709007738991294
2023-01-23,0.0,JPM,JPMorgan earnings,-0.2605182570330648
2023-01-30,0.0,JPM,JPMorgan earnings,-0.2605182570330648
2023-02-06,0.0,JPM,JPMorgan earnings,-0.2605182570330648
2023-02-13,0.0,JPM,JPMorgan earnings,-0.2605182570330648
2023-02-20,0.0,JPM,JPMorgan earnings,-0.2605182570330648
2023-02-27,1.0,JPM,JPMorgan earnings,-0.13709007738991294
2023-03-06,0.0,JPM,JPMorgan earnings,-0.2605182570330648
2023-03-13,0.0,JPM,JPMorgan earnings,-0.2605182570330648
2023-03-20,0.0,JPM,JPMorgan earnings,-0.2605182570330648
2023-03-27,0.0,JPM,JPMorgan earnings,-0.2605182570330648
2023-04-03,0.0,JPM,JPMorgan earnings,-0.2605182570330648
2023-04-10,4.0,JPM,JPMorgan earnings,0.2331944615395426
2023-04-17,2.0,JPM,JPMorgan earnings,-0.013661897746761098
2023-04-24,1.0,JPM,JPMorgan earnings,-0.13709007738991294
2023-05-01,0.0,JPM,JPMorgan earnings,-0.2605182570330648
2023-05-08,0.0,JPM,JPMorgan earnings,-0.2605182570330648
2023-05-15,0.0,JPM,JPMorgan earnings,-0.2605182570330648
2023-05-22,0.0,JPM,JPMorgan earnings,-0.2605182570330648
2023-05-29,0.0,JPM,JPMorgan earnings,-0.2605182570330648
2023-06-05,0.0,JPM,JPMorgan earnings,-0.2605182570330648
2023-06-12,0.0,JPM,JPMorgan earnings,-0.2605182570330648
2023-06-19,0.0,JPM,JPMorgan earnings,-0.2605182570330648
2023-06-26,0.0,JPM,JPMorgan earnings,-0.2605182570330648
2023-07-03,0.0,JPM,JPMorgan earnings,-0.2605182570330648
2023-07-10,3.0,JPM,JPMorgan earnings,0.10976628189639075
2023-07-17,2.0,JPM,JPMorgan earnings,-0.013661897746761098
2023-07-24,0.0,JPM,JPMorgan earnings,-0.2605182570330648
2023-07-31,0.0,JPM,JPMorgan earnings,-0.2605182570330648
2023-08-07,0.0,JPM,JPMorgan earnings,-0.2605182570330648
2023-08-14,0.0,JPM,JPMorgan earnings,-0.2605182570330648
2023-08-21,0.0,JPM,JPMorgan earnings,-0.2605182570330648
2023-08-28,0.0,JPM,JPMorgan earnings,-0.2605182570330648
2023-09-04,0.0,JPM,JPMorgan earnings,-0.2605182570330648
2023-09-11,0.0,JPM,JPMorgan earnings,-0.2605182570330648
2023-09-18,0.0,JPM,JPMorgan earnings,-0.2605182570330648
2023-09-25,0.0,JPM,JPMorgan earnings,-0.2605182570330648
2023-10-02,0.0,JPM,JPMorgan earnings,-0.2605182570330648
2023-10-09,2.0,JPM,JPMorgan earnings,-0.013661897746761098
2023-10-16,1.0,JPM,JPMorgan earnings,-0.13709007738991294
2023-10-23,0.0,JPM,JPMorgan earnings,-0.2605182570330648
2023-10-30,1.0,JPM,JPMorgan earnings,-0.13709007738991294
2023-11-06,0.0,JPM,JPMorgan earnings,-0.2605182570330648
2023-11-13,0.0,JPM,JPMorgan earnings,-0.2605182570330648
2023-11-20,0.0,JPM,JPMorgan earnings,-0.2605182570330648
2023-11-27,0.0,JPM,JPMorgan earnings,-0.2605182570330648
2023-12-04,0.0,JPM,JPMorgan earnings,-0.2605182570330648
2023-12-11,0.0,JPM,JPMorgan earnings,-0.2605182570330648
2023-12-18,0.0,JPM,JPMorgan earnings,-0.2605182570330648
2023-12-25,0.0,JPM,JPMorgan earnings,-0.2605182570330648
2024-01-01,0.0,JPM,JPMorgan earnings,-0.2605182570330648
2024-01-08,3.0,JPM,JPMorgan earnings,0.10976628189639075
2024-01-15,1.0,JPM,JPMorgan earnings,-0.13709007738991294
2024-01-22,1.0,JPM,JPMorgan earnings,-0.13709007738991294
2024-01-29,0.0,JPM,JPMorgan earnings,-0.2605182570330648
2024-02-05,0.0,JPM,JPMorgan earnings,-0.2605182570330648
2024-02-12,0.0,JPM,JPMorgan earnings,-0.2605182570330648
2024-02-19,0.0,JPM,JPMorgan earnings,-0.2605182570330648
2024-02-26,0.0,JPM,JPMorgan earnings,-0.2605182570330648
2024-03-04,0.0,JPM,JPMorgan earnings,-0.2605182570330648
2024-03-11,0.0,JPM,JPMorgan earnings,-0.2605182570330648
2024-03-18,0.0,JPM,JPMorgan earnings,-0.2605182570330648
2024-03-25,0.0,JPM,JPMorgan earnings,-0.2605182570330648
2024-04-01,1.0,JPM,JPMorgan earnings,-0.13709007738991294
2024-04-08,3.0,JPM,JPMorgan earnings,0.10976628189639075
2024-04-15,1.0,JPM,JPMorgan earnings,-0.13709007738991294
2024-04-22,0.0,JPM,JPMorgan earnings,-0.2605182570330648
2024-04-29,1.0,JPM,JPMorgan earnings,-0.13709007738991294
2024-05-06,0.0,JPM,JPMorgan earnings,-0.2605182570330648
2024-05-13,0.0,JPM,JPMorgan earnings,-0.2605182570330648
2024-05-20,0.0,JPM,JPMorgan earnings,-0.2605182570330648
2024-05-27,0.0,JPM,JPMorgan earnings,-0.2605182570330648
2024-06-03,0.0,JPM,JPMorgan earnings,-0.2605182570330648
2024-06-10,0.0,JPM,JPMorgan earnings,-0.2605182570330648
2024-06-17,0.0,JPM,JPMorgan earnings,-0.2605182570330648
2024-06-24,0.0,JPM,JPMorgan earnings,-0.2605182570330648
2024-07-01,0.0,JPM,JPMorgan earnings,-0.2605182570330648
2024-07-08,3.0,JPM,JPMorgan earnings,0.10976628189639075
2024-07-15,1.0,JPM,JPMorgan earnings,-0.13709007738991294
2024-07-22,0.0,JPM,JPMorgan earnings,-0.2605182570330648
2024-07-29,0.0,JPM,JPMorgan earnings,-0.2605182570330648
2024-08-05,0.0,JPM,JPMorgan earnings,-0.2605182570330648
2024-08-12,0.0,JPM,JPMorgan earnings,-0.2605182570330648
2024-08-19,0.0,JPM,JPMorgan earnings,-0.2605182570330648
2024-08-26,0.0,JPM,JPMorgan earnings,-0.2605182570330648
2024-09-02,0.0,JPM,JPMorgan earnings,-0.2605182570330648
2024-09-09,0.0,JPM,JPMorgan earnings,-0.2605182570330648
2024-09-16,0.0,JPM,JPMorgan earnings,-0.2605182570330648
2024-09-23,0.0,JPM,JPMorgan earnings,-0.2605182570330648
2024-09-30,0.0,JPM,JPMorgan earnings,-0.2605182570330648
2024-10-07,2.0,JPM,JPMorgan earnings,-0.013661897746761098
2024-10-14,1.0,JPM,JPMorgan earnings,-0.13709007738991294
2024-10-21,0.0,JPM,JPMorgan earnings,-0.2605182570330648
2024-10-28,0.0,JPM,JPMorgan earnings,-0.2605182570330648
2024-11-04,0.0,JPM,JPMorgan earnings,-0.2605182570330648
2024-11-11,0.0,JPM,JPMorgan earnings,-0.2605182570330648
2024-11-18,0.0,JPM,JPMorgan earnings,-0.2605182570330648
2024-11-25,0.0,JPM,JPMorgan earnings,-0.2605182570330648
2024-12-02,0.0,JPM,JPMorgan earnings,-0.2605182570330648
2024-12-09,0.0,JPM,JPMorgan earnings,-0.2605182570330648
2024-12-16,0.0,JPM,JPMorgan earnings,-0.2605182570330648
2024-12-23,0.0,JPM,JPMorgan earnings,-0.2605182570330648
2024-12-30,0.0,JPM,JPMorgan earnings,-0.2605182570330648
2025-01-06,0.0,JPM,JPMorgan earnings,-0.2605182570330648
2025-01-13,4.0,JPM,JPMorgan earnings,0.2331944615395426
2025-01-20,0.0,JPM,JPMorgan earnings,-0.2605182570330648
2025-01-27,0.0,JPM,JPMorgan earnings,-0.2605182570330648
2025-02-03,0.0,JPM,JPMorgan earnings,-0.2605182570330648
2025-02-10,0.0,JPM,JPMorgan earnings,-0.2605182570330648
2025-02-17,0.0,JPM,JPMorgan earnings,-0.2605182570330648
2025-02-24,0.0,JPM,JPMorgan earnings,-0.2605182570330648
2025-03-03,0.0,JPM,JPMorgan earnings,-0.2605182570330648
2025-03-10,0.0,JPM,JPMorgan earnings,-0.2605182570330648
2025-03-17,0.0,JPM,JPMorgan earnings,-0.2605182570330648
2025-03-24,0.0,JPM,JPMorgan earnings,-0.2605182570330648
2025-03-31,0.0,JPM,JPMorgan earnings,-0.2605182570330648
2025-04-07,6.0,JPM,JPMorgan earnings,0.48005082082584627
2025-04-14,1.0,JPM,JPMorgan earnings,-0.13709007738991294
2025-04-21,0.0,JPM,JPMorgan earnings,-0.2605182570330648
2025-04-28,0.0,JPM,JPMorgan earnings,-0.2605182570330648
2025-05-05,0.0,JPM,JPMorgan earnings,-0.2605182570330648
2025-05-12,0.0,JPM,JPMorgan earnings,-0.2605182570330648
2025-05-19,0.0,JPM,JPMorgan earnings,-0.2605182570330648
2025-05-26,0.0,JPM,JPMorgan earnings,-0.2605182570330648
2025-06-02,0.0,JPM,JPMorgan earnings,-0.2605182570330648
2025-06-09,1.0,JPM,JPMorgan earnings,-0.13709007738991294
2025-06-16,1.0,JPM,JPMorgan earnings,-0.13709007738991294
2025-06-23,1.0,JPM,JPMorgan earnings,-0.13709007738991294
2025-06-30,0.0,JPM,JPMorgan earnings,-0.2605182570330648
2025-07-07,2.0,JPM,JPMorgan earnings,-0.013661897746761098
2025-07-14,10.0,JPM,JPMorgan earnings,0.9737635393984536
2025-07-21,5.0,JPM,JPMorgan earnings,0.35662264118269443
2025-07-28,9.0,JPM,JPMorgan earnings,0.8503353597553018
2025-08-04,17.0,JPM,JPMorgan earnings,1.8377607969005167
2025-08-11,21.0,JPM,JPMorgan earnings,2.331473515473124
2025-08-18,16.0,JPM,JPMorgan earnings,1.7143326172573647
2025-08-25,15.0,JPM,JPMorgan earnings,1.590904437614213
2025-09-01,18.0,JPM,JPMorgan earnings,1.9611889765436685
2025-09-08,14.0,JPM,JPMorgan earnings,1.4674762579710612
2025-09-15,19.0,JPM,JPMorgan earnings,2.0846171561868205
2025-09-22,24.0,JPM,JPMorgan earnings,2.7017580544025797
2025-09-29,35.0,JPM,JPMorgan earnings,4.05946803047725
2025-10-06,49.0,JPM,JPMorgan earnings,5.787462545481375
2025-10-13,100.0,JPM,JPMorgan earnings,12.08229970728212
2025-10-20,19.0,JPM,JPMorgan earnings,2.0846171561868205
2025-10-27,21.0,JPM,JPMorgan earnings,2.331473515473124
2025-11-03,14.0,JPM,JPMorgan earnings,1.4674762579710612
2025-11-10,11.0,JPM,JPMorgan earnings,1.0971917190416056
2025-11-17,15.0,JPM,JPMorgan earnings,1.590904437614213
2025-11-24,12.0,JPM,JPMorgan earnings,1.2206198986847574
2025-12-01,11.0,JPM,JPMorgan earnings,1.0971917190416056
2025-12-08,4.0,JPM,JPMorgan earnings,0.2331944615395426
2025-12-15,3.0,JPM,JPMorgan earnings,0.10976628189639075
2025-12-22,3.0,JPM,JPMorgan earnings,0.10976628189639075
2020-12-21,0.0,JPM,JPMorgan earnings date,-0.18786326246637414
2020-12-28,0.0,JPM,JPMorgan earnings date,-0.18786326246637414
2021-01-04,0.0,JPM,JPMorgan earnings date,-0.18786326246637414
2021-01-11,0.0,JPM,JPMorgan earnings date,-0.18786326246637414
2021-01-18,0.0,JPM,JPMorgan earnings date,-0.18786326246637414
2021-01-25,0.0,JPM,JPMorgan earnings date,-0.18786326246637414
2021-02-01,0.0,JPM,JPMorgan earnings date,-0.18786326246637414
2021-02-08,0.0,JPM,JPMorgan earnings date,-0.18786326246637414
2021-02-15,0.0,JPM,JPMorgan earnings date,-0.18786326246637414
2021-02-22,0.0,JPM,JPMorgan earnings date,-0.18786326246637414
2021-03-01,0.0,JPM,JPMorgan earnings date,-0.18786326246637414
2021-03-08,0.0,JPM,JPMorgan earnings date,-0.18786326246637414
2021-03-15,0.0,JPM,JPMorgan earnings date,-0.18786326246637414
2021-03-22,0.0,JPM,JPMorgan earnings date,-0.18786326246637414
2021-03-29,0.0,JPM,JPMorgan earnings date,-0.18786326246637414
2021-04-05,0.0,JPM,JPMorgan earnings date,-0.18786326246637414
2021-04-12,0.0,JPM,JPMorgan earnings date,-0.18786326246637414
2021-04-19,0.0,JPM,JPMorgan earnings date,-0.18786326246637414
2021-04-26,0.0,JPM,JPMorgan earnings date,-0.18786326246637414
2021-05-03,0.0,JPM,JPMorgan earnings date,-0.18786326246637414
2021-05-10,0.0,JPM,JPMorgan earnings date,-0.18786326246637414
2021-05-17,0.0,JPM,JPMorgan earnings date,-0.18786326246637414
2021-05-24,0.0,JPM,JPMorgan earnings date,-0.18786326246637414
2021-05-31,0.0,JPM,JPMorgan earnings date,-0.18786326246637414
2021-06-07,0.0,JPM,JPMorgan earnings date,-0.18786326246637414
2021-06-14,0.0,JPM,JPMorgan earnings date,-0.18786326246637414
2021-06-21,0.0,JPM,JPMorgan earnings date,-0.18786326246637414
2021-06-28,0.0,JPM,JPMorgan earnings date,-0.18786326246637414
2021-07-05,0.0,JPM,JPMorgan earnings date,-0.18786326246637414
2021-07-12,0.0,JPM,JPMorgan earnings date,-0.18786326246637414
2021-07-19,0.0,JPM,JPMorgan earnings date,-0.18786326246637414
2021-07-26,0.0,JPM,JPMorgan earnings date,-0.18786326246637414
2021-08-02,0.0,JPM,JPMorgan earnings date,-0.18786326246637414
2021-08-09,0.0,JPM,JPMorgan earnings date,-0.18786326246637414
2021-08-16,0.0,JPM,JPMorgan earnings date,-0.18786326246637414
2021-08-23,0.0,JPM,JPMorgan earnings date,-0.18786326246637414
2021-08-30,0.0,JPM,JPMorgan earnings date,-0.18786326246637414
2021-09-06,0.0,JPM,JPMorgan earnings date,-0.18786326246637414
2021-09-13,0.0,JPM,JPMorgan earnings date,-0.18786326246637414
2021-09-20,0.0,JPM,JPMorgan earnings date,-0.18786326246637414
2021-09-27,0.0,JPM,JPMorgan earnings date,-0.18786326246637414
2021-10-04,0.0,JPM,JPMorgan earnings date,-0.18786326246637414
2021-10-11,0.0,JPM,JPMorgan earnings date,-0.18786326246637414
2021-10-18,0.0,JPM,JPMorgan earnings date,-0.18786326246637414
2021-10-25,0.0,JPM,JPMorgan earnings date,-0.18786326246637414
2021-11-01,0.0,JPM,JPMorgan earnings date,-0.18786326246637414
2021-11-08,0.0,JPM,JPMorgan earnings date,-0.18786326246637414
2021-11-15,0.0,JPM,JPMorgan earnings date,-0.18786326246637414
2021-11-22,0.0,JPM,JPMorgan earnings date,-0.18786326246637414
2021-11-29,0.0,JPM,JPMorgan earnings date,-0.18786326246637414
2021-12-06,0.0,JPM,JPMorgan earnings date,-0.18786326246637414
2021-12-13,0.0,JPM,JPMorgan earnings date,-0.18786326246637414
2021-12-20,0.0,JPM,JPMorgan earnings date,-0.18786326246637414
2021-12-27,0.0,JPM,JPMorgan earnings date,-0.18786326246637414
2022-01-03,0.0,JPM,JPMorgan earnings date,-0.18786326246637414
2022-01-10,0.0,JPM,JPMorgan earnings date,-0.18786326246637414
2022-01-17,0.0,JPM,JPMorgan earnings date,-0.18786326246637414
2022-01-24,0.0,JPM,JPMorgan earnings date,-0.18786326246637414
2022-01-31,0.0,JPM,JPMorgan earnings date,-0.18786326246637414
2022-02-07,0.0,JPM,JPMorgan earnings date,-0.18786326246637414
2022-02-14,0.0,JPM,JPMorgan earnings date,-0.18786326246637414
2022-02-21,0.0,JPM,JPMorgan earnings date,-0.18786326246637414
2022-02-28,0.0,JPM,JPMorgan earnings date,-0.18786326246637414
2022-03-07,0.0,JPM,JPMorgan earnings date,-0.18786326246637414
2022-03-14,0.0,JPM,JPMorgan earnings date,-0.18786326246637414
2022-03-21,0.0,JPM,JPMorgan earnings date,-0.18786326246637414
2022-03-28,0.0,JPM,JPMorgan earnings date,-0.18786326246637414
2022-04-04,0.0,JPM,JPMorgan earnings date,-0.18786326246637414
2022-04-11,0.0,JPM,JPMorgan earnings date,-0.18786326246637414
2022-04-18,0.0,JPM,JPMorgan earnings date,-0.18786326246637414
2022-04-25,0.0,JPM,JPMorgan earnings date,-0.18786326246637414
2022-05-02,0.0,JPM,JPMorgan earnings date,-0.18786326246637414
2022-05-09,0.0,JPM,JPMorgan earnings date,-0.18786326246637414
2022-05-16,0.0,JPM,JPMorgan earnings date,-0.18786326246637414
2022-05-23,0.0,JPM,JPMorgan earnings date,-0.18786326246637414
2022-05-30,0.0,JPM,JPMorgan earnings date,-0.18786326246637414
2022-06-06,0.0,JPM,JPMorgan earnings date,-0.18786326246637414
2022-06-13,0.0,JPM,JPMorgan earnings date,-0.18786326246637414
2022-06-20,0.0,JPM,JPMorgan earnings date,-0.18786326246637414
2022-06-27,0.0,JPM,JPMorgan earnings date,-0.18786326246637414
2022-07-04,0.0,JPM,JPMorgan earnings date,-0.18786326246637414
2022-07-11,0.0,JPM,JPMorgan earnings date,-0.18786326246637414
2022-07-18,0.0,JPM,JPMorgan earnings date,-0.18786326246637414
2022-07-25,0.0,JPM,JPMorgan earnings date,-0.18786326246637414
2022-08-01,0.0,JPM,JPMorgan earnings date,-0.18786326246637414
2022-08-08,0.0,JPM,JPMorgan earnings date,-0.18786326246637414
2022-08-15,0.0,JPM,JPMorgan earnings date,-0.18786326246637414
2022-08-22,0.0,JPM,JPMorgan earnings date,-0.18786326246637414
2022-08-29,0.0,JPM,JPMorgan earnings date,-0.18786326246637414
2022-09-05,0.0,JPM,JPMorgan earnings date,-0.18786326246637414
2022-09-12,0.0,JPM,JPMorgan earnings date,-0.18786326246637414
2022-09-19,0.0,JPM,JPMorgan earnings date,-0.18786326246637414
2022-09-26,0.0,JPM,JPMorgan earnings date,-0.18786326246637414
2022-10-03,0.0,JPM,JPMorgan earnings date,-0.18786326246637414
2022-10-10,0.0,JPM,JPMorgan earnings date,-0.18786326246637414
2022-10-17,0.0,JPM,JPMorgan earnings date,-0.18786326246637414
2022-10-24,0.0,JPM,JPMorgan earnings date,-0.18786326246637414
2022-10-31,0.0,JPM,JPMorgan earnings date,-0.18786326246637414
2022-11-07,0.0,JPM,JPMorgan earnings date,-0.18786326246637414
2022-11-14,0.0,JPM,JPMorgan earnings date,-0.18786326246637414
2022-11-21,0.0,JPM,JPMorgan earnings date,-0.18786326246637414
2022-11-28,0.0,JPM,JPMorgan earnings date,-0.18786326246637414
2022-12-05,0.0,JPM,JPMorgan earnings date,-0.18786326246637414
2022-12-12,0.0,JPM,JPMorgan earnings date,-0.18786326246637414
2022-12-19,0.0,JPM,JPMorgan earnings date,-0.18786326246637414
2022-12-26,0.0,JPM,JPMorgan earnings date,-0.18786326246637414
2023-01-02,0.0,JPM,JPMorgan earnings date,-0.18786326246637414
2023-01-09,0.0,JPM,JPMorgan earnings date,-0.18786326246637414
2023-01-16,0.0,JPM,JPMorgan earnings date,-0.18786326246637414
2023-01-23,0.0,JPM,JPMorgan earnings date,-0.18786326246637414
2023-01-30,0.0,JPM,JPMorgan earnings date,-0.18786326246637414
2023-02-06,0.0,JPM,JPMorgan earnings date,-0.18786326246637414
2023-02-13,0.0,JPM,JPMorgan earnings date,-0.18786326246637414
2023-02-20,0.0,JPM,JPMorgan earnings date,-0.18786326246637414
2023-02-27,0.0,JPM,JPMorgan earnings date,-0.18786326246637414
2023-03-06,0.0,JPM,JPMorgan earnings date,-0.18786326246637414
2023-03-13,0.0,JPM,JPMorgan earnings date,-0.18786326246637414
2023-03-20,0.0,JPM,JPMorgan earnings date,-0.18786326246637414
2023-03-27,0.0,JPM,JPMorgan earnings date,-0.18786326246637414
2023-04-03,0.0,JPM,JPMorgan earnings date,-0.18786326246637414
2023-04-10,0.0,JPM,JPMorgan earnings date,-0.18786326246637414
2023-04-17,0.0,JPM,JPMorgan earnings date,-0.18786326246637414
2023-04-24,0.0,JPM,JPMorgan earnings date,-0.18786326246637414
2023-05-01,0.0,JPM,JPMorgan earnings date,-0.18786326246637414
2023-05-08,0.0,JPM,JPMorgan earnings date,-0.18786326246637414
2023-05-15,0.0,JPM,JPMorgan earnings date,-0.18786326246637414
2023-05-22,0.0,JPM,JPMorgan earnings date,-0.18786326246637414
2023-05-29,0.0,JPM,JPMorgan earnings date,-0.18786326246637414
2023-06-05,0.0,JPM,JPMorgan earnings date,-0.18786326246637414
2023-06-12,0.0,JPM,JPMorgan earnings date,-0.18786326246637414
2023-06-19,0.0,JPM,JPMorgan earnings date,-0.18786326246637414
2023-06-26,0.0,JPM,JPMorgan earnings date,-0.18786326246637414
2023-07-03,0.0,JPM,JPMorgan earnings date,-0.18786326246637414
2023-07-10,0.0,JPM,JPMorgan earnings date,-0.18786326246637414
2023-07-17,0.0,JPM,JPMorgan earnings date,-0.18786326246637414
2023-07-24,0.0,JPM,JPMorgan earnings date,-0.18786326246637414
2023-07-31,0.0,JPM,JPMorgan earnings date,-0.18786326246637414
2023-08-07,0.0,JPM,JPMorgan earnings date,-0.18786326246637414
2023-08-14,0.0,JPM,JPMorgan earnings date,-0.18786326246637414
2023-08-21,0.0,JPM,JPMorgan earnings date,-0.18786326246637414
2023-08-28,0.0,JPM,JPMorgan earnings date,-0.18786326246637414
2023-09-04,0.0,JPM,JPMorgan earnings date,-0.18786326246637414
2023-09-11,0.0,JPM,JPMorgan earnings date,-0.18786326246637414
2023-09-18,0.0,JPM,JPMorgan earnings date,-0.18786326246637414
2023-09-25,0.0,JPM,JPMorgan earnings date,-0.18786326246637414
2023-10-02,0.0,JPM,JPMorgan earnings date,-0.18786326246637414
2023-10-09,0.0,JPM,JPMorgan earnings date,-0.18786326246637414
2023-10-16,0.0,JPM,JPMorgan earnings date,-0.18786326246637414
2023-10-23,0.0,JPM,JPMorgan earnings date,-0.18786326246637414
2023-10-30,0.0,JPM,JPMorgan earnings date,-0.18786326246637414
2023-11-06,0.0,JPM,JPMorgan earnings date,-0.18786326246637414
2023-11-13,0.0,JPM,JPMorgan earnings date,-0.18786326246637414
2023-11-20,0.0,JPM,JPMorgan earnings date,-0.18786326246637414
2023-11-27,0.0,JPM,JPMorgan earnings date,-0.18786326246637414
2023-12-04,0.0,JPM,JPMorgan earnings date,-0.18786326246637414
2023-12-11,0.0,JPM,JPMorgan earnings date,-0.18786326246637414
2023-12-18,0.0,JPM,JPMorgan earnings date,-0.18786326246637414
2023-12-25,0.0,JPM,JPMorgan earnings date,-0.18786326246637414
2024-01-01,0.0,JPM,JPMorgan earnings date,-0.18786326246637414
2024-01-08,0.0,JPM,JPMorgan earnings date,-0.18786326246637414
2024-01-15,0.0,JPM,JPMorgan earnings date,-0.18786326246637414
2024-01-22,0.0,JPM,JPMorgan earnings date,-0.18786326246637414
2024-01-29,0.0,JPM,JPMorgan earnings date,-0.18786326246637414
2024-02-05,0.0,JPM,JPMorgan earnings date,-0.18786326246637414
2024-02-12,0.0,JPM,JPMorgan earnings date,-0.18786326246637414
2024-02-19,0.0,JPM,JPMorgan earnings date,-0.18786326246637414
2024-02-26,0.0,JPM,JPMorgan earnings date,-0.18786326246637414
2024-03-04,0.0,JPM,JPMorgan earnings date,-0.18786326246637414
2024-03-11,0.0,JPM,JPMorgan earnings date,-0.18786326246637414
2024-03-18,0.0,JPM,JPMorgan earnings date,-0.18786326246637414
2024-03-25,0.0,JPM,JPMorgan earnings date,-0.18786326246637414
2024-04-01,0.0,JPM,JPMorgan earnings date,-0.18786326246637414
2024-04-08,0.0,JPM,JPMorgan earnings date,-0.18786326246637414
2024-04-15,0.0,JPM,JPMorgan earnings date,-0.18786326246637414
2024-04-22,0.0,JPM,JPMorgan earnings date,-0.18786326246637414
2024-04-29,0.0,JPM,JPMorgan earnings date,-0.18786326246637414
2024-05-06,0.0,JPM,JPMorgan earnings date,-0.18786326246637414
2024-05-13,0.0,JPM,JPMorgan earnings date,-0.18786326246637414
2024-05-20,0.0,JPM,JPMorgan earnings date,-0.18786326246637414
2024-05-27,0.0,JPM,JPMorgan earnings date,-0.18786326246637414
2024-06-03,0.0,JPM,JPMorgan earnings date,-0.18786326246637414
2024-06-10,0.0,JPM,JPMorgan earnings date,-0.18786326246637414
2024-06-17,0.0,JPM,JPMorgan earnings date,-0.18786326246637414
2024-06-24,0.0,JPM,JPMorgan earnings date,-0.18786326246637414
2024-07-01,0.0,JPM,JPMorgan earnings date,-0.18786326246637414
2024-07-08,0.0,JPM,JPMorgan earnings date,-0.18786326246637414
2024-07-15,0.0,JPM,JPMorgan earnings date,-0.18786326246637414
2024-07-22,0.0,JPM,JPMorgan earnings date,-0.18786326246637414
2024-07-29,0.0,JPM,JPMorgan earnings date,-0.18786326246637414
2024-08-05,0.0,JPM,JPMorgan earnings date,-0.18786326246637414
2024-08-12,0.0,JPM,JPMorgan earnings date,-0.18786326246637414
2024-08-19,0.0,JPM,JPMorgan earnings date,-0.18786326246637414
2024-08-26,0.0,JPM,JPMorgan earnings date,-0.18786326246637414
2024-09-02,0.0,JPM,JPMorgan earnings date,-0.18786326246637414
2024-09-09,0.0,JPM,JPMorgan earnings date,-0.18786326246637414
2024-09-16,0.0,JPM,JPMorgan earnings date,-0.18786326246637414
2024-09-23,0.0,JPM,JPMorgan earnings date,-0.18786326246637414
2024-09-30,0.0,JPM,JPMorgan earnings date,-0.18786326246637414
2024-10-07,0.0,JPM,JPMorgan earnings date,-0.18786326246637414
2024-10-14,0.0,JPM,JPMorgan earnings date,-0.18786326246637414
2024-10-21,0.0,JPM,JPMorgan earnings date,-0.18786326246637414
2024-10-28,0.0,JPM,JPMorgan earnings date,-0.18786326246637414
2024-11-04,0.0,JPM,JPMorgan earnings date,-0.18786326246637414
2024-11-11,0.0,JPM,JPMorgan earnings date,-0.18786326246637414
2024-11-18,0.0,JPM,JPMorgan earnings date,-0.18786326246637414
2024-11-25,0.0,JPM,JPMorgan earnings date,-0.18786326246637414
2024-12-02,0.0,JPM,JPMorgan earnings date,-0.18786326246637414
2024-12-09,0.0,JPM,JPMorgan earnings date,-0.18786326246637414
2024-12-16,0.0,JPM,JPMorgan earnings date,-0.18786326246637414
2024-12-23,0.0,JPM,JPMorgan earnings date,-0.18786326246637414
2024-12-30,0.0,JPM,JPMorgan earnings date,-0.18786326246637414
2025-01-06,0.0,JPM,JPMorgan earnings date,-0.18786326246637414
2025-01-13,0.0,JPM,JPMorgan earnings date,-0.18786326246637414
2025-01-20,0.0,JPM,JPMorgan earnings date,-0.18786326246637414
2025-01-27,0.0,JPM,JPMorgan earnings date,-0.18786326246637414
2025-02-03,0.0,JPM,JPMorgan earnings date,-0.18786326246637414
2025-02-10,0.0,JPM,JPMorgan earnings date,-0.18786326246637414
2025-02-17,0.0,JPM,JPMorgan earnings date,-0.18786326246637414
2025-02-24,0.0,JPM,JPMorgan earnings date,-0.18786326246637414
2025-03-03,0.0,JPM,JPMorgan earnings date,-0.18786326246637414
2025-03-10,0.0,JPM,JPMorgan earnings date,-0.18786326246637414
2025-03-17,0.0,JPM,JPMorgan earnings date,-0.18786326246637414
2025-03-24,5.0,JPM,JPMorgan earnings date,0.34947489000294923
2025-03-31,0.0,JPM,JPMorgan earnings date,-0.18786326246637414
2025-04-07,0.0,JPM,JPMorgan earnings date,-0.18786326246637414
2025-04-14,0.0,JPM,JPMorgan earnings date,-0.18786326246637414
2025-04-21,0.0,JPM,JPMorgan earnings date,-0.18786326246637414
2025-04-28,0.0,JPM,JPMorgan earnings date,-0.18786326246637414
2025-05-05,0.0,JPM,JPMorgan earnings date,-0.18786326246637414
2025-05-12,0.0,JPM,JPMorgan earnings date,-0.18786326246637414
2025-05-19,0.0,JPM,JPMorgan earnings date,-0.18786326246637414
2025-05-26,0.0,JPM,JPMorgan earnings date,-0.18786326246637414
2025-06-02,0.0,JPM,JPMorgan earnings date,-0.18786326246637414
2025-06-09,0.0,JPM,JPMorgan earnings date,-0.18786326246637414
2025-06-16,0.0,JPM,JPMorgan earnings date,-0.18786326246637414
2025-06-23,0.0,JPM,JPMorgan earnings date,-0.18786326246637414
2025-06-30,0.0,JPM,JPMorgan earnings date,-0.18786326246637414
2025-07-07,0.0,JPM,JPMorgan earnings date,-0.18786326246637414
2025-07-14,0.0,JPM,JPMorgan earnings date,-0.18786326246637414
2025-07-21,0.0,JPM,JPMorgan earnings date,-0.18786326246637414
2025-07-28,6.0,JPM,JPMorgan earnings date,0.45694252049681394
2025-08-04,19.0,JPM,JPMorgan earnings date,1.8540217169170548
2025-08-11,22.0,JPM,JPMorgan earnings date,2.1764246083986487
2025-08-18,15.0,JPM,JPMorgan earnings date,1.4241511949415961
2025-08-25,17.0,JPM,JPMorgan earnings date,1.6390864559293254
2025-09-01,16.0,JPM,JPMorgan earnings date,1.5316188254354608
2025-09-08,15.0,JPM,JPMorgan earnings date,1.4241511949415961
2025-09-15,14.0,JPM,JPMorgan earnings date,1.3166835644477315
2025-09-22,21.0,JPM,JPMorgan earnings date,2.0689569779047843
2025-09-29,40.0,JPM,JPMorgan earnings date,4.110841957288214
2025-10-06,92.0,JPM,JPMorgan earnings date,9.699158742969177
2025-10-13,100.0,JPM,JPMorgan earnings date,10.558899786920094
2025-10-20,18.0,JPM,JPMorgan earnings date,1.74655408642319
2025-10-27,17.0,JPM,JPMorgan earnings date,1.6390864559293254
2025-11-03,8.0,JPM,JPMorgan earnings date,0.6718777814845434
2025-11-10,7.0,JPM,JPMorgan earnings date,0.5644101509906786
2025-11-17,8.0,JPM,JPMorgan earnings date,0.6718777814845434
2025-11-24,7.0,JPM,JPMorgan earnings date,0.5644101509906786
2025-12-01,6.0,JPM,JPMorgan earnings date,0.45694252049681394
2025-12-08,1.0,JPM,JPMorgan earnings date,-0.08039563197250944
2025-12-15,2.0,JPM,JPMorgan earnings date,0.027071998521355237
2025-12-22,2.0,JPM,JPMorgan earnings date,0.027071998521355237
2020-12-21,17.0,JPM,JPMorgan stock,-0.13293691589250628
2020-12-28,13.0,JPM,JPMorgan stock,-0.39432132087439464
2021-01-04,18.0,JPM,JPMorgan stock,-0.06759081464703419
2021-01-11,28.0,JPM,JPMorgan stock,0.5858701978076868
2021-01-18,21.0,JPM,JPMorgan stock,0.12844748908938208
2021-01-25,21.0,JPM,JPMorgan stock,0.12844748908938208
2021-02-01,19.0,JPM,JPMorgan stock,-0.002244713401562091
2021-02-08,15.0,JPM,JPMorgan stock,-0.2636291183834505
2021-02-15,17.0,JPM,JPMorgan stock,-0.13293691589250628
2021-02-22,20.0,JPM,JPMorgan stock,0.06310138784391
2021-03-01,19.0,JPM,JPMorgan stock,-0.002244713401562091
2021-03-08,20.0,JPM,JPMorgan stock,0.06310138784391
2021-03-15,18.0,JPM,JPMorgan stock,-0.06759081464703419
2021-03-22,17.0,JPM,JPMorgan stock,-0.13293691589250628
2021-03-29,18.0,JPM,JPMorgan stock,-0.06759081464703419
2021-04-05,15.0,JPM,JPMorgan stock,-0.2636291183834505
2021-04-12,22.0,JPM,JPMorgan stock,0.1937935903348542
2021-04-19,18.0,JPM,JPMorgan stock,-0.06759081464703419
2021-04-26,17.0,JPM,JPMorgan stock,-0.13293691589250628
2021-05-03,16.0,JPM,JPMorgan stock,-0.19828301713797836
2021-05-10,17.0,JPM,JPMorgan stock,-0.13293691589250628
2021-05-17,16.0,JPM,JPMorgan stock,-0.19828301713797836
2021-05-24,13.0,JPM,JPMorgan stock,-0.39432132087439464
2021-05-31,11.0,JPM,JPMorgan stock,-0.5250135233653388
2021-06-07,13.0,JPM,JPMorgan stock,-0.39432132087439464
2021-06-14,16.0,JPM,JPMorgan stock,-0.19828301713797836
2021-06-21,19.0,JPM,JPMorgan stock,-0.002244713401562091
2021-06-28,15.0,JPM,JPMorgan stock,-0.2636291183834505
2021-07-05,11.0,JPM,JPMorgan stock,-0.5250135233653388
2021-07-12,20.0,JPM,JPMorgan stock,0.06310138784391
2021-07-19,16.0,JPM,JPMorgan stock,-0.19828301713797836
2021-07-26,14.0,JPM,JPMorgan stock,-0.32897521962892257
2021-08-02,10.0,JPM,JPMorgan stock,-0.5903596246108109
2021-08-09,17.0,JPM,JPMorgan stock,-0.13293691589250628
2021-08-16,16.0,JPM,JPMorgan stock,-0.19828301713797836
2021-08-23,15.0,JPM,JPMorgan stock,-0.2636291183834505
2021-08-30,11.0,JPM,JPMorgan stock,-0.5250135233653388
2021-09-06,10.0,JPM,JPMorgan stock,-0.5903596246108109
2021-09-13,11.0,JPM,JPMorgan stock,-0.5250135233653388
2021-09-20,13.0,JPM,JPMorgan stock,-0.39432132087439464
2021-09-27,14.0,JPM,JPMorgan stock,-0.32897521962892257
2021-10-04,16.0,JPM,JPMorgan stock,-0.19828301713797836
2021-10-11,18.0,JPM,JPMorgan stock,-0.06759081464703419
2021-10-18,16.0,JPM,JPMorgan stock,-0.19828301713797836
2021-10-25,14.0,JPM,JPMorgan stock,-0.32897521962892257
2021-11-01,14.0,JPM,JPMorgan stock,-0.32897521962892257
2021-11-08,14.0,JPM,JPMorgan stock,-0.32897521962892257
2021-11-15,13.0,JPM,JPMorgan stock,-0.39432132087439464
2021-11-22,13.0,JPM,JPMorgan stock,-0.39432132087439464
2021-11-29,16.0,JPM,JPMorgan stock,-0.19828301713797836
2021-12-06,11.0,JPM,JPMorgan stock,-0.5250135233653388
2021-12-13,15.0,JPM,JPMorgan stock,-0.2636291183834505
2021-12-20,10.0,JPM,JPMorgan stock,-0.5903596246108109
2021-12-27,13.0,JPM,JPMorgan stock,-0.39432132087439464
2022-01-03,15.0,JPM,JPMorgan stock,-0.2636291183834505
2022-01-10,24.0,JPM,JPMorgan stock,0.32448579282579837
2022-01-17,17.0,JPM,JPMorgan stock,-0.13293691589250628
2022-01-24,19.0,JPM,JPMorgan stock,-0.002244713401562091
2022-01-31,15.0,JPM,JPMorgan stock,-0.2636291183834505
2022-02-07,17.0,JPM,JPMorgan stock,-0.13293691589250628
2022-02-14,17.0,JPM,JPMorgan stock,-0.13293691589250628
2022-02-21,16.0,JPM,JPMorgan stock,-0.19828301713797836
2022-02-28,20.0,JPM,JPMorgan stock,0.06310138784391
2022-03-07,18.0,JPM,JPMorgan stock,-0.06759081464703419
2022-03-14,20.0,JPM,JPMorgan stock,0.06310138784391
2022-03-21,15.0,JPM,JPMorgan stock,-0.2636291183834505
2022-03-28,16.0,JPM,JPMorgan stock,-0.19828301713797836
2022-04-04,17.0,JPM,JPMorgan stock,-0.13293691589250628
2022-04-11,20.0,JPM,JPMorgan stock,0.06310138784391
2022-04-18,16.0,JPM,JPMorgan stock,-0.19828301713797836
2022-04-25,14.0,JPM,JPMorgan stock,-0.32897521962892257
2022-05-02,17.0,JPM,JPMorgan stock,-0.13293691589250628
2022-05-09,16.0,JPM,JPMorgan stock,-0.19828301713797836
2022-05-16,13.0,JPM,JPMorgan stock,-0.39432132087439464
2022-05-23,17.0,JPM,JPMorgan stock,-0.13293691589250628
2022-05-30,14.0,JPM,JPMorgan stock,-0.32897521962892257
2022-06-06,11.0,JPM,JPMorgan stock,-0.5250135233653388
2022-06-13,15.0,JPM,JPMorgan stock,-0.2636291183834505
2022-06-20,15.0,JPM,JPMorgan stock,-0.2636291183834505
2022-06-27,13.0,JPM,JPMorgan stock,-0.39432132087439464
2022-07-04,11.0,JPM,JPMorgan stock,-0.5250135233653388
2022-07-11,23.0,JPM,JPMorgan stock,0.2591396915803263
2022-07-18,12.0,JPM,JPMorgan stock,-0.4596674221198667
2022-07-25,12.0,JPM,JPMorgan stock,-0.4596674221198667
2022-08-01,13.0,JPM,JPMorgan stock,-0.39432132087439464
2022-08-08,14.0,JPM,JPMorgan stock,-0.32897521962892257
2022-08-15,14.0,JPM,JPMorgan stock,-0.32897521962892257
2022-08-22,12.0,JPM,JPMorgan stock,-0.4596674221198667
2022-08-29,10.0,JPM,JPMorgan stock,-0.5903596246108109
2022-09-05,11.0,JPM,JPMorgan stock,-0.5250135233653388
2022-09-12,11.0,JPM,JPMorgan stock,-0.5250135233653388
2022-09-19,12.0,JPM,JPMorgan stock,-0.4596674221198667
2022-09-26,11.0,JPM,JPMorgan stock,-0.5250135233653388
2022-10-03,13.0,JPM,JPMorgan stock,-0.39432132087439464
2022-10-10,18.0,JPM,JPMorgan stock,-0.06759081464703419
2022-10-17,14.0,JPM,JPMorgan stock,-0.32897521962892257
2022-10-24,17.0,JPM,JPMorgan stock,-0.13293691589250628
2022-10-31,13.0,JPM,JPMorgan stock,-0.39432132087439464
2022-11-07,13.0,JPM,JPMorgan stock,-0.39432132087439464
2022-11-14,11.0,JPM,JPMorgan stock,-0.5250135233653388
2022-11-21,9.0,JPM,JPMorgan stock,-0.6557057258562831
2022-11-28,11.0,JPM,JPMorgan stock,-0.5250135233653388
2022-12-05,11.0,JPM,JPMorgan stock,-0.5250135233653388
2022-12-12,11.0,JPM,JPMorgan stock,-0.5250135233653388
2022-12-19,8.0,JPM,JPMorgan stock,-0.7210518271017551
2022-12-26,11.0,JPM,JPMorgan stock,-0.5250135233653388
2023-01-02,11.0,JPM,JPMorgan stock,-0.5250135233653388
2023-01-09,16.0,JPM,JPMorgan stock,-0.19828301713797836
2023-01-16,12.0,JPM,JPMorgan stock,-0.4596674221198667
2023-01-23,10.0,JPM,JPMorgan stock,-0.5903596246108109
2023-01-30,12.0,JPM,JPMorgan stock,-0.4596674221198667
2023-02-06,10.0,JPM,JPMorgan stock,-0.5903596246108109
2023-02-13,10.0,JPM,JPMorgan stock,-0.5903596246108109
2023-02-20,10.0,JPM,JPMorgan stock,-0.5903596246108109
2023-02-27,9.0,JPM,JPMorgan stock,-0.6557057258562831
2023-03-06,24.0,JPM,JPMorgan stock,0.32448579282579837
2023-03-13,52.0,JPM,JPMorgan stock,2.154176627699017
2023-03-20,23.0,JPM,JPMorgan stock,0.2591396915803263
2023-03-27,15.0,JPM,JPMorgan stock,-0.2636291183834505
2023-04-03,14.0,JPM,JPMorgan stock,-0.32897521962892257
2023-04-10,22.0,JPM,JPMorgan stock,0.1937935903348542
2023-04-17,14.0,JPM,JPMorgan stock,-0.32897521962892257
2023-04-24,14.0,JPM,JPMorgan stock,-0.32897521962892257
2023-05-01,39.0,JPM,JPMorgan stock,1.3046773115078798
2023-05-08,16.0,JPM,JPMorgan stock,-0.19828301713797836
2023-05-15,10.0,JPM,JPMorgan stock,-0.5903596246108109
2023-05-22,12.0,JPM,JPMorgan stock,-0.4596674221198667
2023-05-29,10.0,JPM,JPMorgan stock,-0.5903596246108109
2023-06-05,11.0,JPM,JPMorgan stock,-0.5250135233653388
2023-06-12,13.0,JPM,JPMorgan stock,-0.39432132087439464
2023-06-19,9.0,JPM,JPMorgan stock,-0.6557057258562831
2023-06-26,11.0,JPM,JPMorgan stock,-0.5250135233653388
2023-07-03,9.0,JPM,JPMorgan stock,-0.6557057258562831
2023-07-10,17.0,JPM,JPMorgan stock,-0.13293691589250628
2023-07-17,13.0,JPM,JPMorgan stock,-0.39432132087439464
2023-07-24,10.0,JPM,JPMorgan stock,-0.5903596246108109
2023-07-31,12.0,JPM,JPMorgan stock,-0.4596674221198667
2023-08-07,9.0,JPM,JPMorgan stock,-0.6557057258562831
2023-08-14,10.0,JPM,JPMorgan stock,-0.5903596246108109
2023-08-21,9.0,JPM,JPMorgan stock,-0.6557057258562831
2023-08-28,10.0,JPM,JPMorgan stock,-0.5903596246108109
2023-09-04,6.0,JPM,JPMorgan stock,-0.8517440295926993
2023-09-11,8.0,JPM,JPMorgan stock,-0.7210518271017551
2023-09-18,9.0,JPM,JPMorgan stock,-0.6557057258562831
2023-09-25,8.0,JPM,JPMorgan stock,-0.7210518271017551
2023-10-02,9.0,JPM,JPMorgan stock,-0.6557057258562831
2023-10-09,13.0,JPM,JPMorgan stock,-0.39432132087439464
2023-10-16,10.0,JPM,JPMorgan stock,-0.5903596246108109
2023-10-23,14.0,JPM,JPMorgan stock,-0.32897521962892257
2023-10-30,11.0,JPM,JPMorgan stock,-0.5250135233653388
2023-11-06,10.0,JPM,JPMorgan stock,-0.5903596246108109
2023-11-13,10.0,JPM,JPMorgan stock,-0.5903596246108109
2023-11-20,8.0,JPM,JPMorgan stock,-0.7210518271017551
2023-11-27,12.0,JPM,JPMorgan stock,-0.4596674221198667
2023-12-04,10.0,JPM,JPMorgan stock,-0.5903596246108109
2023-12-11,13.0,JPM,JPMorgan stock,-0.39432132087439464
2023-12-18,13.0,JPM,JPMorgan stock,-0.39432132087439464
2023-12-25,9.0,JPM,JPMorgan stock,-0.6557057258562831
2024-01-01,12.0,JPM,JPMorgan stock,-0.4596674221198667
2024-01-08,13.0,JPM,JPMorgan stock,-0.39432132087439464
2024-01-15,13.0,JPM,JPMorgan stock,-0.39432132087439464
2024-01-22,15.0,JPM,JPMorgan stock,-0.2636291183834505
2024-01-29,12.0,JPM,JPMorgan stock,-0.4596674221198667
2024-02-05,15.0,JPM,JPMorgan stock,-0.2636291183834505
2024-02-12,10.0,JPM,JPMorgan stock,-0.5903596246108109
2024-02-19,14.0,JPM,JPMorgan stock,-0.32897521962892257
2024-02-26,13.0,JPM,JPMorgan stock,-0.39432132087439464
2024-03-04,15.0,JPM,JPMorgan stock,-0.2636291183834505
2024-03-11,10.0,JPM,JPMorgan stock,-0.5903596246108109
2024-03-18,15.0,JPM,JPMorgan stock,-0.2636291183834505
2024-03-25,11.0,JPM,JPMorgan stock,-0.5250135233653388
2024-04-01,11.0,JPM,JPMorgan stock,-0.5250135233653388
2024-04-08,19.0,JPM,JPMorgan stock,-0.002244713401562091
2024-04-15,17.0,JPM,JPMorgan stock,-0.13293691589250628
2024-04-22,12.0,JPM,JPMorgan stock,-0.4596674221198667
2024-04-29,10.0,JPM,JPMorgan stock,-0.5903596246108109
2024-05-06,11.0,JPM,JPMorgan stock,-0.5250135233653388
2024-05-13,12.0,JPM,JPMorgan stock,-0.4596674221198667
2024-05-20,15.0,JPM,JPMorgan stock,-0.2636291183834505
2024-05-27,11.0,JPM,JPMorgan stock,-0.5250135233653388
2024-06-03,12.0,JPM,JPMorgan stock,-0.4596674221198667
2024-06-10,12.0,JPM,JPMorgan stock,-0.4596674221198667
2024-06-17,11.0,JPM,JPMorgan stock,-0.5250135233653388
2024-06-24,13.0,JPM,JPMorgan stock,-0.39432132087439464
2024-07-01,14.0,JPM,JPMorgan stock,-0.32897521962892257
2024-07-08,17.0,JPM,JPMorgan stock,-0.13293691589250628
2024-07-15,17.0,JPM,JPMorgan stock,-0.13293691589250628
2024-07-22,10.0,JPM,JPMorgan stock,-0.5903596246108109
2024-07-29,12.0,JPM,JPMorgan stock,-0.4596674221198667
2024-08-05,17.0,JPM,JPMorgan stock,-0.13293691589250628
2024-08-12,12.0,JPM,JPMorgan stock,-0.4596674221198667
2024-08-19,11.0,JPM,JPMorgan stock,-0.5250135233653388
2024-08-26,13.0,JPM,JPMorgan stock,-0.39432132087439464
2024-09-02,12.0,JPM,JPMorgan stock,-0.4596674221198667
2024-09-09,17.0,JPM,JPMorgan stock,-0.13293691589250628
2024-09-16,13.0,JPM,JPMorgan stock,-0.39432132087439464
2024-09-23,11.0,JPM,JPMorgan stock,-0.5250135233653388
2024-09-30,14.0,JPM,JPMorgan stock,-0.32897521962892257
2024-10-07,14.0,JPM,JPMorgan stock,-0.32897521962892257
2024-10-14,16.0,JPM,JPMorgan stock,-0.19828301713797836
2024-10-21,13.0,JPM,JPMorgan stock,-0.39432132087439464
2024-10-28,12.0,JPM,JPMorgan stock,-0.4596674221198667
2024-11-04,25.0,JPM,JPMorgan stock,0.38983189407127045
2024-11-11,17.0,JPM,JPMorgan stock,-0.13293691589250628
2024-11-18,14.0,JPM,JPMorgan stock,-0.32897521962892257
2024-11-25,13.0,JPM,JPMorgan stock,-0.39432132087439464
2024-12-02,17.0,JPM,JPMorgan stock,-0.13293691589250628
2024-12-09,15.0,JPM,JPMorgan stock,-0.2636291183834505
2024-12-16,14.0,JPM,JPMorgan stock,-0.32897521962892257
2024-12-23,12.0,JPM,JPMorgan stock,-0.4596674221198667
2024-12-30,11.0,JPM,JPMorgan stock,-0.5250135233653388
2025-01-06,15.0,JPM,JPMorgan stock,-0.2636291183834505
2025-01-13,22.0,JPM,JPMorgan stock,0.1937935903348542
2025-01-20,19.0,JPM,JPMorgan stock,-0.002244713401562091
2025-01-27,20.0,JPM,JPMorgan stock,0.06310138784391
2025-02-03,18.0,JPM,JPMorgan stock,-0.06759081464703419
2025-02-10,25.0,JPM,JPMorgan stock,0.38983189407127045
2025-02-17,21.0,JPM,JPMorgan stock,0.12844748908938208
2025-02-24,19.0,JPM,JPMorgan stock,-0.002244713401562091
2025-03-03,20.0,JPM,JPMorgan stock,0.06310138784391
2025-03-10,22.0,JPM,JPMorgan stock,0.1937935903348542
2025-03-17,18.0,JPM,JPMorgan stock,-0.06759081464703419
2025-03-24,17.0,JPM,JPMorgan stock,-0.13293691589250628
2025-03-31,26.0,JPM,JPMorgan stock,0.4551779953167426
2025-04-07,34.0,JPM,JPMorgan stock,0.9779468052805194
2025-04-14,15.0,JPM,JPMorgan stock,-0.2636291183834505
2025-04-21,17.0,JPM,JPMorgan stock,-0.13293691589250628
2025-04-28,14.0,JPM,JPMorgan stock,-0.32897521962892257
2025-05-05,12.0,JPM,JPMorgan stock,-0.4596674221198667
2025-05-12,18.0,JPM,JPMorgan stock,-0.06759081464703419
2025-05-19,14.0,JPM,JPMorgan stock,-0.32897521962892257
2025-05-26,15.0,JPM,JPMorgan stock,-0.2636291183834505
2025-06-02,18.0,JPM,JPMorgan stock,-0.06759081464703419
2025-06-09,19.0,JPM,JPMorgan stock,-0.002244713401562091
2025-06-16,15.0,JPM,JPMorgan stock,-0.2636291183834505
2025-06-23,20.0,JPM,JPMorgan stock,0.06310138784391
2025-06-30,19.0,JPM,JPMorgan stock,-0.002244713401562091
2025-07-07,25.0,JPM,JPMorgan stock,0.38983189407127045
2025-07-14,35.0,JPM,JPMorgan stock,1.0432929065259915
2025-07-21,35.0,JPM,JPMorgan stock,1.0432929065259915
2025-07-28,56.0,JPM,JPMorgan stock,2.415561032680905
2025-08-04,77.0,JPM,JPMorgan stock,3.787829158835819
2025-08-11,100.0,JPM,JPMorgan stock,5.290789487481677
2025-08-18,86.0,JPM,JPMorgan stock,4.375944070045068
2025-08-25,68.0,JPM,JPMorgan stock,3.19971424762657
2025-09-01,74.0,JPM,JPMorgan stock,3.591790855099403
2025-09-08,66.0,JPM,JPMorgan stock,3.0690220451356263
2025-09-15,63.0,JPM,JPMorgan stock,2.8729837413992096
2025-09-22,72.0,JPM,JPMorgan stock,3.4610986526084586
2025-09-29,81.0,JPM,JPMorgan stock,4.049213563817707
2025-10-06,66.0,JPM,JPMorgan stock,3.0690220451356263
2025-10-13,68.0,JPM,JPMorgan stock,3.19971424762657
2025-10-20,51.0,JPM,JPMorgan stock,2.088830526453545
2025-10-27,57.0,JPM,JPMorgan stock,2.4809071339263773
2025-11-03,58.0,JPM,JPMorgan stock,2.546253235171849
2025-11-10,65.0,JPM,JPMorgan stock,3.003675943890154
2025-11-17,64.0,JPM,JPMorgan stock,2.938329842644682
2025-11-24,68.0,JPM,JPMorgan stock,3.19971424762657
2025-12-01,74.0,JPM,JPMorgan stock,3.591790855099403
2025-12-08,41.0,JPM,JPMorgan stock,1.435369513998824
2025-12-15,24.0,JPM,JPMorgan stock,0.32448579282579837
2025-12-22,20.0,JPM,JPMorgan stock,0.06310138784391
2020-12-21,77.0,MA,MA,-0.881092442212421
2020-12-28,80.0,MA,MA,-0.2532242104998536
2021-01-04,89.0,MA,MA,1.6303804846378487
2021-01-11,77.0,MA,MA,-0.881092442212421
2021-01-18,81.0,MA,MA,-0.043934799928997785
2021-01-25,79.0,MA,MA,-0.4625136210707094
2021-02-01,80.0,MA,MA,-0.2532242104998536
2021-02-08,76.0,MA,MA,-1.090381852783277
2021-02-15,77.0,MA,MA,-0.881092442212421
2021-02-22,81.0,MA,MA,-0.043934799928997785
2021-03-01,80.0,MA,MA,-0.2532242104998536
2021-03-08,81.0,MA,MA,-0.043934799928997785
2021-03-15,87.0,MA,MA,1.211801663496137
2021-03-22,83.0,MA,MA,0.37464402121271384
2021-03-29,81.0,MA,MA,-0.043934799928997785
2021-04-05,85.0,MA,MA,0.7932228423544254
2021-04-12,87.0,MA,MA,1.211801663496137
2021-04-19,85.0,MA,MA,0.7932228423544254
2021-04-26,86.0,MA,MA,1.0025122529252812
2021-05-03,84.0,MA,MA,0.5839334317835696
2021-05-10,92.0,MA,MA,2.2582487163504164
2021-05-17,89.0,MA,MA,1.6303804846378487
2021-05-24,82.0,MA,MA,0.16535461064185802
2021-05-31,84.0,MA,MA,0.5839334317835696
2021-06-07,83.0,MA,MA,0.37464402121271384
2021-06-14,79.0,MA,MA,-0.4625136210707094
2021-06-21,79.0,MA,MA,-0.4625136210707094
2021-06-28,81.0,MA,MA,-0.043934799928997785
2021-07-05,80.0,MA,MA,-0.2532242104998536
2021-07-12,89.0,MA,MA,1.6303804846378487
2021-07-19,88.0,MA,MA,1.4210910740669929
2021-07-26,84.0,MA,MA,0.5839334317835696
2021-08-02,80.0,MA,MA,-0.2532242104998536
2021-08-09,83.0,MA,MA,0.37464402121271384
2021-08-16,82.0,MA,MA,0.16535461064185802
2021-08-23,80.0,MA,MA,-0.2532242104998536
2021-08-30,78.0,MA,MA,-0.6718030316415652
2021-09-06,79.0,MA,MA,-0.4625136210707094
2021-09-13,77.0,MA,MA,-0.881092442212421
2021-09-20,75.0,MA,MA,-1.2996712633541327
2021-09-27,77.0,MA,MA,-0.881092442212421
2021-10-04,77.0,MA,MA,-0.881092442212421
2021-10-11,80.0,MA,MA,-0.2532242104998536
2021-10-18,77.0,MA,MA,-0.881092442212421
2021-10-25,80.0,MA,MA,-0.2532242104998536
2021-11-01,74.0,MA,MA,-1.5089606739249886
2021-11-08,75.0,MA,MA,-1.2996712633541327
2021-11-15,78.0,MA,MA,-0.6718030316415652
2021-11-22,75.0,MA,MA,-1.2996712633541327
2021-11-29,78.0,MA,MA,-0.6718030316415652
2021-12-06,80.0,MA,MA,-0.2532242104998536
2021-12-13,80.0,MA,MA,-0.2532242104998536
2021-12-20,76.0,MA,MA,-1.090381852783277
2021-12-27,77.0,MA,MA,-0.881092442212421
2022-01-03,85.0,MA,MA,0.7932228423544254
2022-01-10,80.0,MA,MA,-0.2532242104998536
2022-01-17,72.0,MA,MA,-1.9275394950667002
2022-01-24,76.0,MA,MA,-1.090381852783277
2022-01-31,80.0,MA,MA,-0.2532242104998536
2022-02-07,79.0,MA,MA,-0.4625136210707094
2022-02-14,83.0,MA,MA,0.37464402121271384
2022-02-21,83.0,MA,MA,0.37464402121271384
2022-02-28,80.0,MA,MA,-0.2532242104998536
2022-03-07,81.0,MA,MA,-0.043934799928997785
2022-03-14,80.0,MA,MA,-0.2532242104998536
2022-03-21,78.0,MA,MA,-0.6718030316415652
2022-03-28,79.0,MA,MA,-0.4625136210707094
2022-04-04,79.0,MA,MA,-0.4625136210707094
2022-04-11,79.0,MA,MA,-0.4625136210707094
2022-04-18,79.0,MA,MA,-0.4625136210707094
2022-04-25,82.0,MA,MA,0.16535461064185802
2022-05-02,82.0,MA,MA,0.16535461064185802
2022-05-09,83.0,MA,MA,0.37464402121271384
2022-05-16,79.0,MA,MA,-0.4625136210707094
2022-05-23,80.0,MA,MA,-0.2532242104998536
2022-05-30,80.0,MA,MA,-0.2532242104998536
2022-06-06,82.0,MA,MA,0.16535461064185802
2022-06-13,80.0,MA,MA,-0.2532242104998536
2022-06-20,80.0,MA,MA,-0.2532242104998536
2022-06-27,82.0,MA,MA,0.16535461064185802
2022-07-04,80.0,MA,MA,-0.2532242104998536
2022-07-11,81.0,MA,MA,-0.043934799928997785
2022-07-18,84.0,MA,MA,0.5839334317835696
2022-07-25,81.0,MA,MA,-0.043934799928997785
2022-08-01,82.0,MA,MA,0.16535461064185802
2022-08-08,80.0,MA,MA,-0.2532242104998536
2022-08-15,78.0,MA,MA,-0.6718030316415652
2022-08-22,79.0,MA,MA,-0.4625136210707094
2022-08-29,78.0,MA,MA,-0.6718030316415652
2022-09-05,79.0,MA,MA,-0.4625136210707094
2022-09-12,79.0,MA,MA,-0.4625136210707094
2022-09-19,79.0,MA,MA,-0.4625136210707094
2022-09-26,81.0,MA,MA,-0.043934799928997785
2022-10-03,80.0,MA,MA,-0.2532242104998536
2022-10-10,77.0,MA,MA,-0.881092442212421
2022-10-17,80.0,MA,MA,-0.2532242104998536
2022-10-24,76.0,MA,MA,-1.090381852783277
2022-10-31,79.0,MA,MA,-0.4625136210707094
2022-11-07,76.0,MA,MA,-1.090381852783277
2022-11-14,79.0,MA,MA,-0.4625136210707094
2022-11-21,73.0,MA,MA,-1.7182500844958444
2022-11-28,75.0,MA,MA,-1.2996712633541327
2022-12-05,74.0,MA,MA,-1.5089606739249886
2022-12-12,73.0,MA,MA,-1.7182500844958444
2022-12-19,76.0,MA,MA,-1.090381852783277
2022-12-26,77.0,MA,MA,-0.881092442212421
2023-01-02,76.0,MA,MA,-1.090381852783277
2023-01-09,78.0,MA,MA,-0.6718030316415652
2023-01-16,76.0,MA,MA,-1.090381852783277
2023-01-23,80.0,MA,MA,-0.2532242104998536
2023-01-30,76.0,MA,MA,-1.090381852783277
2023-02-06,73.0,MA,MA,-1.7182500844958444
2023-02-13,79.0,MA,MA,-0.4625136210707094
2023-02-20,73.0,MA,MA,-1.7182500844958444
2023-02-27,78.0,MA,MA,-0.6718030316415652
2023-03-06,78.0,MA,MA,-0.6718030316415652
2023-03-13,81.0,MA,MA,-0.043934799928997785
2023-03-20,82.0,MA,MA,0.16535461064185802
2023-03-27,77.0,MA,MA,-0.881092442212421
2023-04-03,79.0,MA,MA,-0.4625136210707094
2023-04-10,77.0,MA,MA,-0.881092442212421
2023-04-17,79.0,MA,MA,-0.4625136210707094
2023-04-24,80.0,MA,MA,-0.2532242104998536
2023-05-01,79.0,MA,MA,-0.4625136210707094
2023-05-08,79.0,MA,MA,-0.4625136210707094
2023-05-15,79.0,MA,MA,-0.4625136210707094
2023-05-22,82.0,MA,MA,0.16535461064185802
2023-05-29,79.0,MA,MA,-0.4625136210707094
2023-06-05,80.0,MA,MA,-0.2532242104998536
2023-06-12,80.0,MA,MA,-0.2532242104998536
2023-06-19,83.0,MA,MA,0.37464402121271384
2023-06-26,79.0,MA,MA,-0.4625136210707094
2023-07-03,79.0,MA,MA,-0.4625136210707094
2023-07-10,77.0,MA,MA,-0.881092442212421
2023-07-17,82.0,MA,MA,0.16535461064185802
2023-07-24,80.0,MA,MA,-0.2532242104998536
2023-07-31,80.0,MA,MA,-0.2532242104998536
2023-08-07,80.0,MA,MA,-0.2532242104998536
2023-08-14,79.0,MA,MA,-0.4625136210707094
2023-08-21,77.0,MA,MA,-0.881092442212421
2023-08-28,79.0,MA,MA,-0.4625136210707094
2023-09-04,74.0,MA,MA,-1.5089606739249886
2023-09-11,76.0,MA,MA,-1.090381852783277
2023-09-18,79.0,MA,MA,-0.4625136210707094
2023-09-25,78.0,MA,MA,-0.6718030316415652
2023-10-02,79.0,MA,MA,-0.4625136210707094
2023-10-09,79.0,MA,MA,-0.4625136210707094
2023-10-16,80.0,MA,MA,-0.2532242104998536
2023-10-23,85.0,MA,MA,0.7932228423544254
2023-10-30,73.0,MA,MA,-1.7182500844958444
2023-11-06,75.0,MA,MA,-1.2996712633541327
2023-11-13,76.0,MA,MA,-1.090381852783277
2023-11-20,74.0,MA,MA,-1.5089606739249886
2023-11-27,75.0,MA,MA,-1.2996712633541327
2023-12-04,77.0,MA,MA,-0.881092442212421
2023-12-11,77.0,MA,MA,-0.881092442212421
2023-12-18,78.0,MA,MA,-0.6718030316415652
2023-12-25,73.0,MA,MA,-1.7182500844958444
2024-01-01,80.0,MA,MA,-0.2532242104998536
2024-01-08,80.0,MA,MA,-0.2532242104998536
2024-01-15,77.0,MA,MA,-0.881092442212421
2024-01-22,76.0,MA,MA,-1.090381852783277
2024-01-29,77.0,MA,MA,-0.881092442212421
2024-02-05,76.0,MA,MA,-1.090381852783277
2024-02-12,80.0,MA,MA,-0.2532242104998536
2024-02-19,79.0,MA,MA,-0.4625136210707094
2024-02-26,78.0,MA,MA,-0.6718030316415652
2024-03-04,78.0,MA,MA,-0.6718030316415652
2024-03-11,79.0,MA,MA,-0.4625136210707094
2024-03-18,81.0,MA,MA,-0.043934799928997785
2024-03-25,80.0,MA,MA,-0.2532242104998536
2024-04-01,80.0,MA,MA,-0.2532242104998536
2024-04-08,81.0,MA,MA,-0.043934799928997785
2024-04-15,76.0,MA,MA,-1.090381852783277
2024-04-22,81.0,MA,MA,-0.043934799928997785
2024-04-29,82.0,MA,MA,0.16535461064185802
2024-05-06,80.0,MA,MA,-0.2532242104998536
2024-05-13,85.0,MA,MA,0.7932228423544254
2024-05-20,80.0,MA,MA,-0.2532242104998536
2024-05-27,81.0,MA,MA,-0.043934799928997785
2024-06-03,83.0,MA,MA,0.37464402121271384
2024-06-10,82.0,MA,MA,0.16535461064185802
2024-06-17,80.0,MA,MA,-0.2532242104998536
2024-06-24,80.0,MA,MA,-0.2532242104998536
2024-07-01,79.0,MA,MA,-0.4625136210707094
2024-07-08,80.0,MA,MA,-0.2532242104998536
2024-07-15,84.0,MA,MA,0.5839334317835696
2024-07-22,80.0,MA,MA,-0.2532242104998536
2024-07-29,82.0,MA,MA,0.16535461064185802
2024-08-05,80.0,MA,MA,-0.2532242104998536
2024-08-12,78.0,MA,MA,-0.6718030316415652
2024-08-19,80.0,MA,MA,-0.2532242104998536
2024-08-26,81.0,MA,MA,-0.043934799928997785
2024-09-02,81.0,MA,MA,-0.043934799928997785
2024-09-09,77.0,MA,MA,-0.881092442212421
2024-09-16,81.0,MA,MA,-0.043934799928997785
2024-09-23,78.0,MA,MA,-0.6718030316415652
2024-09-30,79.0,MA,MA,-0.4625136210707094
2024-10-07,81.0,MA,MA,-0.043934799928997785
2024-10-14,77.0,MA,MA,-0.881092442212421
2024-10-21,84.0,MA,MA,0.5839334317835696
2024-10-28,77.0,MA,MA,-0.881092442212421
2024-11-04,81.0,MA,MA,-0.043934799928997785
2024-11-11,79.0,MA,MA,-0.4625136210707094
2024-11-18,79.0,MA,MA,-0.4625136210707094
2024-11-25,78.0,MA,MA,-0.6718030316415652
2024-12-02,84.0,MA,MA,0.5839334317835696
2024-12-09,83.0,MA,MA,0.37464402121271384
2024-12-16,78.0,MA,MA,-0.6718030316415652
2024-12-23,81.0,MA,MA,-0.043934799928997785
2024-12-30,83.0,MA,MA,0.37464402121271384
2025-01-06,85.0,MA,MA,0.7932228423544254
2025-01-13,81.0,MA,MA,-0.043934799928997785
2025-01-20,84.0,MA,MA,0.5839334317835696
2025-01-27,84.0,MA,MA,0.5839334317835696
2025-02-03,89.0,MA,MA,1.6303804846378487
2025-02-10,92.0,MA,MA,2.2582487163504164
2025-02-17,84.0,MA,MA,0.5839334317835696
2025-02-24,81.0,MA,MA,-0.043934799928997785
2025-03-03,83.0,MA,MA,0.37464402121271384
2025-03-10,85.0,MA,MA,0.7932228423544254
2025-03-17,87.0,MA,MA,1.211801663496137
2025-03-24,86.0,MA,MA,1.0025122529252812
2025-03-31,83.0,MA,MA,0.37464402121271384
2025-04-07,84.0,MA,MA,0.5839334317835696
2025-04-14,82.0,MA,MA,0.16535461064185802
2025-04-21,86.0,MA,MA,1.0025122529252812
2025-04-28,86.0,MA,MA,1.0025122529252812
2025-05-05,88.0,MA,MA,1.4210910740669929
2025-05-12,90.0,MA,MA,1.8396698952087045
2025-05-19,85.0,MA,MA,0.7932228423544254
2025-05-26,84.0,MA,MA,0.5839334317835696
2025-06-02,89.0,MA,MA,1.6303804846378487
2025-06-09,86.0,MA,MA,1.0025122529252812
2025-06-16,91.0,MA,MA,2.0489593057795603
2025-06-23,89.0,MA,MA,1.6303804846378487
2025-06-30,85.0,MA,MA,0.7932228423544254
2025-07-07,92.0,MA,MA,2.2582487163504164
2025-07-14,100.0,MA,MA,3.9325640009172624
2025-07-21,92.0,MA,MA,2.2582487163504164
2025-07-28,90.0,MA,MA,1.8396698952087045
2025-08-04,92.0,MA,MA,2.2582487163504164
2025-08-11,91.0,MA,MA,2.0489593057795603
2025-08-18,95.0,MA,MA,2.8861169480629836
2025-08-25,93.0,MA,MA,2.467538126921272
2025-09-01,95.0,MA,MA,2.8861169480629836
2025-09-08,90.0,MA,MA,1.8396698952087045
2025-09-15,89.0,MA,MA,1.6303804846378487
2025-09-22,95.0,MA,MA,2.8861169480629836
2025-09-29,91.0,MA,MA,2.0489593057795603
2025-10-06,91.0,MA,MA,2.0489593057795603
2025-10-13,88.0,MA,MA,1.4210910740669929
2025-10-20,89.0,MA,MA,1.6303804846378487
2025-10-27,87.0,MA,MA,1.211801663496137
2025-11-03,90.0,MA,MA,1.8396698952087045
2025-11-10,88.0,MA,MA,1.4210910740669929
2025-11-17,91.0,MA,MA,2.0489593057795603
2025-11-24,87.0,MA,MA,1.211801663496137
2025-12-01,95.0,MA,MA,2.8861169480629836
2025-12-08,86.0,MA,MA,1.0025122529252812
2025-12-15,85.0,MA,MA,0.7932228423544254
2025-12-22,83.0,MA,MA,0.37464402121271384
2020-12-21,0.0,MA,Mastercard earnings,-0.37605306144023803
2020-12-28,0.0,MA,Mastercard earnings,-0.37605306144023803
2021-01-04,0.0,MA,Mastercard earnings,-0.37605306144023803
2021-01-11,3.0,MA,Mastercard earnings,-0.13633067190899137
2021-01-18,3.0,MA,Mastercard earnings,-0.13633067190899137
2021-01-25,14.0,MA,Mastercard earnings,0.742651423038913
2021-02-01,3.0,MA,Mastercard earnings,-0.13633067190899137
2021-02-08,2.0,MA,Mastercard earnings,-0.2162381350860736
2021-02-15,3.0,MA,Mastercard earnings,-0.13633067190899137
2021-02-22,0.0,MA,Mastercard earnings,-0.37605306144023803
2021-03-01,0.0,MA,Mastercard earnings,-0.37605306144023803
2021-03-08,0.0,MA,Mastercard earnings,-0.37605306144023803
2021-03-15,0.0,MA,Mastercard earnings,-0.37605306144023803
2021-03-22,0.0,MA,Mastercard earnings,-0.37605306144023803
2021-03-29,0.0,MA,Mastercard earnings,-0.37605306144023803
2021-04-05,0.0,MA,Mastercard earnings,-0.37605306144023803
2021-04-12,0.0,MA,Mastercard earnings,-0.37605306144023803
2021-04-19,0.0,MA,Mastercard earnings,-0.37605306144023803
2021-04-26,13.0,MA,Mastercard earnings,0.6627439598618308
2021-05-03,0.0,MA,Mastercard earnings,-0.37605306144023803
2021-05-10,0.0,MA,Mastercard earnings,-0.37605306144023803
2021-05-17,0.0,MA,Mastercard earnings,-0.37605306144023803
2021-05-24,0.0,MA,Mastercard earnings,-0.37605306144023803
2021-05-31,0.0,MA,Mastercard earnings,-0.37605306144023803
2021-06-07,0.0,MA,Mastercard earnings,-0.37605306144023803
2021-06-14,0.0,MA,Mastercard earnings,-0.37605306144023803
2021-06-21,0.0,MA,Mastercard earnings,-0.37605306144023803
2021-06-28,0.0,MA,Mastercard earnings,-0.37605306144023803
2021-07-05,0.0,MA,Mastercard earnings,-0.37605306144023803
2021-07-12,0.0,MA,Mastercard earnings,-0.37605306144023803
2021-07-19,0.0,MA,Mastercard earnings,-0.37605306144023803
2021-07-26,10.0,MA,Mastercard earnings,0.42302157033058413
2021-08-02,3.0,MA,Mastercard earnings,-0.13633067190899137
2021-08-09,0.0,MA,Mastercard earnings,-0.37605306144023803
2021-08-16,0.0,MA,Mastercard earnings,-0.37605306144023803
2021-08-23,0.0,MA,Mastercard earnings,-0.37605306144023803
2021-08-30,0.0,MA,Mastercard earnings,-0.37605306144023803
2021-09-06,0.0,MA,Mastercard earnings,-0.37605306144023803
2021-09-13,0.0,MA,Mastercard earnings,-0.37605306144023803
2021-09-20,0.0,MA,Mastercard earnings,-0.37605306144023803
2021-09-27,0.0,MA,Mastercard earnings,-0.37605306144023803
2021-10-04,0.0,MA,Mastercard earnings,-0.37605306144023803
2021-10-11,0.0,MA,Mastercard earnings,-0.37605306144023803
2021-10-18,3.0,MA,Mastercard earnings,-0.13633067190899137
2021-10-25,16.0,MA,Mastercard earnings,0.9024663493930773
2021-11-01,0.0,MA,Mastercard earnings,-0.37605306144023803
2021-11-08,0.0,MA,Mastercard earnings,-0.37605306144023803
2021-11-15,0.0,MA,Mastercard earnings,-0.37605306144023803
2021-11-22,0.0,MA,Mastercard earnings,-0.37605306144023803
2021-11-29,0.0,MA,Mastercard earnings,-0.37605306144023803
2021-12-06,0.0,MA,Mastercard earnings,-0.37605306144023803
2021-12-13,0.0,MA,Mastercard earnings,-0.37605306144023803
2021-12-20,0.0,MA,Mastercard earnings,-0.37605306144023803
2021-12-27,0.0,MA,Mastercard earnings,-0.37605306144023803
2022-01-03,0.0,MA,Mastercard earnings,-0.37605306144023803
2022-01-10,0.0,MA,Mastercard earnings,-0.37605306144023803
2022-01-17,0.0,MA,Mastercard earnings,-0.37605306144023803
2022-01-24,8.0,MA,Mastercard earnings,0.2632066439764197
2022-01-31,3.0,MA,Mastercard earnings,-0.13633067190899137
2022-02-07,0.0,MA,Mastercard earnings,-0.37605306144023803
2022-02-14,0.0,MA,Mastercard earnings,-0.37605306144023803
2022-02-21,0.0,MA,Mastercard earnings,-0.37605306144023803
2022-02-28,0.0,MA,Mastercard earnings,-0.37605306144023803
2022-03-07,0.0,MA,Mastercard earnings,-0.37605306144023803
2022-03-14,0.0,MA,Mastercard earnings,-0.37605306144023803
2022-03-21,0.0,MA,Mastercard earnings,-0.37605306144023803
2022-03-28,0.0,MA,Mastercard earnings,-0.37605306144023803
2022-04-04,0.0,MA,Mastercard earnings,-0.37605306144023803
2022-04-11,0.0,MA,Mastercard earnings,-0.37605306144023803
2022-04-18,2.0,MA,Mastercard earnings,-0.2162381350860736
2022-04-25,12.0,MA,Mastercard earnings,0.5828364966847486
2022-05-02,0.0,MA,Mastercard earnings,-0.37605306144023803
2022-05-09,0.0,MA,Mastercard earnings,-0.37605306144023803
2022-05-16,0.0,MA,Mastercard earnings,-0.37605306144023803
2022-05-23,0.0,MA,Mastercard earnings,-0.37605306144023803
2022-05-30,0.0,MA,Mastercard earnings,-0.37605306144023803
2022-06-06,0.0,MA,Mastercard earnings,-0.37605306144023803
2022-06-13,0.0,MA,Mastercard earnings,-0.37605306144023803
2022-06-20,0.0,MA,Mastercard earnings,-0.37605306144023803
2022-06-27,3.0,MA,Mastercard earnings,-0.13633067190899137
2022-07-04,0.0,MA,Mastercard earnings,-0.37605306144023803
2022-07-11,0.0,MA,Mastercard earnings,-0.37605306144023803
2022-07-18,2.0,MA,Mastercard earnings,-0.2162381350860736
2022-07-25,9.0,MA,Mastercard earnings,0.3431141071535019
2022-08-01,0.0,MA,Mastercard earnings,-0.37605306144023803
2022-08-08,0.0,MA,Mastercard earnings,-0.37605306144023803
2022-08-15,0.0,MA,Mastercard earnings,-0.37605306144023803
2022-08-22,0.0,MA,Mastercard earnings,-0.37605306144023803
2022-08-29,2.0,MA,Mastercard earnings,-0.2162381350860736
2022-09-05,0.0,MA,Mastercard earnings,-0.37605306144023803
2022-09-12,0.0,MA,Mastercard earnings,-0.37605306144023803
2022-09-19,0.0,MA,Mastercard earnings,-0.37605306144023803
2022-09-26,0.0,MA,Mastercard earnings,-0.37605306144023803
2022-10-03,0.0,MA,Mastercard earnings,-0.37605306144023803
2022-10-10,0.0,MA,Mastercard earnings,-0.37605306144023803
2022-10-17,2.0,MA,Mastercard earnings,-0.2162381350860736
2022-10-24,10.0,MA,Mastercard earnings,0.42302157033058413
2022-10-31,3.0,MA,Mastercard earnings,-0.13633067190899137
2022-11-07,0.0,MA,Mastercard earnings,-0.37605306144023803
2022-11-14,0.0,MA,Mastercard earnings,-0.37605306144023803
2022-11-21,0.0,MA,Mastercard earnings,-0.37605306144023803
2022-11-28,0.0,MA,Mastercard earnings,-0.37605306144023803
2022-12-05,0.0,MA,Mastercard earnings,-0.37605306144023803
2022-12-12,0.0,MA,Mastercard earnings,-0.37605306144023803
2022-12-19,0.0,MA,Mastercard earnings,-0.37605306144023803
2022-12-26,0.0,MA,Mastercard earnings,-0.37605306144023803
2023-01-02,0.0,MA,Mastercard earnings,-0.37605306144023803
2023-01-09,0.0,MA,Mastercard earnings,-0.37605306144023803
2023-01-16,0.0,MA,Mastercard earnings,-0.37605306144023803
2023-01-23,16.0,MA,Mastercard earnings,0.9024663493930773
2023-01-30,3.0,MA,Mastercard earnings,-0.13633067190899137
2023-02-06,4.0,MA,Mastercard earnings,-0.05642320873190916
2023-02-13,0.0,MA,Mastercard earnings,-0.37605306144023803
2023-02-20,0.0,MA,Mastercard earnings,-0.37605306144023803
2023-02-27,0.0,MA,Mastercard earnings,-0.37605306144023803
2023-03-06,0.0,MA,Mastercard earnings,-0.37605306144023803
2023-03-13,0.0,MA,Mastercard earnings,-0.37605306144023803
2023-03-20,0.0,MA,Mastercard earnings,-0.37605306144023803
2023-03-27,0.0,MA,Mastercard earnings,-0.37605306144023803
2023-04-03,0.0,MA,Mastercard earnings,-0.37605306144023803
2023-04-10,0.0,MA,Mastercard earnings,-0.37605306144023803
2023-04-17,2.0,MA,Mastercard earnings,-0.2162381350860736
2023-04-24,10.0,MA,Mastercard earnings,0.42302157033058413
2023-05-01,0.0,MA,Mastercard earnings,-0.37605306144023803
2023-05-08,0.0,MA,Mastercard earnings,-0.37605306144023803
2023-05-15,0.0,MA,Mastercard earnings,-0.37605306144023803
2023-05-22,0.0,MA,Mastercard earnings,-0.37605306144023803
2023-05-29,0.0,MA,Mastercard earnings,-0.37605306144023803
2023-06-05,2.0,MA,Mastercard earnings,-0.2162381350860736
2023-06-12,0.0,MA,Mastercard earnings,-0.37605306144023803
2023-06-19,0.0,MA,Mastercard earnings,-0.37605306144023803
2023-06-26,0.0,MA,Mastercard earnings,-0.37605306144023803
2023-07-03,0.0,MA,Mastercard earnings,-0.37605306144023803
2023-07-10,3.0,MA,Mastercard earnings,-0.13633067190899137
2023-07-17,0.0,MA,Mastercard earnings,-0.37605306144023803
2023-07-24,10.0,MA,Mastercard earnings,0.42302157033058413
2023-07-31,3.0,MA,Mastercard earnings,-0.13633067190899137
2023-08-07,0.0,MA,Mastercard earnings,-0.37605306144023803
2023-08-14,0.0,MA,Mastercard earnings,-0.37605306144023803
2023-08-21,0.0,MA,Mastercard earnings,-0.37605306144023803
2023-08-28,3.0,MA,Mastercard earnings,-0.13633067190899137
2023-09-04,0.0,MA,Mastercard earnings,-0.37605306144023803
2023-09-11,0.0,MA,Mastercard earnings,-0.37605306144023803
2023-09-18,0.0,MA,Mastercard earnings,-0.37605306144023803
2023-09-25,2.0,MA,Mastercard earnings,-0.2162381350860736
2023-10-02,0.0,MA,Mastercard earnings,-0.37605306144023803
2023-10-09,0.0,MA,Mastercard earnings,-0.37605306144023803
2023-10-16,3.0,MA,Mastercard earnings,-0.13633067190899137
2023-10-23,12.0,MA,Mastercard earnings,0.5828364966847486
2023-10-30,4.0,MA,Mastercard earnings,-0.05642320873190916
2023-11-06,0.0,MA,Mastercard earnings,-0.37605306144023803
2023-11-13,0.0,MA,Mastercard earnings,-0.37605306144023803
2023-11-20,0.0,MA,Mastercard earnings,-0.37605306144023803
2023-11-27,0.0,MA,Mastercard earnings,-0.37605306144023803
2023-12-04,0.0,MA,Mastercard earnings,-0.37605306144023803
2023-12-11,0.0,MA,Mastercard earnings,-0.37605306144023803
2023-12-18,0.0,MA,Mastercard earnings,-0.37605306144023803
2023-12-25,0.0,MA,Mastercard earnings,-0.37605306144023803
2024-01-01,0.0,MA,Mastercard earnings,-0.37605306144023803
2024-01-08,0.0,MA,Mastercard earnings,-0.37605306144023803
2024-01-15,0.0,MA,Mastercard earnings,-0.37605306144023803
2024-01-22,3.0,MA,Mastercard earnings,-0.13633067190899137
2024-01-29,13.0,MA,Mastercard earnings,0.6627439598618308
2024-02-05,5.0,MA,Mastercard earnings,0.02348425444517305
2024-02-12,0.0,MA,Mastercard earnings,-0.37605306144023803
2024-02-19,0.0,MA,Mastercard earnings,-0.37605306144023803
2024-02-26,0.0,MA,Mastercard earnings,-0.37605306144023803
2024-03-04,0.0,MA,Mastercard earnings,-0.37605306144023803
2024-03-11,0.0,MA,Mastercard earnings,-0.37605306144023803
2024-03-18,0.0,MA,Mastercard earnings,-0.37605306144023803
2024-03-25,0.0,MA,Mastercard earnings,-0.37605306144023803
2024-04-01,0.0,MA,Mastercard earnings,-0.37605306144023803
2024-04-08,0.0,MA,Mastercard earnings,-0.37605306144023803
2024-04-15,0.0,MA,Mastercard earnings,-0.37605306144023803
2024-04-22,7.0,MA,Mastercard earnings,0.1832991807993375
2024-04-29,12.0,MA,Mastercard earnings,0.5828364966847486
2024-05-06,0.0,MA,Mastercard earnings,-0.37605306144023803
2024-05-13,2.0,MA,Mastercard earnings,-0.2162381350860736
2024-05-20,0.0,MA,Mastercard earnings,-0.37605306144023803
2024-05-27,0.0,MA,Mastercard earnings,-0.37605306144023803
2024-06-03,0.0,MA,Mastercard earnings,-0.37605306144023803
2024-06-10,0.0,MA,Mastercard earnings,-0.37605306144023803
2024-06-17,0.0,MA,Mastercard earnings,-0.37605306144023803
2024-06-24,0.0,MA,Mastercard earnings,-0.37605306144023803
2024-07-01,0.0,MA,Mastercard earnings,-0.37605306144023803
2024-07-08,0.0,MA,Mastercard earnings,-0.37605306144023803
2024-07-15,0.0,MA,Mastercard earnings,-0.37605306144023803
2024-07-22,4.0,MA,Mastercard earnings,-0.05642320873190916
2024-07-29,14.0,MA,Mastercard earnings,0.742651423038913
2024-08-05,3.0,MA,Mastercard earnings,-0.13633067190899137
2024-08-12,0.0,MA,Mastercard earnings,-0.37605306144023803
2024-08-19,0.0,MA,Mastercard earnings,-0.37605306144023803
2024-08-26,2.0,MA,Mastercard earnings,-0.2162381350860736
2024-09-02,0.0,MA,Mastercard earnings,-0.37605306144023803
2024-09-09,0.0,MA,Mastercard earnings,-0.37605306144023803
2024-09-16,0.0,MA,Mastercard earnings,-0.37605306144023803
2024-09-23,0.0,MA,Mastercard earnings,-0.37605306144023803
2024-09-30,0.0,MA,Mastercard earnings,-0.37605306144023803
2024-10-07,0.0,MA,Mastercard earnings,-0.37605306144023803
2024-10-14,3.0,MA,Mastercard earnings,-0.13633067190899137
2024-10-21,2.0,MA,Mastercard earnings,-0.2162381350860736
2024-10-28,13.0,MA,Mastercard earnings,0.6627439598618308
2024-11-04,0.0,MA,Mastercard earnings,-0.37605306144023803
2024-11-11,0.0,MA,Mastercard earnings,-0.37605306144023803
2024-11-18,0.0,MA,Mastercard earnings,-0.37605306144023803
2024-11-25,0.0,MA,Mastercard earnings,-0.37605306144023803
2024-12-02,0.0,MA,Mastercard earnings,-0.37605306144023803
2024-12-09,0.0,MA,Mastercard earnings,-0.37605306144023803
2024-12-16,0.0,MA,Mastercard earnings,-0.37605306144023803
2024-12-23,0.0,MA,Mastercard earnings,-0.37605306144023803
2024-12-30,0.0,MA,Mastercard earnings,-0.37605306144023803
2025-01-06,0.0,MA,Mastercard earnings,-0.37605306144023803
2025-01-13,0.0,MA,Mastercard earnings,-0.37605306144023803
2025-01-20,0.0,MA,Mastercard earnings,-0.37605306144023803
2025-01-27,18.0,MA,Mastercard earnings,1.0622812757472417
2025-02-03,3.0,MA,Mastercard earnings,-0.13633067190899137
2025-02-10,0.0,MA,Mastercard earnings,-0.37605306144023803
2025-02-17,0.0,MA,Mastercard earnings,-0.37605306144023803
2025-02-24,0.0,MA,Mastercard earnings,-0.37605306144023803
2025-03-03,0.0,MA,Mastercard earnings,-0.37605306144023803
2025-03-10,0.0,MA,Mastercard earnings,-0.37605306144023803
2025-03-17,0.0,MA,Mastercard earnings,-0.37605306144023803
2025-03-24,0.0,MA,Mastercard earnings,-0.37605306144023803
2025-03-31,0.0,MA,Mastercard earnings,-0.37605306144023803
2025-04-07,0.0,MA,Mastercard earnings,-0.37605306144023803
2025-04-14,0.0,MA,Mastercard earnings,-0.37605306144023803
2025-04-21,5.0,MA,Mastercard earnings,0.02348425444517305
2025-04-28,10.0,MA,Mastercard earnings,0.42302157033058413
2025-05-05,0.0,MA,Mastercard earnings,-0.37605306144023803
2025-05-12,0.0,MA,Mastercard earnings,-0.37605306144023803
2025-05-19,0.0,MA,Mastercard earnings,-0.37605306144023803
2025-05-26,0.0,MA,Mastercard earnings,-0.37605306144023803
2025-06-02,0.0,MA,Mastercard earnings,-0.37605306144023803
2025-06-09,4.0,MA,Mastercard earnings,-0.05642320873190916
2025-06-16,4.0,MA,Mastercard earnings,-0.05642320873190916
2025-06-23,0.0,MA,Mastercard earnings,-0.37605306144023803
2025-06-30,0.0,MA,Mastercard earnings,-0.37605306144023803
2025-07-07,0.0,MA,Mastercard earnings,-0.37605306144023803
2025-07-14,7.0,MA,Mastercard earnings,0.1832991807993375
2025-07-21,10.0,MA,Mastercard earnings,0.42302157033058413
2025-07-28,46.0,MA,Mastercard earnings,3.299690244705544
2025-08-04,56.0,MA,Mastercard earnings,4.098764876476366
2025-08-11,57.0,MA,Mastercard earnings,4.178672339653448
2025-08-18,45.0,MA,Mastercard earnings,3.2197827815284614
2025-08-25,52.0,MA,Mastercard earnings,3.779135023768037
2025-09-01,33.0,MA,Mastercard earnings,2.260893223403475
2025-09-08,30.0,MA,Mastercard earnings,2.0211708338722283
2025-09-15,32.0,MA,Mastercard earnings,2.1809857602263927
2025-09-22,40.0,MA,Mastercard earnings,2.8202454656430507
2025-09-29,38.0,MA,Mastercard earnings,2.6604305392888863
2025-10-06,32.0,MA,Mastercard earnings,2.1809857602263927
2025-10-13,33.0,MA,Mastercard earnings,2.260893223403475
2025-10-20,51.0,MA,Mastercard earnings,3.699227560590955
2025-10-27,100.0,MA,Mastercard earnings,7.614693256267984
2025-11-03,53.0,MA,Mastercard earnings,3.8590424869451194
2025-11-10,38.0,MA,Mastercard earnings,2.6604305392888863
2025-11-17,46.0,MA,Mastercard earnings,3.299690244705544
2025-11-24,35.0,MA,Mastercard earnings,2.4207081497576395
2025-12-01,41.0,MA,Mastercard earnings,2.9001529288201326
2025-12-08,10.0,MA,Mastercard earnings,0.42302157033058413
2025-12-15,7.0,MA,Mastercard earnings,0.1832991807993375
2025-12-22,8.0,MA,Mastercard earnings,0.2632066439764197
2020-12-21,0.0,MA,Mastercard earnings date,-0.29095642884890177
2020-12-28,0.0,MA,Mastercard earnings date,-0.29095642884890177
2021-01-04,0.0,MA,Mastercard earnings date,-0.29095642884890177
2021-01-11,0.0,MA,Mastercard earnings date,-0.29095642884890177
2021-01-18,0.0,MA,Mastercard earnings date,-0.29095642884890177
2021-01-25,18.0,MA,Mastercard earnings date,0.926568432243752
2021-02-01,0.0,MA,Mastercard earnings date,-0.29095642884890177
2021-02-08,0.0,MA,Mastercard earnings date,-0.29095642884890177
2021-02-15,0.0,MA,Mastercard earnings date,-0.29095642884890177
2021-02-22,0.0,MA,Mastercard earnings date,-0.29095642884890177
2021-03-01,0.0,MA,Mastercard earnings date,-0.29095642884890177
2021-03-08,0.0,MA,Mastercard earnings date,-0.29095642884890177
2021-03-15,0.0,MA,Mastercard earnings date,-0.29095642884890177
2021-03-22,0.0,MA,Mastercard earnings date,-0.29095642884890177
2021-03-29,0.0,MA,Mastercard earnings date,-0.29095642884890177
2021-04-05,0.0,MA,Mastercard earnings date,-0.29095642884890177
2021-04-12,0.0,MA,Mastercard earnings date,-0.29095642884890177
2021-04-19,0.0,MA,Mastercard earnings date,-0.29095642884890177
2021-04-26,15.0,MA,Mastercard earnings date,0.723647622061643
2021-05-03,0.0,MA,Mastercard earnings date,-0.29095642884890177
2021-05-10,0.0,MA,Mastercard earnings date,-0.29095642884890177
2021-05-17,0.0,MA,Mastercard earnings date,-0.29095642884890177
2021-05-24,0.0,MA,Mastercard earnings date,-0.29095642884890177
2021-05-31,0.0,MA,Mastercard earnings date,-0.29095642884890177
2021-06-07,0.0,MA,Mastercard earnings date,-0.29095642884890177
2021-06-14,0.0,MA,Mastercard earnings date,-0.29095642884890177
2021-06-21,0.0,MA,Mastercard earnings date,-0.29095642884890177
2021-06-28,0.0,MA,Mastercard earnings date,-0.29095642884890177
2021-07-05,0.0,MA,Mastercard earnings date,-0.29095642884890177
2021-07-12,0.0,MA,Mastercard earnings date,-0.29095642884890177
2021-07-19,0.0,MA,Mastercard earnings date,-0.29095642884890177
2021-07-26,0.0,MA,Mastercard earnings date,-0.29095642884890177
2021-08-02,0.0,MA,Mastercard earnings date,-0.29095642884890177
2021-08-09,0.0,MA,Mastercard earnings date,-0.29095642884890177
2021-08-16,0.0,MA,Mastercard earnings date,-0.29095642884890177
2021-08-23,0.0,MA,Mastercard earnings date,-0.29095642884890177
2021-08-30,0.0,MA,Mastercard earnings date,-0.29095642884890177
2021-09-06,0.0,MA,Mastercard earnings date,-0.29095642884890177
2021-09-13,0.0,MA,Mastercard earnings date,-0.29095642884890177
2021-09-20,0.0,MA,Mastercard earnings date,-0.29095642884890177
2021-09-27,0.0,MA,Mastercard earnings date,-0.29095642884890177
2021-10-04,0.0,MA,Mastercard earnings date,-0.29095642884890177
2021-10-11,0.0,MA,Mastercard earnings date,-0.29095642884890177
2021-10-18,0.0,MA,Mastercard earnings date,-0.29095642884890177
2021-10-25,20.0,MA,Mastercard earnings date,1.0618489723651579
2021-11-01,20.0,MA,Mastercard earnings date,1.0618489723651579
2021-11-08,0.0,MA,Mastercard earnings date,-0.29095642884890177
2021-11-15,0.0,MA,Mastercard earnings date,-0.29095642884890177
2021-11-22,0.0,MA,Mastercard earnings date,-0.29095642884890177
2021-11-29,0.0,MA,Mastercard earnings date,-0.29095642884890177
2021-12-06,0.0,MA,Mastercard earnings date,-0.29095642884890177
2021-12-13,0.0,MA,Mastercard earnings date,-0.29095642884890177
2021-12-20,0.0,MA,Mastercard earnings date,-0.29095642884890177
2021-12-27,0.0,MA,Mastercard earnings date,-0.29095642884890177
2022-01-03,0.0,MA,Mastercard earnings date,-0.29095642884890177
2022-01-10,0.0,MA,Mastercard earnings date,-0.29095642884890177
2022-01-17,0.0,MA,Mastercard earnings date,-0.29095642884890177
2022-01-24,0.0,MA,Mastercard earnings date,-0.29095642884890177
2022-01-31,0.0,MA,Mastercard earnings date,-0.29095642884890177
2022-02-07,0.0,MA,Mastercard earnings date,-0.29095642884890177
2022-02-14,0.0,MA,Mastercard earnings date,-0.29095642884890177
2022-02-21,0.0,MA,Mastercard earnings date,-0.29095642884890177
2022-02-28,0.0,MA,Mastercard earnings date,-0.29095642884890177
2022-03-07,0.0,MA,Mastercard earnings date,-0.29095642884890177
2022-03-14,0.0,MA,Mastercard earnings date,-0.29095642884890177
2022-03-21,0.0,MA,Mastercard earnings date,-0.29095642884890177
2022-03-28,0.0,MA,Mastercard earnings date,-0.29095642884890177
2022-04-04,0.0,MA,Mastercard earnings date,-0.29095642884890177
2022-04-11,0.0,MA,Mastercard earnings date,-0.29095642884890177
2022-04-18,0.0,MA,Mastercard earnings date,-0.29095642884890177
2022-04-25,12.0,MA,Mastercard earnings date,0.5207268118795341
2022-05-02,0.0,MA,Mastercard earnings date,-0.29095642884890177
2022-05-09,0.0,MA,Mastercard earnings date,-0.29095642884890177
2022-05-16,0.0,MA,Mastercard earnings date,-0.29095642884890177
2022-05-23,0.0,MA,Mastercard earnings date,-0.29095642884890177
2022-05-30,0.0,MA,Mastercard earnings date,-0.29095642884890177
2022-06-06,0.0,MA,Mastercard earnings date,-0.29095642884890177
2022-06-13,0.0,MA,Mastercard earnings date,-0.29095642884890177
2022-06-20,0.0,MA,Mastercard earnings date,-0.29095642884890177
2022-06-27,0.0,MA,Mastercard earnings date,-0.29095642884890177
2022-07-04,0.0,MA,Mastercard earnings date,-0.29095642884890177
2022-07-11,0.0,MA,Mastercard earnings date,-0.29095642884890177
2022-07-18,0.0,MA,Mastercard earnings date,-0.29095642884890177
2022-07-25,0.0,MA,Mastercard earnings date,-0.29095642884890177
2022-08-01,0.0,MA,Mastercard earnings date,-0.29095642884890177
2022-08-08,0.0,MA,Mastercard earnings date,-0.29095642884890177
2022-08-15,0.0,MA,Mastercard earnings date,-0.29095642884890177
2022-08-22,0.0,MA,Mastercard earnings date,-0.29095642884890177
2022-08-29,0.0,MA,Mastercard earnings date,-0.29095642884890177
2022-09-05,0.0,MA,Mastercard earnings date,-0.29095642884890177
2022-09-12,0.0,MA,Mastercard earnings date,-0.29095642884890177
2022-09-19,0.0,MA,Mastercard earnings date,-0.29095642884890177
2022-09-26,0.0,MA,Mastercard earnings date,-0.29095642884890177
2022-10-03,0.0,MA,Mastercard earnings date,-0.29095642884890177
2022-10-10,0.0,MA,Mastercard earnings date,-0.29095642884890177
2022-10-17,0.0,MA,Mastercard earnings date,-0.29095642884890177
2022-10-24,0.0,MA,Mastercard earnings date,-0.29095642884890177
2022-10-31,0.0,MA,Mastercard earnings date,-0.29095642884890177
2022-11-07,0.0,MA,Mastercard earnings date,-0.29095642884890177
2022-11-14,0.0,MA,Mastercard earnings date,-0.29095642884890177
2022-11-21,0.0,MA,Mastercard earnings date,-0.29095642884890177
2022-11-28,0.0,MA,Mastercard earnings date,-0.29095642884890177
2022-12-05,0.0,MA,Mastercard earnings date,-0.29095642884890177
2022-12-12,0.0,MA,Mastercard earnings date,-0.29095642884890177
2022-12-19,0.0,MA,Mastercard earnings date,-0.29095642884890177
2022-12-26,0.0,MA,Mastercard earnings date,-0.29095642884890177
2023-01-02,0.0,MA,Mastercard earnings date,-0.29095642884890177
2023-01-09,0.0,MA,Mastercard earnings date,-0.29095642884890177
2023-01-16,0.0,MA,Mastercard earnings date,-0.29095642884890177
2023-01-23,0.0,MA,Mastercard earnings date,-0.29095642884890177
2023-01-30,0.0,MA,Mastercard earnings date,-0.29095642884890177
2023-02-06,0.0,MA,Mastercard earnings date,-0.29095642884890177
2023-02-13,0.0,MA,Mastercard earnings date,-0.29095642884890177
2023-02-20,0.0,MA,Mastercard earnings date,-0.29095642884890177
2023-02-27,0.0,MA,Mastercard earnings date,-0.29095642884890177
2023-03-06,0.0,MA,Mastercard earnings date,-0.29095642884890177
2023-03-13,0.0,MA,Mastercard earnings date,-0.29095642884890177
2023-03-20,0.0,MA,Mastercard earnings date,-0.29095642884890177
2023-03-27,0.0,MA,Mastercard earnings date,-0.29095642884890177
2023-04-03,0.0,MA,Mastercard earnings date,-0.29095642884890177
2023-04-10,0.0,MA,Mastercard earnings date,-0.29095642884890177
2023-04-17,0.0,MA,Mastercard earnings date,-0.29095642884890177
2023-04-24,0.0,MA,Mastercard earnings date,-0.29095642884890177
2023-05-01,0.0,MA,Mastercard earnings date,-0.29095642884890177
2023-05-08,0.0,MA,Mastercard earnings date,-0.29095642884890177
2023-05-15,0.0,MA,Mastercard earnings date,-0.29095642884890177
2023-05-22,0.0,MA,Mastercard earnings date,-0.29095642884890177
2023-05-29,0.0,MA,Mastercard earnings date,-0.29095642884890177
2023-06-05,0.0,MA,Mastercard earnings date,-0.29095642884890177
2023-06-12,0.0,MA,Mastercard earnings date,-0.29095642884890177
2023-06-19,0.0,MA,Mastercard earnings date,-0.29095642884890177
2023-06-26,0.0,MA,Mastercard earnings date,-0.29095642884890177
2023-07-03,0.0,MA,Mastercard earnings date,-0.29095642884890177
2023-07-10,0.0,MA,Mastercard earnings date,-0.29095642884890177
2023-07-17,0.0,MA,Mastercard earnings date,-0.29095642884890177
2023-07-24,0.0,MA,Mastercard earnings date,-0.29095642884890177
2023-07-31,0.0,MA,Mastercard earnings date,-0.29095642884890177
2023-08-07,0.0,MA,Mastercard earnings date,-0.29095642884890177
2023-08-14,0.0,MA,Mastercard earnings date,-0.29095642884890177
2023-08-21,0.0,MA,Mastercard earnings date,-0.29095642884890177
2023-08-28,0.0,MA,Mastercard earnings date,-0.29095642884890177
2023-09-04,0.0,MA,Mastercard earnings date,-0.29095642884890177
2023-09-11,0.0,MA,Mastercard earnings date,-0.29095642884890177
2023-09-18,0.0,MA,Mastercard earnings date,-0.29095642884890177
2023-09-25,0.0,MA,Mastercard earnings date,-0.29095642884890177
2023-10-02,0.0,MA,Mastercard earnings date,-0.29095642884890177
2023-10-09,0.0,MA,Mastercard earnings date,-0.29095642884890177
2023-10-16,0.0,MA,Mastercard earnings date,-0.29095642884890177
2023-10-23,0.0,MA,Mastercard earnings date,-0.29095642884890177
2023-10-30,0.0,MA,Mastercard earnings date,-0.29095642884890177
2023-11-06,0.0,MA,Mastercard earnings date,-0.29095642884890177
2023-11-13,0.0,MA,Mastercard earnings date,-0.29095642884890177
2023-11-20,0.0,MA,Mastercard earnings date,-0.29095642884890177
2023-11-27,0.0,MA,Mastercard earnings date,-0.29095642884890177
2023-12-04,0.0,MA,Mastercard earnings date,-0.29095642884890177
2023-12-11,0.0,MA,Mastercard earnings date,-0.29095642884890177
2023-12-18,0.0,MA,Mastercard earnings date,-0.29095642884890177
2023-12-25,0.0,MA,Mastercard earnings date,-0.29095642884890177
2024-01-01,0.0,MA,Mastercard earnings date,-0.29095642884890177
2024-01-08,0.0,MA,Mastercard earnings date,-0.29095642884890177
2024-01-15,0.0,MA,Mastercard earnings date,-0.29095642884890177
2024-01-22,0.0,MA,Mastercard earnings date,-0.29095642884890177
2024-01-29,0.0,MA,Mastercard earnings date,-0.29095642884890177
2024-02-05,0.0,MA,Mastercard earnings date,-0.29095642884890177
2024-02-12,0.0,MA,Mastercard earnings date,-0.29095642884890177
2024-02-19,0.0,MA,Mastercard earnings date,-0.29095642884890177
2024-02-26,0.0,MA,Mastercard earnings date,-0.29095642884890177
2024-03-04,0.0,MA,Mastercard earnings date,-0.29095642884890177
2024-03-11,0.0,MA,Mastercard earnings date,-0.29095642884890177
2024-03-18,0.0,MA,Mastercard earnings date,-0.29095642884890177
2024-03-25,0.0,MA,Mastercard earnings date,-0.29095642884890177
2024-04-01,0.0,MA,Mastercard earnings date,-0.29095642884890177
2024-04-08,0.0,MA,Mastercard earnings date,-0.29095642884890177
2024-04-15,0.0,MA,Mastercard earnings date,-0.29095642884890177
2024-04-22,14.0,MA,Mastercard earnings date,0.65600735200094
2024-04-29,0.0,MA,Mastercard earnings date,-0.29095642884890177
2024-05-06,0.0,MA,Mastercard earnings date,-0.29095642884890177
2024-05-13,0.0,MA,Mastercard earnings date,-0.29095642884890177
2024-05-20,0.0,MA,Mastercard earnings date,-0.29095642884890177
2024-05-27,0.0,MA,Mastercard earnings date,-0.29095642884890177
2024-06-03,0.0,MA,Mastercard earnings date,-0.29095642884890177
2024-06-10,0.0,MA,Mastercard earnings date,-0.29095642884890177
2024-06-17,0.0,MA,Mastercard earnings date,-0.29095642884890177
2024-06-24,0.0,MA,Mastercard earnings date,-0.29095642884890177
2024-07-01,0.0,MA,Mastercard earnings date,-0.29095642884890177
2024-07-08,0.0,MA,Mastercard earnings date,-0.29095642884890177
2024-07-15,0.0,MA,Mastercard earnings date,-0.29095642884890177
2024-07-22,0.0,MA,Mastercard earnings date,-0.29095642884890177
2024-07-29,0.0,MA,Mastercard earnings date,-0.29095642884890177
2024-08-05,0.0,MA,Mastercard earnings date,-0.29095642884890177
2024-08-12,0.0,MA,Mastercard earnings date,-0.29095642884890177
2024-08-19,0.0,MA,Mastercard earnings date,-0.29095642884890177
2024-08-26,0.0,MA,Mastercard earnings date,-0.29095642884890177
2024-09-02,0.0,MA,Mastercard earnings date,-0.29095642884890177
2024-09-09,0.0,MA,Mastercard earnings date,-0.29095642884890177
2024-09-16,0.0,MA,Mastercard earnings date,-0.29095642884890177
2024-09-23,0.0,MA,Mastercard earnings date,-0.29095642884890177
2024-09-30,0.0,MA,Mastercard earnings date,-0.29095642884890177
2024-10-07,0.0,MA,Mastercard earnings date,-0.29095642884890177
2024-10-14,0.0,MA,Mastercard earnings date,-0.29095642884890177
2024-10-21,0.0,MA,Mastercard earnings date,-0.29095642884890177
2024-10-28,0.0,MA,Mastercard earnings date,-0.29095642884890177
2024-11-04,0.0,MA,Mastercard earnings date,-0.29095642884890177
2024-11-11,0.0,MA,Mastercard earnings date,-0.29095642884890177
2024-11-18,0.0,MA,Mastercard earnings date,-0.29095642884890177
2024-11-25,0.0,MA,Mastercard earnings date,-0.29095642884890177
2024-12-02,0.0,MA,Mastercard earnings date,-0.29095642884890177
2024-12-09,0.0,MA,Mastercard earnings date,-0.29095642884890177
2024-12-16,0.0,MA,Mastercard earnings date,-0.29095642884890177
2024-12-23,0.0,MA,Mastercard earnings date,-0.29095642884890177
2024-12-30,0.0,MA,Mastercard earnings date,-0.29095642884890177
2025-01-06,0.0,MA,Mastercard earnings date,-0.29095642884890177
2025-01-13,0.0,MA,Mastercard earnings date,-0.29095642884890177
2025-01-20,0.0,MA,Mastercard earnings date,-0.29095642884890177
2025-01-27,0.0,MA,Mastercard earnings date,-0.29095642884890177
2025-02-03,0.0,MA,Mastercard earnings date,-0.29095642884890177
2025-02-10,0.0,MA,Mastercard earnings date,-0.29095642884890177
2025-02-17,0.0,MA,Mastercard earnings date,-0.29095642884890177
2025-02-24,0.0,MA,Mastercard earnings date,-0.29095642884890177
2025-03-03,0.0,MA,Mastercard earnings date,-0.29095642884890177
2025-03-10,0.0,MA,Mastercard earnings date,-0.29095642884890177
2025-03-17,0.0,MA,Mastercard earnings date,-0.29095642884890177
2025-03-24,0.0,MA,Mastercard earnings date,-0.29095642884890177
2025-03-31,0.0,MA,Mastercard earnings date,-0.29095642884890177
2025-04-07,0.0,MA,Mastercard earnings date,-0.29095642884890177
2025-04-14,0.0,MA,Mastercard earnings date,-0.29095642884890177
2025-04-21,0.0,MA,Mastercard earnings date,-0.29095642884890177
2025-04-28,0.0,MA,Mastercard earnings date,-0.29095642884890177
2025-05-05,0.0,MA,Mastercard earnings date,-0.29095642884890177
2025-05-12,0.0,MA,Mastercard earnings date,-0.29095642884890177
2025-05-19,0.0,MA,Mastercard earnings date,-0.29095642884890177
2025-05-26,0.0,MA,Mastercard earnings date,-0.29095642884890177
2025-06-02,0.0,MA,Mastercard earnings date,-0.29095642884890177
2025-06-09,0.0,MA,Mastercard earnings date,-0.29095642884890177
2025-06-16,0.0,MA,Mastercard earnings date,-0.29095642884890177
2025-06-23,0.0,MA,Mastercard earnings date,-0.29095642884890177
2025-06-30,0.0,MA,Mastercard earnings date,-0.29095642884890177
2025-07-07,0.0,MA,Mastercard earnings date,-0.29095642884890177
2025-07-14,0.0,MA,Mastercard earnings date,-0.29095642884890177
2025-07-21,0.0,MA,Mastercard earnings date,-0.29095642884890177
2025-07-28,56.0,MA,Mastercard earnings date,3.4968986945504654
2025-08-04,65.0,MA,Mastercard earnings date,4.105661125096792
2025-08-11,65.0,MA,Mastercard earnings date,4.105661125096792
2025-08-18,55.0,MA,Mastercard earnings date,3.4292584244897624
2025-08-25,77.0,MA,Mastercard earnings date,4.917344365825228
2025-09-01,43.0,MA,Mastercard earnings date,2.6175751837613266
2025-09-08,40.0,MA,Mastercard earnings date,2.4146543735792174
2025-09-15,34.0,MA,Mastercard earnings date,2.0088127532149995
2025-09-22,35.0,MA,Mastercard earnings date,2.0764530232757026
2025-09-29,51.0,MA,Mastercard earnings date,3.15869734424695
2025-10-06,49.0,MA,Mastercard earnings date,3.0234168041255445
2025-10-13,38.0,MA,Mastercard earnings date,2.2793738334578117
2025-10-20,89.0,MA,Mastercard earnings date,5.729027606553664
2025-10-27,100.0,MA,Mastercard earnings date,6.473070577221397
2025-11-03,53.0,MA,Mastercard earnings date,3.2939778843683563
2025-11-10,42.0,MA,Mastercard earnings date,2.5499349137006235
2025-11-17,50.0,MA,Mastercard earnings date,3.0910570741862475
2025-11-24,35.0,MA,Mastercard earnings date,2.0764530232757026
2025-12-01,36.0,MA,Mastercard earnings date,2.1440932933364056
2025-12-08,2.0,MA,Mastercard earnings date,-0.1556758887274958
2025-12-15,5.0,MA,Mastercard earnings date,0.04724492145461316
2025-12-22,8.0,MA,Mastercard earnings date,0.2501657316367221
2020-12-21,26.0,MA,Mastercard stock,0.0208854395811754
2020-12-28,35.0,MA,Mastercard stock,0.6442761551813224
2021-01-04,36.0,MA,Mastercard stock,0.7135417902480055
2021-01-11,40.0,MA,Mastercard stock,0.9906043305147374
2021-01-18,36.0,MA,Mastercard stock,0.7135417902480055
2021-01-25,49.0,MA,Mastercard stock,1.6139950461148844
2021-02-01,43.0,MA,Mastercard stock,1.1984012357147864
2021-02-08,46.0,MA,Mastercard stock,1.4061981409148354
2021-02-15,37.0,MA,Mastercard stock,0.7828074253146884
2021-02-22,41.0,MA,Mastercard stock,1.0598699655814203
2021-03-01,37.0,MA,Mastercard stock,0.7828074253146884
2021-03-08,43.0,MA,Mastercard stock,1.1984012357147864
2021-03-15,38.0,MA,Mastercard stock,0.8520730603813714
2021-03-22,32.0,MA,Mastercard stock,0.4364792499812734
2021-03-29,26.0,MA,Mastercard stock,0.0208854395811754
2021-04-05,32.0,MA,Mastercard stock,0.4364792499812734
2021-04-12,32.0,MA,Mastercard stock,0.4364792499812734
2021-04-19,28.0,MA,Mastercard stock,0.15941670971454142
2021-04-26,34.0,MA,Mastercard stock,0.5750105201146394
2021-05-03,28.0,MA,Mastercard stock,0.15941670971454142
2021-05-10,31.0,MA,Mastercard stock,0.3672136149145904
2021-05-17,26.0,MA,Mastercard stock,0.0208854395811754
2021-05-24,26.0,MA,Mastercard stock,0.0208854395811754
2021-05-31,25.0,MA,Mastercard stock,-0.0483801954855076
2021-06-07,23.0,MA,Mastercard stock,-0.1869114656188736
2021-06-14,23.0,MA,Mastercard stock,-0.1869114656188736
2021-06-21,24.0,MA,Mastercard stock,-0.1176458305521906
2021-06-28,29.0,MA,Mastercard stock,0.2286823447812244
2021-07-05,24.0,MA,Mastercard stock,-0.1176458305521906
2021-07-12,28.0,MA,Mastercard stock,0.15941670971454142
2021-07-19,30.0,MA,Mastercard stock,0.2979479798479074
2021-07-26,29.0,MA,Mastercard stock,0.2286823447812244
2021-08-02,30.0,MA,Mastercard stock,0.2979479798479074
2021-08-09,27.0,MA,Mastercard stock,0.0901510746478584
2021-08-16,28.0,MA,Mastercard stock,0.15941670971454142
2021-08-23,27.0,MA,Mastercard stock,0.0901510746478584
2021-08-30,31.0,MA,Mastercard stock,0.3672136149145904
2021-09-06,23.0,MA,Mastercard stock,-0.1869114656188736
2021-09-13,24.0,MA,Mastercard stock,-0.1176458305521906
2021-09-20,23.0,MA,Mastercard stock,-0.1869114656188736
2021-09-27,24.0,MA,Mastercard stock,-0.1176458305521906
2021-10-04,23.0,MA,Mastercard stock,-0.1869114656188736
2021-10-11,24.0,MA,Mastercard stock,-0.1176458305521906
2021-10-18,25.0,MA,Mastercard stock,-0.0483801954855076
2021-10-25,47.0,MA,Mastercard stock,1.4754637759815183
2021-11-01,35.0,MA,Mastercard stock,0.6442761551813224
2021-11-08,36.0,MA,Mastercard stock,0.7135417902480055
2021-11-15,43.0,MA,Mastercard stock,1.1984012357147864
2021-11-22,38.0,MA,Mastercard stock,0.8520730603813714
2021-11-29,50.0,MA,Mastercard stock,1.6832606811815674
2021-12-06,43.0,MA,Mastercard stock,1.1984012357147864
2021-12-13,30.0,MA,Mastercard stock,0.2979479798479074
2021-12-20,26.0,MA,Mastercard stock,0.0208854395811754
2021-12-27,28.0,MA,Mastercard stock,0.15941670971454142
2022-01-03,29.0,MA,Mastercard stock,0.2286823447812244
2022-01-10,25.0,MA,Mastercard stock,-0.0483801954855076
2022-01-17,27.0,MA,Mastercard stock,0.0901510746478584
2022-01-24,37.0,MA,Mastercard stock,0.7828074253146884
2022-01-31,35.0,MA,Mastercard stock,0.6442761551813224
2022-02-07,27.0,MA,Mastercard stock,0.0901510746478584
2022-02-14,29.0,MA,Mastercard stock,0.2286823447812244
2022-02-21,23.0,MA,Mastercard stock,-0.1869114656188736
2022-02-28,28.0,MA,Mastercard stock,0.15941670971454142
2022-03-07,34.0,MA,Mastercard stock,0.5750105201146394
2022-03-14,27.0,MA,Mastercard stock,0.0901510746478584
2022-03-21,20.0,MA,Mastercard stock,-0.3947083708189226
2022-03-28,22.0,MA,Mastercard stock,-0.2561771006855566
2022-04-04,21.0,MA,Mastercard stock,-0.3254427357522396
2022-04-11,16.0,MA,Mastercard stock,-0.6717709110856546
2022-04-18,20.0,MA,Mastercard stock,-0.3947083708189226
2022-04-25,28.0,MA,Mastercard stock,0.15941670971454142
2022-05-02,23.0,MA,Mastercard stock,-0.1869114656188736
2022-05-09,23.0,MA,Mastercard stock,-0.1869114656188736
2022-05-16,17.0,MA,Mastercard stock,-0.6025052760189716
2022-05-23,19.0,MA,Mastercard stock,-0.4639740058856056
2022-05-30,15.0,MA,Mastercard stock,-0.7410365461523376
2022-06-06,16.0,MA,Mastercard stock,-0.6717709110856546
2022-06-13,19.0,MA,Mastercard stock,-0.4639740058856056
2022-06-20,17.0,MA,Mastercard stock,-0.6025052760189716
2022-06-27,15.0,MA,Mastercard stock,-0.7410365461523376
2022-07-04,14.0,MA,Mastercard stock,-0.8103021812190206
2022-07-11,17.0,MA,Mastercard stock,-0.6025052760189716
2022-07-18,16.0,MA,Mastercard stock,-0.6717709110856546
2022-07-25,23.0,MA,Mastercard stock,-0.1869114656188736
2022-08-01,19.0,MA,Mastercard stock,-0.4639740058856056
2022-08-08,18.0,MA,Mastercard stock,-0.5332396409522886
2022-08-15,18.0,MA,Mastercard stock,-0.5332396409522886
2022-08-22,15.0,MA,Mastercard stock,-0.7410365461523376
2022-08-29,15.0,MA,Mastercard stock,-0.7410365461523376
2022-09-05,12.0,MA,Mastercard stock,-0.9488334513523866
2022-09-12,13.0,MA,Mastercard stock,-0.8795678162857036
2022-09-19,15.0,MA,Mastercard stock,-0.7410365461523376
2022-09-26,16.0,MA,Mastercard stock,-0.6717709110856546
2022-10-03,16.0,MA,Mastercard stock,-0.6717709110856546
2022-10-10,17.0,MA,Mastercard stock,-0.6025052760189716
2022-10-17,17.0,MA,Mastercard stock,-0.6025052760189716
2022-10-24,23.0,MA,Mastercard stock,-0.1869114656188736
2022-10-31,18.0,MA,Mastercard stock,-0.5332396409522886
2022-11-07,18.0,MA,Mastercard stock,-0.5332396409522886
2022-11-14,17.0,MA,Mastercard stock,-0.6025052760189716
2022-11-21,13.0,MA,Mastercard stock,-0.8795678162857036
2022-11-28,16.0,MA,Mastercard stock,-0.6717709110856546
2022-12-05,14.0,MA,Mastercard stock,-0.8103021812190206
2022-12-12,16.0,MA,Mastercard stock,-0.6717709110856546
2022-12-19,13.0,MA,Mastercard stock,-0.8795678162857036
2022-12-26,14.0,MA,Mastercard stock,-0.8103021812190206
2023-01-02,15.0,MA,Mastercard stock,-0.7410365461523376
2023-01-09,17.0,MA,Mastercard stock,-0.6025052760189716
2023-01-16,15.0,MA,Mastercard stock,-0.7410365461523376
2023-01-23,28.0,MA,Mastercard stock,0.15941670971454142
2023-01-30,20.0,MA,Mastercard stock,-0.3947083708189226
2023-02-06,16.0,MA,Mastercard stock,-0.6717709110856546
2023-02-13,16.0,MA,Mastercard stock,-0.6717709110856546
2023-02-20,14.0,MA,Mastercard stock,-0.8103021812190206
2023-02-27,16.0,MA,Mastercard stock,-0.6717709110856546
2023-03-06,15.0,MA,Mastercard stock,-0.7410365461523376
2023-03-13,16.0,MA,Mastercard stock,-0.6717709110856546
2023-03-20,17.0,MA,Mastercard stock,-0.6025052760189716
2023-03-27,15.0,MA,Mastercard stock,-0.7410365461523376
2023-04-03,13.0,MA,Mastercard stock,-0.8795678162857036
2023-04-10,15.0,MA,Mastercard stock,-0.7410365461523376
2023-04-17,15.0,MA,Mastercard stock,-0.7410365461523376
2023-04-24,18.0,MA,Mastercard stock,-0.5332396409522886
2023-05-01,15.0,MA,Mastercard stock,-0.7410365461523376
2023-05-08,14.0,MA,Mastercard stock,-0.8103021812190206
2023-05-15,13.0,MA,Mastercard stock,-0.8795678162857036
2023-05-22,14.0,MA,Mastercard stock,-0.8103021812190206
2023-05-29,17.0,MA,Mastercard stock,-0.6025052760189716
2023-06-05,16.0,MA,Mastercard stock,-0.6717709110856546
2023-06-12,16.0,MA,Mastercard stock,-0.6717709110856546
2023-06-19,11.0,MA,Mastercard stock,-1.0180990864190695
2023-06-26,17.0,MA,Mastercard stock,-0.6025052760189716
2023-07-03,14.0,MA,Mastercard stock,-0.8103021812190206
2023-07-10,18.0,MA,Mastercard stock,-0.5332396409522886
2023-07-17,18.0,MA,Mastercard stock,-0.5332396409522886
2023-07-24,24.0,MA,Mastercard stock,-0.1176458305521906
2023-07-31,15.0,MA,Mastercard stock,-0.7410365461523376
2023-08-07,16.0,MA,Mastercard stock,-0.6717709110856546
2023-08-14,15.0,MA,Mastercard stock,-0.7410365461523376
2023-08-21,14.0,MA,Mastercard stock,-0.8103021812190206
2023-08-28,19.0,MA,Mastercard stock,-0.4639740058856056
2023-09-04,17.0,MA,Mastercard stock,-0.6025052760189716
2023-09-11,18.0,MA,Mastercard stock,-0.5332396409522886
2023-09-18,15.0,MA,Mastercard stock,-0.7410365461523376
2023-09-25,15.0,MA,Mastercard stock,-0.7410365461523376
2023-10-02,17.0,MA,Mastercard stock,-0.6025052760189716
2023-10-09,13.0,MA,Mastercard stock,-0.8795678162857036
2023-10-16,14.0,MA,Mastercard stock,-0.8103021812190206
2023-10-23,21.0,MA,Mastercard stock,-0.3254427357522396
2023-10-30,18.0,MA,Mastercard stock,-0.5332396409522886
2023-11-06,14.0,MA,Mastercard stock,-0.8103021812190206
2023-11-13,18.0,MA,Mastercard stock,-0.5332396409522886
2023-11-20,17.0,MA,Mastercard stock,-0.6025052760189716
2023-11-27,19.0,MA,Mastercard stock,-0.4639740058856056
2023-12-04,20.0,MA,Mastercard stock,-0.3947083708189226
2023-12-11,20.0,MA,Mastercard stock,-0.3947083708189226
2023-12-18,17.0,MA,Mastercard stock,-0.6025052760189716
2023-12-25,16.0,MA,Mastercard stock,-0.6717709110856546
2024-01-01,16.0,MA,Mastercard stock,-0.6717709110856546
2024-01-08,18.0,MA,Mastercard stock,-0.5332396409522886
2024-01-15,18.0,MA,Mastercard stock,-0.5332396409522886
2024-01-22,22.0,MA,Mastercard stock,-0.2561771006855566
2024-01-29,27.0,MA,Mastercard stock,0.0901510746478584
2024-02-05,21.0,MA,Mastercard stock,-0.3254427357522396
2024-02-12,20.0,MA,Mastercard stock,-0.3947083708189226
2024-02-19,20.0,MA,Mastercard stock,-0.3947083708189226
2024-02-26,21.0,MA,Mastercard stock,-0.3254427357522396
2024-03-04,22.0,MA,Mastercard stock,-0.2561771006855566
2024-03-11,19.0,MA,Mastercard stock,-0.4639740058856056
2024-03-18,21.0,MA,Mastercard stock,-0.3254427357522396
2024-03-25,23.0,MA,Mastercard stock,-0.1869114656188736
2024-04-01,18.0,MA,Mastercard stock,-0.5332396409522886
2024-04-08,16.0,MA,Mastercard stock,-0.6717709110856546
2024-04-15,16.0,MA,Mastercard stock,-0.6717709110856546
2024-04-22,18.0,MA,Mastercard stock,-0.5332396409522886
2024-04-29,25.0,MA,Mastercard stock,-0.0483801954855076
2024-05-06,18.0,MA,Mastercard stock,-0.5332396409522886
2024-05-13,18.0,MA,Mastercard stock,-0.5332396409522886
2024-05-20,17.0,MA,Mastercard stock,-0.6025052760189716
2024-05-27,17.0,MA,Mastercard stock,-0.6025052760189716
2024-06-03,16.0,MA,Mastercard stock,-0.6717709110856546
2024-06-10,19.0,MA,Mastercard stock,-0.4639740058856056
2024-06-17,15.0,MA,Mastercard stock,-0.7410365461523376
2024-06-24,16.0,MA,Mastercard stock,-0.6717709110856546
2024-07-01,17.0,MA,Mastercard stock,-0.6025052760189716
2024-07-08,23.0,MA,Mastercard stock,-0.1869114656188736
2024-07-15,17.0,MA,Mastercard stock,-0.6025052760189716
2024-07-22,18.0,MA,Mastercard stock,-0.5332396409522886
2024-07-29,25.0,MA,Mastercard stock,-0.0483801954855076
2024-08-05,24.0,MA,Mastercard stock,-0.1176458305521906
2024-08-12,18.0,MA,Mastercard stock,-0.5332396409522886
2024-08-19,16.0,MA,Mastercard stock,-0.6717709110856546
2024-08-26,16.0,MA,Mastercard stock,-0.6717709110856546
2024-09-02,15.0,MA,Mastercard stock,-0.7410365461523376
2024-09-09,18.0,MA,Mastercard stock,-0.5332396409522886
2024-09-16,22.0,MA,Mastercard stock,-0.2561771006855566
2024-09-23,20.0,MA,Mastercard stock,-0.3947083708189226
2024-09-30,17.0,MA,Mastercard stock,-0.6025052760189716
2024-10-07,15.0,MA,Mastercard stock,-0.7410365461523376
2024-10-14,20.0,MA,Mastercard stock,-0.3947083708189226
2024-10-21,18.0,MA,Mastercard stock,-0.5332396409522886
2024-10-28,26.0,MA,Mastercard stock,0.0208854395811754
2024-11-04,22.0,MA,Mastercard stock,-0.2561771006855566
2024-11-11,23.0,MA,Mastercard stock,-0.1869114656188736
2024-11-18,21.0,MA,Mastercard stock,-0.3254427357522396
2024-11-25,21.0,MA,Mastercard stock,-0.3254427357522396
2024-12-02,21.0,MA,Mastercard stock,-0.3254427357522396
2024-12-09,19.0,MA,Mastercard stock,-0.4639740058856056
2024-12-16,21.0,MA,Mastercard stock,-0.3254427357522396
2024-12-23,19.0,MA,Mastercard stock,-0.4639740058856056
2024-12-30,18.0,MA,Mastercard stock,-0.5332396409522886
2025-01-06,19.0,MA,Mastercard stock,-0.4639740058856056
2025-01-13,21.0,MA,Mastercard stock,-0.3254427357522396
2025-01-20,18.0,MA,Mastercard stock,-0.5332396409522886
2025-01-27,38.0,MA,Mastercard stock,0.8520730603813714
2025-02-03,25.0,MA,Mastercard stock,-0.0483801954855076
2025-02-10,23.0,MA,Mastercard stock,-0.1869114656188736
2025-02-17,19.0,MA,Mastercard stock,-0.4639740058856056
2025-02-24,23.0,MA,Mastercard stock,-0.1869114656188736
2025-03-03,25.0,MA,Mastercard stock,-0.0483801954855076
2025-03-10,25.0,MA,Mastercard stock,-0.0483801954855076
2025-03-17,22.0,MA,Mastercard stock,-0.2561771006855566
2025-03-24,20.0,MA,Mastercard stock,-0.3947083708189226
2025-03-31,28.0,MA,Mastercard stock,0.15941670971454142
2025-04-07,32.0,MA,Mastercard stock,0.4364792499812734
2025-04-14,20.0,MA,Mastercard stock,-0.3947083708189226
2025-04-21,21.0,MA,Mastercard stock,-0.3254427357522396
2025-04-28,25.0,MA,Mastercard stock,-0.0483801954855076
2025-05-05,20.0,MA,Mastercard stock,-0.3947083708189226
2025-05-12,22.0,MA,Mastercard stock,-0.2561771006855566
2025-05-19,19.0,MA,Mastercard stock,-0.4639740058856056
2025-05-26,18.0,MA,Mastercard stock,-0.5332396409522886
2025-06-02,23.0,MA,Mastercard stock,-0.1869114656188736
2025-06-09,28.0,MA,Mastercard stock,0.15941670971454142
2025-06-16,34.0,MA,Mastercard stock,0.5750105201146394
2025-06-23,31.0,MA,Mastercard stock,0.3672136149145904
2025-06-30,22.0,MA,Mastercard stock,-0.2561771006855566
2025-07-07,23.0,MA,Mastercard stock,-0.1869114656188736
2025-07-14,28.0,MA,Mastercard stock,0.15941670971454142
2025-07-21,34.0,MA,Mastercard stock,0.5750105201146394
2025-07-28,54.0,MA,Mastercard stock,1.9603232214482995
2025-08-04,93.0,MA,Mastercard stock,4.661682989048937
2025-08-11,87.0,MA,Mastercard stock,4.246089178648838
2025-08-18,76.0,MA,Mastercard stock,3.4841671929153253
2025-08-25,68.0,MA,Mastercard stock,2.9300421123818614
2025-09-01,65.0,MA,Mastercard stock,2.7222452071818126
2025-09-08,67.0,MA,Mastercard stock,2.8607764773151785
2025-09-15,59.0,MA,Mastercard stock,2.3066513967817146
2025-09-22,66.0,MA,Mastercard stock,2.7915108422484955
2025-09-29,65.0,MA,Mastercard stock,2.7222452071818126
2025-10-06,58.0,MA,Mastercard stock,2.2373857617150312
2025-10-13,53.0,MA,Mastercard stock,1.8910575863816164
2025-10-20,52.0,MA,Mastercard stock,1.8217919513149334
2025-10-27,60.0,MA,Mastercard stock,2.3759170318483975
2025-11-03,50.0,MA,Mastercard stock,1.6832606811815674
2025-11-10,68.0,MA,Mastercard stock,2.9300421123818614
2025-11-17,69.0,MA,Mastercard stock,2.9993077474485443
2025-11-24,80.0,MA,Mastercard stock,3.7612297331820574
2025-12-01,100.0,MA,Mastercard stock,5.146542434515718
2025-12-08,44.0,MA,Mastercard stock,1.2676668707814693
2025-12-15,28.0,MA,Mastercard stock,0.15941670971454142
2025-12-22,25.0,MA,Mastercard stock,-0.0483801954855076
2020-12-21,9.0,META,META,-1.3333052773640945
2020-12-28,9.0,META,META,-1.3333052773640945
2021-01-04,10.0,META,META,-1.2837203259560899
2021-01-11,11.0,META,META,-1.2341353745480852
2021-01-18,10.0,META,META,-1.2837203259560899
2021-01-25,11.0,META,META,-1.2341353745480852
2021-02-01,11.0,META,META,-1.2341353745480852
2021-02-08,10.0,META,META,-1.2837203259560899
2021-02-15,10.0,META,META,-1.2837203259560899
2021-02-22,11.0,META,META,-1.2341353745480852
2021-03-01,14.0,META,META,-1.0853805203240714
2021-03-08,12.0,META,META,-1.1845504231400807
2021-03-15,11.0,META,META,-1.2341353745480852
2021-03-22,11.0,META,META,-1.2341353745480852
2021-03-29,10.0,META,META,-1.2837203259560899
2021-04-05,11.0,META,META,-1.2341353745480852
2021-04-12,11.0,META,META,-1.2341353745480852
2021-04-19,12.0,META,META,-1.1845504231400807
2021-04-26,12.0,META,META,-1.1845504231400807
2021-05-03,11.0,META,META,-1.2341353745480852
2021-05-10,12.0,META,META,-1.1845504231400807
2021-05-17,11.0,META,META,-1.2341353745480852
2021-05-24,11.0,META,META,-1.2341353745480852
2021-05-31,11.0,META,META,-1.2341353745480852
2021-06-07,11.0,META,META,-1.2341353745480852
2021-06-14,11.0,META,META,-1.2341353745480852
2021-06-21,11.0,META,META,-1.2341353745480852
2021-06-28,11.0,META,META,-1.2341353745480852
2021-07-05,11.0,META,META,-1.2341353745480852
2021-07-12,10.0,META,META,-1.2837203259560899
2021-07-19,11.0,META,META,-1.2341353745480852
2021-07-26,11.0,META,META,-1.2341353745480852
2021-08-02,10.0,META,META,-1.2837203259560899
2021-08-09,10.0,META,META,-1.2837203259560899
2021-08-16,11.0,META,META,-1.2341353745480852
2021-08-23,11.0,META,META,-1.2341353745480852
2021-08-30,11.0,META,META,-1.2341353745480852
2021-09-06,11.0,META,META,-1.2341353745480852
2021-09-13,11.0,META,META,-1.2341353745480852
2021-09-20,11.0,META,META,-1.2341353745480852
2021-09-27,11.0,META,META,-1.2341353745480852
2021-10-04,11.0,META,META,-1.2341353745480852
2021-10-11,11.0,META,META,-1.2341353745480852
2021-10-18,11.0,META,META,-1.2341353745480852
2021-10-25,49.0,META,META,0.6500927789560915
2021-11-01,36.0,META,META,0.005488410652031012
2021-11-08,30.0,META,META,-0.2920212977959969
2021-11-15,24.0,META,META,-0.5895310062440248
2021-11-22,20.0,META,META,-0.7878708118760435
2021-11-29,20.0,META,META,-0.7878708118760435
2021-12-06,19.0,META,META,-0.837455763284048
2021-12-13,18.0,META,META,-0.8870407146920527
2021-12-20,17.0,META,META,-0.9366256661000574
2021-12-27,17.0,META,META,-0.9366256661000574
2022-01-03,22.0,META,META,-0.6887009090600341
2022-01-10,21.0,META,META,-0.7382858604680388
2022-01-17,20.0,META,META,-0.7878708118760435
2022-01-24,21.0,META,META,-0.7382858604680388
2022-01-31,38.0,META,META,0.10465831346804032
2022-02-07,32.0,META,META,-0.1928513949799876
2022-02-14,27.0,META,META,-0.44077615202001086
2022-02-21,23.0,META,META,-0.6391159576520294
2022-02-28,20.0,META,META,-0.7878708118760435
2022-03-07,24.0,META,META,-0.5895310062440248
2022-03-14,23.0,META,META,-0.6391159576520294
2022-03-21,22.0,META,META,-0.6887009090600341
2022-03-28,21.0,META,META,-0.7382858604680388
2022-04-04,21.0,META,META,-0.7382858604680388
2022-04-11,20.0,META,META,-0.7878708118760435
2022-04-18,21.0,META,META,-0.7382858604680388
2022-04-25,25.0,META,META,-0.5399460548360202
2022-05-02,23.0,META,META,-0.6391159576520294
2022-05-09,22.0,META,META,-0.6887009090600341
2022-05-16,20.0,META,META,-0.7878708118760435
2022-05-23,22.0,META,META,-0.6887009090600341
2022-05-30,20.0,META,META,-0.7878708118760435
2022-06-06,22.0,META,META,-0.6887009090600341
2022-06-13,23.0,META,META,-0.6391159576520294
2022-06-20,24.0,META,META,-0.5895310062440248
2022-06-27,22.0,META,META,-0.6887009090600341
2022-07-04,22.0,META,META,-0.6887009090600341
2022-07-11,22.0,META,META,-0.6887009090600341
2022-07-18,22.0,META,META,-0.6887009090600341
2022-07-25,27.0,META,META,-0.44077615202001086
2022-08-01,24.0,META,META,-0.5895310062440248
2022-08-08,22.0,META,META,-0.6887009090600341
2022-08-15,23.0,META,META,-0.6391159576520294
2022-08-22,25.0,META,META,-0.5399460548360202
2022-08-29,23.0,META,META,-0.6391159576520294
2022-09-05,22.0,META,META,-0.6887009090600341
2022-09-12,24.0,META,META,-0.5895310062440248
2022-09-19,24.0,META,META,-0.5895310062440248
2022-09-26,26.0,META,META,-0.49036110342801553
2022-10-03,25.0,META,META,-0.5399460548360202
2022-10-10,29.0,META,META,-0.34160624920400157
2022-10-17,26.0,META,META,-0.49036110342801553
2022-10-24,41.0,META,META,0.2534131676920543
2022-10-31,33.0,META,META,-0.14326644357198295
2022-11-07,44.0,META,META,0.4021680219160682
2022-11-14,31.0,META,META,-0.24243634638799225
2022-11-21,27.0,META,META,-0.44077615202001086
2022-11-28,25.0,META,META,-0.5399460548360202
2022-12-05,26.0,META,META,-0.49036110342801553
2022-12-12,26.0,META,META,-0.49036110342801553
2022-12-19,26.0,META,META,-0.49036110342801553
2022-12-26,31.0,META,META,-0.24243634638799225
2023-01-02,26.0,META,META,-0.49036110342801553
2023-01-09,27.0,META,META,-0.44077615202001086
2023-01-16,25.0,META,META,-0.5399460548360202
2023-01-23,27.0,META,META,-0.44077615202001086
2023-01-30,36.0,META,META,0.005488410652031012
2023-02-06,27.0,META,META,-0.44077615202001086
2023-02-13,28.0,META,META,-0.3911912006120062
2023-02-20,29.0,META,META,-0.34160624920400157
2023-02-27,27.0,META,META,-0.44077615202001086
2023-03-06,27.0,META,META,-0.44077615202001086
2023-03-13,31.0,META,META,-0.24243634638799225
2023-03-20,28.0,META,META,-0.3911912006120062
2023-03-27,28.0,META,META,-0.3911912006120062
2023-04-03,26.0,META,META,-0.49036110342801553
2023-04-10,27.0,META,META,-0.44077615202001086
2023-04-17,30.0,META,META,-0.2920212977959969
2023-04-24,29.0,META,META,-0.34160624920400157
2023-05-01,27.0,META,META,-0.44077615202001086
2023-05-08,25.0,META,META,-0.5399460548360202
2023-05-15,26.0,META,META,-0.49036110342801553
2023-05-22,28.0,META,META,-0.3911912006120062
2023-05-29,30.0,META,META,-0.2920212977959969
2023-06-05,31.0,META,META,-0.24243634638799225
2023-06-12,31.0,META,META,-0.24243634638799225
2023-06-19,29.0,META,META,-0.34160624920400157
2023-06-26,29.0,META,META,-0.34160624920400157
2023-07-03,48.0,META,META,0.6005078275480868
2023-07-10,35.0,META,META,-0.04409654075597364
2023-07-17,32.0,META,META,-0.1928513949799876
2023-07-24,34.0,META,META,-0.0936814921639783
2023-07-31,32.0,META,META,-0.1928513949799876
2023-08-07,30.0,META,META,-0.2920212977959969
2023-08-14,29.0,META,META,-0.34160624920400157
2023-08-21,29.0,META,META,-0.34160624920400157
2023-08-28,28.0,META,META,-0.3911912006120062
2023-09-04,27.0,META,META,-0.44077615202001086
2023-09-11,27.0,META,META,-0.44077615202001086
2023-09-18,29.0,META,META,-0.34160624920400157
2023-09-25,35.0,META,META,-0.04409654075597364
2023-10-02,32.0,META,META,-0.1928513949799876
2023-10-09,33.0,META,META,-0.14326644357198295
2023-10-16,34.0,META,META,-0.0936814921639783
2023-10-23,36.0,META,META,0.005488410652031012
2023-10-30,34.0,META,META,-0.0936814921639783
2023-11-06,35.0,META,META,-0.04409654075597364
2023-11-13,37.0,META,META,0.055073362060035665
2023-11-20,37.0,META,META,0.055073362060035665
2023-11-27,35.0,META,META,-0.04409654075597364
2023-12-04,36.0,META,META,0.005488410652031012
2023-12-11,38.0,META,META,0.10465831346804032
2023-12-18,38.0,META,META,0.10465831346804032
2023-12-25,46.0,META,META,0.5013379247320775
2024-01-01,36.0,META,META,0.005488410652031012
2024-01-08,40.0,META,META,0.20382821628404962
2024-01-15,35.0,META,META,-0.04409654075597364
2024-01-22,37.0,META,META,0.055073362060035665
2024-01-29,46.0,META,META,0.5013379247320775
2024-02-05,45.0,META,META,0.4517529733240729
2024-02-12,41.0,META,META,0.2534131676920543
2024-02-19,40.0,META,META,0.20382821628404962
2024-02-26,39.0,META,META,0.15424326487604498
2024-03-04,54.0,META,META,0.8980175359961148
2024-03-11,38.0,META,META,0.10465831346804032
2024-03-18,39.0,META,META,0.15424326487604498
2024-03-25,39.0,META,META,0.15424326487604498
2024-04-01,39.0,META,META,0.15424326487604498
2024-04-08,38.0,META,META,0.10465831346804032
2024-04-15,44.0,META,META,0.4021680219160682
2024-04-22,52.0,META,META,0.7988476331801054
2024-04-29,44.0,META,META,0.4021680219160682
2024-05-06,41.0,META,META,0.2534131676920543
2024-05-13,40.0,META,META,0.20382821628404962
2024-05-20,39.0,META,META,0.15424326487604498
2024-05-27,39.0,META,META,0.15424326487604498
2024-06-03,41.0,META,META,0.2534131676920543
2024-06-10,40.0,META,META,0.20382821628404962
2024-06-17,38.0,META,META,0.10465831346804032
2024-06-24,42.0,META,META,0.3029981191000589
2024-07-01,38.0,META,META,0.10465831346804032
2024-07-08,38.0,META,META,0.10465831346804032
2024-07-15,43.0,META,META,0.3525830705080636
2024-07-22,46.0,META,META,0.5013379247320775
2024-07-29,45.0,META,META,0.4517529733240729
2024-08-05,42.0,META,META,0.3029981191000589
2024-08-12,42.0,META,META,0.3029981191000589
2024-08-19,42.0,META,META,0.3029981191000589
2024-08-26,40.0,META,META,0.20382821628404962
2024-09-02,39.0,META,META,0.15424326487604498
2024-09-09,39.0,META,META,0.15424326487604498
2024-09-16,39.0,META,META,0.15424326487604498
2024-09-23,50.0,META,META,0.6996777303640962
2024-09-30,46.0,META,META,0.5013379247320775
2024-10-07,43.0,META,META,0.3525830705080636
2024-10-14,47.0,META,META,0.5509228761400822
2024-10-21,50.0,META,META,0.6996777303640962
2024-10-28,53.0,META,META,0.8484325845881101
2024-11-04,47.0,META,META,0.5509228761400822
2024-11-11,48.0,META,META,0.6005078275480868
2024-11-18,52.0,META,META,0.7988476331801054
2024-11-25,56.0,META,META,0.997187438812124
2024-12-02,55.0,META,META,0.9476024874041195
2024-12-09,57.0,META,META,1.0467723902201287
2024-12-16,57.0,META,META,1.0467723902201287
2024-12-23,62.0,META,META,1.294697147260152
2024-12-30,52.0,META,META,0.7988476331801054
2025-01-06,61.0,META,META,1.2451121958521474
2025-01-13,57.0,META,META,1.0467723902201287
2025-01-20,60.0,META,META,1.1955272444441427
2025-01-27,58.0,META,META,1.0963573416281334
2025-02-03,50.0,META,META,0.6996777303640962
2025-02-10,54.0,META,META,0.8980175359961148
2025-02-17,50.0,META,META,0.6996777303640962
2025-02-24,50.0,META,META,0.6996777303640962
2025-03-03,47.0,META,META,0.5509228761400822
2025-03-10,48.0,META,META,0.6005078275480868
2025-03-17,50.0,META,META,0.6996777303640962
2025-03-24,54.0,META,META,0.8980175359961148
2025-03-31,68.0,META,META,1.5922068557081799
2025-04-07,58.0,META,META,1.0963573416281334
2025-04-14,55.0,META,META,0.9476024874041195
2025-04-21,53.0,META,META,0.8484325845881101
2025-04-28,54.0,META,META,0.8980175359961148
2025-05-05,53.0,META,META,0.8484325845881101
2025-05-12,58.0,META,META,1.0963573416281334
2025-05-19,54.0,META,META,0.8980175359961148
2025-05-26,66.0,META,META,1.4930369528921705
2025-06-02,54.0,META,META,0.8980175359961148
2025-06-09,55.0,META,META,0.9476024874041195
2025-06-16,56.0,META,META,0.997187438812124
2025-06-23,59.0,META,META,1.145942293036138
2025-06-30,56.0,META,META,0.997187438812124
2025-07-07,55.0,META,META,0.9476024874041195
2025-07-14,56.0,META,META,0.997187438812124
2025-07-21,59.0,META,META,1.145942293036138
2025-07-28,72.0,META,META,1.7905466613401986
2025-08-04,75.0,META,META,1.9393015155642124
2025-08-11,84.0,META,META,2.385566078236254
2025-08-18,84.0,META,META,2.385566078236254
2025-08-25,75.0,META,META,1.9393015155642124
2025-09-01,72.0,META,META,1.7905466613401986
2025-09-08,77.0,META,META,2.038471418380222
2025-09-15,85.0,META,META,2.435151029644259
2025-09-22,87.0,META,META,2.5343209324602682
2025-09-29,87.0,META,META,2.5343209324602682
2025-10-06,80.0,META,META,2.1872262726042355
2025-10-13,79.0,META,META,2.137641321196231
2025-10-20,87.0,META,META,2.5343209324602682
2025-10-27,92.0,META,META,2.7822456895002916
2025-11-03,85.0,META,META,2.435151029644259
2025-11-10,87.0,META,META,2.5343209324602682
2025-11-17,95.0,META,META,2.9310005437243056
2025-11-24,100.0,META,META,3.1789253007643286
2025-12-01,95.0,META,META,2.9310005437243056
2025-12-08,76.0,META,META,1.988886466972217
2025-12-15,73.0,META,META,1.8401316127482032
2025-12-22,70.0,META,META,1.6913767585241892
2020-12-21,0.0,META,Meta earnings,-0.41202135026325565
2020-12-28,0.0,META,Meta earnings,-0.41202135026325565
2021-01-04,0.0,META,Meta earnings,-0.41202135026325565
2021-01-11,0.0,META,Meta earnings,-0.41202135026325565
2021-01-18,0.0,META,Meta earnings,-0.41202135026325565
2021-01-25,0.0,META,Meta earnings,-0.41202135026325565
2021-02-01,0.0,META,Meta earnings,-0.41202135026325565
2021-02-08,0.0,META,Meta earnings,-0.41202135026325565
2021-02-15,0.0,META,Meta earnings,-0.41202135026325565
2021-02-22,0.0,META,Meta earnings,-0.41202135026325565
2021-03-01,0.0,META,Meta earnings,-0.41202135026325565
2021-03-08,0.0,META,Meta earnings,-0.41202135026325565
2021-03-15,0.0,META,Meta earnings,-0.41202135026325565
2021-03-22,0.0,META,Meta earnings,-0.41202135026325565
2021-03-29,0.0,META,Meta earnings,-0.41202135026325565
2021-04-05,0.0,META,Meta earnings,-0.41202135026325565
2021-04-12,0.0,META,Meta earnings,-0.41202135026325565
2021-04-19,0.0,META,Meta earnings,-0.41202135026325565
2021-04-26,0.0,META,Meta earnings,-0.41202135026325565
2021-05-03,1.0,META,Meta earnings,-0.2914072790130065
2021-05-10,0.0,META,Meta earnings,-0.41202135026325565
2021-05-17,0.0,META,Meta earnings,-0.41202135026325565
2021-05-24,0.0,META,Meta earnings,-0.41202135026325565
2021-05-31,0.0,META,Meta earnings,-0.41202135026325565
2021-06-07,0.0,META,Meta earnings,-0.41202135026325565
2021-06-14,0.0,META,Meta earnings,-0.41202135026325565
2021-06-21,0.0,META,Meta earnings,-0.41202135026325565
2021-06-28,0.0,META,Meta earnings,-0.41202135026325565
2021-07-05,0.0,META,Meta earnings,-0.41202135026325565
2021-07-12,0.0,META,Meta earnings,-0.41202135026325565
2021-07-19,0.0,META,Meta earnings,-0.41202135026325565
2021-07-26,0.0,META,Meta earnings,-0.41202135026325565
2021-08-02,0.0,META,Meta earnings,-0.41202135026325565
2021-08-09,1.0,META,Meta earnings,-0.2914072790130065
2021-08-16,0.0,META,Meta earnings,-0.41202135026325565
2021-08-23,0.0,META,Meta earnings,-0.41202135026325565
2021-08-30,0.0,META,Meta earnings,-0.41202135026325565
2021-09-06,0.0,META,Meta earnings,-0.41202135026325565
2021-09-13,0.0,META,Meta earnings,-0.41202135026325565
2021-09-20,0.0,META,Meta earnings,-0.41202135026325565
2021-09-27,0.0,META,Meta earnings,-0.41202135026325565
2021-10-04,0.0,META,Meta earnings,-0.41202135026325565
2021-10-11,0.0,META,Meta earnings,-0.41202135026325565
2021-10-18,0.0,META,Meta earnings,-0.41202135026325565
2021-10-25,1.0,META,Meta earnings,-0.2914072790130065
2021-11-01,1.0,META,Meta earnings,-0.2914072790130065
2021-11-08,1.0,META,Meta earnings,-0.2914072790130065
2021-11-15,0.0,META,Meta earnings,-0.41202135026325565
2021-11-22,0.0,META,Meta earnings,-0.41202135026325565
2021-11-29,0.0,META,Meta earnings,-0.41202135026325565
2021-12-06,0.0,META,Meta earnings,-0.41202135026325565
2021-12-13,0.0,META,Meta earnings,-0.41202135026325565
2021-12-20,0.0,META,Meta earnings,-0.41202135026325565
2021-12-27,0.0,META,Meta earnings,-0.41202135026325565
2022-01-03,1.0,META,Meta earnings,-0.2914072790130065
2022-01-10,0.0,META,Meta earnings,-0.41202135026325565
2022-01-17,1.0,META,Meta earnings,-0.2914072790130065
2022-01-24,1.0,META,Meta earnings,-0.2914072790130065
2022-01-31,7.0,META,Meta earnings,0.4322771484884883
2022-02-07,1.0,META,Meta earnings,-0.2914072790130065
2022-02-14,1.0,META,Meta earnings,-0.2914072790130065
2022-02-21,1.0,META,Meta earnings,-0.2914072790130065
2022-02-28,1.0,META,Meta earnings,-0.2914072790130065
2022-03-07,1.0,META,Meta earnings,-0.2914072790130065
2022-03-14,1.0,META,Meta earnings,-0.2914072790130065
2022-03-21,1.0,META,Meta earnings,-0.2914072790130065
2022-03-28,1.0,META,Meta earnings,-0.2914072790130065
2022-04-04,1.0,META,Meta earnings,-0.2914072790130065
2022-04-11,1.0,META,Meta earnings,-0.2914072790130065
2022-04-18,3.0,META,Meta earnings,-0.05017913651250825
2022-04-25,9.0,META,Meta earnings,0.6735052909889865
2022-05-02,1.0,META,Meta earnings,-0.2914072790130065
2022-05-09,1.0,META,Meta earnings,-0.2914072790130065
2022-05-16,1.0,META,Meta earnings,-0.2914072790130065
2022-05-23,1.0,META,Meta earnings,-0.2914072790130065
2022-05-30,1.0,META,Meta earnings,-0.2914072790130065
2022-06-06,1.0,META,Meta earnings,-0.2914072790130065
2022-06-13,1.0,META,Meta earnings,-0.2914072790130065
2022-06-20,1.0,META,Meta earnings,-0.2914072790130065
2022-06-27,1.0,META,Meta earnings,-0.2914072790130065
2022-07-04,1.0,META,Meta earnings,-0.2914072790130065
2022-07-11,1.0,META,Meta earnings,-0.2914072790130065
2022-07-18,4.0,META,Meta earnings,0.07043493473774089
2022-07-25,14.0,META,Meta earnings,1.276575647240232
2022-08-01,1.0,META,Meta earnings,-0.2914072790130065
2022-08-08,1.0,META,Meta earnings,-0.2914072790130065
2022-08-15,1.0,META,Meta earnings,-0.2914072790130065
2022-08-22,1.0,META,Meta earnings,-0.2914072790130065
2022-08-29,1.0,META,Meta earnings,-0.2914072790130065
2022-09-05,1.0,META,Meta earnings,-0.2914072790130065
2022-09-12,1.0,META,Meta earnings,-0.2914072790130065
2022-09-19,1.0,META,Meta earnings,-0.2914072790130065
2022-09-26,1.0,META,Meta earnings,-0.2914072790130065
2022-10-03,1.0,META,Meta earnings,-0.2914072790130065
2022-10-10,1.0,META,Meta earnings,-0.2914072790130065
2022-10-17,3.0,META,Meta earnings,-0.05017913651250825
2022-10-24,20.0,META,Meta earnings,2.0002600747417274
2022-10-31,2.0,META,Meta earnings,-0.1707932077627574
2022-11-07,2.0,META,Meta earnings,-0.1707932077627574
2022-11-14,1.0,META,Meta earnings,-0.2914072790130065
2022-11-21,1.0,META,Meta earnings,-0.2914072790130065
2022-11-28,1.0,META,Meta earnings,-0.2914072790130065
2022-12-05,1.0,META,Meta earnings,-0.2914072790130065
2022-12-12,1.0,META,Meta earnings,-0.2914072790130065
2022-12-19,1.0,META,Meta earnings,-0.2914072790130065
2022-12-26,1.0,META,Meta earnings,-0.2914072790130065
2023-01-02,1.0,META,Meta earnings,-0.2914072790130065
2023-01-09,1.0,META,Meta earnings,-0.2914072790130065
2023-01-16,1.0,META,Meta earnings,-0.2914072790130065
2023-01-23,3.0,META,Meta earnings,-0.05017913651250825
2023-01-30,17.0,META,Meta earnings,1.6384178609909796
2023-02-06,1.0,META,Meta earnings,-0.2914072790130065
2023-02-13,1.0,META,Meta earnings,-0.2914072790130065
2023-02-20,1.0,META,Meta earnings,-0.2914072790130065
2023-02-27,1.0,META,Meta earnings,-0.2914072790130065
2023-03-06,1.0,META,Meta earnings,-0.2914072790130065
2023-03-13,1.0,META,Meta earnings,-0.2914072790130065
2023-03-20,1.0,META,Meta earnings,-0.2914072790130065
2023-03-27,1.0,META,Meta earnings,-0.2914072790130065
2023-04-03,1.0,META,Meta earnings,-0.2914072790130065
2023-04-10,1.0,META,Meta earnings,-0.2914072790130065
2023-04-17,2.0,META,Meta earnings,-0.1707932077627574
2023-04-24,13.0,META,Meta earnings,1.155961575989983
2023-05-01,1.0,META,Meta earnings,-0.2914072790130065
2023-05-08,1.0,META,Meta earnings,-0.2914072790130065
2023-05-15,1.0,META,Meta earnings,-0.2914072790130065
2023-05-22,1.0,META,Meta earnings,-0.2914072790130065
2023-05-29,1.0,META,Meta earnings,-0.2914072790130065
2023-06-05,1.0,META,Meta earnings,-0.2914072790130065
2023-06-12,1.0,META,Meta earnings,-0.2914072790130065
2023-06-19,1.0,META,Meta earnings,-0.2914072790130065
2023-06-26,1.0,META,Meta earnings,-0.2914072790130065
2023-07-03,1.0,META,Meta earnings,-0.2914072790130065
2023-07-10,2.0,META,Meta earnings,-0.1707932077627574
2023-07-17,3.0,META,Meta earnings,-0.05017913651250825
2023-07-24,12.0,META,Meta earnings,1.0353475047397338
2023-07-31,2.0,META,Meta earnings,-0.1707932077627574
2023-08-07,1.0,META,Meta earnings,-0.2914072790130065
2023-08-14,1.0,META,Meta earnings,-0.2914072790130065
2023-08-21,1.0,META,Meta earnings,-0.2914072790130065
2023-08-28,1.0,META,Meta earnings,-0.2914072790130065
2023-09-04,1.0,META,Meta earnings,-0.2914072790130065
2023-09-11,1.0,META,Meta earnings,-0.2914072790130065
2023-09-18,1.0,META,Meta earnings,-0.2914072790130065
2023-09-25,1.0,META,Meta earnings,-0.2914072790130065
2023-10-02,1.0,META,Meta earnings,-0.2914072790130065
2023-10-09,1.0,META,Meta earnings,-0.2914072790130065
2023-10-16,2.0,META,Meta earnings,-0.1707932077627574
2023-10-23,11.0,META,Meta earnings,0.9147334334894848
2023-10-30,1.0,META,Meta earnings,-0.2914072790130065
2023-11-06,1.0,META,Meta earnings,-0.2914072790130065
2023-11-13,1.0,META,Meta earnings,-0.2914072790130065
2023-11-20,1.0,META,Meta earnings,-0.2914072790130065
2023-11-27,1.0,META,Meta earnings,-0.2914072790130065
2023-12-04,1.0,META,Meta earnings,-0.2914072790130065
2023-12-11,1.0,META,Meta earnings,-0.2914072790130065
2023-12-18,1.0,META,Meta earnings,-0.2914072790130065
2023-12-25,1.0,META,Meta earnings,-0.2914072790130065
2024-01-01,1.0,META,Meta earnings,-0.2914072790130065
2024-01-08,1.0,META,Meta earnings,-0.2914072790130065
2024-01-15,1.0,META,Meta earnings,-0.2914072790130065
2024-01-22,3.0,META,Meta earnings,-0.05017913651250825
2024-01-29,17.0,META,Meta earnings,1.6384178609909796
2024-02-05,3.0,META,Meta earnings,-0.05017913651250825
2024-02-12,1.0,META,Meta earnings,-0.2914072790130065
2024-02-19,2.0,META,Meta earnings,-0.1707932077627574
2024-02-26,1.0,META,Meta earnings,-0.2914072790130065
2024-03-04,1.0,META,Meta earnings,-0.2914072790130065
2024-03-11,1.0,META,Meta earnings,-0.2914072790130065
2024-03-18,1.0,META,Meta earnings,-0.2914072790130065
2024-03-25,1.0,META,Meta earnings,-0.2914072790130065
2024-04-01,1.0,META,Meta earnings,-0.2914072790130065
2024-04-08,1.0,META,Meta earnings,-0.2914072790130065
2024-04-15,3.0,META,Meta earnings,-0.05017913651250825
2024-04-22,19.0,META,Meta earnings,1.879646003491478
2024-04-29,2.0,META,Meta earnings,-0.1707932077627574
2024-05-06,1.0,META,Meta earnings,-0.2914072790130065
2024-05-13,1.0,META,Meta earnings,-0.2914072790130065
2024-05-20,1.0,META,Meta earnings,-0.2914072790130065
2024-05-27,1.0,META,Meta earnings,-0.2914072790130065
2024-06-03,1.0,META,Meta earnings,-0.2914072790130065
2024-06-10,1.0,META,Meta earnings,-0.2914072790130065
2024-06-17,1.0,META,Meta earnings,-0.2914072790130065
2024-06-24,1.0,META,Meta earnings,-0.2914072790130065
2024-07-01,1.0,META,Meta earnings,-0.2914072790130065
2024-07-08,2.0,META,Meta earnings,-0.1707932077627574
2024-07-15,2.0,META,Meta earnings,-0.1707932077627574
2024-07-22,4.0,META,Meta earnings,0.07043493473774089
2024-07-29,15.0,META,Meta earnings,1.3971897184904813
2024-08-05,1.0,META,Meta earnings,-0.2914072790130065
2024-08-12,1.0,META,Meta earnings,-0.2914072790130065
2024-08-19,1.0,META,Meta earnings,-0.2914072790130065
2024-08-26,1.0,META,Meta earnings,-0.2914072790130065
2024-09-02,1.0,META,Meta earnings,-0.2914072790130065
2024-09-09,1.0,META,Meta earnings,-0.2914072790130065
2024-09-16,1.0,META,Meta earnings,-0.2914072790130065
2024-09-23,1.0,META,Meta earnings,-0.2914072790130065
2024-09-30,1.0,META,Meta earnings,-0.2914072790130065
2024-10-07,1.0,META,Meta earnings,-0.2914072790130065
2024-10-14,2.0,META,Meta earnings,-0.1707932077627574
2024-10-21,3.0,META,Meta earnings,-0.05017913651250825
2024-10-28,17.0,META,Meta earnings,1.6384178609909796
2024-11-04,1.0,META,Meta earnings,-0.2914072790130065
2024-11-11,1.0,META,Meta earnings,-0.2914072790130065
2024-11-18,1.0,META,Meta earnings,-0.2914072790130065
2024-11-25,1.0,META,Meta earnings,-0.2914072790130065
2024-12-02,1.0,META,Meta earnings,-0.2914072790130065
2024-12-09,1.0,META,Meta earnings,-0.2914072790130065
2024-12-16,1.0,META,Meta earnings,-0.2914072790130065
2024-12-23,1.0,META,Meta earnings,-0.2914072790130065
2024-12-30,1.0,META,Meta earnings,-0.2914072790130065
2025-01-06,1.0,META,Meta earnings,-0.2914072790130065
2025-01-13,2.0,META,Meta earnings,-0.1707932077627574
2025-01-20,3.0,META,Meta earnings,-0.05017913651250825
2025-01-27,22.0,META,Meta earnings,2.2414882172422255
2025-02-03,3.0,META,Meta earnings,-0.05017913651250825
2025-02-10,1.0,META,Meta earnings,-0.2914072790130065
2025-02-17,1.0,META,Meta earnings,-0.2914072790130065
2025-02-24,1.0,META,Meta earnings,-0.2914072790130065
2025-03-03,1.0,META,Meta earnings,-0.2914072790130065
2025-03-10,1.0,META,Meta earnings,-0.2914072790130065
2025-03-17,1.0,META,Meta earnings,-0.2914072790130065
2025-03-24,1.0,META,Meta earnings,-0.2914072790130065
2025-03-31,1.0,META,Meta earnings,-0.2914072790130065
2025-04-07,1.0,META,Meta earnings,-0.2914072790130065
2025-04-14,1.0,META,Meta earnings,-0.2914072790130065
2025-04-21,4.0,META,Meta earnings,0.07043493473774089
2025-04-28,13.0,META,Meta earnings,1.155961575989983
2025-05-05,2.0,META,Meta earnings,-0.1707932077627574
2025-05-12,1.0,META,Meta earnings,-0.2914072790130065
2025-05-19,1.0,META,Meta earnings,-0.2914072790130065
2025-05-26,1.0,META,Meta earnings,-0.2914072790130065
2025-06-02,1.0,META,Meta earnings,-0.2914072790130065
2025-06-09,1.0,META,Meta earnings,-0.2914072790130065
2025-06-16,1.0,META,Meta earnings,-0.2914072790130065
2025-06-23,1.0,META,Meta earnings,-0.2914072790130065
2025-06-30,1.0,META,Meta earnings,-0.2914072790130065
2025-07-07,2.0,META,Meta earnings,-0.1707932077627574
2025-07-14,3.0,META,Meta earnings,-0.05017913651250825
2025-07-21,8.0,META,Meta earnings,0.5528912197387373
2025-07-28,32.0,META,Meta earnings,3.4476289297447167
2025-08-04,21.0,META,Meta earnings,2.1208741459919764
2025-08-11,26.0,META,Meta earnings,2.723944502243222
2025-08-18,21.0,META,Meta earnings,2.1208741459919764
2025-08-25,18.0,META,Meta earnings,1.7590319322412287
2025-09-01,14.0,META,Meta earnings,1.276575647240232
2025-09-08,13.0,META,Meta earnings,1.155961575989983
2025-09-15,13.0,META,Meta earnings,1.155961575989983
2025-09-22,18.0,META,Meta earnings,1.7590319322412287
2025-09-29,20.0,META,Meta earnings,2.0002600747417274
2025-10-06,17.0,META,Meta earnings,1.6384178609909796
2025-10-13,16.0,META,Meta earnings,1.5178037897407304
2025-10-20,26.0,META,Meta earnings,2.723944502243222
2025-10-27,100.0,META,Meta earnings,11.649385774761656
2025-11-03,29.0,META,Meta earnings,3.0857867159939696
2025-11-10,18.0,META,Meta earnings,1.7590319322412287
2025-11-17,20.0,META,Meta earnings,2.0002600747417274
2025-11-24,15.0,META,Meta earnings,1.3971897184904813
2025-12-01,13.0,META,Meta earnings,1.155961575989983
2025-12-08,5.0,META,Meta earnings,0.19104900598799002
2025-12-15,3.0,META,Meta earnings,-0.05017913651250825
2025-12-22,3.0,META,Meta earnings,-0.05017913651250825
2020-12-21,0.0,META,Meta earnings date,-0.4824850286238411
2020-12-28,0.0,META,Meta earnings date,-0.4824850286238411
2021-01-04,0.0,META,Meta earnings date,-0.4824850286238411
2021-01-11,0.0,META,Meta earnings date,-0.4824850286238411
2021-01-18,0.0,META,Meta earnings date,-0.4824850286238411
2021-01-25,0.0,META,Meta earnings date,-0.4824850286238411
2021-02-01,0.0,META,Meta earnings date,-0.4824850286238411
2021-02-08,0.0,META,Meta earnings date,-0.4824850286238411
2021-02-15,0.0,META,Meta earnings date,-0.4824850286238411
2021-02-22,0.0,META,Meta earnings date,-0.4824850286238411
2021-03-01,0.0,META,Meta earnings date,-0.4824850286238411
2021-03-08,0.0,META,Meta earnings date,-0.4824850286238411
2021-03-15,0.0,META,Meta earnings date,-0.4824850286238411
2021-03-22,0.0,META,Meta earnings date,-0.4824850286238411
2021-03-29,0.0,META,Meta earnings date,-0.4824850286238411
2021-04-05,0.0,META,Meta earnings date,-0.4824850286238411
2021-04-12,0.0,META,Meta earnings date,-0.4824850286238411
2021-04-19,0.0,META,Meta earnings date,-0.4824850286238411
2021-04-26,0.0,META,Meta earnings date,-0.4824850286238411
2021-05-03,0.0,META,Meta earnings date,-0.4824850286238411
2021-05-10,0.0,META,Meta earnings date,-0.4824850286238411
2021-05-17,0.0,META,Meta earnings date,-0.4824850286238411
2021-05-24,0.0,META,Meta earnings date,-0.4824850286238411
2021-05-31,0.0,META,Meta earnings date,-0.4824850286238411
2021-06-07,0.0,META,Meta earnings date,-0.4824850286238411
2021-06-14,0.0,META,Meta earnings date,-0.4824850286238411
2021-06-21,0.0,META,Meta earnings date,-0.4824850286238411
2021-06-28,0.0,META,Meta earnings date,-0.4824850286238411
2021-07-05,0.0,META,Meta earnings date,-0.4824850286238411
2021-07-12,0.0,META,Meta earnings date,-0.4824850286238411
2021-07-19,0.0,META,Meta earnings date,-0.4824850286238411
2021-07-26,0.0,META,Meta earnings date,-0.4824850286238411
2021-08-02,0.0,META,Meta earnings date,-0.4824850286238411
2021-08-09,0.0,META,Meta earnings date,-0.4824850286238411
2021-08-16,0.0,META,Meta earnings date,-0.4824850286238411
2021-08-23,0.0,META,Meta earnings date,-0.4824850286238411
2021-08-30,0.0,META,Meta earnings date,-0.4824850286238411
2021-09-06,0.0,META,Meta earnings date,-0.4824850286238411
2021-09-13,0.0,META,Meta earnings date,-0.4824850286238411
2021-09-20,0.0,META,Meta earnings date,-0.4824850286238411
2021-09-27,0.0,META,Meta earnings date,-0.4824850286238411
2021-10-04,0.0,META,Meta earnings date,-0.4824850286238411
2021-10-11,0.0,META,Meta earnings date,-0.4824850286238411
2021-10-18,0.0,META,Meta earnings date,-0.4824850286238411
2021-10-25,0.0,META,Meta earnings date,-0.4824850286238411
2021-11-01,0.0,META,Meta earnings date,-0.4824850286238411
2021-11-08,0.0,META,Meta earnings date,-0.4824850286238411
2021-11-15,0.0,META,Meta earnings date,-0.4824850286238411
2021-11-22,0.0,META,Meta earnings date,-0.4824850286238411
2021-11-29,0.0,META,Meta earnings date,-0.4824850286238411
2021-12-06,0.0,META,Meta earnings date,-0.4824850286238411
2021-12-13,0.0,META,Meta earnings date,-0.4824850286238411
2021-12-20,0.0,META,Meta earnings date,-0.4824850286238411
2021-12-27,0.0,META,Meta earnings date,-0.4824850286238411
2022-01-03,0.0,META,Meta earnings date,-0.4824850286238411
2022-01-10,0.0,META,Meta earnings date,-0.4824850286238411
2022-01-17,1.0,META,Meta earnings date,-0.38183926628351755
2022-01-24,1.0,META,Meta earnings date,-0.38183926628351755
2022-01-31,5.0,META,Meta earnings date,0.02074378307777656
2022-02-07,2.0,META,Meta earnings date,-0.28119350394319403
2022-02-14,1.0,META,Meta earnings date,-0.38183926628351755
2022-02-21,0.0,META,Meta earnings date,-0.4824850286238411
2022-02-28,0.0,META,Meta earnings date,-0.4824850286238411
2022-03-07,0.0,META,Meta earnings date,-0.4824850286238411
2022-03-14,0.0,META,Meta earnings date,-0.4824850286238411
2022-03-21,1.0,META,Meta earnings date,-0.38183926628351755
2022-03-28,1.0,META,Meta earnings date,-0.38183926628351755
2022-04-04,1.0,META,Meta earnings date,-0.38183926628351755
2022-04-11,1.0,META,Meta earnings date,-0.38183926628351755
2022-04-18,6.0,META,Meta earnings date,0.12138954541810008
2022-04-25,8.0,META,Meta earnings date,0.32268107009874714
2022-05-02,0.0,META,Meta earnings date,-0.4824850286238411
2022-05-09,0.0,META,Meta earnings date,-0.4824850286238411
2022-05-16,0.0,META,Meta earnings date,-0.4824850286238411
2022-05-23,0.0,META,Meta earnings date,-0.4824850286238411
2022-05-30,0.0,META,Meta earnings date,-0.4824850286238411
2022-06-06,1.0,META,Meta earnings date,-0.38183926628351755
2022-06-13,0.0,META,Meta earnings date,-0.4824850286238411
2022-06-20,1.0,META,Meta earnings date,-0.38183926628351755
2022-06-27,2.0,META,Meta earnings date,-0.28119350394319403
2022-07-04,3.0,META,Meta earnings date,-0.1805477416028705
2022-07-11,3.0,META,Meta earnings date,-0.1805477416028705
2022-07-18,12.0,META,Meta earnings date,0.7252641194600412
2022-07-25,15.0,META,Meta earnings date,1.0272014064810118
2022-08-01,2.0,META,Meta earnings date,-0.28119350394319403
2022-08-08,1.0,META,Meta earnings date,-0.38183926628351755
2022-08-15,1.0,META,Meta earnings date,-0.38183926628351755
2022-08-22,0.0,META,Meta earnings date,-0.4824850286238411
2022-08-29,0.0,META,Meta earnings date,-0.4824850286238411
2022-09-05,0.0,META,Meta earnings date,-0.4824850286238411
2022-09-12,1.0,META,Meta earnings date,-0.38183926628351755
2022-09-19,1.0,META,Meta earnings date,-0.38183926628351755
2022-09-26,2.0,META,Meta earnings date,-0.28119350394319403
2022-10-03,2.0,META,Meta earnings date,-0.28119350394319403
2022-10-10,2.0,META,Meta earnings date,-0.28119350394319403
2022-10-17,8.0,META,Meta earnings date,0.32268107009874714
2022-10-24,18.0,META,Meta earnings date,1.3291386935019824
2022-10-31,2.0,META,Meta earnings date,-0.28119350394319403
2022-11-07,2.0,META,Meta earnings date,-0.28119350394319403
2022-11-14,1.0,META,Meta earnings date,-0.38183926628351755
2022-11-21,0.0,META,Meta earnings date,-0.4824850286238411
2022-11-28,0.0,META,Meta earnings date,-0.4824850286238411
2022-12-05,0.0,META,Meta earnings date,-0.4824850286238411
2022-12-12,1.0,META,Meta earnings date,-0.38183926628351755
2022-12-19,0.0,META,Meta earnings date,-0.4824850286238411
2022-12-26,1.0,META,Meta earnings date,-0.38183926628351755
2023-01-02,1.0,META,Meta earnings date,-0.38183926628351755
2023-01-09,3.0,META,Meta earnings date,-0.1805477416028705
2023-01-16,4.0,META,Meta earnings date,-0.07990197926254697
2023-01-23,8.0,META,Meta earnings date,0.32268107009874714
2023-01-30,18.0,META,Meta earnings date,1.3291386935019824
2023-02-06,1.0,META,Meta earnings date,-0.38183926628351755
2023-02-13,1.0,META,Meta earnings date,-0.38183926628351755
2023-02-20,1.0,META,Meta earnings date,-0.38183926628351755
2023-02-27,0.0,META,Meta earnings date,-0.4824850286238411
2023-03-06,1.0,META,Meta earnings date,-0.38183926628351755
2023-03-13,2.0,META,Meta earnings date,-0.28119350394319403
2023-03-20,1.0,META,Meta earnings date,-0.38183926628351755
2023-03-27,2.0,META,Meta earnings date,-0.28119350394319403
2023-04-03,2.0,META,Meta earnings date,-0.28119350394319403
2023-04-10,3.0,META,Meta earnings date,-0.1805477416028705
2023-04-17,7.0,META,Meta earnings date,0.22203530775842362
2023-04-24,15.0,META,Meta earnings date,1.0272014064810118
2023-05-01,2.0,META,Meta earnings date,-0.28119350394319403
2023-05-08,1.0,META,Meta earnings date,-0.38183926628351755
2023-05-15,1.0,META,Meta earnings date,-0.38183926628351755
2023-05-22,2.0,META,Meta earnings date,-0.28119350394319403
2023-05-29,1.0,META,Meta earnings date,-0.38183926628351755
2023-06-05,1.0,META,Meta earnings date,-0.38183926628351755
2023-06-12,2.0,META,Meta earnings date,-0.28119350394319403
2023-06-19,1.0,META,Meta earnings date,-0.38183926628351755
2023-06-26,2.0,META,Meta earnings date,-0.28119350394319403
2023-07-03,3.0,META,Meta earnings date,-0.1805477416028705
2023-07-10,6.0,META,Meta earnings date,0.12138954541810008
2023-07-17,10.0,META,Meta earnings date,0.5239725947793942
2023-07-24,16.0,META,Meta earnings date,1.1278471688213354
2023-07-31,3.0,META,Meta earnings date,-0.1805477416028705
2023-08-07,1.0,META,Meta earnings date,-0.38183926628351755
2023-08-14,1.0,META,Meta earnings date,-0.38183926628351755
2023-08-21,1.0,META,Meta earnings date,-0.38183926628351755
2023-08-28,0.0,META,Meta earnings date,-0.4824850286238411
2023-09-04,0.0,META,Meta earnings date,-0.4824850286238411
2023-09-11,1.0,META,Meta earnings date,-0.38183926628351755
2023-09-18,1.0,META,Meta earnings date,-0.38183926628351755
2023-09-25,1.0,META,Meta earnings date,-0.38183926628351755
2023-10-02,2.0,META,Meta earnings date,-0.28119350394319403
2023-10-09,3.0,META,Meta earnings date,-0.1805477416028705
2023-10-16,6.0,META,Meta earnings date,0.12138954541810008
2023-10-23,13.0,META,Meta earnings date,0.8259098818003647
2023-10-30,2.0,META,Meta earnings date,-0.28119350394319403
2023-11-06,0.0,META,Meta earnings date,-0.4824850286238411
2023-11-13,0.0,META,Meta earnings date,-0.4824850286238411
2023-11-20,0.0,META,Meta earnings date,-0.4824850286238411
2023-11-27,0.0,META,Meta earnings date,-0.4824850286238411
2023-12-04,0.0,META,Meta earnings date,-0.4824850286238411
2023-12-11,1.0,META,Meta earnings date,-0.38183926628351755
2023-12-18,0.0,META,Meta earnings date,-0.4824850286238411
2023-12-25,0.0,META,Meta earnings date,-0.4824850286238411
2024-01-01,1.0,META,Meta earnings date,-0.38183926628351755
2024-01-08,3.0,META,Meta earnings date,-0.1805477416028705
2024-01-15,4.0,META,Meta earnings date,-0.07990197926254697
2024-01-22,10.0,META,Meta earnings date,0.5239725947793942
2024-01-29,24.0,META,Meta earnings date,1.9330132675439236
2024-02-05,4.0,META,Meta earnings date,-0.07990197926254697
2024-02-12,2.0,META,Meta earnings date,-0.28119350394319403
2024-02-19,2.0,META,Meta earnings date,-0.28119350394319403
2024-02-26,2.0,META,Meta earnings date,-0.28119350394319403
2024-03-04,1.0,META,Meta earnings date,-0.38183926628351755
2024-03-11,2.0,META,Meta earnings date,-0.28119350394319403
2024-03-18,2.0,META,Meta earnings date,-0.28119350394319403
2024-03-25,3.0,META,Meta earnings date,-0.1805477416028705
2024-04-01,4.0,META,Meta earnings date,-0.07990197926254697
2024-04-08,4.0,META,Meta earnings date,-0.07990197926254697
2024-04-15,8.0,META,Meta earnings date,0.32268107009874714
2024-04-22,25.0,META,Meta earnings date,2.033659029884247
2024-04-29,4.0,META,Meta earnings date,-0.07990197926254697
2024-05-06,2.0,META,Meta earnings date,-0.28119350394319403
2024-05-13,2.0,META,Meta earnings date,-0.28119350394319403
2024-05-20,2.0,META,Meta earnings date,-0.28119350394319403
2024-05-27,2.0,META,Meta earnings date,-0.28119350394319403
2024-06-03,1.0,META,Meta earnings date,-0.38183926628351755
2024-06-10,3.0,META,Meta earnings date,-0.1805477416028705
2024-06-17,2.0,META,Meta earnings date,-0.28119350394319403
2024-06-24,3.0,META,Meta earnings date,-0.1805477416028705
2024-07-01,5.0,META,Meta earnings date,0.02074378307777656
2024-07-08,8.0,META,Meta earnings date,0.32268107009874714
2024-07-15,9.0,META,Meta earnings date,0.42332683243907065
2024-07-22,14.0,META,Meta earnings date,0.9265556441406884
2024-07-29,20.0,META,Meta earnings date,1.5304302181826295
2024-08-05,2.0,META,Meta earnings date,-0.28119350394319403
2024-08-12,2.0,META,Meta earnings date,-0.28119350394319403
2024-08-19,2.0,META,Meta earnings date,-0.28119350394319403
2024-08-26,2.0,META,Meta earnings date,-0.28119350394319403
2024-09-02,1.0,META,Meta earnings date,-0.38183926628351755
2024-09-09,1.0,META,Meta earnings date,-0.38183926628351755
2024-09-16,2.0,META,Meta earnings date,-0.28119350394319403
2024-09-23,2.0,META,Meta earnings date,-0.28119350394319403
2024-09-30,3.0,META,Meta earnings date,-0.1805477416028705
2024-10-07,3.0,META,Meta earnings date,-0.1805477416028705
2024-10-14,6.0,META,Meta earnings date,0.12138954541810008
2024-10-21,11.0,META,Meta earnings date,0.6246183571197177
2024-10-28,24.0,META,Meta earnings date,1.9330132675439236
2024-11-04,2.0,META,Meta earnings date,-0.28119350394319403
2024-11-11,2.0,META,Meta earnings date,-0.28119350394319403
2024-11-18,2.0,META,Meta earnings date,-0.28119350394319403
2024-11-25,1.0,META,Meta earnings date,-0.38183926628351755
2024-12-02,1.0,META,Meta earnings date,-0.38183926628351755
2024-12-09,1.0,META,Meta earnings date,-0.38183926628351755
2024-12-16,1.0,META,Meta earnings date,-0.38183926628351755
2024-12-23,0.0,META,Meta earnings date,-0.4824850286238411
2024-12-30,2.0,META,Meta earnings date,-0.28119350394319403
2025-01-06,3.0,META,Meta earnings date,-0.1805477416028705
2025-01-13,5.0,META,Meta earnings date,0.02074378307777656
2025-01-20,13.0,META,Meta earnings date,0.8259098818003647
2025-01-27,26.0,META,Meta earnings date,2.1343047922245706
2025-02-03,6.0,META,Meta earnings date,0.12138954541810008
2025-02-10,3.0,META,Meta earnings date,-0.1805477416028705
2025-02-17,3.0,META,Meta earnings date,-0.1805477416028705
2025-02-24,2.0,META,Meta earnings date,-0.28119350394319403
2025-03-03,1.0,META,Meta earnings date,-0.38183926628351755
2025-03-10,1.0,META,Meta earnings date,-0.38183926628351755
2025-03-17,1.0,META,Meta earnings date,-0.38183926628351755
2025-03-24,1.0,META,Meta earnings date,-0.38183926628351755
2025-03-31,2.0,META,Meta earnings date,-0.28119350394319403
2025-04-07,3.0,META,Meta earnings date,-0.1805477416028705
2025-04-14,5.0,META,Meta earnings date,0.02074378307777656
2025-04-21,12.0,META,Meta earnings date,0.7252641194600412
2025-04-28,19.0,META,Meta earnings date,1.4297844558423058
2025-05-05,2.0,META,Meta earnings date,-0.28119350394319403
2025-05-12,1.0,META,Meta earnings date,-0.38183926628351755
2025-05-19,1.0,META,Meta earnings date,-0.38183926628351755
2025-05-26,0.0,META,Meta earnings date,-0.4824850286238411
2025-06-02,1.0,META,Meta earnings date,-0.38183926628351755
2025-06-09,0.0,META,Meta earnings date,-0.4824850286238411
2025-06-16,1.0,META,Meta earnings date,-0.38183926628351755
2025-06-23,2.0,META,Meta earnings date,-0.28119350394319403
2025-06-30,3.0,META,Meta earnings date,-0.1805477416028705
2025-07-07,3.0,META,Meta earnings date,-0.1805477416028705
2025-07-14,8.0,META,Meta earnings date,0.32268107009874714
2025-07-21,18.0,META,Meta earnings date,1.3291386935019824
2025-07-28,47.0,META,Meta earnings date,4.247865801371365
2025-08-04,32.0,META,Meta earnings date,2.738179366266512
2025-08-11,37.0,META,Meta earnings date,3.2414081779681294
2025-08-18,28.0,META,Meta earnings date,2.335596316905218
2025-08-25,27.0,META,Meta earnings date,2.234950554564894
2025-09-01,20.0,META,Meta earnings date,1.5304302181826295
2025-09-08,21.0,META,Meta earnings date,1.631075980522953
2025-09-15,18.0,META,Meta earnings date,1.3291386935019824
2025-09-22,22.0,META,Meta earnings date,1.7317217428632765
2025-09-29,27.0,META,Meta earnings date,2.234950554564894
2025-10-06,27.0,META,Meta earnings date,2.234950554564894
2025-10-13,30.0,META,Meta earnings date,2.5368878415858647
2025-10-20,47.0,META,Meta earnings date,4.247865801371365
2025-10-27,100.0,META,Meta earnings date,9.582091205408512
2025-11-03,31.0,META,Meta earnings date,2.637533603926188
2025-11-10,21.0,META,Meta earnings date,1.631075980522953
2025-11-17,21.0,META,Meta earnings date,1.631075980522953
2025-11-24,12.0,META,Meta earnings date,0.7252641194600412
2025-12-01,14.0,META,Meta earnings date,0.9265556441406884
2025-12-08,6.0,META,Meta earnings date,0.12138954541810008
2025-12-15,3.0,META,Meta earnings date,-0.1805477416028705
2025-12-22,4.0,META,Meta earnings date,-0.07990197926254697
2020-12-21,1.0,META,Meta stock,-1.0610305926885508
2020-12-28,1.0,META,Meta stock,-1.0610305926885508
2021-01-04,1.0,META,Meta stock,-1.0610305926885508
2021-01-11,1.0,META,Meta stock,-1.0610305926885508
2021-01-18,1.0,META,Meta stock,-1.0610305926885508
2021-01-25,1.0,META,Meta stock,-1.0610305926885508
2021-02-01,1.0,META,Meta stock,-1.0610305926885508
2021-02-08,1.0,META,Meta stock,-1.0610305926885508
2021-02-15,1.0,META,Meta stock,-1.0610305926885508
2021-02-22,1.0,META,Meta stock,-1.0610305926885508
2021-03-01,1.0,META,Meta stock,-1.0610305926885508
2021-03-08,1.0,META,Meta stock,-1.0610305926885508
2021-03-15,1.0,META,Meta stock,-1.0610305926885508
2021-03-22,1.0,META,Meta stock,-1.0610305926885508
2021-03-29,1.0,META,Meta stock,-1.0610305926885508
2021-04-05,1.0,META,Meta stock,-1.0610305926885508
2021-04-12,1.0,META,Meta stock,-1.0610305926885508
2021-04-19,1.0,META,Meta stock,-1.0610305926885508
2021-04-26,1.0,META,Meta stock,-1.0610305926885508
2021-05-03,1.0,META,Meta stock,-1.0610305926885508
2021-05-10,1.0,META,Meta stock,-1.0610305926885508
2021-05-17,1.0,META,Meta stock,-1.0610305926885508
2021-05-24,1.0,META,Meta stock,-1.0610305926885508
2021-05-31,1.0,META,Meta stock,-1.0610305926885508
2021-06-07,1.0,META,Meta stock,-1.0610305926885508
2021-06-14,1.0,META,Meta stock,-1.0610305926885508
2021-06-21,1.0,META,Meta stock,-1.0610305926885508
2021-06-28,1.0,META,Meta stock,-1.0610305926885508
2021-07-05,1.0,META,Meta stock,-1.0610305926885508
2021-07-12,1.0,META,Meta stock,-1.0610305926885508
2021-07-19,1.0,META,Meta stock,-1.0610305926885508
2021-07-26,1.0,META,Meta stock,-1.0610305926885508
2021-08-02,1.0,META,Meta stock,-1.0610305926885508
2021-08-09,1.0,META,Meta stock,-1.0610305926885508
2021-08-16,1.0,META,Meta stock,-1.0610305926885508
2021-08-23,1.0,META,Meta stock,-1.0610305926885508
2021-08-30,1.0,META,Meta stock,-1.0610305926885508
2021-09-06,1.0,META,Meta stock,-1.0610305926885508
2021-09-13,1.0,META,Meta stock,-1.0610305926885508
2021-09-20,1.0,META,Meta stock,-1.0610305926885508
2021-09-27,1.0,META,Meta stock,-1.0610305926885508
2021-10-04,1.0,META,Meta stock,-1.0610305926885508
2021-10-11,1.0,META,Meta stock,-1.0610305926885508
2021-10-18,1.0,META,Meta stock,-1.0610305926885508
2021-10-25,9.0,META,Meta stock,-0.6250533093568114
2021-11-01,7.0,META,Meta stock,-0.7340476301897462
2021-11-08,6.0,META,Meta stock,-0.7885447906062136
2021-11-15,7.0,META,Meta stock,-0.7340476301897462
2021-11-22,4.0,META,Meta stock,-0.8975391114391484
2021-11-29,5.0,META,Meta stock,-0.8430419510226811
2021-12-06,4.0,META,Meta stock,-0.8975391114391484
2021-12-13,4.0,META,Meta stock,-0.8975391114391484
2021-12-20,3.0,META,Meta stock,-0.9520362718556159
2021-12-27,4.0,META,Meta stock,-0.8975391114391484
2022-01-03,5.0,META,Meta stock,-0.8430419510226811
2022-01-10,4.0,META,Meta stock,-0.8975391114391484
2022-01-17,4.0,META,Meta stock,-0.8975391114391484
2022-01-24,5.0,META,Meta stock,-0.8430419510226811
2022-01-31,72.0,META,Meta stock,2.808267796880636
2022-02-07,39.0,META,Meta stock,1.0098615031372113
2022-02-14,21.0,META,Meta stock,0.028912615640797674
2022-02-21,17.0,META,Meta stock,-0.189076026025072
2022-02-28,11.0,META,Meta stock,-0.5160589885238765
2022-03-07,10.0,META,Meta stock,-0.5705561489403439
2022-03-14,10.0,META,Meta stock,-0.5705561489403439
2022-03-21,9.0,META,Meta stock,-0.6250533093568114
2022-03-28,8.0,META,Meta stock,-0.6795504697732788
2022-04-04,7.0,META,Meta stock,-0.7340476301897462
2022-04-11,6.0,META,Meta stock,-0.7885447906062136
2022-04-18,11.0,META,Meta stock,-0.5160589885238765
2022-04-25,26.0,META,Meta stock,0.3013984177231348
2022-05-02,11.0,META,Meta stock,-0.5160589885238765
2022-05-09,12.0,META,Meta stock,-0.4615618281074091
2022-05-16,8.0,META,Meta stock,-0.6795504697732788
2022-05-23,9.0,META,Meta stock,-0.6250533093568114
2022-05-30,8.0,META,Meta stock,-0.6795504697732788
2022-06-06,9.0,META,Meta stock,-0.6250533093568114
2022-06-13,13.0,META,Meta stock,-0.4070646676909417
2022-06-20,15.0,META,Meta stock,-0.2980703468580068
2022-06-27,11.0,META,Meta stock,-0.5160589885238765
2022-07-04,10.0,META,Meta stock,-0.5705561489403439
2022-07-11,10.0,META,Meta stock,-0.5705561489403439
2022-07-18,14.0,META,Meta stock,-0.3525675072744743
2022-07-25,31.0,META,Meta stock,0.5738842198054719
2022-08-01,13.0,META,Meta stock,-0.4070646676909417
2022-08-08,13.0,META,Meta stock,-0.4070646676909417
2022-08-15,10.0,META,Meta stock,-0.5705561489403439
2022-08-22,10.0,META,Meta stock,-0.5705561489403439
2022-08-29,10.0,META,Meta stock,-0.5705561489403439
2022-09-05,7.0,META,Meta stock,-0.7340476301897462
2022-09-12,14.0,META,Meta stock,-0.3525675072744743
2022-09-19,15.0,META,Meta stock,-0.2980703468580068
2022-09-26,16.0,META,Meta stock,-0.2435731864415394
2022-10-03,13.0,META,Meta stock,-0.4070646676909417
2022-10-10,17.0,META,Meta stock,-0.189076026025072
2022-10-17,15.0,META,Meta stock,-0.2980703468580068
2022-10-24,100.0,META,Meta stock,4.334188288541724
2022-10-31,53.0,META,Meta stock,1.772821748967755
2022-11-07,61.0,META,Meta stock,2.208799032299494
2022-11-14,26.0,META,Meta stock,0.3013984177231348
2022-11-21,14.0,META,Meta stock,-0.3525675072744743
2022-11-28,16.0,META,Meta stock,-0.2435731864415394
2022-12-05,16.0,META,Meta stock,-0.2435731864415394
2022-12-12,16.0,META,Meta stock,-0.2435731864415394
2022-12-19,13.0,META,Meta stock,-0.4070646676909417
2022-12-26,12.0,META,Meta stock,-0.4615618281074091
2023-01-02,14.0,META,Meta stock,-0.3525675072744743
2023-01-09,15.0,META,Meta stock,-0.2980703468580068
2023-01-16,12.0,META,Meta stock,-0.4615618281074091
2023-01-23,17.0,META,Meta stock,-0.189076026025072
2023-01-30,66.0,META,Meta stock,2.4812848343818312
2023-02-06,27.0,META,Meta stock,0.3558955781396022
2023-02-13,18.0,META,Meta stock,-0.13457886560860458
2023-02-20,14.0,META,Meta stock,-0.3525675072744743
2023-02-27,14.0,META,Meta stock,-0.3525675072744743
2023-03-06,17.0,META,Meta stock,-0.189076026025072
2023-03-13,23.0,META,Meta stock,0.1379069364737325
2023-03-20,18.0,META,Meta stock,-0.13457886560860458
2023-03-27,15.0,META,Meta stock,-0.2980703468580068
2023-04-03,13.0,META,Meta stock,-0.4070646676909417
2023-04-10,15.0,META,Meta stock,-0.2980703468580068
2023-04-17,17.0,META,Meta stock,-0.189076026025072
2023-04-24,45.0,META,Meta stock,1.3368444656360157
2023-05-01,18.0,META,Meta stock,-0.13457886560860458
2023-05-08,14.0,META,Meta stock,-0.3525675072744743
2023-05-15,16.0,META,Meta stock,-0.2435731864415394
2023-05-22,21.0,META,Meta stock,0.028912615640797674
2023-05-29,17.0,META,Meta stock,-0.189076026025072
2023-06-05,20.0,META,Meta stock,-0.025584544775669744
2023-06-12,19.0,META,Meta stock,-0.08008170519213717
2023-06-19,14.0,META,Meta stock,-0.3525675072744743
2023-06-26,17.0,META,Meta stock,-0.189076026025072
2023-07-03,29.0,META,Meta stock,0.464889898972537
2023-07-10,30.0,META,Meta stock,0.5193870593890044
2023-07-17,23.0,META,Meta stock,0.1379069364737325
2023-07-24,45.0,META,Meta stock,1.3368444656360157
2023-07-31,21.0,META,Meta stock,0.028912615640797674
2023-08-07,16.0,META,Meta stock,-0.2435731864415394
2023-08-14,16.0,META,Meta stock,-0.2435731864415394
2023-08-21,16.0,META,Meta stock,-0.2435731864415394
2023-08-28,14.0,META,Meta stock,-0.3525675072744743
2023-09-04,10.0,META,Meta stock,-0.5705561489403439
2023-09-11,12.0,META,Meta stock,-0.4615618281074091
2023-09-18,11.0,META,Meta stock,-0.5160589885238765
2023-09-25,14.0,META,Meta stock,-0.3525675072744743
2023-10-02,12.0,META,Meta stock,-0.4615618281074091
2023-10-09,13.0,META,Meta stock,-0.4070646676909417
2023-10-16,12.0,META,Meta stock,-0.4615618281074091
2023-10-23,32.0,META,Meta stock,0.6283813802219393
2023-10-30,16.0,META,Meta stock,-0.2435731864415394
2023-11-06,14.0,META,Meta stock,-0.3525675072744743
2023-11-13,17.0,META,Meta stock,-0.189076026025072
2023-11-20,11.0,META,Meta stock,-0.5160589885238765
2023-11-27,13.0,META,Meta stock,-0.4070646676909417
2023-12-04,15.0,META,Meta stock,-0.2980703468580068
2023-12-11,13.0,META,Meta stock,-0.4070646676909417
2023-12-18,15.0,META,Meta stock,-0.2980703468580068
2023-12-25,11.0,META,Meta stock,-0.5160589885238765
2024-01-01,11.0,META,Meta stock,-0.5160589885238765
2024-01-08,17.0,META,Meta stock,-0.189076026025072
2024-01-15,15.0,META,Meta stock,-0.2980703468580068
2024-01-22,21.0,META,Meta stock,0.028912615640797674
2024-01-29,77.0,META,Meta stock,3.080753598962973
2024-02-05,46.0,META,Meta stock,1.3913416260524831
2024-02-12,28.0,META,Meta stock,0.4103927385560696
2024-02-19,25.0,META,Meta stock,0.24690125730666734
2024-02-26,24.0,META,Meta stock,0.19240409689019994
2024-03-04,32.0,META,Meta stock,0.6283813802219393
2024-03-11,25.0,META,Meta stock,0.24690125730666734
2024-03-18,20.0,META,Meta stock,-0.025584544775669744
2024-03-25,17.0,META,Meta stock,-0.189076026025072
2024-04-01,21.0,META,Meta stock,0.028912615640797674
2024-04-08,19.0,META,Meta stock,-0.08008170519213717
2024-04-15,20.0,META,Meta stock,-0.025584544775669744
2024-04-22,73.0,META,Meta stock,2.8627649572971032
2024-04-29,31.0,META,Meta stock,0.5738842198054719
2024-05-06,22.0,META,Meta stock,0.0834097760572651
2024-05-13,21.0,META,Meta stock,0.028912615640797674
2024-05-20,19.0,META,Meta stock,-0.08008170519213717
2024-05-27,15.0,META,Meta stock,-0.2980703468580068
2024-06-03,18.0,META,Meta stock,-0.13457886560860458
2024-06-10,20.0,META,Meta stock,-0.025584544775669744
2024-06-17,16.0,META,Meta stock,-0.2435731864415394
2024-06-24,18.0,META,Meta stock,-0.13457886560860458
2024-07-01,17.0,META,Meta stock,-0.189076026025072
2024-07-08,24.0,META,Meta stock,0.19240409689019994
2024-07-15,26.0,META,Meta stock,0.3013984177231348
2024-07-22,25.0,META,Meta stock,0.24690125730666734
2024-07-29,48.0,META,Meta stock,1.500335946885418
2024-08-05,33.0,META,Meta stock,0.6828785406384067
2024-08-12,25.0,META,Meta stock,0.24690125730666734
2024-08-19,20.0,META,Meta stock,-0.025584544775669744
2024-08-26,18.0,META,Meta stock,-0.13457886560860458
2024-09-02,13.0,META,Meta stock,-0.4070646676909417
2024-09-09,15.0,META,Meta stock,-0.2980703468580068
2024-09-16,20.0,META,Meta stock,-0.025584544775669744
2024-09-23,25.0,META,Meta stock,0.24690125730666734
2024-09-30,24.0,META,Meta stock,0.19240409689019994
2024-10-07,21.0,META,Meta stock,0.028912615640797674
2024-10-14,19.0,META,Meta stock,-0.08008170519213717
2024-10-21,18.0,META,Meta stock,-0.13457886560860458
2024-10-28,46.0,META,Meta stock,1.3913416260524831
2024-11-04,30.0,META,Meta stock,0.5193870593890044
2024-11-11,24.0,META,Meta stock,0.19240409689019994
2024-11-18,21.0,META,Meta stock,0.028912615640797674
2024-11-25,15.0,META,Meta stock,-0.2980703468580068
2024-12-02,26.0,META,Meta stock,0.3013984177231348
2024-12-09,24.0,META,Meta stock,0.19240409689019994
2024-12-16,23.0,META,Meta stock,0.1379069364737325
2024-12-23,15.0,META,Meta stock,-0.2980703468580068
2024-12-30,15.0,META,Meta stock,-0.2980703468580068
2025-01-06,26.0,META,Meta stock,0.3013984177231348
2025-01-13,51.0,META,Meta stock,1.6638274281348202
2025-01-20,56.0,META,Meta stock,1.9363132302171573
2025-01-27,75.0,META,Meta stock,2.971759278130038
2025-02-03,37.0,META,Meta stock,0.9008671823042764
2025-02-10,34.0,META,Meta stock,0.7373757010548742
2025-02-17,32.0,META,Meta stock,0.6283813802219393
2025-02-24,33.0,META,Meta stock,0.6828785406384067
2025-03-03,33.0,META,Meta stock,0.6828785406384067
2025-03-10,34.0,META,Meta stock,0.7373757010548742
2025-03-17,27.0,META,Meta stock,0.3558955781396022
2025-03-24,24.0,META,Meta stock,0.19240409689019994
2025-03-31,41.0,META,Meta stock,1.118855823970146
2025-04-07,54.0,META,Meta stock,1.8273189093842224
2025-04-14,27.0,META,Meta stock,0.3558955781396022
2025-04-21,32.0,META,Meta stock,0.6283813802219393
2025-04-28,47.0,META,Meta stock,1.4458387864689506
2025-05-05,25.0,META,Meta stock,0.24690125730666734
2025-05-12,34.0,META,Meta stock,0.7373757010548742
2025-05-19,22.0,META,Meta stock,0.0834097760572651
2025-05-26,21.0,META,Meta stock,0.028912615640797674
2025-06-02,26.0,META,Meta stock,0.3013984177231348
2025-06-09,25.0,META,Meta stock,0.24690125730666734
2025-06-16,21.0,META,Meta stock,0.028912615640797674
2025-06-23,27.0,META,Meta stock,0.3558955781396022
2025-06-30,25.0,META,Meta stock,0.24690125730666734
2025-07-07,24.0,META,Meta stock,0.19240409689019994
2025-07-14,26.0,META,Meta stock,0.3013984177231348
2025-07-21,25.0,META,Meta stock,0.24690125730666734
2025-07-28,81.0,META,Meta stock,3.2987422406288425
2025-08-04,53.0,META,Meta stock,1.772821748967755
2025-08-11,57.0,META,Meta stock,1.9908103906336245
2025-08-18,56.0,META,Meta stock,1.9363132302171573
2025-08-25,39.0,META,Meta stock,1.0098615031372113
2025-09-01,36.0,META,Meta stock,0.846370021887809
2025-09-08,39.0,META,Meta stock,1.0098615031372113
2025-09-15,43.0,META,Meta stock,1.227850144803081
2025-09-22,42.0,META,Meta stock,1.1733529843866135
2025-09-29,43.0,META,Meta stock,1.227850144803081
2025-10-06,41.0,META,Meta stock,1.118855823970146
2025-10-13,34.0,META,Meta stock,0.7373757010548742
2025-10-20,34.0,META,Meta stock,0.7373757010548742
2025-10-27,97.0,META,Meta stock,4.170696807292321
2025-11-03,85.0,META,Meta stock,3.5167308822947123
2025-11-10,70.0,META,Meta stock,2.699273476047701
2025-11-17,71.0,META,Meta stock,2.7537706364641683
2025-11-24,60.0,META,Meta stock,2.154301871883027
2025-12-01,62.0,META,Meta stock,2.263296192715962
2025-12-08,36.0,META,Meta stock,0.846370021887809
2025-12-15,28.0,META,Meta stock,0.4103927385560696
2025-12-22,21.0,META,Meta stock,0.028912615640797674
2020-12-21,25.0,MSFT,MSFT,-0.8958927128876799
2020-12-28,24.0,MSFT,MSFT,-0.9657718110646886
2021-01-04,31.0,MSFT,MSFT,-0.47661812382562785
2021-01-11,25.0,MSFT,MSFT,-0.8958927128876799
2021-01-18,31.0,MSFT,MSFT,-0.47661812382562785
2021-01-25,67.0,MSFT,MSFT,2.039029410546685
2021-02-01,42.0,MSFT,MSFT,0.29205195612146767
2021-02-08,32.0,MSFT,MSFT,-0.40673902564861913
2021-02-15,25.0,MSFT,MSFT,-0.8958927128876799
2021-02-22,32.0,MSFT,MSFT,-0.40673902564861913
2021-03-01,30.0,MSFT,MSFT,-0.5464972220026365
2021-03-08,31.0,MSFT,MSFT,-0.47661812382562785
2021-03-15,26.0,MSFT,MSFT,-0.8260136147106713
2021-03-22,28.0,MSFT,MSFT,-0.6862554183566538
2021-03-29,27.0,MSFT,MSFT,-0.7561345165336626
2021-04-05,35.0,MSFT,MSFT,-0.1971017311175931
2021-04-12,35.0,MSFT,MSFT,-0.1971017311175931
2021-04-19,29.0,MSFT,MSFT,-0.6163763201796452
2021-04-26,51.0,MSFT,MSFT,0.9209638397145459
2021-05-03,33.0,MSFT,MSFT,-0.3368599274716105
2021-05-10,30.0,MSFT,MSFT,-0.5464972220026365
2021-05-17,25.0,MSFT,MSFT,-0.8958927128876799
2021-05-24,23.0,MSFT,MSFT,-1.0356509092416972
2021-05-31,20.0,MSFT,MSFT,-1.2452882037727233
2021-06-07,23.0,MSFT,MSFT,-1.0356509092416972
2021-06-14,25.0,MSFT,MSFT,-0.8958927128876799
2021-06-21,32.0,MSFT,MSFT,-0.40673902564861913
2021-06-28,30.0,MSFT,MSFT,-0.5464972220026365
2021-07-05,33.0,MSFT,MSFT,-0.3368599274716105
2021-07-12,31.0,MSFT,MSFT,-0.47661812382562785
2021-07-19,33.0,MSFT,MSFT,-0.3368599274716105
2021-07-26,46.0,MSFT,MSFT,0.5715683488295025
2021-08-02,26.0,MSFT,MSFT,-0.8260136147106713
2021-08-09,24.0,MSFT,MSFT,-0.9657718110646886
2021-08-16,34.0,MSFT,MSFT,-0.26698082929460176
2021-08-23,33.0,MSFT,MSFT,-0.3368599274716105
2021-08-30,27.0,MSFT,MSFT,-0.7561345165336626
2021-09-06,20.0,MSFT,MSFT,-1.2452882037727233
2021-09-13,28.0,MSFT,MSFT,-0.6862554183566538
2021-09-20,28.0,MSFT,MSFT,-0.6862554183566538
2021-09-27,28.0,MSFT,MSFT,-0.6862554183566538
2021-10-04,29.0,MSFT,MSFT,-0.6163763201796452
2021-10-11,24.0,MSFT,MSFT,-0.9657718110646886
2021-10-18,28.0,MSFT,MSFT,-0.6862554183566538
2021-10-25,56.0,MSFT,MSFT,1.2703593305995893
2021-11-01,39.0,MSFT,MSFT,0.08241466159044164
2021-11-08,32.0,MSFT,MSFT,-0.40673902564861913
2021-11-15,34.0,MSFT,MSFT,-0.26698082929460176
2021-11-22,26.0,MSFT,MSFT,-0.8260136147106713
2021-11-29,37.0,MSFT,MSFT,-0.057343534763575725
2021-12-06,36.0,MSFT,MSFT,-0.12722263294058442
2021-12-13,38.0,MSFT,MSFT,0.012535563413432958
2021-12-20,29.0,MSFT,MSFT,-0.6163763201796452
2021-12-27,32.0,MSFT,MSFT,-0.40673902564861913
2022-01-03,38.0,MSFT,MSFT,0.012535563413432958
2022-01-10,36.0,MSFT,MSFT,-0.12722263294058442
2022-01-17,49.0,MSFT,MSFT,0.7812056433605284
2022-01-24,98.0,MSFT,MSFT,4.205281454033954
2022-01-31,47.0,MSFT,MSFT,0.6414474470065111
2022-02-07,38.0,MSFT,MSFT,0.012535563413432958
2022-02-14,39.0,MSFT,MSFT,0.08241466159044164
2022-02-21,39.0,MSFT,MSFT,0.08241466159044164
2022-02-28,33.0,MSFT,MSFT,-0.3368599274716105
2022-03-07,36.0,MSFT,MSFT,-0.12722263294058442
2022-03-14,33.0,MSFT,MSFT,-0.3368599274716105
2022-03-21,30.0,MSFT,MSFT,-0.5464972220026365
2022-03-28,31.0,MSFT,MSFT,-0.47661812382562785
2022-04-04,27.0,MSFT,MSFT,-0.7561345165336626
2022-04-11,26.0,MSFT,MSFT,-0.8260136147106713
2022-04-18,31.0,MSFT,MSFT,-0.47661812382562785
2022-04-25,65.0,MSFT,MSFT,1.8992712141926673
2022-05-02,35.0,MSFT,MSFT,-0.1971017311175931
2022-05-09,43.0,MSFT,MSFT,0.3619310542984764
2022-05-16,35.0,MSFT,MSFT,-0.1971017311175931
2022-05-23,32.0,MSFT,MSFT,-0.40673902564861913
2022-05-30,27.0,MSFT,MSFT,-0.7561345165336626
2022-06-06,27.0,MSFT,MSFT,-0.7561345165336626
2022-06-13,35.0,MSFT,MSFT,-0.1971017311175931
2022-06-20,26.0,MSFT,MSFT,-0.8260136147106713
2022-06-27,24.0,MSFT,MSFT,-0.9657718110646886
2022-07-04,21.0,MSFT,MSFT,-1.1754091055957145
2022-07-11,28.0,MSFT,MSFT,-0.6862554183566538
2022-07-18,27.0,MSFT,MSFT,-0.7561345165336626
2022-07-25,56.0,MSFT,MSFT,1.2703593305995893
2022-08-01,30.0,MSFT,MSFT,-0.5464972220026365
2022-08-08,30.0,MSFT,MSFT,-0.5464972220026365
2022-08-15,27.0,MSFT,MSFT,-0.7561345165336626
2022-08-22,23.0,MSFT,MSFT,-1.0356509092416972
2022-08-29,22.0,MSFT,MSFT,-1.105530007418706
2022-09-05,18.0,MSFT,MSFT,-1.3850464001267406
2022-09-12,26.0,MSFT,MSFT,-0.8260136147106713
2022-09-19,28.0,MSFT,MSFT,-0.6862554183566538
2022-09-26,25.0,MSFT,MSFT,-0.8958927128876799
2022-10-03,28.0,MSFT,MSFT,-0.6862554183566538
2022-10-10,27.0,MSFT,MSFT,-0.7561345165336626
2022-10-17,24.0,MSFT,MSFT,-0.9657718110646886
2022-10-24,58.0,MSFT,MSFT,1.4101175269536066
2022-10-31,31.0,MSFT,MSFT,-0.47661812382562785
2022-11-07,30.0,MSFT,MSFT,-0.5464972220026365
2022-11-14,26.0,MSFT,MSFT,-0.8260136147106713
2022-11-21,16.0,MSFT,MSFT,-1.5248045964807582
2022-11-28,21.0,MSFT,MSFT,-1.1754091055957145
2022-12-05,21.0,MSFT,MSFT,-1.1754091055957145
2022-12-12,24.0,MSFT,MSFT,-0.9657718110646886
2022-12-19,20.0,MSFT,MSFT,-1.2452882037727233
2022-12-26,19.0,MSFT,MSFT,-1.315167301949732
2023-01-02,29.0,MSFT,MSFT,-0.6163763201796452
2023-01-09,26.0,MSFT,MSFT,-0.8260136147106713
2023-01-16,31.0,MSFT,MSFT,-0.47661812382562785
2023-01-23,68.0,MSFT,MSFT,2.1089085087236934
2023-01-30,37.0,MSFT,MSFT,-0.057343534763575725
2023-02-06,45.0,MSFT,MSFT,0.5016892506524937
2023-02-13,39.0,MSFT,MSFT,0.08241466159044164
2023-02-20,25.0,MSFT,MSFT,-0.8958927128876799
2023-02-27,23.0,MSFT,MSFT,-1.0356509092416972
2023-03-06,24.0,MSFT,MSFT,-0.9657718110646886
2023-03-13,35.0,MSFT,MSFT,-0.1971017311175931
2023-03-20,35.0,MSFT,MSFT,-0.1971017311175931
2023-03-27,30.0,MSFT,MSFT,-0.5464972220026365
2023-04-03,28.0,MSFT,MSFT,-0.6862554183566538
2023-04-10,31.0,MSFT,MSFT,-0.47661812382562785
2023-04-17,29.0,MSFT,MSFT,-0.6163763201796452
2023-04-24,73.0,MSFT,MSFT,2.458303999608737
2023-05-01,35.0,MSFT,MSFT,-0.1971017311175931
2023-05-08,32.0,MSFT,MSFT,-0.40673902564861913
2023-05-15,33.0,MSFT,MSFT,-0.3368599274716105
2023-05-22,40.0,MSFT,MSFT,0.15229375976745033
2023-05-29,34.0,MSFT,MSFT,-0.26698082929460176
2023-06-05,35.0,MSFT,MSFT,-0.1971017311175931
2023-06-12,41.0,MSFT,MSFT,0.222172857944459
2023-06-19,31.0,MSFT,MSFT,-0.47661812382562785
2023-06-26,32.0,MSFT,MSFT,-0.40673902564861913
2023-07-03,27.0,MSFT,MSFT,-0.7561345165336626
2023-07-10,40.0,MSFT,MSFT,0.15229375976745033
2023-07-17,53.0,MSFT,MSFT,1.0607220360685632
2023-07-24,70.0,MSFT,MSFT,2.248666705077711
2023-07-31,37.0,MSFT,MSFT,-0.057343534763575725
2023-08-07,31.0,MSFT,MSFT,-0.47661812382562785
2023-08-14,28.0,MSFT,MSFT,-0.6862554183566538
2023-08-21,29.0,MSFT,MSFT,-0.6163763201796452
2023-08-28,27.0,MSFT,MSFT,-0.7561345165336626
2023-09-04,22.0,MSFT,MSFT,-1.105530007418706
2023-09-11,25.0,MSFT,MSFT,-0.8958927128876799
2023-09-18,26.0,MSFT,MSFT,-0.8260136147106713
2023-09-25,24.0,MSFT,MSFT,-0.9657718110646886
2023-10-02,27.0,MSFT,MSFT,-0.7561345165336626
2023-10-09,28.0,MSFT,MSFT,-0.6862554183566538
2023-10-16,27.0,MSFT,MSFT,-0.7561345165336626
2023-10-23,54.0,MSFT,MSFT,1.130601134245572
2023-10-30,34.0,MSFT,MSFT,-0.26698082929460176
2023-11-06,40.0,MSFT,MSFT,0.15229375976745033
2023-11-13,47.0,MSFT,MSFT,0.6414474470065111
2023-11-20,73.0,MSFT,MSFT,2.458303999608737
2023-11-27,38.0,MSFT,MSFT,0.012535563413432958
2023-12-04,37.0,MSFT,MSFT,-0.057343534763575725
2023-12-11,37.0,MSFT,MSFT,-0.057343534763575725
2023-12-18,34.0,MSFT,MSFT,-0.26698082929460176
2023-12-25,25.0,MSFT,MSFT,-0.8958927128876799
2024-01-01,28.0,MSFT,MSFT,-0.6862554183566538
2024-01-08,39.0,MSFT,MSFT,0.08241466159044164
2024-01-15,40.0,MSFT,MSFT,0.15229375976745033
2024-01-22,50.0,MSFT,MSFT,0.8510847415375371
2024-01-29,90.0,MSFT,MSFT,3.6462486686178845
2024-02-05,47.0,MSFT,MSFT,0.6414474470065111
2024-02-12,45.0,MSFT,MSFT,0.5016892506524937
2024-02-19,41.0,MSFT,MSFT,0.222172857944459
2024-02-26,36.0,MSFT,MSFT,-0.12722263294058442
2024-03-04,42.0,MSFT,MSFT,0.29205195612146767
2024-03-11,40.0,MSFT,MSFT,0.15229375976745033
2024-03-18,41.0,MSFT,MSFT,0.222172857944459
2024-03-25,30.0,MSFT,MSFT,-0.5464972220026365
2024-04-01,35.0,MSFT,MSFT,-0.1971017311175931
2024-04-08,32.0,MSFT,MSFT,-0.40673902564861913
2024-04-15,34.0,MSFT,MSFT,-0.26698082929460176
2024-04-22,67.0,MSFT,MSFT,2.039029410546685
2024-04-29,42.0,MSFT,MSFT,0.29205195612146767
2024-05-06,33.0,MSFT,MSFT,-0.3368599274716105
2024-05-13,36.0,MSFT,MSFT,-0.12722263294058442
2024-05-20,43.0,MSFT,MSFT,0.3619310542984764
2024-05-27,35.0,MSFT,MSFT,-0.1971017311175931
2024-06-03,38.0,MSFT,MSFT,0.012535563413432958
2024-06-10,46.0,MSFT,MSFT,0.5715683488295025
2024-06-17,42.0,MSFT,MSFT,0.29205195612146767
2024-06-24,38.0,MSFT,MSFT,0.012535563413432958
2024-07-01,36.0,MSFT,MSFT,-0.12722263294058442
2024-07-08,43.0,MSFT,MSFT,0.3619310542984764
2024-07-15,64.0,MSFT,MSFT,1.8293921160156588
2024-07-22,50.0,MSFT,MSFT,0.8510847415375371
2024-07-29,84.0,MSFT,MSFT,3.2269740795558324
2024-08-05,59.0,MSFT,MSFT,1.4799966251306154
2024-08-12,40.0,MSFT,MSFT,0.15229375976745033
2024-08-19,38.0,MSFT,MSFT,0.012535563413432958
2024-08-26,34.0,MSFT,MSFT,-0.26698082929460176
2024-09-02,28.0,MSFT,MSFT,-0.6862554183566538
2024-09-09,34.0,MSFT,MSFT,-0.26698082929460176
2024-09-16,41.0,MSFT,MSFT,0.222172857944459
2024-09-23,33.0,MSFT,MSFT,-0.3368599274716105
2024-09-30,30.0,MSFT,MSFT,-0.5464972220026365
2024-10-07,33.0,MSFT,MSFT,-0.3368599274716105
2024-10-14,33.0,MSFT,MSFT,-0.3368599274716105
2024-10-21,35.0,MSFT,MSFT,-0.1971017311175931
2024-10-28,72.0,MSFT,MSFT,2.388424901431728
2024-11-04,46.0,MSFT,MSFT,0.5715683488295025
2024-11-11,40.0,MSFT,MSFT,0.15229375976745033
2024-11-18,35.0,MSFT,MSFT,-0.1971017311175931
2024-11-25,27.0,MSFT,MSFT,-0.7561345165336626
2024-12-02,37.0,MSFT,MSFT,-0.057343534763575725
2024-12-09,40.0,MSFT,MSFT,0.15229375976745033
2024-12-16,37.0,MSFT,MSFT,-0.057343534763575725
2024-12-23,24.0,MSFT,MSFT,-0.9657718110646886
2024-12-30,25.0,MSFT,MSFT,-0.8958927128876799
2025-01-06,30.0,MSFT,MSFT,-0.5464972220026365
2025-01-13,34.0,MSFT,MSFT,-0.26698082929460176
2025-01-20,42.0,MSFT,MSFT,0.29205195612146767
2025-01-27,97.0,MSFT,MSFT,4.135402355856945
2025-02-03,48.0,MSFT,MSFT,0.7113265451835198
2025-02-10,37.0,MSFT,MSFT,-0.057343534763575725
2025-02-17,39.0,MSFT,MSFT,0.08241466159044164
2025-02-24,47.0,MSFT,MSFT,0.6414474470065111
2025-03-03,45.0,MSFT,MSFT,0.5016892506524937
2025-03-10,44.0,MSFT,MSFT,0.43181015247548504
2025-03-17,34.0,MSFT,MSFT,-0.26698082929460176
2025-03-24,31.0,MSFT,MSFT,-0.47661812382562785
2025-03-31,52.0,MSFT,MSFT,0.9908429378915545
2025-04-07,62.0,MSFT,MSFT,1.6896339196616414
2025-04-14,35.0,MSFT,MSFT,-0.1971017311175931
2025-04-21,36.0,MSFT,MSFT,-0.12722263294058442
2025-04-28,73.0,MSFT,MSFT,2.458303999608737
2025-05-05,41.0,MSFT,MSFT,0.222172857944459
2025-05-12,48.0,MSFT,MSFT,0.7113265451835198
2025-05-19,36.0,MSFT,MSFT,-0.12722263294058442
2025-05-26,33.0,MSFT,MSFT,-0.3368599274716105
2025-06-02,39.0,MSFT,MSFT,0.08241466159044164
2025-06-09,42.0,MSFT,MSFT,0.29205195612146767
2025-06-16,36.0,MSFT,MSFT,-0.12722263294058442
2025-06-23,45.0,MSFT,MSFT,0.5016892506524937
2025-06-30,43.0,MSFT,MSFT,0.3619310542984764
2025-07-07,41.0,MSFT,MSFT,0.222172857944459
2025-07-14,40.0,MSFT,MSFT,0.15229375976745033
2025-07-21,44.0,MSFT,MSFT,0.43181015247548504
2025-07-28,100.0,MSFT,MSFT,4.345039650387971
2025-08-04,64.0,MSFT,MSFT,1.8293921160156588
2025-08-11,70.0,MSFT,MSFT,2.248666705077711
2025-08-18,65.0,MSFT,MSFT,1.8992712141926673
2025-08-25,56.0,MSFT,MSFT,1.2703593305995893
2025-09-01,53.0,MSFT,MSFT,1.0607220360685632
2025-09-08,62.0,MSFT,MSFT,1.6896339196616414
2025-09-15,54.0,MSFT,MSFT,1.130601134245572
2025-09-22,49.0,MSFT,MSFT,0.7812056433605284
2025-09-29,49.0,MSFT,MSFT,0.7812056433605284
2025-10-06,50.0,MSFT,MSFT,0.8510847415375371
2025-10-13,46.0,MSFT,MSFT,0.5715683488295025
2025-10-20,48.0,MSFT,MSFT,0.7113265451835198
2025-10-27,94.0,MSFT,MSFT,3.925765061325919
2025-11-03,55.0,MSFT,MSFT,1.2004802324225805
2025-11-10,49.0,MSFT,MSFT,0.7812056433605284
2025-11-17,57.0,MSFT,MSFT,1.340238428776598
2025-11-24,44.0,MSFT,MSFT,0.43181015247548504
2025-12-01,46.0,MSFT,MSFT,0.5715683488295025
2025-12-08,37.0,MSFT,MSFT,-0.057343534763575725
2025-12-15,30.0,MSFT,MSFT,-0.5464972220026365
2025-12-22,24.0,MSFT,MSFT,-0.9657718110646886
2020-12-21,1.0,MSFT,Microsoft earnings,-0.2961934314335871
2020-12-28,1.0,MSFT,Microsoft earnings,-0.2961934314335871
2021-01-04,1.0,MSFT,Microsoft earnings,-0.2961934314335871
2021-01-11,1.0,MSFT,Microsoft earnings,-0.2961934314335871
2021-01-18,1.0,MSFT,Microsoft earnings,-0.2961934314335871
2021-01-25,6.0,MSFT,Microsoft earnings,0.27441450265170575
2021-02-01,1.0,MSFT,Microsoft earnings,-0.2961934314335871
2021-02-08,1.0,MSFT,Microsoft earnings,-0.2961934314335871
2021-02-15,1.0,MSFT,Microsoft earnings,-0.2961934314335871
2021-02-22,1.0,MSFT,Microsoft earnings,-0.2961934314335871
2021-03-01,1.0,MSFT,Microsoft earnings,-0.2961934314335871
2021-03-08,1.0,MSFT,Microsoft earnings,-0.2961934314335871
2021-03-15,1.0,MSFT,Microsoft earnings,-0.2961934314335871
2021-03-22,1.0,MSFT,Microsoft earnings,-0.2961934314335871
2021-03-29,1.0,MSFT,Microsoft earnings,-0.2961934314335871
2021-04-05,1.0,MSFT,Microsoft earnings,-0.2961934314335871
2021-04-12,1.0,MSFT,Microsoft earnings,-0.2961934314335871
2021-04-19,1.0,MSFT,Microsoft earnings,-0.2961934314335871
2021-04-26,4.0,MSFT,Microsoft earnings,0.046171329017588594
2021-05-03,1.0,MSFT,Microsoft earnings,-0.2961934314335871
2021-05-10,1.0,MSFT,Microsoft earnings,-0.2961934314335871
2021-05-17,1.0,MSFT,Microsoft earnings,-0.2961934314335871
2021-05-24,1.0,MSFT,Microsoft earnings,-0.2961934314335871
2021-05-31,1.0,MSFT,Microsoft earnings,-0.2961934314335871
2021-06-07,1.0,MSFT,Microsoft earnings,-0.2961934314335871
2021-06-14,1.0,MSFT,Microsoft earnings,-0.2961934314335871
2021-06-21,1.0,MSFT,Microsoft earnings,-0.2961934314335871
2021-06-28,1.0,MSFT,Microsoft earnings,-0.2961934314335871
2021-07-05,1.0,MSFT,Microsoft earnings,-0.2961934314335871
2021-07-12,1.0,MSFT,Microsoft earnings,-0.2961934314335871
2021-07-19,1.0,MSFT,Microsoft earnings,-0.2961934314335871
2021-07-26,4.0,MSFT,Microsoft earnings,0.046171329017588594
2021-08-02,1.0,MSFT,Microsoft earnings,-0.2961934314335871
2021-08-09,1.0,MSFT,Microsoft earnings,-0.2961934314335871
2021-08-16,1.0,MSFT,Microsoft earnings,-0.2961934314335871
2021-08-23,1.0,MSFT,Microsoft earnings,-0.2961934314335871
2021-08-30,1.0,MSFT,Microsoft earnings,-0.2961934314335871
2021-09-06,1.0,MSFT,Microsoft earnings,-0.2961934314335871
2021-09-13,1.0,MSFT,Microsoft earnings,-0.2961934314335871
2021-09-20,1.0,MSFT,Microsoft earnings,-0.2961934314335871
2021-09-27,1.0,MSFT,Microsoft earnings,-0.2961934314335871
2021-10-04,1.0,MSFT,Microsoft earnings,-0.2961934314335871
2021-10-11,1.0,MSFT,Microsoft earnings,-0.2961934314335871
2021-10-18,1.0,MSFT,Microsoft earnings,-0.2961934314335871
2021-10-25,3.0,MSFT,Microsoft earnings,-0.06795025779946998
2021-11-01,1.0,MSFT,Microsoft earnings,-0.2961934314335871
2021-11-08,1.0,MSFT,Microsoft earnings,-0.2961934314335871
2021-11-15,1.0,MSFT,Microsoft earnings,-0.2961934314335871
2021-11-22,1.0,MSFT,Microsoft earnings,-0.2961934314335871
2021-11-29,1.0,MSFT,Microsoft earnings,-0.2961934314335871
2021-12-06,1.0,MSFT,Microsoft earnings,-0.2961934314335871
2021-12-13,1.0,MSFT,Microsoft earnings,-0.2961934314335871
2021-12-20,1.0,MSFT,Microsoft earnings,-0.2961934314335871
2021-12-27,1.0,MSFT,Microsoft earnings,-0.2961934314335871
2022-01-03,1.0,MSFT,Microsoft earnings,-0.2961934314335871
2022-01-10,1.0,MSFT,Microsoft earnings,-0.2961934314335871
2022-01-17,2.0,MSFT,Microsoft earnings,-0.18207184461652853
2022-01-24,13.0,MSFT,Microsoft earnings,1.0732656103711156
2022-01-31,2.0,MSFT,Microsoft earnings,-0.18207184461652853
2022-02-07,1.0,MSFT,Microsoft earnings,-0.2961934314335871
2022-02-14,1.0,MSFT,Microsoft earnings,-0.2961934314335871
2022-02-21,1.0,MSFT,Microsoft earnings,-0.2961934314335871
2022-02-28,1.0,MSFT,Microsoft earnings,-0.2961934314335871
2022-03-07,1.0,MSFT,Microsoft earnings,-0.2961934314335871
2022-03-14,1.0,MSFT,Microsoft earnings,-0.2961934314335871
2022-03-21,1.0,MSFT,Microsoft earnings,-0.2961934314335871
2022-03-28,1.0,MSFT,Microsoft earnings,-0.2961934314335871
2022-04-04,1.0,MSFT,Microsoft earnings,-0.2961934314335871
2022-04-11,1.0,MSFT,Microsoft earnings,-0.2961934314335871
2022-04-18,1.0,MSFT,Microsoft earnings,-0.2961934314335871
2022-04-25,9.0,MSFT,Microsoft earnings,0.6167792631028813
2022-05-02,1.0,MSFT,Microsoft earnings,-0.2961934314335871
2022-05-09,1.0,MSFT,Microsoft earnings,-0.2961934314335871
2022-05-16,1.0,MSFT,Microsoft earnings,-0.2961934314335871
2022-05-23,1.0,MSFT,Microsoft earnings,-0.2961934314335871
2022-05-30,1.0,MSFT,Microsoft earnings,-0.2961934314335871
2022-06-06,1.0,MSFT,Microsoft earnings,-0.2961934314335871
2022-06-13,1.0,MSFT,Microsoft earnings,-0.2961934314335871
2022-06-20,1.0,MSFT,Microsoft earnings,-0.2961934314335871
2022-06-27,1.0,MSFT,Microsoft earnings,-0.2961934314335871
2022-07-04,1.0,MSFT,Microsoft earnings,-0.2961934314335871
2022-07-11,1.0,MSFT,Microsoft earnings,-0.2961934314335871
2022-07-18,1.0,MSFT,Microsoft earnings,-0.2961934314335871
2022-07-25,8.0,MSFT,Microsoft earnings,0.5026576762858228
2022-08-01,1.0,MSFT,Microsoft earnings,-0.2961934314335871
2022-08-08,1.0,MSFT,Microsoft earnings,-0.2961934314335871
2022-08-15,1.0,MSFT,Microsoft earnings,-0.2961934314335871
2022-08-22,1.0,MSFT,Microsoft earnings,-0.2961934314335871
2022-08-29,1.0,MSFT,Microsoft earnings,-0.2961934314335871
2022-09-05,1.0,MSFT,Microsoft earnings,-0.2961934314335871
2022-09-12,1.0,MSFT,Microsoft earnings,-0.2961934314335871
2022-09-19,1.0,MSFT,Microsoft earnings,-0.2961934314335871
2022-09-26,1.0,MSFT,Microsoft earnings,-0.2961934314335871
2022-10-03,1.0,MSFT,Microsoft earnings,-0.2961934314335871
2022-10-10,1.0,MSFT,Microsoft earnings,-0.2961934314335871
2022-10-17,1.0,MSFT,Microsoft earnings,-0.2961934314335871
2022-10-24,8.0,MSFT,Microsoft earnings,0.5026576762858228
2022-10-31,1.0,MSFT,Microsoft earnings,-0.2961934314335871
2022-11-07,1.0,MSFT,Microsoft earnings,-0.2961934314335871
2022-11-14,1.0,MSFT,Microsoft earnings,-0.2961934314335871
2022-11-21,1.0,MSFT,Microsoft earnings,-0.2961934314335871
2022-11-28,1.0,MSFT,Microsoft earnings,-0.2961934314335871
2022-12-05,1.0,MSFT,Microsoft earnings,-0.2961934314335871
2022-12-12,1.0,MSFT,Microsoft earnings,-0.2961934314335871
2022-12-19,1.0,MSFT,Microsoft earnings,-0.2961934314335871
2022-12-26,1.0,MSFT,Microsoft earnings,-0.2961934314335871
2023-01-02,1.0,MSFT,Microsoft earnings,-0.2961934314335871
2023-01-09,1.0,MSFT,Microsoft earnings,-0.2961934314335871
2023-01-16,1.0,MSFT,Microsoft earnings,-0.2961934314335871
2023-01-23,10.0,MSFT,Microsoft earnings,0.73090084991994
2023-01-30,2.0,MSFT,Microsoft earnings,-0.18207184461652853
2023-02-06,1.0,MSFT,Microsoft earnings,-0.2961934314335871
2023-02-13,1.0,MSFT,Microsoft earnings,-0.2961934314335871
2023-02-20,1.0,MSFT,Microsoft earnings,-0.2961934314335871
2023-02-27,1.0,MSFT,Microsoft earnings,-0.2961934314335871
2023-03-06,1.0,MSFT,Microsoft earnings,-0.2961934314335871
2023-03-13,1.0,MSFT,Microsoft earnings,-0.2961934314335871
2023-03-20,1.0,MSFT,Microsoft earnings,-0.2961934314335871
2023-03-27,1.0,MSFT,Microsoft earnings,-0.2961934314335871
2023-04-03,1.0,MSFT,Microsoft earnings,-0.2961934314335871
2023-04-10,1.0,MSFT,Microsoft earnings,-0.2961934314335871
2023-04-17,1.0,MSFT,Microsoft earnings,-0.2961934314335871
2023-04-24,8.0,MSFT,Microsoft earnings,0.5026576762858228
2023-05-01,1.0,MSFT,Microsoft earnings,-0.2961934314335871
2023-05-08,1.0,MSFT,Microsoft earnings,-0.2961934314335871
2023-05-15,1.0,MSFT,Microsoft earnings,-0.2961934314335871
2023-05-22,1.0,MSFT,Microsoft earnings,-0.2961934314335871
2023-05-29,1.0,MSFT,Microsoft earnings,-0.2961934314335871
2023-06-05,1.0,MSFT,Microsoft earnings,-0.2961934314335871
2023-06-12,1.0,MSFT,Microsoft earnings,-0.2961934314335871
2023-06-19,1.0,MSFT,Microsoft earnings,-0.2961934314335871
2023-06-26,1.0,MSFT,Microsoft earnings,-0.2961934314335871
2023-07-03,1.0,MSFT,Microsoft earnings,-0.2961934314335871
2023-07-10,1.0,MSFT,Microsoft earnings,-0.2961934314335871
2023-07-17,1.0,MSFT,Microsoft earnings,-0.2961934314335871
2023-07-24,8.0,MSFT,Microsoft earnings,0.5026576762858228
2023-07-31,1.0,MSFT,Microsoft earnings,-0.2961934314335871
2023-08-07,1.0,MSFT,Microsoft earnings,-0.2961934314335871
2023-08-14,1.0,MSFT,Microsoft earnings,-0.2961934314335871
2023-08-21,1.0,MSFT,Microsoft earnings,-0.2961934314335871
2023-08-28,1.0,MSFT,Microsoft earnings,-0.2961934314335871
2023-09-04,1.0,MSFT,Microsoft earnings,-0.2961934314335871
2023-09-11,1.0,MSFT,Microsoft earnings,-0.2961934314335871
2023-09-18,1.0,MSFT,Microsoft earnings,-0.2961934314335871
2023-09-25,1.0,MSFT,Microsoft earnings,-0.2961934314335871
2023-10-02,1.0,MSFT,Microsoft earnings,-0.2961934314335871
2023-10-09,1.0,MSFT,Microsoft earnings,-0.2961934314335871
2023-10-16,1.0,MSFT,Microsoft earnings,-0.2961934314335871
2023-10-23,7.0,MSFT,Microsoft earnings,0.3885360894687643
2023-10-30,1.0,MSFT,Microsoft earnings,-0.2961934314335871
2023-11-06,1.0,MSFT,Microsoft earnings,-0.2961934314335871
2023-11-13,1.0,MSFT,Microsoft earnings,-0.2961934314335871
2023-11-20,1.0,MSFT,Microsoft earnings,-0.2961934314335871
2023-11-27,1.0,MSFT,Microsoft earnings,-0.2961934314335871
2023-12-04,1.0,MSFT,Microsoft earnings,-0.2961934314335871
2023-12-11,1.0,MSFT,Microsoft earnings,-0.2961934314335871
2023-12-18,1.0,MSFT,Microsoft earnings,-0.2961934314335871
2023-12-25,1.0,MSFT,Microsoft earnings,-0.2961934314335871
2024-01-01,1.0,MSFT,Microsoft earnings,-0.2961934314335871
2024-01-08,1.0,MSFT,Microsoft earnings,-0.2961934314335871
2024-01-15,1.0,MSFT,Microsoft earnings,-0.2961934314335871
2024-01-22,3.0,MSFT,Microsoft earnings,-0.06795025779946998
2024-01-29,10.0,MSFT,Microsoft earnings,0.73090084991994
2024-02-05,1.0,MSFT,Microsoft earnings,-0.2961934314335871
2024-02-12,1.0,MSFT,Microsoft earnings,-0.2961934314335871
2024-02-19,1.0,MSFT,Microsoft earnings,-0.2961934314335871
2024-02-26,1.0,MSFT,Microsoft earnings,-0.2961934314335871
2024-03-04,1.0,MSFT,Microsoft earnings,-0.2961934314335871
2024-03-11,1.0,MSFT,Microsoft earnings,-0.2961934314335871
2024-03-18,1.0,MSFT,Microsoft earnings,-0.2961934314335871
2024-03-25,1.0,MSFT,Microsoft earnings,-0.2961934314335871
2024-04-01,1.0,MSFT,Microsoft earnings,-0.2961934314335871
2024-04-08,1.0,MSFT,Microsoft earnings,-0.2961934314335871
2024-04-15,1.0,MSFT,Microsoft earnings,-0.2961934314335871
2024-04-22,8.0,MSFT,Microsoft earnings,0.5026576762858228
2024-04-29,2.0,MSFT,Microsoft earnings,-0.18207184461652853
2024-05-06,1.0,MSFT,Microsoft earnings,-0.2961934314335871
2024-05-13,1.0,MSFT,Microsoft earnings,-0.2961934314335871
2024-05-20,1.0,MSFT,Microsoft earnings,-0.2961934314335871
2024-05-27,1.0,MSFT,Microsoft earnings,-0.2961934314335871
2024-06-03,1.0,MSFT,Microsoft earnings,-0.2961934314335871
2024-06-10,1.0,MSFT,Microsoft earnings,-0.2961934314335871
2024-06-17,1.0,MSFT,Microsoft earnings,-0.2961934314335871
2024-06-24,1.0,MSFT,Microsoft earnings,-0.2961934314335871
2024-07-01,1.0,MSFT,Microsoft earnings,-0.2961934314335871
2024-07-08,1.0,MSFT,Microsoft earnings,-0.2961934314335871
2024-07-15,2.0,MSFT,Microsoft earnings,-0.18207184461652853
2024-07-22,3.0,MSFT,Microsoft earnings,-0.06795025779946998
2024-07-29,12.0,MSFT,Microsoft earnings,0.959144023554057
2024-08-05,1.0,MSFT,Microsoft earnings,-0.2961934314335871
2024-08-12,1.0,MSFT,Microsoft earnings,-0.2961934314335871
2024-08-19,1.0,MSFT,Microsoft earnings,-0.2961934314335871
2024-08-26,1.0,MSFT,Microsoft earnings,-0.2961934314335871
2024-09-02,1.0,MSFT,Microsoft earnings,-0.2961934314335871
2024-09-09,1.0,MSFT,Microsoft earnings,-0.2961934314335871
2024-09-16,1.0,MSFT,Microsoft earnings,-0.2961934314335871
2024-09-23,1.0,MSFT,Microsoft earnings,-0.2961934314335871
2024-09-30,1.0,MSFT,Microsoft earnings,-0.2961934314335871
2024-10-07,1.0,MSFT,Microsoft earnings,-0.2961934314335871
2024-10-14,1.0,MSFT,Microsoft earnings,-0.2961934314335871
2024-10-21,2.0,MSFT,Microsoft earnings,-0.18207184461652853
2024-10-28,8.0,MSFT,Microsoft earnings,0.5026576762858228
2024-11-04,1.0,MSFT,Microsoft earnings,-0.2961934314335871
2024-11-11,1.0,MSFT,Microsoft earnings,-0.2961934314335871
2024-11-18,1.0,MSFT,Microsoft earnings,-0.2961934314335871
2024-11-25,1.0,MSFT,Microsoft earnings,-0.2961934314335871
2024-12-02,1.0,MSFT,Microsoft earnings,-0.2961934314335871
2024-12-09,1.0,MSFT,Microsoft earnings,-0.2961934314335871
2024-12-16,1.0,MSFT,Microsoft earnings,-0.2961934314335871
2024-12-23,1.0,MSFT,Microsoft earnings,-0.2961934314335871
2024-12-30,1.0,MSFT,Microsoft earnings,-0.2961934314335871
2025-01-06,1.0,MSFT,Microsoft earnings,-0.2961934314335871
2025-01-13,1.0,MSFT,Microsoft earnings,-0.2961934314335871
2025-01-20,1.0,MSFT,Microsoft earnings,-0.2961934314335871
2025-01-27,9.0,MSFT,Microsoft earnings,0.6167792631028813
2025-02-03,2.0,MSFT,Microsoft earnings,-0.18207184461652853
2025-02-10,1.0,MSFT,Microsoft earnings,-0.2961934314335871
2025-02-17,1.0,MSFT,Microsoft earnings,-0.2961934314335871
2025-02-24,1.0,MSFT,Microsoft earnings,-0.2961934314335871
2025-03-03,1.0,MSFT,Microsoft earnings,-0.2961934314335871
2025-03-10,1.0,MSFT,Microsoft earnings,-0.2961934314335871
2025-03-17,1.0,MSFT,Microsoft earnings,-0.2961934314335871
2025-03-24,1.0,MSFT,Microsoft earnings,-0.2961934314335871
2025-03-31,1.0,MSFT,Microsoft earnings,-0.2961934314335871
2025-04-07,1.0,MSFT,Microsoft earnings,-0.2961934314335871
2025-04-14,1.0,MSFT,Microsoft earnings,-0.2961934314335871
2025-04-21,1.0,MSFT,Microsoft earnings,-0.2961934314335871
2025-04-28,8.0,MSFT,Microsoft earnings,0.5026576762858228
2025-05-05,1.0,MSFT,Microsoft earnings,-0.2961934314335871
2025-05-12,1.0,MSFT,Microsoft earnings,-0.2961934314335871
2025-05-19,1.0,MSFT,Microsoft earnings,-0.2961934314335871
2025-05-26,1.0,MSFT,Microsoft earnings,-0.2961934314335871
2025-06-02,1.0,MSFT,Microsoft earnings,-0.2961934314335871
2025-06-09,1.0,MSFT,Microsoft earnings,-0.2961934314335871
2025-06-16,1.0,MSFT,Microsoft earnings,-0.2961934314335871
2025-06-23,1.0,MSFT,Microsoft earnings,-0.2961934314335871
2025-06-30,1.0,MSFT,Microsoft earnings,-0.2961934314335871
2025-07-07,2.0,MSFT,Microsoft earnings,-0.18207184461652853
2025-07-14,3.0,MSFT,Microsoft earnings,-0.06795025779946998
2025-07-21,6.0,MSFT,Microsoft earnings,0.27441450265170575
2025-07-28,23.0,MSFT,Microsoft earnings,2.2144814785417015
2025-08-04,22.0,MSFT,Microsoft earnings,2.1003598917246427
2025-08-11,37.0,MSFT,Microsoft earnings,3.812183693980521
2025-08-18,26.0,MSFT,Microsoft earnings,2.556846238992877
2025-08-25,24.0,MSFT,Microsoft earnings,2.32860306535876
2025-09-01,19.0,MSFT,Microsoft earnings,1.757995131273467
2025-09-08,21.0,MSFT,Microsoft earnings,1.9862383049075842
2025-09-15,18.0,MSFT,Microsoft earnings,1.6438735444564085
2025-09-22,22.0,MSFT,Microsoft earnings,2.1003598917246427
2025-09-29,20.0,MSFT,Microsoft earnings,1.8721167180905256
2025-10-06,19.0,MSFT,Microsoft earnings,1.757995131273467
2025-10-13,20.0,MSFT,Microsoft earnings,1.8721167180905256
2025-10-20,43.0,MSFT,Microsoft earnings,4.4969132148828725
2025-10-27,100.0,MSFT,Microsoft earnings,11.001843663455212
2025-11-03,37.0,MSFT,Microsoft earnings,3.812183693980521
2025-11-10,21.0,MSFT,Microsoft earnings,1.9862383049075842
2025-11-17,30.0,MSFT,Microsoft earnings,3.0133325862611113
2025-11-24,22.0,MSFT,Microsoft earnings,2.1003598917246427
2025-12-01,21.0,MSFT,Microsoft earnings,1.9862383049075842
2025-12-08,6.0,MSFT,Microsoft earnings,0.27441450265170575
2025-12-15,4.0,MSFT,Microsoft earnings,0.046171329017588594
2025-12-22,3.0,MSFT,Microsoft earnings,-0.06795025779946998
2020-12-21,0.0,MSFT,Microsoft earnings date,-0.3702100320331743
2020-12-28,0.0,MSFT,Microsoft earnings date,-0.3702100320331743
2021-01-04,0.0,MSFT,Microsoft earnings date,-0.3702100320331743
2021-01-11,2.0,MSFT,Microsoft earnings date,-0.1777595788730718
2021-01-18,4.0,MSFT,Microsoft earnings date,0.014690874287030708
2021-01-25,8.0,MSFT,Microsoft earnings date,0.3995917806072357
2021-02-01,2.0,MSFT,Microsoft earnings date,-0.1777595788730718
2021-02-08,0.0,MSFT,Microsoft earnings date,-0.3702100320331743
2021-02-15,0.0,MSFT,Microsoft earnings date,-0.3702100320331743
2021-02-22,0.0,MSFT,Microsoft earnings date,-0.3702100320331743
2021-03-01,0.0,MSFT,Microsoft earnings date,-0.3702100320331743
2021-03-08,0.0,MSFT,Microsoft earnings date,-0.3702100320331743
2021-03-15,0.0,MSFT,Microsoft earnings date,-0.3702100320331743
2021-03-22,0.0,MSFT,Microsoft earnings date,-0.3702100320331743
2021-03-29,0.0,MSFT,Microsoft earnings date,-0.3702100320331743
2021-04-05,1.0,MSFT,Microsoft earnings date,-0.27398480545312304
2021-04-12,1.0,MSFT,Microsoft earnings date,-0.27398480545312304
2021-04-19,2.0,MSFT,Microsoft earnings date,-0.1777595788730718
2021-04-26,5.0,MSFT,Microsoft earnings date,0.11091610086708197
2021-05-03,0.0,MSFT,Microsoft earnings date,-0.3702100320331743
2021-05-10,0.0,MSFT,Microsoft earnings date,-0.3702100320331743
2021-05-17,0.0,MSFT,Microsoft earnings date,-0.3702100320331743
2021-05-24,0.0,MSFT,Microsoft earnings date,-0.3702100320331743
2021-05-31,0.0,MSFT,Microsoft earnings date,-0.3702100320331743
2021-06-07,0.0,MSFT,Microsoft earnings date,-0.3702100320331743
2021-06-14,0.0,MSFT,Microsoft earnings date,-0.3702100320331743
2021-06-21,0.0,MSFT,Microsoft earnings date,-0.3702100320331743
2021-06-28,1.0,MSFT,Microsoft earnings date,-0.27398480545312304
2021-07-05,1.0,MSFT,Microsoft earnings date,-0.27398480545312304
2021-07-12,1.0,MSFT,Microsoft earnings date,-0.27398480545312304
2021-07-19,3.0,MSFT,Microsoft earnings date,-0.08153435229302054
2021-07-26,4.0,MSFT,Microsoft earnings date,0.014690874287030708
2021-08-02,1.0,MSFT,Microsoft earnings date,-0.27398480545312304
2021-08-09,0.0,MSFT,Microsoft earnings date,-0.3702100320331743
2021-08-16,0.0,MSFT,Microsoft earnings date,-0.3702100320331743
2021-08-23,0.0,MSFT,Microsoft earnings date,-0.3702100320331743
2021-08-30,0.0,MSFT,Microsoft earnings date,-0.3702100320331743
2021-09-06,0.0,MSFT,Microsoft earnings date,-0.3702100320331743
2021-09-13,0.0,MSFT,Microsoft earnings date,-0.3702100320331743
2021-09-20,0.0,MSFT,Microsoft earnings date,-0.3702100320331743
2021-09-27,0.0,MSFT,Microsoft earnings date,-0.3702100320331743
2021-10-04,1.0,MSFT,Microsoft earnings date,-0.27398480545312304
2021-10-11,1.0,MSFT,Microsoft earnings date,-0.27398480545312304
2021-10-18,2.0,MSFT,Microsoft earnings date,-0.1777595788730718
2021-10-25,4.0,MSFT,Microsoft earnings date,0.014690874287030708
2021-11-01,0.0,MSFT,Microsoft earnings date,-0.3702100320331743
2021-11-08,0.0,MSFT,Microsoft earnings date,-0.3702100320331743
2021-11-15,0.0,MSFT,Microsoft earnings date,-0.3702100320331743
2021-11-22,0.0,MSFT,Microsoft earnings date,-0.3702100320331743
2021-11-29,0.0,MSFT,Microsoft earnings date,-0.3702100320331743
2021-12-06,0.0,MSFT,Microsoft earnings date,-0.3702100320331743
2021-12-13,0.0,MSFT,Microsoft earnings date,-0.3702100320331743
2021-12-20,0.0,MSFT,Microsoft earnings date,-0.3702100320331743
2021-12-27,0.0,MSFT,Microsoft earnings date,-0.3702100320331743
2022-01-03,0.0,MSFT,Microsoft earnings date,-0.3702100320331743
2022-01-10,2.0,MSFT,Microsoft earnings date,-0.1777595788730718
2022-01-17,3.0,MSFT,Microsoft earnings date,-0.08153435229302054
2022-01-24,11.0,MSFT,Microsoft earnings date,0.6882674603473895
2022-01-31,2.0,MSFT,Microsoft earnings date,-0.1777595788730718
2022-02-07,1.0,MSFT,Microsoft earnings date,-0.27398480545312304
2022-02-14,0.0,MSFT,Microsoft earnings date,-0.3702100320331743
2022-02-21,1.0,MSFT,Microsoft earnings date,-0.27398480545312304
2022-02-28,0.0,MSFT,Microsoft earnings date,-0.3702100320331743
2022-03-07,0.0,MSFT,Microsoft earnings date,-0.3702100320331743
2022-03-14,0.0,MSFT,Microsoft earnings date,-0.3702100320331743
2022-03-21,0.0,MSFT,Microsoft earnings date,-0.3702100320331743
2022-03-28,1.0,MSFT,Microsoft earnings date,-0.27398480545312304
2022-04-04,1.0,MSFT,Microsoft earnings date,-0.27398480545312304
2022-04-11,1.0,MSFT,Microsoft earnings date,-0.27398480545312304
2022-04-18,3.0,MSFT,Microsoft earnings date,-0.08153435229302054
2022-04-25,7.0,MSFT,Microsoft earnings date,0.3033665540271845
2022-05-02,1.0,MSFT,Microsoft earnings date,-0.27398480545312304
2022-05-09,1.0,MSFT,Microsoft earnings date,-0.27398480545312304
2022-05-16,0.0,MSFT,Microsoft earnings date,-0.3702100320331743
2022-05-23,0.0,MSFT,Microsoft earnings date,-0.3702100320331743
2022-05-30,0.0,MSFT,Microsoft earnings date,-0.3702100320331743
2022-06-06,0.0,MSFT,Microsoft earnings date,-0.3702100320331743
2022-06-13,0.0,MSFT,Microsoft earnings date,-0.3702100320331743
2022-06-20,1.0,MSFT,Microsoft earnings date,-0.27398480545312304
2022-06-27,0.0,MSFT,Microsoft earnings date,-0.3702100320331743
2022-07-04,0.0,MSFT,Microsoft earnings date,-0.3702100320331743
2022-07-11,1.0,MSFT,Microsoft earnings date,-0.27398480545312304
2022-07-18,2.0,MSFT,Microsoft earnings date,-0.1777595788730718
2022-07-25,6.0,MSFT,Microsoft earnings date,0.2071413274471332
2022-08-01,1.0,MSFT,Microsoft earnings date,-0.27398480545312304
2022-08-08,1.0,MSFT,Microsoft earnings date,-0.27398480545312304
2022-08-15,0.0,MSFT,Microsoft earnings date,-0.3702100320331743
2022-08-22,0.0,MSFT,Microsoft earnings date,-0.3702100320331743
2022-08-29,0.0,MSFT,Microsoft earnings date,-0.3702100320331743
2022-09-05,1.0,MSFT,Microsoft earnings date,-0.27398480545312304
2022-09-12,0.0,MSFT,Microsoft earnings date,-0.3702100320331743
2022-09-19,0.0,MSFT,Microsoft earnings date,-0.3702100320331743
2022-09-26,0.0,MSFT,Microsoft earnings date,-0.3702100320331743
2022-10-03,1.0,MSFT,Microsoft earnings date,-0.27398480545312304
2022-10-10,1.0,MSFT,Microsoft earnings date,-0.27398480545312304
2022-10-17,3.0,MSFT,Microsoft earnings date,-0.08153435229302054
2022-10-24,5.0,MSFT,Microsoft earnings date,0.11091610086708197
2022-10-31,0.0,MSFT,Microsoft earnings date,-0.3702100320331743
2022-11-07,0.0,MSFT,Microsoft earnings date,-0.3702100320331743
2022-11-14,0.0,MSFT,Microsoft earnings date,-0.3702100320331743
2022-11-21,0.0,MSFT,Microsoft earnings date,-0.3702100320331743
2022-11-28,0.0,MSFT,Microsoft earnings date,-0.3702100320331743
2022-12-05,0.0,MSFT,Microsoft earnings date,-0.3702100320331743
2022-12-12,0.0,MSFT,Microsoft earnings date,-0.3702100320331743
2022-12-19,0.0,MSFT,Microsoft earnings date,-0.3702100320331743
2022-12-26,0.0,MSFT,Microsoft earnings date,-0.3702100320331743
2023-01-02,0.0,MSFT,Microsoft earnings date,-0.3702100320331743
2023-01-09,2.0,MSFT,Microsoft earnings date,-0.1777595788730718
2023-01-16,2.0,MSFT,Microsoft earnings date,-0.1777595788730718
2023-01-23,7.0,MSFT,Microsoft earnings date,0.3033665540271845
2023-01-30,2.0,MSFT,Microsoft earnings date,-0.1777595788730718
2023-02-06,1.0,MSFT,Microsoft earnings date,-0.27398480545312304
2023-02-13,0.0,MSFT,Microsoft earnings date,-0.3702100320331743
2023-02-20,0.0,MSFT,Microsoft earnings date,-0.3702100320331743
2023-02-27,0.0,MSFT,Microsoft earnings date,-0.3702100320331743
2023-03-06,0.0,MSFT,Microsoft earnings date,-0.3702100320331743
2023-03-13,0.0,MSFT,Microsoft earnings date,-0.3702100320331743
2023-03-20,0.0,MSFT,Microsoft earnings date,-0.3702100320331743
2023-03-27,1.0,MSFT,Microsoft earnings date,-0.27398480545312304
2023-04-03,0.0,MSFT,Microsoft earnings date,-0.3702100320331743
2023-04-10,2.0,MSFT,Microsoft earnings date,-0.1777595788730718
2023-04-17,2.0,MSFT,Microsoft earnings date,-0.1777595788730718
2023-04-24,6.0,MSFT,Microsoft earnings date,0.2071413274471332
2023-05-01,1.0,MSFT,Microsoft earnings date,-0.27398480545312304
2023-05-08,1.0,MSFT,Microsoft earnings date,-0.27398480545312304
2023-05-15,1.0,MSFT,Microsoft earnings date,-0.27398480545312304
2023-05-22,1.0,MSFT,Microsoft earnings date,-0.27398480545312304
2023-05-29,1.0,MSFT,Microsoft earnings date,-0.27398480545312304
2023-06-05,0.0,MSFT,Microsoft earnings date,-0.3702100320331743
2023-06-12,1.0,MSFT,Microsoft earnings date,-0.27398480545312304
2023-06-19,0.0,MSFT,Microsoft earnings date,-0.3702100320331743
2023-06-26,1.0,MSFT,Microsoft earnings date,-0.27398480545312304
2023-07-03,1.0,MSFT,Microsoft earnings date,-0.27398480545312304
2023-07-10,2.0,MSFT,Microsoft earnings date,-0.1777595788730718
2023-07-17,4.0,MSFT,Microsoft earnings date,0.014690874287030708
2023-07-24,6.0,MSFT,Microsoft earnings date,0.2071413274471332
2023-07-31,2.0,MSFT,Microsoft earnings date,-0.1777595788730718
2023-08-07,0.0,MSFT,Microsoft earnings date,-0.3702100320331743
2023-08-14,0.0,MSFT,Microsoft earnings date,-0.3702100320331743
2023-08-21,1.0,MSFT,Microsoft earnings date,-0.27398480545312304
2023-08-28,0.0,MSFT,Microsoft earnings date,-0.3702100320331743
2023-09-04,1.0,MSFT,Microsoft earnings date,-0.27398480545312304
2023-09-11,0.0,MSFT,Microsoft earnings date,-0.3702100320331743
2023-09-18,0.0,MSFT,Microsoft earnings date,-0.3702100320331743
2023-09-25,1.0,MSFT,Microsoft earnings date,-0.27398480545312304
2023-10-02,0.0,MSFT,Microsoft earnings date,-0.3702100320331743
2023-10-09,1.0,MSFT,Microsoft earnings date,-0.27398480545312304
2023-10-16,2.0,MSFT,Microsoft earnings date,-0.1777595788730718
2023-10-23,4.0,MSFT,Microsoft earnings date,0.014690874287030708
2023-10-30,1.0,MSFT,Microsoft earnings date,-0.27398480545312304
2023-11-06,1.0,MSFT,Microsoft earnings date,-0.27398480545312304
2023-11-13,0.0,MSFT,Microsoft earnings date,-0.3702100320331743
2023-11-20,0.0,MSFT,Microsoft earnings date,-0.3702100320331743
2023-11-27,0.0,MSFT,Microsoft earnings date,-0.3702100320331743
2023-12-04,0.0,MSFT,Microsoft earnings date,-0.3702100320331743
2023-12-11,0.0,MSFT,Microsoft earnings date,-0.3702100320331743
2023-12-18,0.0,MSFT,Microsoft earnings date,-0.3702100320331743
2023-12-25,0.0,MSFT,Microsoft earnings date,-0.3702100320331743
2024-01-01,0.0,MSFT,Microsoft earnings date,-0.3702100320331743
2024-01-08,2.0,MSFT,Microsoft earnings date,-0.1777595788730718
2024-01-15,3.0,MSFT,Microsoft earnings date,-0.08153435229302054
2024-01-22,7.0,MSFT,Microsoft earnings date,0.3033665540271845
2024-01-29,8.0,MSFT,Microsoft earnings date,0.3995917806072357
2024-02-05,1.0,MSFT,Microsoft earnings date,-0.27398480545312304
2024-02-12,1.0,MSFT,Microsoft earnings date,-0.27398480545312304
2024-02-19,1.0,MSFT,Microsoft earnings date,-0.27398480545312304
2024-02-26,1.0,MSFT,Microsoft earnings date,-0.27398480545312304
2024-03-04,1.0,MSFT,Microsoft earnings date,-0.27398480545312304
2024-03-11,1.0,MSFT,Microsoft earnings date,-0.27398480545312304
2024-03-18,0.0,MSFT,Microsoft earnings date,-0.3702100320331743
2024-03-25,1.0,MSFT,Microsoft earnings date,-0.27398480545312304
2024-04-01,1.0,MSFT,Microsoft earnings date,-0.27398480545312304
2024-04-08,2.0,MSFT,Microsoft earnings date,-0.1777595788730718
2024-04-15,2.0,MSFT,Microsoft earnings date,-0.1777595788730718
2024-04-22,10.0,MSFT,Microsoft earnings date,0.5920422337673382
2024-04-29,3.0,MSFT,Microsoft earnings date,-0.08153435229302054
2024-05-06,1.0,MSFT,Microsoft earnings date,-0.27398480545312304
2024-05-13,0.0,MSFT,Microsoft earnings date,-0.3702100320331743
2024-05-20,1.0,MSFT,Microsoft earnings date,-0.27398480545312304
2024-05-27,2.0,MSFT,Microsoft earnings date,-0.1777595788730718
2024-06-03,1.0,MSFT,Microsoft earnings date,-0.27398480545312304
2024-06-10,1.0,MSFT,Microsoft earnings date,-0.27398480545312304
2024-06-17,1.0,MSFT,Microsoft earnings date,-0.27398480545312304
2024-06-24,1.0,MSFT,Microsoft earnings date,-0.27398480545312304
2024-07-01,1.0,MSFT,Microsoft earnings date,-0.27398480545312304
2024-07-08,3.0,MSFT,Microsoft earnings date,-0.08153435229302054
2024-07-15,4.0,MSFT,Microsoft earnings date,0.014690874287030708
2024-07-22,7.0,MSFT,Microsoft earnings date,0.3033665540271845
2024-07-29,11.0,MSFT,Microsoft earnings date,0.6882674603473895
2024-08-05,1.0,MSFT,Microsoft earnings date,-0.27398480545312304
2024-08-12,1.0,MSFT,Microsoft earnings date,-0.27398480545312304
2024-08-19,1.0,MSFT,Microsoft earnings date,-0.27398480545312304
2024-08-26,0.0,MSFT,Microsoft earnings date,-0.3702100320331743
2024-09-02,0.0,MSFT,Microsoft earnings date,-0.3702100320331743
2024-09-09,0.0,MSFT,Microsoft earnings date,-0.3702100320331743
2024-09-16,0.0,MSFT,Microsoft earnings date,-0.3702100320331743
2024-09-23,0.0,MSFT,Microsoft earnings date,-0.3702100320331743
2024-09-30,1.0,MSFT,Microsoft earnings date,-0.27398480545312304
2024-10-07,1.0,MSFT,Microsoft earnings date,-0.27398480545312304
2024-10-14,3.0,MSFT,Microsoft earnings date,-0.08153435229302054
2024-10-21,5.0,MSFT,Microsoft earnings date,0.11091610086708197
2024-10-28,10.0,MSFT,Microsoft earnings date,0.5920422337673382
2024-11-04,0.0,MSFT,Microsoft earnings date,-0.3702100320331743
2024-11-11,0.0,MSFT,Microsoft earnings date,-0.3702100320331743
2024-11-18,0.0,MSFT,Microsoft earnings date,-0.3702100320331743
2024-11-25,0.0,MSFT,Microsoft earnings date,-0.3702100320331743
2024-12-02,0.0,MSFT,Microsoft earnings date,-0.3702100320331743
2024-12-09,0.0,MSFT,Microsoft earnings date,-0.3702100320331743
2024-12-16,0.0,MSFT,Microsoft earnings date,-0.3702100320331743
2024-12-23,0.0,MSFT,Microsoft earnings date,-0.3702100320331743
2024-12-30,0.0,MSFT,Microsoft earnings date,-0.3702100320331743
2025-01-06,1.0,MSFT,Microsoft earnings date,-0.27398480545312304
2025-01-13,3.0,MSFT,Microsoft earnings date,-0.08153435229302054
2025-01-20,4.0,MSFT,Microsoft earnings date,0.014690874287030708
2025-01-27,9.0,MSFT,Microsoft earnings date,0.495817007187287
2025-02-03,2.0,MSFT,Microsoft earnings date,-0.1777595788730718
2025-02-10,1.0,MSFT,Microsoft earnings date,-0.27398480545312304
2025-02-17,1.0,MSFT,Microsoft earnings date,-0.27398480545312304
2025-02-24,1.0,MSFT,Microsoft earnings date,-0.27398480545312304
2025-03-03,0.0,MSFT,Microsoft earnings date,-0.3702100320331743
2025-03-10,0.0,MSFT,Microsoft earnings date,-0.3702100320331743
2025-03-17,0.0,MSFT,Microsoft earnings date,-0.3702100320331743
2025-03-24,1.0,MSFT,Microsoft earnings date,-0.27398480545312304
2025-03-31,0.0,MSFT,Microsoft earnings date,-0.3702100320331743
2025-04-07,0.0,MSFT,Microsoft earnings date,-0.3702100320331743
2025-04-14,0.0,MSFT,Microsoft earnings date,-0.3702100320331743
2025-04-21,3.0,MSFT,Microsoft earnings date,-0.08153435229302054
2025-04-28,6.0,MSFT,Microsoft earnings date,0.2071413274471332
2025-05-05,0.0,MSFT,Microsoft earnings date,-0.3702100320331743
2025-05-12,1.0,MSFT,Microsoft earnings date,-0.27398480545312304
2025-05-19,0.0,MSFT,Microsoft earnings date,-0.3702100320331743
2025-05-26,0.0,MSFT,Microsoft earnings date,-0.3702100320331743
2025-06-02,0.0,MSFT,Microsoft earnings date,-0.3702100320331743
2025-06-09,1.0,MSFT,Microsoft earnings date,-0.27398480545312304
2025-06-16,0.0,MSFT,Microsoft earnings date,-0.3702100320331743
2025-06-23,1.0,MSFT,Microsoft earnings date,-0.27398480545312304
2025-06-30,1.0,MSFT,Microsoft earnings date,-0.27398480545312304
2025-07-07,2.0,MSFT,Microsoft earnings date,-0.1777595788730718
2025-07-14,5.0,MSFT,Microsoft earnings date,0.11091610086708197
2025-07-21,11.0,MSFT,Microsoft earnings date,0.6882674603473895
2025-07-28,30.0,MSFT,Microsoft earnings date,2.5165467653683633
2025-08-04,31.0,MSFT,Microsoft earnings date,2.6127719919484145
2025-08-11,53.0,MSFT,Microsoft earnings date,4.729726976709543
2025-08-18,36.0,MSFT,Microsoft earnings date,3.093898124848671
2025-08-25,41.0,MSFT,Microsoft earnings date,3.5750242577489275
2025-09-01,27.0,MSFT,Microsoft earnings date,2.22787108562821
2025-09-08,31.0,MSFT,Microsoft earnings date,2.6127719919484145
2025-09-15,22.0,MSFT,Microsoft earnings date,1.7467449527279533
2025-09-22,28.0,MSFT,Microsoft earnings date,2.324096312208261
2025-09-29,27.0,MSFT,Microsoft earnings date,2.22787108562821
2025-10-06,28.0,MSFT,Microsoft earnings date,2.324096312208261
2025-10-13,39.0,MSFT,Microsoft earnings date,3.382573804588825
2025-10-20,60.0,MSFT,Microsoft earnings date,5.403303562769901
2025-10-27,100.0,MSFT,Microsoft earnings date,9.252312625971951
2025-11-03,33.0,MSFT,Microsoft earnings date,2.8052224451085173
2025-11-10,25.0,MSFT,Microsoft earnings date,2.035420632468107
2025-11-17,29.0,MSFT,Microsoft earnings date,2.420321538788312
2025-11-24,19.0,MSFT,Microsoft earnings date,1.4580692729877995
2025-12-01,20.0,MSFT,Microsoft earnings date,1.5542944995678507
2025-12-08,6.0,MSFT,Microsoft earnings date,0.2071413274471332
2025-12-15,3.0,MSFT,Microsoft earnings date,-0.08153435229302054
2025-12-22,3.0,MSFT,Microsoft earnings date,-0.08153435229302054
2020-12-21,9.0,MSFT,Microsoft stock,-0.35639792804842135
2020-12-28,8.0,MSFT,Microsoft stock,-0.4388129829016309
2021-01-04,11.0,MSFT,Microsoft stock,-0.19156781834200232
2021-01-11,10.0,MSFT,Microsoft stock,-0.27398287319521186
2021-01-18,12.0,MSFT,Microsoft stock,-0.10915276348879278
2021-01-25,23.0,MSFT,Microsoft stock,0.797412839896512
2021-02-01,17.0,MSFT,Microsoft stock,0.3029225107772549
2021-02-08,13.0,MSFT,Microsoft stock,-0.026737708635583248
2021-02-15,10.0,MSFT,Microsoft stock,-0.27398287319521186
2021-02-22,12.0,MSFT,Microsoft stock,-0.10915276348879278
2021-03-01,13.0,MSFT,Microsoft stock,-0.026737708635583248
2021-03-08,13.0,MSFT,Microsoft stock,-0.026737708635583248
2021-03-15,11.0,MSFT,Microsoft stock,-0.19156781834200232
2021-03-22,11.0,MSFT,Microsoft stock,-0.19156781834200232
2021-03-29,10.0,MSFT,Microsoft stock,-0.27398287319521186
2021-04-05,12.0,MSFT,Microsoft stock,-0.10915276348879278
2021-04-12,13.0,MSFT,Microsoft stock,-0.026737708635583248
2021-04-19,10.0,MSFT,Microsoft stock,-0.27398287319521186
2021-04-26,15.0,MSFT,Microsoft stock,0.1380924010708358
2021-05-03,12.0,MSFT,Microsoft stock,-0.10915276348879278
2021-05-10,11.0,MSFT,Microsoft stock,-0.19156781834200232
2021-05-17,9.0,MSFT,Microsoft stock,-0.35639792804842135
2021-05-24,8.0,MSFT,Microsoft stock,-0.4388129829016309
2021-05-31,8.0,MSFT,Microsoft stock,-0.4388129829016309
2021-06-07,8.0,MSFT,Microsoft stock,-0.4388129829016309
2021-06-14,8.0,MSFT,Microsoft stock,-0.4388129829016309
2021-06-21,10.0,MSFT,Microsoft stock,-0.27398287319521186
2021-06-28,10.0,MSFT,Microsoft stock,-0.27398287319521186
2021-07-05,9.0,MSFT,Microsoft stock,-0.35639792804842135
2021-07-12,10.0,MSFT,Microsoft stock,-0.27398287319521186
2021-07-19,9.0,MSFT,Microsoft stock,-0.35639792804842135
2021-07-26,12.0,MSFT,Microsoft stock,-0.10915276348879278
2021-08-02,8.0,MSFT,Microsoft stock,-0.4388129829016309
2021-08-09,8.0,MSFT,Microsoft stock,-0.4388129829016309
2021-08-16,10.0,MSFT,Microsoft stock,-0.27398287319521186
2021-08-23,9.0,MSFT,Microsoft stock,-0.35639792804842135
2021-08-30,9.0,MSFT,Microsoft stock,-0.35639792804842135
2021-09-06,7.0,MSFT,Microsoft stock,-0.5212280377548404
2021-09-13,9.0,MSFT,Microsoft stock,-0.35639792804842135
2021-09-20,9.0,MSFT,Microsoft stock,-0.35639792804842135
2021-09-27,8.0,MSFT,Microsoft stock,-0.4388129829016309
2021-10-04,9.0,MSFT,Microsoft stock,-0.35639792804842135
2021-10-11,8.0,MSFT,Microsoft stock,-0.4388129829016309
2021-10-18,9.0,MSFT,Microsoft stock,-0.35639792804842135
2021-10-25,16.0,MSFT,Microsoft stock,0.22050745592404536
2021-11-01,14.0,MSFT,Microsoft stock,0.05567734621762628
2021-11-08,12.0,MSFT,Microsoft stock,-0.10915276348879278
2021-11-15,12.0,MSFT,Microsoft stock,-0.10915276348879278
2021-11-22,9.0,MSFT,Microsoft stock,-0.35639792804842135
2021-11-29,13.0,MSFT,Microsoft stock,-0.026737708635583248
2021-12-06,12.0,MSFT,Microsoft stock,-0.10915276348879278
2021-12-13,11.0,MSFT,Microsoft stock,-0.19156781834200232
2021-12-20,9.0,MSFT,Microsoft stock,-0.35639792804842135
2021-12-27,10.0,MSFT,Microsoft stock,-0.27398287319521186
2022-01-03,12.0,MSFT,Microsoft stock,-0.10915276348879278
2022-01-10,11.0,MSFT,Microsoft stock,-0.19156781834200232
2022-01-17,22.0,MSFT,Microsoft stock,0.7149977850433026
2022-01-24,27.0,MSFT,Microsoft stock,1.12707305930935
2022-01-31,16.0,MSFT,Microsoft stock,0.22050745592404536
2022-02-07,13.0,MSFT,Microsoft stock,-0.026737708635583248
2022-02-14,13.0,MSFT,Microsoft stock,-0.026737708635583248
2022-02-21,13.0,MSFT,Microsoft stock,-0.026737708635583248
2022-02-28,11.0,MSFT,Microsoft stock,-0.19156781834200232
2022-03-07,12.0,MSFT,Microsoft stock,-0.10915276348879278
2022-03-14,12.0,MSFT,Microsoft stock,-0.10915276348879278
2022-03-21,10.0,MSFT,Microsoft stock,-0.27398287319521186
2022-03-28,10.0,MSFT,Microsoft stock,-0.27398287319521186
2022-04-04,10.0,MSFT,Microsoft stock,-0.27398287319521186
2022-04-11,8.0,MSFT,Microsoft stock,-0.4388129829016309
2022-04-18,10.0,MSFT,Microsoft stock,-0.27398287319521186
2022-04-25,16.0,MSFT,Microsoft stock,0.22050745592404536
2022-05-02,12.0,MSFT,Microsoft stock,-0.10915276348879278
2022-05-09,15.0,MSFT,Microsoft stock,0.1380924010708358
2022-05-16,11.0,MSFT,Microsoft stock,-0.19156781834200232
2022-05-23,10.0,MSFT,Microsoft stock,-0.27398287319521186
2022-05-30,8.0,MSFT,Microsoft stock,-0.4388129829016309
2022-06-06,8.0,MSFT,Microsoft stock,-0.4388129829016309
2022-06-13,12.0,MSFT,Microsoft stock,-0.10915276348879278
2022-06-20,8.0,MSFT,Microsoft stock,-0.4388129829016309
2022-06-27,7.0,MSFT,Microsoft stock,-0.5212280377548404
2022-07-04,7.0,MSFT,Microsoft stock,-0.5212280377548404
2022-07-11,7.0,MSFT,Microsoft stock,-0.5212280377548404
2022-07-18,7.0,MSFT,Microsoft stock,-0.5212280377548404
2022-07-25,13.0,MSFT,Microsoft stock,-0.026737708635583248
2022-08-01,8.0,MSFT,Microsoft stock,-0.4388129829016309
2022-08-08,9.0,MSFT,Microsoft stock,-0.35639792804842135
2022-08-15,8.0,MSFT,Microsoft stock,-0.4388129829016309
2022-08-22,7.0,MSFT,Microsoft stock,-0.5212280377548404
2022-08-29,7.0,MSFT,Microsoft stock,-0.5212280377548404
2022-09-05,6.0,MSFT,Microsoft stock,-0.6036430926080499
2022-09-12,8.0,MSFT,Microsoft stock,-0.4388129829016309
2022-09-19,8.0,MSFT,Microsoft stock,-0.4388129829016309
2022-09-26,8.0,MSFT,Microsoft stock,-0.4388129829016309
2022-10-03,7.0,MSFT,Microsoft stock,-0.5212280377548404
2022-10-10,8.0,MSFT,Microsoft stock,-0.4388129829016309
2022-10-17,7.0,MSFT,Microsoft stock,-0.5212280377548404
2022-10-24,15.0,MSFT,Microsoft stock,0.1380924010708358
2022-10-31,10.0,MSFT,Microsoft stock,-0.27398287319521186
2022-11-07,10.0,MSFT,Microsoft stock,-0.27398287319521186
2022-11-14,8.0,MSFT,Microsoft stock,-0.4388129829016309
2022-11-21,6.0,MSFT,Microsoft stock,-0.6036430926080499
2022-11-28,6.0,MSFT,Microsoft stock,-0.6036430926080499
2022-12-05,6.0,MSFT,Microsoft stock,-0.6036430926080499
2022-12-12,7.0,MSFT,Microsoft stock,-0.5212280377548404
2022-12-19,6.0,MSFT,Microsoft stock,-0.6036430926080499
2022-12-26,6.0,MSFT,Microsoft stock,-0.6036430926080499
2023-01-02,8.0,MSFT,Microsoft stock,-0.4388129829016309
2023-01-09,9.0,MSFT,Microsoft stock,-0.35639792804842135
2023-01-16,9.0,MSFT,Microsoft stock,-0.35639792804842135
2023-01-23,17.0,MSFT,Microsoft stock,0.3029225107772549
2023-01-30,12.0,MSFT,Microsoft stock,-0.10915276348879278
2023-02-06,15.0,MSFT,Microsoft stock,0.1380924010708358
2023-02-13,12.0,MSFT,Microsoft stock,-0.10915276348879278
2023-02-20,8.0,MSFT,Microsoft stock,-0.4388129829016309
2023-02-27,7.0,MSFT,Microsoft stock,-0.5212280377548404
2023-03-06,7.0,MSFT,Microsoft stock,-0.5212280377548404
2023-03-13,11.0,MSFT,Microsoft stock,-0.19156781834200232
2023-03-20,11.0,MSFT,Microsoft stock,-0.19156781834200232
2023-03-27,9.0,MSFT,Microsoft stock,-0.35639792804842135
2023-04-03,8.0,MSFT,Microsoft stock,-0.4388129829016309
2023-04-10,8.0,MSFT,Microsoft stock,-0.4388129829016309
2023-04-17,8.0,MSFT,Microsoft stock,-0.4388129829016309
2023-04-24,16.0,MSFT,Microsoft stock,0.22050745592404536
2023-05-01,10.0,MSFT,Microsoft stock,-0.27398287319521186
2023-05-08,9.0,MSFT,Microsoft stock,-0.35639792804842135
2023-05-15,9.0,MSFT,Microsoft stock,-0.35639792804842135
2023-05-22,11.0,MSFT,Microsoft stock,-0.19156781834200232
2023-05-29,11.0,MSFT,Microsoft stock,-0.19156781834200232
2023-06-05,10.0,MSFT,Microsoft stock,-0.27398287319521186
2023-06-12,12.0,MSFT,Microsoft stock,-0.10915276348879278
2023-06-19,9.0,MSFT,Microsoft stock,-0.35639792804842135
2023-06-26,9.0,MSFT,Microsoft stock,-0.35639792804842135
2023-07-03,7.0,MSFT,Microsoft stock,-0.5212280377548404
2023-07-10,11.0,MSFT,Microsoft stock,-0.19156781834200232
2023-07-17,14.0,MSFT,Microsoft stock,0.05567734621762628
2023-07-24,16.0,MSFT,Microsoft stock,0.22050745592404536
2023-07-31,10.0,MSFT,Microsoft stock,-0.27398287319521186
2023-08-07,8.0,MSFT,Microsoft stock,-0.4388129829016309
2023-08-14,7.0,MSFT,Microsoft stock,-0.5212280377548404
2023-08-21,7.0,MSFT,Microsoft stock,-0.5212280377548404
2023-08-28,7.0,MSFT,Microsoft stock,-0.5212280377548404
2023-09-04,6.0,MSFT,Microsoft stock,-0.6036430926080499
2023-09-11,7.0,MSFT,Microsoft stock,-0.5212280377548404
2023-09-18,7.0,MSFT,Microsoft stock,-0.5212280377548404
2023-09-25,7.0,MSFT,Microsoft stock,-0.5212280377548404
2023-10-02,7.0,MSFT,Microsoft stock,-0.5212280377548404
2023-10-09,8.0,MSFT,Microsoft stock,-0.4388129829016309
2023-10-16,7.0,MSFT,Microsoft stock,-0.5212280377548404
2023-10-23,12.0,MSFT,Microsoft stock,-0.10915276348879278
2023-10-30,9.0,MSFT,Microsoft stock,-0.35639792804842135
2023-11-06,10.0,MSFT,Microsoft stock,-0.27398287319521186
2023-11-13,12.0,MSFT,Microsoft stock,-0.10915276348879278
2023-11-20,20.0,MSFT,Microsoft stock,0.5501676753368835
2023-11-27,11.0,MSFT,Microsoft stock,-0.19156781834200232
2023-12-04,11.0,MSFT,Microsoft stock,-0.19156781834200232
2023-12-11,11.0,MSFT,Microsoft stock,-0.19156781834200232
2023-12-18,9.0,MSFT,Microsoft stock,-0.35639792804842135
2023-12-25,7.0,MSFT,Microsoft stock,-0.5212280377548404
2024-01-01,7.0,MSFT,Microsoft stock,-0.5212280377548404
2024-01-08,11.0,MSFT,Microsoft stock,-0.19156781834200232
2024-01-15,11.0,MSFT,Microsoft stock,-0.19156781834200232
2024-01-22,15.0,MSFT,Microsoft stock,0.1380924010708358
2024-01-29,19.0,MSFT,Microsoft stock,0.46775262048367394
2024-02-05,15.0,MSFT,Microsoft stock,0.1380924010708358
2024-02-12,14.0,MSFT,Microsoft stock,0.05567734621762628
2024-02-19,13.0,MSFT,Microsoft stock,-0.026737708635583248
2024-02-26,12.0,MSFT,Microsoft stock,-0.10915276348879278
2024-03-04,13.0,MSFT,Microsoft stock,-0.026737708635583248
2024-03-11,12.0,MSFT,Microsoft stock,-0.10915276348879278
2024-03-18,13.0,MSFT,Microsoft stock,-0.026737708635583248
2024-03-25,9.0,MSFT,Microsoft stock,-0.35639792804842135
2024-04-01,10.0,MSFT,Microsoft stock,-0.27398287319521186
2024-04-08,9.0,MSFT,Microsoft stock,-0.35639792804842135
2024-04-15,10.0,MSFT,Microsoft stock,-0.27398287319521186
2024-04-22,15.0,MSFT,Microsoft stock,0.1380924010708358
2024-04-29,11.0,MSFT,Microsoft stock,-0.19156781834200232
2024-05-06,10.0,MSFT,Microsoft stock,-0.27398287319521186
2024-05-13,10.0,MSFT,Microsoft stock,-0.27398287319521186
2024-05-20,11.0,MSFT,Microsoft stock,-0.19156781834200232
2024-05-27,8.0,MSFT,Microsoft stock,-0.4388129829016309
2024-06-03,10.0,MSFT,Microsoft stock,-0.27398287319521186
2024-06-10,13.0,MSFT,Microsoft stock,-0.026737708635583248
2024-06-17,12.0,MSFT,Microsoft stock,-0.10915276348879278
2024-06-24,11.0,MSFT,Microsoft stock,-0.19156781834200232
2024-07-01,9.0,MSFT,Microsoft stock,-0.35639792804842135
2024-07-08,12.0,MSFT,Microsoft stock,-0.10915276348879278
2024-07-15,36.0,MSFT,Microsoft stock,1.8688085529882361
2024-07-22,17.0,MSFT,Microsoft stock,0.3029225107772549
2024-07-29,19.0,MSFT,Microsoft stock,0.46775262048367394
2024-08-05,18.0,MSFT,Microsoft stock,0.3853375656304644
2024-08-12,12.0,MSFT,Microsoft stock,-0.10915276348879278
2024-08-19,10.0,MSFT,Microsoft stock,-0.27398287319521186
2024-08-26,9.0,MSFT,Microsoft stock,-0.35639792804842135
2024-09-02,7.0,MSFT,Microsoft stock,-0.5212280377548404
2024-09-09,9.0,MSFT,Microsoft stock,-0.35639792804842135
2024-09-16,11.0,MSFT,Microsoft stock,-0.19156781834200232
2024-09-23,9.0,MSFT,Microsoft stock,-0.35639792804842135
2024-09-30,8.0,MSFT,Microsoft stock,-0.4388129829016309
2024-10-07,9.0,MSFT,Microsoft stock,-0.35639792804842135
2024-10-14,9.0,MSFT,Microsoft stock,-0.35639792804842135
2024-10-21,9.0,MSFT,Microsoft stock,-0.35639792804842135
2024-10-28,16.0,MSFT,Microsoft stock,0.22050745592404536
2024-11-04,14.0,MSFT,Microsoft stock,0.05567734621762628
2024-11-11,10.0,MSFT,Microsoft stock,-0.27398287319521186
2024-11-18,11.0,MSFT,Microsoft stock,-0.19156781834200232
2024-11-25,8.0,MSFT,Microsoft stock,-0.4388129829016309
2024-12-02,10.0,MSFT,Microsoft stock,-0.27398287319521186
2024-12-09,10.0,MSFT,Microsoft stock,-0.27398287319521186
2024-12-16,9.0,MSFT,Microsoft stock,-0.35639792804842135
2024-12-23,8.0,MSFT,Microsoft stock,-0.4388129829016309
2024-12-30,8.0,MSFT,Microsoft stock,-0.4388129829016309
2025-01-06,8.0,MSFT,Microsoft stock,-0.4388129829016309
2025-01-13,9.0,MSFT,Microsoft stock,-0.35639792804842135
2025-01-20,11.0,MSFT,Microsoft stock,-0.19156781834200232
2025-01-27,24.0,MSFT,Microsoft stock,0.8798278947497216
2025-02-03,13.0,MSFT,Microsoft stock,-0.026737708635583248
2025-02-10,10.0,MSFT,Microsoft stock,-0.27398287319521186
2025-02-17,13.0,MSFT,Microsoft stock,-0.026737708635583248
2025-02-24,14.0,MSFT,Microsoft stock,0.05567734621762628
2025-03-03,13.0,MSFT,Microsoft stock,-0.026737708635583248
2025-03-10,13.0,MSFT,Microsoft stock,-0.026737708635583248
2025-03-17,9.0,MSFT,Microsoft stock,-0.35639792804842135
2025-03-24,9.0,MSFT,Microsoft stock,-0.35639792804842135
2025-03-31,16.0,MSFT,Microsoft stock,0.22050745592404536
2025-04-07,22.0,MSFT,Microsoft stock,0.7149977850433026
2025-04-14,9.0,MSFT,Microsoft stock,-0.35639792804842135
2025-04-21,10.0,MSFT,Microsoft stock,-0.27398287319521186
2025-04-28,17.0,MSFT,Microsoft stock,0.3029225107772549
2025-05-05,11.0,MSFT,Microsoft stock,-0.19156781834200232
2025-05-12,13.0,MSFT,Microsoft stock,-0.026737708635583248
2025-05-19,9.0,MSFT,Microsoft stock,-0.35639792804842135
2025-05-26,8.0,MSFT,Microsoft stock,-0.4388129829016309
2025-06-02,10.0,MSFT,Microsoft stock,-0.27398287319521186
2025-06-09,11.0,MSFT,Microsoft stock,-0.19156781834200232
2025-06-16,9.0,MSFT,Microsoft stock,-0.35639792804842135
2025-06-23,12.0,MSFT,Microsoft stock,-0.10915276348879278
2025-06-30,11.0,MSFT,Microsoft stock,-0.19156781834200232
2025-07-07,11.0,MSFT,Microsoft stock,-0.19156781834200232
2025-07-14,12.0,MSFT,Microsoft stock,-0.10915276348879278
2025-07-21,14.0,MSFT,Microsoft stock,0.05567734621762628
2025-07-28,28.0,MSFT,Microsoft stock,1.2094881141625597
2025-08-04,29.0,MSFT,Microsoft stock,1.2919031690157692
2025-08-11,39.0,MSFT,Microsoft stock,2.1160537175478646
2025-08-18,35.0,MSFT,Microsoft stock,1.7863934981350267
2025-08-25,28.0,MSFT,Microsoft stock,1.2094881141625597
2025-09-01,26.0,MSFT,Microsoft stock,1.0446580044561407
2025-09-08,31.0,MSFT,Microsoft stock,1.4567332787221885
2025-09-15,25.0,MSFT,Microsoft stock,0.9622429496029311
2025-09-22,29.0,MSFT,Microsoft stock,1.2919031690157692
2025-09-29,29.0,MSFT,Microsoft stock,1.2919031690157692
2025-10-06,25.0,MSFT,Microsoft stock,0.9622429496029311
2025-10-13,24.0,MSFT,Microsoft stock,0.8798278947497216
2025-10-20,23.0,MSFT,Microsoft stock,0.797412839896512
2025-10-27,33.0,MSFT,Microsoft stock,1.6215633884286076
2025-11-03,56.0,MSFT,Microsoft stock,3.5171096500524266
2025-11-10,93.0,MSFT,Microsoft stock,6.566466679621179
2025-11-17,98.0,MSFT,Microsoft stock,6.978541953887227
2025-11-24,100.0,MSFT,Microsoft stock,7.143372063593646
2025-12-01,95.0,MSFT,Microsoft stock,6.731296789327598
2025-12-08,36.0,MSFT,Microsoft stock,1.8688085529882361
2025-12-15,15.0,MSFT,Microsoft stock,0.1380924010708358
2025-12-22,9.0,MSFT,Microsoft stock,-0.35639792804842135
2020-12-21,3.0,NVDA,NVDA,-0.9295038050299328
2020-12-28,3.0,NVDA,NVDA,-0.9295038050299328
2021-01-04,4.0,NVDA,NVDA,-0.8726839270742999
2021-01-11,4.0,NVDA,NVDA,-0.8726839270742999
2021-01-18,3.0,NVDA,NVDA,-0.9295038050299328
2021-01-25,3.0,NVDA,NVDA,-0.9295038050299328
2021-02-01,3.0,NVDA,NVDA,-0.9295038050299328
2021-02-08,5.0,NVDA,NVDA,-0.8158640491186671
2021-02-15,4.0,NVDA,NVDA,-0.8726839270742999
2021-02-22,6.0,NVDA,NVDA,-0.7590441711630342
2021-03-01,5.0,NVDA,NVDA,-0.8158640491186671
2021-03-08,4.0,NVDA,NVDA,-0.8726839270742999
2021-03-15,3.0,NVDA,NVDA,-0.9295038050299328
2021-03-22,3.0,NVDA,NVDA,-0.9295038050299328
2021-03-29,3.0,NVDA,NVDA,-0.9295038050299328
2021-04-05,3.0,NVDA,NVDA,-0.9295038050299328
2021-04-12,5.0,NVDA,NVDA,-0.8158640491186671
2021-04-19,4.0,NVDA,NVDA,-0.8726839270742999
2021-04-26,3.0,NVDA,NVDA,-0.9295038050299328
2021-05-03,3.0,NVDA,NVDA,-0.9295038050299328
2021-05-10,3.0,NVDA,NVDA,-0.9295038050299328
2021-05-17,4.0,NVDA,NVDA,-0.8726839270742999
2021-05-24,7.0,NVDA,NVDA,-0.7022242932074013
2021-05-31,5.0,NVDA,NVDA,-0.8158640491186671
2021-06-07,5.0,NVDA,NVDA,-0.8158640491186671
2021-06-14,6.0,NVDA,NVDA,-0.7590441711630342
2021-06-21,6.0,NVDA,NVDA,-0.7590441711630342
2021-06-28,7.0,NVDA,NVDA,-0.7022242932074013
2021-07-05,6.0,NVDA,NVDA,-0.7590441711630342
2021-07-12,7.0,NVDA,NVDA,-0.7022242932074013
2021-07-19,11.0,NVDA,NVDA,-0.47494478138486995
2021-07-26,6.0,NVDA,NVDA,-0.7590441711630342
2021-08-02,5.0,NVDA,NVDA,-0.8158640491186671
2021-08-09,5.0,NVDA,NVDA,-0.8158640491186671
2021-08-16,8.0,NVDA,NVDA,-0.6454044152517685
2021-08-23,8.0,NVDA,NVDA,-0.6454044152517685
2021-08-30,6.0,NVDA,NVDA,-0.7590441711630342
2021-09-06,4.0,NVDA,NVDA,-0.8726839270742999
2021-09-13,4.0,NVDA,NVDA,-0.8726839270742999
2021-09-20,4.0,NVDA,NVDA,-0.8726839270742999
2021-09-27,4.0,NVDA,NVDA,-0.8726839270742999
2021-10-04,5.0,NVDA,NVDA,-0.8158640491186671
2021-10-11,4.0,NVDA,NVDA,-0.8726839270742999
2021-10-18,4.0,NVDA,NVDA,-0.8726839270742999
2021-10-25,7.0,NVDA,NVDA,-0.7022242932074013
2021-11-01,11.0,NVDA,NVDA,-0.47494478138486995
2021-11-08,11.0,NVDA,NVDA,-0.47494478138486995
2021-11-15,15.0,NVDA,NVDA,-0.24766526956233856
2021-11-22,9.0,NVDA,NVDA,-0.5885845372961357
2021-11-29,10.0,NVDA,NVDA,-0.5317646593405028
2021-12-06,10.0,NVDA,NVDA,-0.5317646593405028
2021-12-13,10.0,NVDA,NVDA,-0.5317646593405028
2021-12-20,8.0,NVDA,NVDA,-0.6454044152517685
2021-12-27,8.0,NVDA,NVDA,-0.6454044152517685
2022-01-03,9.0,NVDA,NVDA,-0.5885845372961357
2022-01-10,8.0,NVDA,NVDA,-0.6454044152517685
2022-01-17,7.0,NVDA,NVDA,-0.7022242932074013
2022-01-24,10.0,NVDA,NVDA,-0.5317646593405028
2022-01-31,9.0,NVDA,NVDA,-0.5885845372961357
2022-02-07,9.0,NVDA,NVDA,-0.5885845372961357
2022-02-14,16.0,NVDA,NVDA,-0.19084539160670572
2022-02-21,7.0,NVDA,NVDA,-0.7022242932074013
2022-02-28,7.0,NVDA,NVDA,-0.7022242932074013
2022-03-07,7.0,NVDA,NVDA,-0.7022242932074013
2022-03-14,8.0,NVDA,NVDA,-0.6454044152517685
2022-03-21,9.0,NVDA,NVDA,-0.5885845372961357
2022-03-28,7.0,NVDA,NVDA,-0.7022242932074013
2022-04-04,7.0,NVDA,NVDA,-0.7022242932074013
2022-04-11,7.0,NVDA,NVDA,-0.7022242932074013
2022-04-18,8.0,NVDA,NVDA,-0.6454044152517685
2022-04-25,8.0,NVDA,NVDA,-0.6454044152517685
2022-05-02,7.0,NVDA,NVDA,-0.7022242932074013
2022-05-09,8.0,NVDA,NVDA,-0.6454044152517685
2022-05-16,7.0,NVDA,NVDA,-0.7022242932074013
2022-05-23,12.0,NVDA,NVDA,-0.41812490342923714
2022-05-30,6.0,NVDA,NVDA,-0.7590441711630342
2022-06-06,5.0,NVDA,NVDA,-0.8158640491186671
2022-06-13,6.0,NVDA,NVDA,-0.7590441711630342
2022-06-20,5.0,NVDA,NVDA,-0.8158640491186671
2022-06-27,5.0,NVDA,NVDA,-0.8158640491186671
2022-07-04,4.0,NVDA,NVDA,-0.8726839270742999
2022-07-11,5.0,NVDA,NVDA,-0.8158640491186671
2022-07-18,8.0,NVDA,NVDA,-0.6454044152517685
2022-07-25,6.0,NVDA,NVDA,-0.7590441711630342
2022-08-01,6.0,NVDA,NVDA,-0.7590441711630342
2022-08-08,8.0,NVDA,NVDA,-0.6454044152517685
2022-08-15,5.0,NVDA,NVDA,-0.8158640491186671
2022-08-22,8.0,NVDA,NVDA,-0.6454044152517685
2022-08-29,9.0,NVDA,NVDA,-0.5885845372961357
2022-09-05,5.0,NVDA,NVDA,-0.8158640491186671
2022-09-12,6.0,NVDA,NVDA,-0.7590441711630342
2022-09-19,6.0,NVDA,NVDA,-0.7590441711630342
2022-09-26,5.0,NVDA,NVDA,-0.8158640491186671
2022-10-03,5.0,NVDA,NVDA,-0.8158640491186671
2022-10-10,5.0,NVDA,NVDA,-0.8158640491186671
2022-10-17,4.0,NVDA,NVDA,-0.8726839270742999
2022-10-24,5.0,NVDA,NVDA,-0.8158640491186671
2022-10-31,4.0,NVDA,NVDA,-0.8726839270742999
2022-11-07,5.0,NVDA,NVDA,-0.8158640491186671
2022-11-14,8.0,NVDA,NVDA,-0.6454044152517685
2022-11-21,3.0,NVDA,NVDA,-0.9295038050299328
2022-11-28,4.0,NVDA,NVDA,-0.8726839270742999
2022-12-05,4.0,NVDA,NVDA,-0.8726839270742999
2022-12-12,4.0,NVDA,NVDA,-0.8726839270742999
2022-12-19,3.0,NVDA,NVDA,-0.9295038050299328
2022-12-26,3.0,NVDA,NVDA,-0.9295038050299328
2023-01-02,3.0,NVDA,NVDA,-0.9295038050299328
2023-01-09,4.0,NVDA,NVDA,-0.8726839270742999
2023-01-16,4.0,NVDA,NVDA,-0.8726839270742999
2023-01-23,7.0,NVDA,NVDA,-0.7022242932074013
2023-01-30,7.0,NVDA,NVDA,-0.7022242932074013
2023-02-06,7.0,NVDA,NVDA,-0.7022242932074013
2023-02-13,6.0,NVDA,NVDA,-0.7590441711630342
2023-02-20,11.0,NVDA,NVDA,-0.47494478138486995
2023-02-27,7.0,NVDA,NVDA,-0.7022242932074013
2023-03-06,6.0,NVDA,NVDA,-0.7590441711630342
2023-03-13,7.0,NVDA,NVDA,-0.7022242932074013
2023-03-20,9.0,NVDA,NVDA,-0.5885845372961357
2023-03-27,7.0,NVDA,NVDA,-0.7022242932074013
2023-04-03,6.0,NVDA,NVDA,-0.7590441711630342
2023-04-10,6.0,NVDA,NVDA,-0.7590441711630342
2023-04-17,7.0,NVDA,NVDA,-0.7022242932074013
2023-04-24,6.0,NVDA,NVDA,-0.7590441711630342
2023-05-01,7.0,NVDA,NVDA,-0.7022242932074013
2023-05-08,6.0,NVDA,NVDA,-0.7590441711630342
2023-05-15,9.0,NVDA,NVDA,-0.5885845372961357
2023-05-22,29.0,NVDA,NVDA,0.5478130218165214
2023-05-29,18.0,NVDA,NVDA,-0.07720563569544002
2023-06-05,12.0,NVDA,NVDA,-0.41812490342923714
2023-06-12,15.0,NVDA,NVDA,-0.24766526956233856
2023-06-19,10.0,NVDA,NVDA,-0.5317646593405028
2023-06-26,12.0,NVDA,NVDA,-0.41812490342923714
2023-07-03,8.0,NVDA,NVDA,-0.6454044152517685
2023-07-10,11.0,NVDA,NVDA,-0.47494478138486995
2023-07-17,12.0,NVDA,NVDA,-0.41812490342923714
2023-07-24,11.0,NVDA,NVDA,-0.47494478138486995
2023-07-31,10.0,NVDA,NVDA,-0.5317646593405028
2023-08-07,10.0,NVDA,NVDA,-0.5317646593405028
2023-08-14,13.0,NVDA,NVDA,-0.36130502547360427
2023-08-21,36.0,NVDA,NVDA,0.9455521675059513
2023-08-28,16.0,NVDA,NVDA,-0.19084539160670572
2023-09-04,10.0,NVDA,NVDA,-0.5317646593405028
2023-09-11,10.0,NVDA,NVDA,-0.5317646593405028
2023-09-18,10.0,NVDA,NVDA,-0.5317646593405028
2023-09-25,9.0,NVDA,NVDA,-0.5885845372961357
2023-10-02,9.0,NVDA,NVDA,-0.5885845372961357
2023-10-09,8.0,NVDA,NVDA,-0.6454044152517685
2023-10-16,11.0,NVDA,NVDA,-0.47494478138486995
2023-10-23,10.0,NVDA,NVDA,-0.5317646593405028
2023-10-30,10.0,NVDA,NVDA,-0.5317646593405028
2023-11-06,10.0,NVDA,NVDA,-0.5317646593405028
2023-11-13,12.0,NVDA,NVDA,-0.41812490342923714
2023-11-20,20.0,NVDA,NVDA,0.03643412021582568
2023-11-27,11.0,NVDA,NVDA,-0.47494478138486995
2023-12-04,10.0,NVDA,NVDA,-0.5317646593405028
2023-12-11,10.0,NVDA,NVDA,-0.5317646593405028
2023-12-18,11.0,NVDA,NVDA,-0.47494478138486995
2023-12-25,8.0,NVDA,NVDA,-0.6454044152517685
2024-01-01,8.0,NVDA,NVDA,-0.6454044152517685
2024-01-08,15.0,NVDA,NVDA,-0.24766526956233856
2024-01-15,14.0,NVDA,NVDA,-0.3044851475179714
2024-01-22,18.0,NVDA,NVDA,-0.07720563569544002
2024-01-29,18.0,NVDA,NVDA,-0.07720563569544002
2024-02-05,27.0,NVDA,NVDA,0.4341732659052556
2024-02-12,26.0,NVDA,NVDA,0.37735338794962275
2024-02-19,61.0,NVDA,NVDA,2.366049116396772
2024-02-26,27.0,NVDA,NVDA,0.4341732659052556
2024-03-04,39.0,NVDA,NVDA,1.1160118013728497
2024-03-11,35.0,NVDA,NVDA,0.8887322895503185
2024-03-18,34.0,NVDA,NVDA,0.8319124115946855
2024-03-25,24.0,NVDA,NVDA,0.26371363203835707
2024-04-01,21.0,NVDA,NVDA,0.09325399817145853
2024-04-08,21.0,NVDA,NVDA,0.09325399817145853
2024-04-15,24.0,NVDA,NVDA,0.26371363203835707
2024-04-22,26.0,NVDA,NVDA,0.37735338794962275
2024-04-29,21.0,NVDA,NVDA,0.09325399817145853
2024-05-06,19.0,NVDA,NVDA,-0.02038575773980717
2024-05-13,21.0,NVDA,NVDA,0.09325399817145853
2024-05-20,55.0,NVDA,NVDA,2.025129848662975
2024-05-27,40.0,NVDA,NVDA,1.1728316793284828
2024-06-03,51.0,NVDA,NVDA,1.797850336840444
2024-06-10,55.0,NVDA,NVDA,2.025129848662975
2024-06-17,54.0,NVDA,NVDA,1.9683099707073424
2024-06-24,56.0,NVDA,NVDA,2.081949726618608
2024-07-01,32.0,NVDA,NVDA,0.7182726556834199
2024-07-08,39.0,NVDA,NVDA,1.1160118013728497
2024-07-15,39.0,NVDA,NVDA,1.1160118013728497
2024-07-22,38.0,NVDA,NVDA,1.059191923417217
2024-07-29,49.0,NVDA,NVDA,1.6842105809291783
2024-08-05,53.0,NVDA,NVDA,1.9114900927517096
2024-08-12,41.0,NVDA,NVDA,1.2296515572841156
2024-08-19,40.0,NVDA,NVDA,1.1728316793284828
2024-08-26,75.0,NVDA,NVDA,3.1615274077756323
2024-09-02,43.0,NVDA,NVDA,1.3432913131953812
2024-09-09,39.0,NVDA,NVDA,1.1160118013728497
2024-09-16,33.0,NVDA,NVDA,0.7750925336390527
2024-09-23,31.0,NVDA,NVDA,0.661452777727787
2024-09-30,27.0,NVDA,NVDA,0.4341732659052556
2024-10-07,33.0,NVDA,NVDA,0.7750925336390527
2024-10-14,35.0,NVDA,NVDA,0.8887322895503185
2024-10-21,34.0,NVDA,NVDA,0.8319124115946855
2024-10-28,31.0,NVDA,NVDA,0.661452777727787
2024-11-04,37.0,NVDA,NVDA,1.002372045461584
2024-11-11,32.0,NVDA,NVDA,0.7182726556834199
2024-11-18,59.0,NVDA,NVDA,2.2524093604855064
2024-11-25,30.0,NVDA,NVDA,0.6046328997721542
2024-12-02,29.0,NVDA,NVDA,0.5478130218165214
2024-12-09,30.0,NVDA,NVDA,0.6046328997721542
2024-12-16,34.0,NVDA,NVDA,0.8319124115946855
2024-12-23,22.0,NVDA,NVDA,0.1500738761270914
2024-12-30,22.0,NVDA,NVDA,0.1500738761270914
2025-01-06,37.0,NVDA,NVDA,1.002372045461584
2025-01-13,28.0,NVDA,NVDA,0.4909931438608885
2025-01-20,29.0,NVDA,NVDA,0.5478130218165214
2025-01-27,100.0,NVDA,NVDA,4.582024356666453
2025-02-03,52.0,NVDA,NVDA,1.8546702147960767
2025-02-10,38.0,NVDA,NVDA,1.059191923417217
2025-02-17,30.0,NVDA,NVDA,0.6046328997721542
2025-02-24,66.0,NVDA,NVDA,2.6501485061749364
2025-03-03,50.0,NVDA,NVDA,1.7410304588848111
2025-03-10,44.0,NVDA,NVDA,1.400111191151014
2025-03-17,38.0,NVDA,NVDA,1.059191923417217
2025-03-24,31.0,NVDA,NVDA,0.661452777727787
2025-03-31,44.0,NVDA,NVDA,1.400111191151014
2025-04-07,56.0,NVDA,NVDA,2.081949726618608
2025-04-14,43.0,NVDA,NVDA,1.3432913131953812
2025-04-21,38.0,NVDA,NVDA,1.059191923417217
2025-04-28,32.0,NVDA,NVDA,0.7182726556834199
2025-05-05,30.0,NVDA,NVDA,0.6046328997721542
2025-05-12,42.0,NVDA,NVDA,1.2864714352397484
2025-05-19,31.0,NVDA,NVDA,0.661452777727787
2025-05-26,48.0,NVDA,NVDA,1.6273907029735455
2025-06-02,31.0,NVDA,NVDA,0.661452777727787
2025-06-09,27.0,NVDA,NVDA,0.4341732659052556
2025-06-16,22.0,NVDA,NVDA,0.1500738761270914
2025-06-23,32.0,NVDA,NVDA,0.7182726556834199
2025-06-30,24.0,NVDA,NVDA,0.26371363203835707
2025-07-07,31.0,NVDA,NVDA,0.661452777727787
2025-07-14,38.0,NVDA,NVDA,1.059191923417217
2025-07-21,31.0,NVDA,NVDA,0.661452777727787
2025-07-28,38.0,NVDA,NVDA,1.059191923417217
2025-08-04,45.0,NVDA,NVDA,1.4569310691066468
2025-08-11,54.0,NVDA,NVDA,1.9683099707073424
2025-08-18,55.0,NVDA,NVDA,2.025129848662975
2025-08-25,84.0,NVDA,NVDA,3.672906309376328
2025-09-01,39.0,NVDA,NVDA,1.1160118013728497
2025-09-08,40.0,NVDA,NVDA,1.1728316793284828
2025-09-15,42.0,NVDA,NVDA,1.2864714352397484
2025-09-22,38.0,NVDA,NVDA,1.059191923417217
2025-09-29,38.0,NVDA,NVDA,1.059191923417217
2025-10-06,39.0,NVDA,NVDA,1.1160118013728497
2025-10-13,36.0,NVDA,NVDA,0.9455521675059513
2025-10-20,29.0,NVDA,NVDA,0.5478130218165214
2025-10-27,44.0,NVDA,NVDA,1.400111191151014
2025-11-03,45.0,NVDA,NVDA,1.4569310691066468
2025-11-10,43.0,NVDA,NVDA,1.3432913131953812
2025-11-17,76.0,NVDA,NVDA,3.218347285731265
2025-11-24,39.0,NVDA,NVDA,1.1160118013728497
2025-12-01,34.0,NVDA,NVDA,0.8319124115946855
2025-12-08,29.0,NVDA,NVDA,0.5478130218165214
2025-12-15,24.0,NVDA,NVDA,0.26371363203835707
2025-12-22,18.0,NVDA,NVDA,-0.07720563569544002
2020-12-21,1.0,NVDA,Nvidia earnings,-0.208732191542285
2020-12-28,1.0,NVDA,Nvidia earnings,-0.208732191542285
2021-01-04,1.0,NVDA,Nvidia earnings,-0.208732191542285
2021-01-11,1.0,NVDA,Nvidia earnings,-0.208732191542285
2021-01-18,1.0,NVDA,Nvidia earnings,-0.208732191542285
2021-01-25,1.0,NVDA,Nvidia earnings,-0.208732191542285
2021-02-01,1.0,NVDA,Nvidia earnings,-0.208732191542285
2021-02-08,1.0,NVDA,Nvidia earnings,-0.208732191542285
2021-02-15,1.0,NVDA,Nvidia earnings,-0.208732191542285
2021-02-22,1.0,NVDA,Nvidia earnings,-0.208732191542285
2021-03-01,1.0,NVDA,Nvidia earnings,-0.208732191542285
2021-03-08,0.0,NVDA,Nvidia earnings,-0.3231418864880563
2021-03-15,1.0,NVDA,Nvidia earnings,-0.208732191542285
2021-03-22,0.0,NVDA,Nvidia earnings,-0.3231418864880563
2021-03-29,0.0,NVDA,Nvidia earnings,-0.3231418864880563
2021-04-05,1.0,NVDA,Nvidia earnings,-0.208732191542285
2021-04-12,1.0,NVDA,Nvidia earnings,-0.208732191542285
2021-04-19,1.0,NVDA,Nvidia earnings,-0.208732191542285
2021-04-26,1.0,NVDA,Nvidia earnings,-0.208732191542285
2021-05-03,1.0,NVDA,Nvidia earnings,-0.208732191542285
2021-05-10,1.0,NVDA,Nvidia earnings,-0.208732191542285
2021-05-17,1.0,NVDA,Nvidia earnings,-0.208732191542285
2021-05-24,1.0,NVDA,Nvidia earnings,-0.208732191542285
2021-05-31,1.0,NVDA,Nvidia earnings,-0.208732191542285
2021-06-07,1.0,NVDA,Nvidia earnings,-0.208732191542285
2021-06-14,1.0,NVDA,Nvidia earnings,-0.208732191542285
2021-06-21,1.0,NVDA,Nvidia earnings,-0.208732191542285
2021-06-28,1.0,NVDA,Nvidia earnings,-0.208732191542285
2021-07-05,1.0,NVDA,Nvidia earnings,-0.208732191542285
2021-07-12,1.0,NVDA,Nvidia earnings,-0.208732191542285
2021-07-19,1.0,NVDA,Nvidia earnings,-0.208732191542285
2021-07-26,1.0,NVDA,Nvidia earnings,-0.208732191542285
2021-08-02,1.0,NVDA,Nvidia earnings,-0.208732191542285
2021-08-09,1.0,NVDA,Nvidia earnings,-0.208732191542285
2021-08-16,1.0,NVDA,Nvidia earnings,-0.208732191542285
2021-08-23,1.0,NVDA,Nvidia earnings,-0.208732191542285
2021-08-30,1.0,NVDA,Nvidia earnings,-0.208732191542285
2021-09-06,1.0,NVDA,Nvidia earnings,-0.208732191542285
2021-09-13,0.0,NVDA,Nvidia earnings,-0.3231418864880563
2021-09-20,1.0,NVDA,Nvidia earnings,-0.208732191542285
2021-09-27,1.0,NVDA,Nvidia earnings,-0.208732191542285
2021-10-04,1.0,NVDA,Nvidia earnings,-0.208732191542285
2021-10-11,1.0,NVDA,Nvidia earnings,-0.208732191542285
2021-10-18,1.0,NVDA,Nvidia earnings,-0.208732191542285
2021-10-25,1.0,NVDA,Nvidia earnings,-0.208732191542285
2021-11-01,1.0,NVDA,Nvidia earnings,-0.208732191542285
2021-11-08,1.0,NVDA,Nvidia earnings,-0.208732191542285
2021-11-15,1.0,NVDA,Nvidia earnings,-0.208732191542285
2021-11-22,1.0,NVDA,Nvidia earnings,-0.208732191542285
2021-11-29,1.0,NVDA,Nvidia earnings,-0.208732191542285
2021-12-06,1.0,NVDA,Nvidia earnings,-0.208732191542285
2021-12-13,1.0,NVDA,Nvidia earnings,-0.208732191542285
2021-12-20,1.0,NVDA,Nvidia earnings,-0.208732191542285
2021-12-27,1.0,NVDA,Nvidia earnings,-0.208732191542285
2022-01-03,1.0,NVDA,Nvidia earnings,-0.208732191542285
2022-01-10,1.0,NVDA,Nvidia earnings,-0.208732191542285
2022-01-17,1.0,NVDA,Nvidia earnings,-0.208732191542285
2022-01-24,1.0,NVDA,Nvidia earnings,-0.208732191542285
2022-01-31,1.0,NVDA,Nvidia earnings,-0.208732191542285
2022-02-07,1.0,NVDA,Nvidia earnings,-0.208732191542285
2022-02-14,3.0,NVDA,Nvidia earnings,0.02008719834925755
2022-02-21,1.0,NVDA,Nvidia earnings,-0.208732191542285
2022-02-28,1.0,NVDA,Nvidia earnings,-0.208732191542285
2022-03-07,1.0,NVDA,Nvidia earnings,-0.208732191542285
2022-03-14,1.0,NVDA,Nvidia earnings,-0.208732191542285
2022-03-21,1.0,NVDA,Nvidia earnings,-0.208732191542285
2022-03-28,1.0,NVDA,Nvidia earnings,-0.208732191542285
2022-04-04,1.0,NVDA,Nvidia earnings,-0.208732191542285
2022-04-11,1.0,NVDA,Nvidia earnings,-0.208732191542285
2022-04-18,1.0,NVDA,Nvidia earnings,-0.208732191542285
2022-04-25,1.0,NVDA,Nvidia earnings,-0.208732191542285
2022-05-02,1.0,NVDA,Nvidia earnings,-0.208732191542285
2022-05-09,1.0,NVDA,Nvidia earnings,-0.208732191542285
2022-05-16,1.0,NVDA,Nvidia earnings,-0.208732191542285
2022-05-23,2.0,NVDA,Nvidia earnings,-0.09432249659651373
2022-05-30,1.0,NVDA,Nvidia earnings,-0.208732191542285
2022-06-06,1.0,NVDA,Nvidia earnings,-0.208732191542285
2022-06-13,1.0,NVDA,Nvidia earnings,-0.208732191542285
2022-06-20,1.0,NVDA,Nvidia earnings,-0.208732191542285
2022-06-27,1.0,NVDA,Nvidia earnings,-0.208732191542285
2022-07-04,1.0,NVDA,Nvidia earnings,-0.208732191542285
2022-07-11,1.0,NVDA,Nvidia earnings,-0.208732191542285
2022-07-18,1.0,NVDA,Nvidia earnings,-0.208732191542285
2022-07-25,1.0,NVDA,Nvidia earnings,-0.208732191542285
2022-08-01,1.0,NVDA,Nvidia earnings,-0.208732191542285
2022-08-08,1.0,NVDA,Nvidia earnings,-0.208732191542285
2022-08-15,1.0,NVDA,Nvidia earnings,-0.208732191542285
2022-08-22,1.0,NVDA,Nvidia earnings,-0.208732191542285
2022-08-29,1.0,NVDA,Nvidia earnings,-0.208732191542285
2022-09-05,1.0,NVDA,Nvidia earnings,-0.208732191542285
2022-09-12,1.0,NVDA,Nvidia earnings,-0.208732191542285
2022-09-19,1.0,NVDA,Nvidia earnings,-0.208732191542285
2022-09-26,1.0,NVDA,Nvidia earnings,-0.208732191542285
2022-10-03,1.0,NVDA,Nvidia earnings,-0.208732191542285
2022-10-10,1.0,NVDA,Nvidia earnings,-0.208732191542285
2022-10-17,1.0,NVDA,Nvidia earnings,-0.208732191542285
2022-10-24,1.0,NVDA,Nvidia earnings,-0.208732191542285
2022-10-31,1.0,NVDA,Nvidia earnings,-0.208732191542285
2022-11-07,1.0,NVDA,Nvidia earnings,-0.208732191542285
2022-11-14,1.0,NVDA,Nvidia earnings,-0.208732191542285
2022-11-21,1.0,NVDA,Nvidia earnings,-0.208732191542285
2022-11-28,1.0,NVDA,Nvidia earnings,-0.208732191542285
2022-12-05,1.0,NVDA,Nvidia earnings,-0.208732191542285
2022-12-12,1.0,NVDA,Nvidia earnings,-0.208732191542285
2022-12-19,1.0,NVDA,Nvidia earnings,-0.208732191542285
2022-12-26,1.0,NVDA,Nvidia earnings,-0.208732191542285
2023-01-02,1.0,NVDA,Nvidia earnings,-0.208732191542285
2023-01-09,1.0,NVDA,Nvidia earnings,-0.208732191542285
2023-01-16,1.0,NVDA,Nvidia earnings,-0.208732191542285
2023-01-23,1.0,NVDA,Nvidia earnings,-0.208732191542285
2023-01-30,1.0,NVDA,Nvidia earnings,-0.208732191542285
2023-02-06,1.0,NVDA,Nvidia earnings,-0.208732191542285
2023-02-13,1.0,NVDA,Nvidia earnings,-0.208732191542285
2023-02-20,1.0,NVDA,Nvidia earnings,-0.208732191542285
2023-02-27,1.0,NVDA,Nvidia earnings,-0.208732191542285
2023-03-06,0.0,NVDA,Nvidia earnings,-0.3231418864880563
2023-03-13,1.0,NVDA,Nvidia earnings,-0.208732191542285
2023-03-20,1.0,NVDA,Nvidia earnings,-0.208732191542285
2023-03-27,1.0,NVDA,Nvidia earnings,-0.208732191542285
2023-04-03,1.0,NVDA,Nvidia earnings,-0.208732191542285
2023-04-10,1.0,NVDA,Nvidia earnings,-0.208732191542285
2023-04-17,1.0,NVDA,Nvidia earnings,-0.208732191542285
2023-04-24,1.0,NVDA,Nvidia earnings,-0.208732191542285
2023-05-01,1.0,NVDA,Nvidia earnings,-0.208732191542285
2023-05-08,1.0,NVDA,Nvidia earnings,-0.208732191542285
2023-05-15,1.0,NVDA,Nvidia earnings,-0.208732191542285
2023-05-22,2.0,NVDA,Nvidia earnings,-0.09432249659651373
2023-05-29,1.0,NVDA,Nvidia earnings,-0.208732191542285
2023-06-05,1.0,NVDA,Nvidia earnings,-0.208732191542285
2023-06-12,1.0,NVDA,Nvidia earnings,-0.208732191542285
2023-06-19,1.0,NVDA,Nvidia earnings,-0.208732191542285
2023-06-26,1.0,NVDA,Nvidia earnings,-0.208732191542285
2023-07-03,1.0,NVDA,Nvidia earnings,-0.208732191542285
2023-07-10,1.0,NVDA,Nvidia earnings,-0.208732191542285
2023-07-17,1.0,NVDA,Nvidia earnings,-0.208732191542285
2023-07-24,1.0,NVDA,Nvidia earnings,-0.208732191542285
2023-07-31,1.0,NVDA,Nvidia earnings,-0.208732191542285
2023-08-07,1.0,NVDA,Nvidia earnings,-0.208732191542285
2023-08-14,1.0,NVDA,Nvidia earnings,-0.208732191542285
2023-08-21,7.0,NVDA,Nvidia earnings,0.4777259781323427
2023-08-28,1.0,NVDA,Nvidia earnings,-0.208732191542285
2023-09-04,1.0,NVDA,Nvidia earnings,-0.208732191542285
2023-09-11,1.0,NVDA,Nvidia earnings,-0.208732191542285
2023-09-18,1.0,NVDA,Nvidia earnings,-0.208732191542285
2023-09-25,1.0,NVDA,Nvidia earnings,-0.208732191542285
2023-10-02,1.0,NVDA,Nvidia earnings,-0.208732191542285
2023-10-09,1.0,NVDA,Nvidia earnings,-0.208732191542285
2023-10-16,1.0,NVDA,Nvidia earnings,-0.208732191542285
2023-10-23,1.0,NVDA,Nvidia earnings,-0.208732191542285
2023-10-30,1.0,NVDA,Nvidia earnings,-0.208732191542285
2023-11-06,1.0,NVDA,Nvidia earnings,-0.208732191542285
2023-11-13,1.0,NVDA,Nvidia earnings,-0.208732191542285
2023-11-20,4.0,NVDA,Nvidia earnings,0.13449689329502884
2023-11-27,1.0,NVDA,Nvidia earnings,-0.208732191542285
2023-12-04,1.0,NVDA,Nvidia earnings,-0.208732191542285
2023-12-11,1.0,NVDA,Nvidia earnings,-0.208732191542285
2023-12-18,1.0,NVDA,Nvidia earnings,-0.208732191542285
2023-12-25,1.0,NVDA,Nvidia earnings,-0.208732191542285
2024-01-01,1.0,NVDA,Nvidia earnings,-0.208732191542285
2024-01-08,1.0,NVDA,Nvidia earnings,-0.208732191542285
2024-01-15,1.0,NVDA,Nvidia earnings,-0.208732191542285
2024-01-22,1.0,NVDA,Nvidia earnings,-0.208732191542285
2024-01-29,1.0,NVDA,Nvidia earnings,-0.208732191542285
2024-02-05,2.0,NVDA,Nvidia earnings,-0.09432249659651373
2024-02-12,3.0,NVDA,Nvidia earnings,0.02008719834925755
2024-02-19,19.0,NVDA,Nvidia earnings,1.8506423174815982
2024-02-26,1.0,NVDA,Nvidia earnings,-0.208732191542285
2024-03-04,1.0,NVDA,Nvidia earnings,-0.208732191542285
2024-03-11,1.0,NVDA,Nvidia earnings,-0.208732191542285
2024-03-18,1.0,NVDA,Nvidia earnings,-0.208732191542285
2024-03-25,1.0,NVDA,Nvidia earnings,-0.208732191542285
2024-04-01,1.0,NVDA,Nvidia earnings,-0.208732191542285
2024-04-08,1.0,NVDA,Nvidia earnings,-0.208732191542285
2024-04-15,1.0,NVDA,Nvidia earnings,-0.208732191542285
2024-04-22,2.0,NVDA,Nvidia earnings,-0.09432249659651373
2024-04-29,1.0,NVDA,Nvidia earnings,-0.208732191542285
2024-05-06,1.0,NVDA,Nvidia earnings,-0.208732191542285
2024-05-13,2.0,NVDA,Nvidia earnings,-0.09432249659651373
2024-05-20,16.0,NVDA,Nvidia earnings,1.5074132326442842
2024-05-27,1.0,NVDA,Nvidia earnings,-0.208732191542285
2024-06-03,1.0,NVDA,Nvidia earnings,-0.208732191542285
2024-06-10,1.0,NVDA,Nvidia earnings,-0.208732191542285
2024-06-17,1.0,NVDA,Nvidia earnings,-0.208732191542285
2024-06-24,1.0,NVDA,Nvidia earnings,-0.208732191542285
2024-07-01,1.0,NVDA,Nvidia earnings,-0.208732191542285
2024-07-08,1.0,NVDA,Nvidia earnings,-0.208732191542285
2024-07-15,1.0,NVDA,Nvidia earnings,-0.208732191542285
2024-07-22,2.0,NVDA,Nvidia earnings,-0.09432249659651373
2024-07-29,3.0,NVDA,Nvidia earnings,0.02008719834925755
2024-08-05,2.0,NVDA,Nvidia earnings,-0.09432249659651373
2024-08-12,2.0,NVDA,Nvidia earnings,-0.09432249659651373
2024-08-19,3.0,NVDA,Nvidia earnings,0.02008719834925755
2024-08-26,31.0,NVDA,Nvidia earnings,3.223558656830854
2024-09-02,1.0,NVDA,Nvidia earnings,-0.208732191542285
2024-09-09,1.0,NVDA,Nvidia earnings,-0.208732191542285
2024-09-16,1.0,NVDA,Nvidia earnings,-0.208732191542285
2024-09-23,1.0,NVDA,Nvidia earnings,-0.208732191542285
2024-09-30,1.0,NVDA,Nvidia earnings,-0.208732191542285
2024-10-07,1.0,NVDA,Nvidia earnings,-0.208732191542285
2024-10-14,1.0,NVDA,Nvidia earnings,-0.208732191542285
2024-10-21,2.0,NVDA,Nvidia earnings,-0.09432249659651373
2024-10-28,2.0,NVDA,Nvidia earnings,-0.09432249659651373
2024-11-04,1.0,NVDA,Nvidia earnings,-0.208732191542285
2024-11-11,3.0,NVDA,Nvidia earnings,0.02008719834925755
2024-11-18,21.0,NVDA,Nvidia earnings,2.0794617073731407
2024-11-25,1.0,NVDA,Nvidia earnings,-0.208732191542285
2024-12-02,1.0,NVDA,Nvidia earnings,-0.208732191542285
2024-12-09,1.0,NVDA,Nvidia earnings,-0.208732191542285
2024-12-16,1.0,NVDA,Nvidia earnings,-0.208732191542285
2024-12-23,1.0,NVDA,Nvidia earnings,-0.208732191542285
2024-12-30,1.0,NVDA,Nvidia earnings,-0.208732191542285
2025-01-06,1.0,NVDA,Nvidia earnings,-0.208732191542285
2025-01-13,1.0,NVDA,Nvidia earnings,-0.208732191542285
2025-01-20,1.0,NVDA,Nvidia earnings,-0.208732191542285
2025-01-27,3.0,NVDA,Nvidia earnings,0.02008719834925755
2025-02-03,2.0,NVDA,Nvidia earnings,-0.09432249659651373
2025-02-10,2.0,NVDA,Nvidia earnings,-0.09432249659651373
2025-02-17,2.0,NVDA,Nvidia earnings,-0.09432249659651373
2025-02-24,20.0,NVDA,Nvidia earnings,1.9650520124273696
2025-03-03,1.0,NVDA,Nvidia earnings,-0.208732191542285
2025-03-10,1.0,NVDA,Nvidia earnings,-0.208732191542285
2025-03-17,1.0,NVDA,Nvidia earnings,-0.208732191542285
2025-03-24,1.0,NVDA,Nvidia earnings,-0.208732191542285
2025-03-31,1.0,NVDA,Nvidia earnings,-0.208732191542285
2025-04-07,1.0,NVDA,Nvidia earnings,-0.208732191542285
2025-04-14,1.0,NVDA,Nvidia earnings,-0.208732191542285
2025-04-21,1.0,NVDA,Nvidia earnings,-0.208732191542285
2025-04-28,1.0,NVDA,Nvidia earnings,-0.208732191542285
2025-05-05,1.0,NVDA,Nvidia earnings,-0.208732191542285
2025-05-12,1.0,NVDA,Nvidia earnings,-0.208732191542285
2025-05-19,1.0,NVDA,Nvidia earnings,-0.208732191542285
2025-05-26,13.0,NVDA,Nvidia earnings,1.1641841478069703
2025-06-02,1.0,NVDA,Nvidia earnings,-0.208732191542285
2025-06-09,1.0,NVDA,Nvidia earnings,-0.208732191542285
2025-06-16,1.0,NVDA,Nvidia earnings,-0.208732191542285
2025-06-23,1.0,NVDA,Nvidia earnings,-0.208732191542285
2025-06-30,1.0,NVDA,Nvidia earnings,-0.208732191542285
2025-07-07,1.0,NVDA,Nvidia earnings,-0.208732191542285
2025-07-14,1.0,NVDA,Nvidia earnings,-0.208732191542285
2025-07-21,2.0,NVDA,Nvidia earnings,-0.09432249659651373
2025-07-28,5.0,NVDA,Nvidia earnings,0.24890658824080011
2025-08-04,9.0,NVDA,Nvidia earnings,0.7065453680238852
2025-08-11,18.0,NVDA,Nvidia earnings,1.7362326225358269
2025-08-18,25.0,NVDA,Nvidia earnings,2.537100487156226
2025-08-25,84.0,NVDA,Nvidia earnings,9.28727248895673
2025-09-01,9.0,NVDA,Nvidia earnings,0.7065453680238852
2025-09-08,7.0,NVDA,Nvidia earnings,0.4777259781323427
2025-09-15,6.0,NVDA,Nvidia earnings,0.3633162831865714
2025-09-22,9.0,NVDA,Nvidia earnings,0.7065453680238852
2025-09-29,8.0,NVDA,Nvidia earnings,0.592135673078114
2025-10-06,7.0,NVDA,Nvidia earnings,0.4777259781323427
2025-10-13,6.0,NVDA,Nvidia earnings,0.3633162831865714
2025-10-20,7.0,NVDA,Nvidia earnings,0.4777259781323427
2025-10-27,13.0,NVDA,Nvidia earnings,1.1641841478069703
2025-11-03,10.0,NVDA,Nvidia earnings,0.8209550629696565
2025-11-10,13.0,NVDA,Nvidia earnings,1.1641841478069703
2025-11-17,100.0,NVDA,Nvidia earnings,11.117827608089073
2025-11-24,10.0,NVDA,Nvidia earnings,0.8209550629696565
2025-12-01,6.0,NVDA,Nvidia earnings,0.3633162831865714
2025-12-08,2.0,NVDA,Nvidia earnings,-0.09432249659651373
2025-12-15,1.0,NVDA,Nvidia earnings,-0.208732191542285
2025-12-22,1.0,NVDA,Nvidia earnings,-0.208732191542285
2020-12-21,0.0,NVDA,Nvidia earnings date,-0.3499562478897954
2020-12-28,0.0,NVDA,Nvidia earnings date,-0.3499562478897954
2021-01-04,1.0,NVDA,Nvidia earnings date,-0.24001795418820498
2021-01-11,1.0,NVDA,Nvidia earnings date,-0.24001795418820498
2021-01-18,1.0,NVDA,Nvidia earnings date,-0.24001795418820498
2021-01-25,1.0,NVDA,Nvidia earnings date,-0.24001795418820498
2021-02-01,1.0,NVDA,Nvidia earnings date,-0.24001795418820498
2021-02-08,1.0,NVDA,Nvidia earnings date,-0.24001795418820498
2021-02-15,1.0,NVDA,Nvidia earnings date,-0.24001795418820498
2021-02-22,1.0,NVDA,Nvidia earnings date,-0.24001795418820498
2021-03-01,0.0,NVDA,Nvidia earnings date,-0.3499562478897954
2021-03-08,0.0,NVDA,Nvidia earnings date,-0.3499562478897954
2021-03-15,0.0,NVDA,Nvidia earnings date,-0.3499562478897954
2021-03-22,0.0,NVDA,Nvidia earnings date,-0.3499562478897954
2021-03-29,0.0,NVDA,Nvidia earnings date,-0.3499562478897954
2021-04-05,0.0,NVDA,Nvidia earnings date,-0.3499562478897954
2021-04-12,1.0,NVDA,Nvidia earnings date,-0.24001795418820498
2021-04-19,1.0,NVDA,Nvidia earnings date,-0.24001795418820498
2021-04-26,1.0,NVDA,Nvidia earnings date,-0.24001795418820498
2021-05-03,1.0,NVDA,Nvidia earnings date,-0.24001795418820498
2021-05-10,1.0,NVDA,Nvidia earnings date,-0.24001795418820498
2021-05-17,0.0,NVDA,Nvidia earnings date,-0.3499562478897954
2021-05-24,1.0,NVDA,Nvidia earnings date,-0.24001795418820498
2021-05-31,1.0,NVDA,Nvidia earnings date,-0.24001795418820498
2021-06-07,0.0,NVDA,Nvidia earnings date,-0.3499562478897954
2021-06-14,0.0,NVDA,Nvidia earnings date,-0.3499562478897954
2021-06-21,0.0,NVDA,Nvidia earnings date,-0.3499562478897954
2021-06-28,1.0,NVDA,Nvidia earnings date,-0.24001795418820498
2021-07-05,0.0,NVDA,Nvidia earnings date,-0.3499562478897954
2021-07-12,1.0,NVDA,Nvidia earnings date,-0.24001795418820498
2021-07-19,1.0,NVDA,Nvidia earnings date,-0.24001795418820498
2021-07-26,1.0,NVDA,Nvidia earnings date,-0.24001795418820498
2021-08-02,1.0,NVDA,Nvidia earnings date,-0.24001795418820498
2021-08-09,1.0,NVDA,Nvidia earnings date,-0.24001795418820498
2021-08-16,1.0,NVDA,Nvidia earnings date,-0.24001795418820498
2021-08-23,0.0,NVDA,Nvidia earnings date,-0.3499562478897954
2021-08-30,0.0,NVDA,Nvidia earnings date,-0.3499562478897954
2021-09-06,0.0,NVDA,Nvidia earnings date,-0.3499562478897954
2021-09-13,0.0,NVDA,Nvidia earnings date,-0.3499562478897954
2021-09-20,0.0,NVDA,Nvidia earnings date,-0.3499562478897954
2021-09-27,0.0,NVDA,Nvidia earnings date,-0.3499562478897954
2021-10-04,0.0,NVDA,Nvidia earnings date,-0.3499562478897954
2021-10-11,0.0,NVDA,Nvidia earnings date,-0.3499562478897954
2021-10-18,1.0,NVDA,Nvidia earnings date,-0.24001795418820498
2021-10-25,1.0,NVDA,Nvidia earnings date,-0.24001795418820498
2021-11-01,1.0,NVDA,Nvidia earnings date,-0.24001795418820498
2021-11-08,1.0,NVDA,Nvidia earnings date,-0.24001795418820498
2021-11-15,2.0,NVDA,Nvidia earnings date,-0.13007966048661457
2021-11-22,1.0,NVDA,Nvidia earnings date,-0.24001795418820498
2021-11-29,0.0,NVDA,Nvidia earnings date,-0.3499562478897954
2021-12-06,0.0,NVDA,Nvidia earnings date,-0.3499562478897954
2021-12-13,0.0,NVDA,Nvidia earnings date,-0.3499562478897954
2021-12-20,0.0,NVDA,Nvidia earnings date,-0.3499562478897954
2021-12-27,0.0,NVDA,Nvidia earnings date,-0.3499562478897954
2022-01-03,1.0,NVDA,Nvidia earnings date,-0.24001795418820498
2022-01-10,1.0,NVDA,Nvidia earnings date,-0.24001795418820498
2022-01-17,1.0,NVDA,Nvidia earnings date,-0.24001795418820498
2022-01-24,1.0,NVDA,Nvidia earnings date,-0.24001795418820498
2022-01-31,1.0,NVDA,Nvidia earnings date,-0.24001795418820498
2022-02-07,1.0,NVDA,Nvidia earnings date,-0.24001795418820498
2022-02-14,2.0,NVDA,Nvidia earnings date,-0.13007966048661457
2022-02-21,1.0,NVDA,Nvidia earnings date,-0.24001795418820498
2022-02-28,1.0,NVDA,Nvidia earnings date,-0.24001795418820498
2022-03-07,1.0,NVDA,Nvidia earnings date,-0.24001795418820498
2022-03-14,0.0,NVDA,Nvidia earnings date,-0.3499562478897954
2022-03-21,1.0,NVDA,Nvidia earnings date,-0.24001795418820498
2022-03-28,1.0,NVDA,Nvidia earnings date,-0.24001795418820498
2022-04-04,0.0,NVDA,Nvidia earnings date,-0.3499562478897954
2022-04-11,1.0,NVDA,Nvidia earnings date,-0.24001795418820498
2022-04-18,1.0,NVDA,Nvidia earnings date,-0.24001795418820498
2022-04-25,1.0,NVDA,Nvidia earnings date,-0.24001795418820498
2022-05-02,1.0,NVDA,Nvidia earnings date,-0.24001795418820498
2022-05-09,1.0,NVDA,Nvidia earnings date,-0.24001795418820498
2022-05-16,1.0,NVDA,Nvidia earnings date,-0.24001795418820498
2022-05-23,1.0,NVDA,Nvidia earnings date,-0.24001795418820498
2022-05-30,1.0,NVDA,Nvidia earnings date,-0.24001795418820498
2022-06-06,0.0,NVDA,Nvidia earnings date,-0.3499562478897954
2022-06-13,0.0,NVDA,Nvidia earnings date,-0.3499562478897954
2022-06-20,1.0,NVDA,Nvidia earnings date,-0.24001795418820498
2022-06-27,0.0,NVDA,Nvidia earnings date,-0.3499562478897954
2022-07-04,0.0,NVDA,Nvidia earnings date,-0.3499562478897954
2022-07-11,0.0,NVDA,Nvidia earnings date,-0.3499562478897954
2022-07-18,1.0,NVDA,Nvidia earnings date,-0.24001795418820498
2022-07-25,1.0,NVDA,Nvidia earnings date,-0.24001795418820498
2022-08-01,1.0,NVDA,Nvidia earnings date,-0.24001795418820498
2022-08-08,1.0,NVDA,Nvidia earnings date,-0.24001795418820498
2022-08-15,1.0,NVDA,Nvidia earnings date,-0.24001795418820498
2022-08-22,1.0,NVDA,Nvidia earnings date,-0.24001795418820498
2022-08-29,0.0,NVDA,Nvidia earnings date,-0.3499562478897954
2022-09-05,0.0,NVDA,Nvidia earnings date,-0.3499562478897954
2022-09-12,0.0,NVDA,Nvidia earnings date,-0.3499562478897954
2022-09-19,1.0,NVDA,Nvidia earnings date,-0.24001795418820498
2022-09-26,0.0,NVDA,Nvidia earnings date,-0.3499562478897954
2022-10-03,0.0,NVDA,Nvidia earnings date,-0.3499562478897954
2022-10-10,1.0,NVDA,Nvidia earnings date,-0.24001795418820498
2022-10-17,1.0,NVDA,Nvidia earnings date,-0.24001795418820498
2022-10-24,1.0,NVDA,Nvidia earnings date,-0.24001795418820498
2022-10-31,1.0,NVDA,Nvidia earnings date,-0.24001795418820498
2022-11-07,1.0,NVDA,Nvidia earnings date,-0.24001795418820498
2022-11-14,1.0,NVDA,Nvidia earnings date,-0.24001795418820498
2022-11-21,0.0,NVDA,Nvidia earnings date,-0.3499562478897954
2022-11-28,0.0,NVDA,Nvidia earnings date,-0.3499562478897954
2022-12-05,0.0,NVDA,Nvidia earnings date,-0.3499562478897954
2022-12-12,0.0,NVDA,Nvidia earnings date,-0.3499562478897954
2022-12-19,0.0,NVDA,Nvidia earnings date,-0.3499562478897954
2022-12-26,0.0,NVDA,Nvidia earnings date,-0.3499562478897954
2023-01-02,0.0,NVDA,Nvidia earnings date,-0.3499562478897954
2023-01-09,1.0,NVDA,Nvidia earnings date,-0.24001795418820498
2023-01-16,1.0,NVDA,Nvidia earnings date,-0.24001795418820498
2023-01-23,1.0,NVDA,Nvidia earnings date,-0.24001795418820498
2023-01-30,1.0,NVDA,Nvidia earnings date,-0.24001795418820498
2023-02-06,1.0,NVDA,Nvidia earnings date,-0.24001795418820498
2023-02-13,1.0,NVDA,Nvidia earnings date,-0.24001795418820498
2023-02-20,1.0,NVDA,Nvidia earnings date,-0.24001795418820498
2023-02-27,0.0,NVDA,Nvidia earnings date,-0.3499562478897954
2023-03-06,0.0,NVDA,Nvidia earnings date,-0.3499562478897954
2023-03-13,0.0,NVDA,Nvidia earnings date,-0.3499562478897954
2023-03-20,0.0,NVDA,Nvidia earnings date,-0.3499562478897954
2023-03-27,1.0,NVDA,Nvidia earnings date,-0.24001795418820498
2023-04-03,0.0,NVDA,Nvidia earnings date,-0.3499562478897954
2023-04-10,1.0,NVDA,Nvidia earnings date,-0.24001795418820498
2023-04-17,1.0,NVDA,Nvidia earnings date,-0.24001795418820498
2023-04-24,1.0,NVDA,Nvidia earnings date,-0.24001795418820498
2023-05-01,1.0,NVDA,Nvidia earnings date,-0.24001795418820498
2023-05-08,1.0,NVDA,Nvidia earnings date,-0.24001795418820498
2023-05-15,1.0,NVDA,Nvidia earnings date,-0.24001795418820498
2023-05-22,2.0,NVDA,Nvidia earnings date,-0.13007966048661457
2023-05-29,1.0,NVDA,Nvidia earnings date,-0.24001795418820498
2023-06-05,1.0,NVDA,Nvidia earnings date,-0.24001795418820498
2023-06-12,1.0,NVDA,Nvidia earnings date,-0.24001795418820498
2023-06-19,1.0,NVDA,Nvidia earnings date,-0.24001795418820498
2023-06-26,1.0,NVDA,Nvidia earnings date,-0.24001795418820498
2023-07-03,1.0,NVDA,Nvidia earnings date,-0.24001795418820498
2023-07-10,1.0,NVDA,Nvidia earnings date,-0.24001795418820498
2023-07-17,1.0,NVDA,Nvidia earnings date,-0.24001795418820498
2023-07-24,2.0,NVDA,Nvidia earnings date,-0.13007966048661457
2023-07-31,1.0,NVDA,Nvidia earnings date,-0.24001795418820498
2023-08-07,1.0,NVDA,Nvidia earnings date,-0.24001795418820498
2023-08-14,2.0,NVDA,Nvidia earnings date,-0.13007966048661457
2023-08-21,5.0,NVDA,Nvidia earnings date,0.19973522061815663
2023-08-28,1.0,NVDA,Nvidia earnings date,-0.24001795418820498
2023-09-04,1.0,NVDA,Nvidia earnings date,-0.24001795418820498
2023-09-11,1.0,NVDA,Nvidia earnings date,-0.24001795418820498
2023-09-18,1.0,NVDA,Nvidia earnings date,-0.24001795418820498
2023-09-25,1.0,NVDA,Nvidia earnings date,-0.24001795418820498
2023-10-02,1.0,NVDA,Nvidia earnings date,-0.24001795418820498
2023-10-09,1.0,NVDA,Nvidia earnings date,-0.24001795418820498
2023-10-16,1.0,NVDA,Nvidia earnings date,-0.24001795418820498
2023-10-23,1.0,NVDA,Nvidia earnings date,-0.24001795418820498
2023-10-30,1.0,NVDA,Nvidia earnings date,-0.24001795418820498
2023-11-06,1.0,NVDA,Nvidia earnings date,-0.24001795418820498
2023-11-13,1.0,NVDA,Nvidia earnings date,-0.24001795418820498
2023-11-20,3.0,NVDA,Nvidia earnings date,-0.02014136678502418
2023-11-27,1.0,NVDA,Nvidia earnings date,-0.24001795418820498
2023-12-04,0.0,NVDA,Nvidia earnings date,-0.3499562478897954
2023-12-11,1.0,NVDA,Nvidia earnings date,-0.24001795418820498
2023-12-18,0.0,NVDA,Nvidia earnings date,-0.3499562478897954
2023-12-25,1.0,NVDA,Nvidia earnings date,-0.24001795418820498
2024-01-01,1.0,NVDA,Nvidia earnings date,-0.24001795418820498
2024-01-08,1.0,NVDA,Nvidia earnings date,-0.24001795418820498
2024-01-15,1.0,NVDA,Nvidia earnings date,-0.24001795418820498
2024-01-22,2.0,NVDA,Nvidia earnings date,-0.13007966048661457
2024-01-29,3.0,NVDA,Nvidia earnings date,-0.02014136678502418
2024-02-05,4.0,NVDA,Nvidia earnings date,0.08979692691656622
2024-02-12,6.0,NVDA,Nvidia earnings date,0.30967351431974705
2024-02-19,13.0,NVDA,Nvidia earnings date,1.07924157023088
2024-02-26,1.0,NVDA,Nvidia earnings date,-0.24001795418820498
2024-03-04,1.0,NVDA,Nvidia earnings date,-0.24001795418820498
2024-03-11,1.0,NVDA,Nvidia earnings date,-0.24001795418820498
2024-03-18,1.0,NVDA,Nvidia earnings date,-0.24001795418820498
2024-03-25,1.0,NVDA,Nvidia earnings date,-0.24001795418820498
2024-04-01,1.0,NVDA,Nvidia earnings date,-0.24001795418820498
2024-04-08,1.0,NVDA,Nvidia earnings date,-0.24001795418820498
2024-04-15,3.0,NVDA,Nvidia earnings date,-0.02014136678502418
2024-04-22,4.0,NVDA,Nvidia earnings date,0.08979692691656622
2024-04-29,3.0,NVDA,Nvidia earnings date,-0.02014136678502418
2024-05-06,3.0,NVDA,Nvidia earnings date,-0.02014136678502418
2024-05-13,5.0,NVDA,Nvidia earnings date,0.19973522061815663
2024-05-20,12.0,NVDA,Nvidia earnings date,0.9693032765292895
2024-05-27,1.0,NVDA,Nvidia earnings date,-0.24001795418820498
2024-06-03,1.0,NVDA,Nvidia earnings date,-0.24001795418820498
2024-06-10,1.0,NVDA,Nvidia earnings date,-0.24001795418820498
2024-06-17,1.0,NVDA,Nvidia earnings date,-0.24001795418820498
2024-06-24,2.0,NVDA,Nvidia earnings date,-0.13007966048661457
2024-07-01,2.0,NVDA,Nvidia earnings date,-0.13007966048661457
2024-07-08,2.0,NVDA,Nvidia earnings date,-0.13007966048661457
2024-07-15,4.0,NVDA,Nvidia earnings date,0.08979692691656622
2024-07-22,6.0,NVDA,Nvidia earnings date,0.30967351431974705
2024-07-29,8.0,NVDA,Nvidia earnings date,0.5295501017229278
2024-08-05,5.0,NVDA,Nvidia earnings date,0.19973522061815663
2024-08-12,6.0,NVDA,Nvidia earnings date,0.30967351431974705
2024-08-19,8.0,NVDA,Nvidia earnings date,0.5295501017229278
2024-08-26,19.0,NVDA,Nvidia earnings date,1.7388713324404224
2024-09-02,1.0,NVDA,Nvidia earnings date,-0.24001795418820498
2024-09-09,1.0,NVDA,Nvidia earnings date,-0.24001795418820498
2024-09-16,1.0,NVDA,Nvidia earnings date,-0.24001795418820498
2024-09-23,1.0,NVDA,Nvidia earnings date,-0.24001795418820498
2024-09-30,1.0,NVDA,Nvidia earnings date,-0.24001795418820498
2024-10-07,2.0,NVDA,Nvidia earnings date,-0.13007966048661457
2024-10-14,3.0,NVDA,Nvidia earnings date,-0.02014136678502418
2024-10-21,5.0,NVDA,Nvidia earnings date,0.19973522061815663
2024-10-28,4.0,NVDA,Nvidia earnings date,0.08979692691656622
2024-11-04,3.0,NVDA,Nvidia earnings date,-0.02014136678502418
2024-11-11,6.0,NVDA,Nvidia earnings date,0.30967351431974705
2024-11-18,14.0,NVDA,Nvidia earnings date,1.1891798639324702
2024-11-25,1.0,NVDA,Nvidia earnings date,-0.24001795418820498
2024-12-02,1.0,NVDA,Nvidia earnings date,-0.24001795418820498
2024-12-09,1.0,NVDA,Nvidia earnings date,-0.24001795418820498
2024-12-16,1.0,NVDA,Nvidia earnings date,-0.24001795418820498
2024-12-23,1.0,NVDA,Nvidia earnings date,-0.24001795418820498
2024-12-30,1.0,NVDA,Nvidia earnings date,-0.24001795418820498
2025-01-06,2.0,NVDA,Nvidia earnings date,-0.13007966048661457
2025-01-13,1.0,NVDA,Nvidia earnings date,-0.24001795418820498
2025-01-20,3.0,NVDA,Nvidia earnings date,-0.02014136678502418
2025-01-27,8.0,NVDA,Nvidia earnings date,0.5295501017229278
2025-02-03,6.0,NVDA,Nvidia earnings date,0.30967351431974705
2025-02-10,5.0,NVDA,Nvidia earnings date,0.19973522061815663
2025-02-17,6.0,NVDA,Nvidia earnings date,0.30967351431974705
2025-02-24,14.0,NVDA,Nvidia earnings date,1.1891798639324702
2025-03-03,1.0,NVDA,Nvidia earnings date,-0.24001795418820498
2025-03-10,1.0,NVDA,Nvidia earnings date,-0.24001795418820498
2025-03-17,1.0,NVDA,Nvidia earnings date,-0.24001795418820498
2025-03-24,1.0,NVDA,Nvidia earnings date,-0.24001795418820498
2025-03-31,1.0,NVDA,Nvidia earnings date,-0.24001795418820498
2025-04-07,1.0,NVDA,Nvidia earnings date,-0.24001795418820498
2025-04-14,1.0,NVDA,Nvidia earnings date,-0.24001795418820498
2025-04-21,2.0,NVDA,Nvidia earnings date,-0.13007966048661457
2025-04-28,3.0,NVDA,Nvidia earnings date,-0.02014136678502418
2025-05-05,2.0,NVDA,Nvidia earnings date,-0.13007966048661457
2025-05-12,3.0,NVDA,Nvidia earnings date,-0.02014136678502418
2025-05-19,3.0,NVDA,Nvidia earnings date,-0.02014136678502418
2025-05-26,8.0,NVDA,Nvidia earnings date,0.5295501017229278
2025-06-02,1.0,NVDA,Nvidia earnings date,-0.24001795418820498
2025-06-09,1.0,NVDA,Nvidia earnings date,-0.24001795418820498
2025-06-16,1.0,NVDA,Nvidia earnings date,-0.24001795418820498
2025-06-23,1.0,NVDA,Nvidia earnings date,-0.24001795418820498
2025-06-30,1.0,NVDA,Nvidia earnings date,-0.24001795418820498
2025-07-07,1.0,NVDA,Nvidia earnings date,-0.24001795418820498
2025-07-14,3.0,NVDA,Nvidia earnings date,-0.02014136678502418
2025-07-21,5.0,NVDA,Nvidia earnings date,0.19973522061815663
2025-07-28,9.0,NVDA,Nvidia earnings date,0.6394883954245183
2025-08-04,21.0,NVDA,Nvidia earnings date,1.9587479198436029
2025-08-11,37.0,NVDA,Nvidia earnings date,3.717760619069049
2025-08-18,47.0,NVDA,Nvidia earnings date,4.817143556084953
2025-08-25,100.0,NVDA,Nvidia earnings date,10.643873122269245
2025-09-01,10.0,NVDA,Nvidia earnings date,0.7494266891261087
2025-09-08,9.0,NVDA,Nvidia earnings date,0.6394883954245183
2025-09-15,6.0,NVDA,Nvidia earnings date,0.30967351431974705
2025-09-22,9.0,NVDA,Nvidia earnings date,0.6394883954245183
2025-09-29,8.0,NVDA,Nvidia earnings date,0.5295501017229278
2025-10-06,9.0,NVDA,Nvidia earnings date,0.6394883954245183
2025-10-13,11.0,NVDA,Nvidia earnings date,0.859364982827699
2025-10-20,13.0,NVDA,Nvidia earnings date,1.07924157023088
2025-10-27,19.0,NVDA,Nvidia earnings date,1.7388713324404224
2025-11-03,18.0,NVDA,Nvidia earnings date,1.6289330387388319
2025-11-10,27.0,NVDA,Nvidia earnings date,2.6183776820531453
2025-11-17,77.0,NVDA,Nvidia earnings date,8.115292367132666
2025-11-24,8.0,NVDA,Nvidia earnings date,0.5295501017229278
2025-12-01,6.0,NVDA,Nvidia earnings date,0.30967351431974705
2025-12-08,2.0,NVDA,Nvidia earnings date,-0.13007966048661457
2025-12-15,1.0,NVDA,Nvidia earnings date,-0.24001795418820498
2025-12-22,1.0,NVDA,Nvidia earnings date,-0.24001795418820498
2020-12-21,2.0,NVDA,Nvidia stock,-0.7822022442702421
2020-12-28,2.0,NVDA,Nvidia stock,-0.7822022442702421
2021-01-04,2.0,NVDA,Nvidia stock,-0.7822022442702421
2021-01-11,2.0,NVDA,Nvidia stock,-0.7822022442702421
2021-01-18,2.0,NVDA,Nvidia stock,-0.7822022442702421
2021-01-25,2.0,NVDA,Nvidia stock,-0.7822022442702421
2021-02-01,2.0,NVDA,Nvidia stock,-0.7822022442702421
2021-02-08,3.0,NVDA,Nvidia stock,-0.6957309413171605
2021-02-15,2.0,NVDA,Nvidia stock,-0.7822022442702421
2021-02-22,3.0,NVDA,Nvidia stock,-0.6957309413171605
2021-03-01,2.0,NVDA,Nvidia stock,-0.7822022442702421
2021-03-08,2.0,NVDA,Nvidia stock,-0.7822022442702421
2021-03-15,2.0,NVDA,Nvidia stock,-0.7822022442702421
2021-03-22,2.0,NVDA,Nvidia stock,-0.7822022442702421
2021-03-29,2.0,NVDA,Nvidia stock,-0.7822022442702421
2021-04-05,2.0,NVDA,Nvidia stock,-0.7822022442702421
2021-04-12,3.0,NVDA,Nvidia stock,-0.6957309413171605
2021-04-19,2.0,NVDA,Nvidia stock,-0.7822022442702421
2021-04-26,2.0,NVDA,Nvidia stock,-0.7822022442702421
2021-05-03,2.0,NVDA,Nvidia stock,-0.7822022442702421
2021-05-10,2.0,NVDA,Nvidia stock,-0.7822022442702421
2021-05-17,2.0,NVDA,Nvidia stock,-0.7822022442702421
2021-05-24,3.0,NVDA,Nvidia stock,-0.6957309413171605
2021-05-31,3.0,NVDA,Nvidia stock,-0.6957309413171605
2021-06-07,3.0,NVDA,Nvidia stock,-0.6957309413171605
2021-06-14,3.0,NVDA,Nvidia stock,-0.6957309413171605
2021-06-21,3.0,NVDA,Nvidia stock,-0.6957309413171605
2021-06-28,4.0,NVDA,Nvidia stock,-0.6092596383640788
2021-07-05,3.0,NVDA,Nvidia stock,-0.6957309413171605
2021-07-12,3.0,NVDA,Nvidia stock,-0.6957309413171605
2021-07-19,7.0,NVDA,Nvidia stock,-0.349845729504834
2021-07-26,3.0,NVDA,Nvidia stock,-0.6957309413171605
2021-08-02,3.0,NVDA,Nvidia stock,-0.6957309413171605
2021-08-09,3.0,NVDA,Nvidia stock,-0.6957309413171605
2021-08-16,3.0,NVDA,Nvidia stock,-0.6957309413171605
2021-08-23,4.0,NVDA,Nvidia stock,-0.6092596383640788
2021-08-30,3.0,NVDA,Nvidia stock,-0.6957309413171605
2021-09-06,2.0,NVDA,Nvidia stock,-0.7822022442702421
2021-09-13,2.0,NVDA,Nvidia stock,-0.7822022442702421
2021-09-20,2.0,NVDA,Nvidia stock,-0.7822022442702421
2021-09-27,2.0,NVDA,Nvidia stock,-0.7822022442702421
2021-10-04,2.0,NVDA,Nvidia stock,-0.7822022442702421
2021-10-11,2.0,NVDA,Nvidia stock,-0.7822022442702421
2021-10-18,2.0,NVDA,Nvidia stock,-0.7822022442702421
2021-10-25,3.0,NVDA,Nvidia stock,-0.6957309413171605
2021-11-01,5.0,NVDA,Nvidia stock,-0.5227883354109972
2021-11-08,6.0,NVDA,Nvidia stock,-0.43631703245791564
2021-11-15,7.0,NVDA,Nvidia stock,-0.349845729504834
2021-11-22,5.0,NVDA,Nvidia stock,-0.5227883354109972
2021-11-29,5.0,NVDA,Nvidia stock,-0.5227883354109972
2021-12-06,5.0,NVDA,Nvidia stock,-0.5227883354109972
2021-12-13,5.0,NVDA,Nvidia stock,-0.5227883354109972
2021-12-20,4.0,NVDA,Nvidia stock,-0.6092596383640788
2021-12-27,4.0,NVDA,Nvidia stock,-0.6092596383640788
2022-01-03,4.0,NVDA,Nvidia stock,-0.6092596383640788
2022-01-10,4.0,NVDA,Nvidia stock,-0.6092596383640788
2022-01-17,4.0,NVDA,Nvidia stock,-0.6092596383640788
2022-01-24,5.0,NVDA,Nvidia stock,-0.5227883354109972
2022-01-31,4.0,NVDA,Nvidia stock,-0.6092596383640788
2022-02-07,4.0,NVDA,Nvidia stock,-0.6092596383640788
2022-02-14,6.0,NVDA,Nvidia stock,-0.43631703245791564
2022-02-21,4.0,NVDA,Nvidia stock,-0.6092596383640788
2022-02-28,3.0,NVDA,Nvidia stock,-0.6957309413171605
2022-03-07,3.0,NVDA,Nvidia stock,-0.6957309413171605
2022-03-14,4.0,NVDA,Nvidia stock,-0.6092596383640788
2022-03-21,4.0,NVDA,Nvidia stock,-0.6092596383640788
2022-03-28,4.0,NVDA,Nvidia stock,-0.6092596383640788
2022-04-04,3.0,NVDA,Nvidia stock,-0.6957309413171605
2022-04-11,3.0,NVDA,Nvidia stock,-0.6957309413171605
2022-04-18,3.0,NVDA,Nvidia stock,-0.6957309413171605
2022-04-25,4.0,NVDA,Nvidia stock,-0.6092596383640788
2022-05-02,3.0,NVDA,Nvidia stock,-0.6957309413171605
2022-05-09,4.0,NVDA,Nvidia stock,-0.6092596383640788
2022-05-16,3.0,NVDA,Nvidia stock,-0.6957309413171605
2022-05-23,5.0,NVDA,Nvidia stock,-0.5227883354109972
2022-05-30,3.0,NVDA,Nvidia stock,-0.6957309413171605
2022-06-06,2.0,NVDA,Nvidia stock,-0.7822022442702421
2022-06-13,3.0,NVDA,Nvidia stock,-0.6957309413171605
2022-06-20,2.0,NVDA,Nvidia stock,-0.7822022442702421
2022-06-27,2.0,NVDA,Nvidia stock,-0.7822022442702421
2022-07-04,2.0,NVDA,Nvidia stock,-0.7822022442702421
2022-07-11,2.0,NVDA,Nvidia stock,-0.7822022442702421
2022-07-18,5.0,NVDA,Nvidia stock,-0.5227883354109972
2022-07-25,4.0,NVDA,Nvidia stock,-0.6092596383640788
2022-08-01,3.0,NVDA,Nvidia stock,-0.6957309413171605
2022-08-08,4.0,NVDA,Nvidia stock,-0.6092596383640788
2022-08-15,3.0,NVDA,Nvidia stock,-0.6957309413171605
2022-08-22,3.0,NVDA,Nvidia stock,-0.6957309413171605
2022-08-29,4.0,NVDA,Nvidia stock,-0.6092596383640788
2022-09-05,2.0,NVDA,Nvidia stock,-0.7822022442702421
2022-09-12,3.0,NVDA,Nvidia stock,-0.6957309413171605
2022-09-19,3.0,NVDA,Nvidia stock,-0.6957309413171605
2022-09-26,2.0,NVDA,Nvidia stock,-0.7822022442702421
2022-10-03,2.0,NVDA,Nvidia stock,-0.7822022442702421
2022-10-10,2.0,NVDA,Nvidia stock,-0.7822022442702421
2022-10-17,2.0,NVDA,Nvidia stock,-0.7822022442702421
2022-10-24,2.0,NVDA,Nvidia stock,-0.7822022442702421
2022-10-31,2.0,NVDA,Nvidia stock,-0.7822022442702421
2022-11-07,2.0,NVDA,Nvidia stock,-0.7822022442702421
2022-11-14,3.0,NVDA,Nvidia stock,-0.6957309413171605
2022-11-21,2.0,NVDA,Nvidia stock,-0.7822022442702421
2022-11-28,2.0,NVDA,Nvidia stock,-0.7822022442702421
2022-12-05,2.0,NVDA,Nvidia stock,-0.7822022442702421
2022-12-12,2.0,NVDA,Nvidia stock,-0.7822022442702421
2022-12-19,2.0,NVDA,Nvidia stock,-0.7822022442702421
2022-12-26,2.0,NVDA,Nvidia stock,-0.7822022442702421
2023-01-02,1.0,NVDA,Nvidia stock,-0.8686735472233237
2023-01-09,2.0,NVDA,Nvidia stock,-0.7822022442702421
2023-01-16,2.0,NVDA,Nvidia stock,-0.7822022442702421
2023-01-23,3.0,NVDA,Nvidia stock,-0.6957309413171605
2023-01-30,3.0,NVDA,Nvidia stock,-0.6957309413171605
2023-02-06,3.0,NVDA,Nvidia stock,-0.6957309413171605
2023-02-13,3.0,NVDA,Nvidia stock,-0.6957309413171605
2023-02-20,4.0,NVDA,Nvidia stock,-0.6092596383640788
2023-02-27,2.0,NVDA,Nvidia stock,-0.7822022442702421
2023-03-06,2.0,NVDA,Nvidia stock,-0.7822022442702421
2023-03-13,3.0,NVDA,Nvidia stock,-0.6957309413171605
2023-03-20,4.0,NVDA,Nvidia stock,-0.6092596383640788
2023-03-27,3.0,NVDA,Nvidia stock,-0.6957309413171605
2023-04-03,2.0,NVDA,Nvidia stock,-0.7822022442702421
2023-04-10,3.0,NVDA,Nvidia stock,-0.6957309413171605
2023-04-17,3.0,NVDA,Nvidia stock,-0.6957309413171605
2023-04-24,2.0,NVDA,Nvidia stock,-0.7822022442702421
2023-05-01,3.0,NVDA,Nvidia stock,-0.6957309413171605
2023-05-08,2.0,NVDA,Nvidia stock,-0.7822022442702421
2023-05-15,4.0,NVDA,Nvidia stock,-0.6092596383640788
2023-05-22,14.0,NVDA,Nvidia stock,0.25545339116673726
2023-05-29,13.0,NVDA,Nvidia stock,0.16898208821365565
2023-06-05,7.0,NVDA,Nvidia stock,-0.349845729504834
2023-06-12,8.0,NVDA,Nvidia stock,-0.2633744265517524
2023-06-19,6.0,NVDA,Nvidia stock,-0.43631703245791564
2023-06-26,6.0,NVDA,Nvidia stock,-0.43631703245791564
2023-07-03,4.0,NVDA,Nvidia stock,-0.6092596383640788
2023-07-10,6.0,NVDA,Nvidia stock,-0.43631703245791564
2023-07-17,6.0,NVDA,Nvidia stock,-0.43631703245791564
2023-07-24,6.0,NVDA,Nvidia stock,-0.43631703245791564
2023-07-31,5.0,NVDA,Nvidia stock,-0.5227883354109972
2023-08-07,5.0,NVDA,Nvidia stock,-0.5227883354109972
2023-08-14,6.0,NVDA,Nvidia stock,-0.43631703245791564
2023-08-21,16.0,NVDA,Nvidia stock,0.4283959970729005
2023-08-28,8.0,NVDA,Nvidia stock,-0.2633744265517524
2023-09-04,5.0,NVDA,Nvidia stock,-0.5227883354109972
2023-09-11,5.0,NVDA,Nvidia stock,-0.5227883354109972
2023-09-18,5.0,NVDA,Nvidia stock,-0.5227883354109972
2023-09-25,5.0,NVDA,Nvidia stock,-0.5227883354109972
2023-10-02,4.0,NVDA,Nvidia stock,-0.6092596383640788
2023-10-09,4.0,NVDA,Nvidia stock,-0.6092596383640788
2023-10-16,5.0,NVDA,Nvidia stock,-0.5227883354109972
2023-10-23,5.0,NVDA,Nvidia stock,-0.5227883354109972
2023-10-30,5.0,NVDA,Nvidia stock,-0.5227883354109972
2023-11-06,5.0,NVDA,Nvidia stock,-0.5227883354109972
2023-11-13,6.0,NVDA,Nvidia stock,-0.43631703245791564
2023-11-20,8.0,NVDA,Nvidia stock,-0.2633744265517524
2023-11-27,5.0,NVDA,Nvidia stock,-0.5227883354109972
2023-12-04,5.0,NVDA,Nvidia stock,-0.5227883354109972
2023-12-11,5.0,NVDA,Nvidia stock,-0.5227883354109972
2023-12-18,6.0,NVDA,Nvidia stock,-0.43631703245791564
2023-12-25,5.0,NVDA,Nvidia stock,-0.5227883354109972
2024-01-01,4.0,NVDA,Nvidia stock,-0.6092596383640788
2024-01-08,8.0,NVDA,Nvidia stock,-0.2633744265517524
2024-01-15,7.0,NVDA,Nvidia stock,-0.349845729504834
2024-01-22,10.0,NVDA,Nvidia stock,-0.09043182064558919
2024-01-29,9.0,NVDA,Nvidia stock,-0.1769031235986708
2024-02-05,13.0,NVDA,Nvidia stock,0.16898208821365565
2024-02-12,14.0,NVDA,Nvidia stock,0.25545339116673726
2024-02-19,39.0,NVDA,Nvidia stock,2.4172359649937776
2024-02-26,20.0,NVDA,Nvidia stock,0.7742812088852269
2024-03-04,23.0,NVDA,Nvidia stock,1.0336951177444718
2024-03-11,20.0,NVDA,Nvidia stock,0.7742812088852269
2024-03-18,20.0,NVDA,Nvidia stock,0.7742812088852269
2024-03-25,14.0,NVDA,Nvidia stock,0.25545339116673726
2024-04-01,13.0,NVDA,Nvidia stock,0.16898208821365565
2024-04-08,11.0,NVDA,Nvidia stock,-0.00396051769250758
2024-04-15,13.0,NVDA,Nvidia stock,0.16898208821365565
2024-04-22,14.0,NVDA,Nvidia stock,0.25545339116673726
2024-04-29,11.0,NVDA,Nvidia stock,-0.00396051769250758
2024-05-06,10.0,NVDA,Nvidia stock,-0.09043182064558919
2024-05-13,11.0,NVDA,Nvidia stock,-0.00396051769250758
2024-05-20,31.0,NVDA,Nvidia stock,1.7254655413691247
2024-05-27,24.0,NVDA,Nvidia stock,1.1201664206975535
2024-06-03,33.0,NVDA,Nvidia stock,1.8984081472752878
2024-06-10,39.0,NVDA,Nvidia stock,2.4172359649937776
2024-06-17,35.0,NVDA,Nvidia stock,2.0713507531814512
2024-06-24,34.0,NVDA,Nvidia stock,1.9848794502283695
2024-07-01,20.0,NVDA,Nvidia stock,0.7742812088852269
2024-07-08,23.0,NVDA,Nvidia stock,1.0336951177444718
2024-07-15,23.0,NVDA,Nvidia stock,1.0336951177444718
2024-07-22,22.0,NVDA,Nvidia stock,0.9472238147913902
2024-07-29,27.0,NVDA,Nvidia stock,1.379580329556798
2024-08-05,32.0,NVDA,Nvidia stock,1.8119368443222064
2024-08-12,24.0,NVDA,Nvidia stock,1.1201664206975535
2024-08-19,23.0,NVDA,Nvidia stock,1.0336951177444718
2024-08-26,39.0,NVDA,Nvidia stock,2.4172359649937776
2024-09-02,27.0,NVDA,Nvidia stock,1.379580329556798
2024-09-09,22.0,NVDA,Nvidia stock,0.9472238147913902
2024-09-16,19.0,NVDA,Nvidia stock,0.6878099059321453
2024-09-23,17.0,NVDA,Nvidia stock,0.5148673000259821
2024-09-30,15.0,NVDA,Nvidia stock,0.34192469411981885
2024-10-07,19.0,NVDA,Nvidia stock,0.6878099059321453
2024-10-14,19.0,NVDA,Nvidia stock,0.6878099059321453
2024-10-21,19.0,NVDA,Nvidia stock,0.6878099059321453
2024-10-28,17.0,NVDA,Nvidia stock,0.5148673000259821
2024-11-04,21.0,NVDA,Nvidia stock,0.8607525118383086
2024-11-11,19.0,NVDA,Nvidia stock,0.6878099059321453
2024-11-18,30.0,NVDA,Nvidia stock,1.638994238416043
2024-11-25,16.0,NVDA,Nvidia stock,0.4283959970729005
2024-12-02,17.0,NVDA,Nvidia stock,0.5148673000259821
2024-12-09,18.0,NVDA,Nvidia stock,0.6013386029790637
2024-12-16,19.0,NVDA,Nvidia stock,0.6878099059321453
2024-12-23,14.0,NVDA,Nvidia stock,0.25545339116673726
2024-12-30,14.0,NVDA,Nvidia stock,0.25545339116673726
2025-01-06,25.0,NVDA,Nvidia stock,1.206637723650635
2025-01-13,18.0,NVDA,Nvidia stock,0.6013386029790637
2025-01-20,18.0,NVDA,Nvidia stock,0.6013386029790637
2025-01-27,100.0,NVDA,Nvidia stock,7.691985445131756
2025-02-03,35.0,NVDA,Nvidia stock,2.0713507531814512
2025-02-10,23.0,NVDA,Nvidia stock,1.0336951177444718
2025-02-17,18.0,NVDA,Nvidia stock,0.6013386029790637
2025-02-24,34.0,NVDA,Nvidia stock,1.9848794502283695
2025-03-03,30.0,NVDA,Nvidia stock,1.638994238416043
2025-03-10,25.0,NVDA,Nvidia stock,1.206637723650635
2025-03-17,20.0,NVDA,Nvidia stock,0.7742812088852269
2025-03-24,18.0,NVDA,Nvidia stock,0.6013386029790637
2025-03-31,28.0,NVDA,Nvidia stock,1.4660516325098798
2025-04-07,40.0,NVDA,Nvidia stock,2.5037072679468593
2025-04-14,24.0,NVDA,Nvidia stock,1.1201664206975535
2025-04-21,21.0,NVDA,Nvidia stock,0.8607525118383086
2025-04-28,17.0,NVDA,Nvidia stock,0.5148673000259821
2025-05-05,15.0,NVDA,Nvidia stock,0.34192469411981885
2025-05-12,24.0,NVDA,Nvidia stock,1.1201664206975535
2025-05-19,17.0,NVDA,Nvidia stock,0.5148673000259821
2025-05-26,23.0,NVDA,Nvidia stock,1.0336951177444718
2025-06-02,17.0,NVDA,Nvidia stock,0.5148673000259821
2025-06-09,16.0,NVDA,Nvidia stock,0.4283959970729005
2025-06-16,13.0,NVDA,Nvidia stock,0.16898208821365565
2025-06-23,19.0,NVDA,Nvidia stock,0.6878099059321453
2025-06-30,15.0,NVDA,Nvidia stock,0.34192469411981885
2025-07-07,20.0,NVDA,Nvidia stock,0.7742812088852269
2025-07-14,22.0,NVDA,Nvidia stock,0.9472238147913902
2025-07-21,19.0,NVDA,Nvidia stock,0.6878099059321453
2025-07-28,23.0,NVDA,Nvidia stock,1.0336951177444718
2025-08-04,25.0,NVDA,Nvidia stock,1.206637723650635
2025-08-11,28.0,NVDA,Nvidia stock,1.4660516325098798
2025-08-18,27.0,NVDA,Nvidia stock,1.379580329556798
2025-08-25,39.0,NVDA,Nvidia stock,2.4172359649937776
2025-09-01,23.0,NVDA,Nvidia stock,1.0336951177444718
2025-09-08,20.0,NVDA,Nvidia stock,0.7742812088852269
2025-09-15,21.0,NVDA,Nvidia stock,0.8607525118383086
2025-09-22,26.0,NVDA,Nvidia stock,1.2931090266037166
2025-09-29,23.0,NVDA,Nvidia stock,1.0336951177444718
2025-10-06,24.0,NVDA,Nvidia stock,1.1201664206975535
2025-10-13,22.0,NVDA,Nvidia stock,0.9472238147913902
2025-10-20,18.0,NVDA,Nvidia stock,0.6013386029790637
2025-10-27,29.0,NVDA,Nvidia stock,1.5525229354629615
2025-11-03,27.0,NVDA,Nvidia stock,1.379580329556798
2025-11-10,27.0,NVDA,Nvidia stock,1.379580329556798
2025-11-17,49.0,NVDA,Nvidia stock,3.281948994524594
2025-11-24,27.0,NVDA,Nvidia stock,1.379580329556798
2025-12-01,24.0,NVDA,Nvidia stock,1.1201664206975535
2025-12-08,18.0,NVDA,Nvidia stock,0.6013386029790637
2025-12-15,15.0,NVDA,Nvidia stock,0.34192469411981885
2025-12-22,11.0,NVDA,Nvidia stock,-0.00396051769250758
