Date,AAPL,AMZN,AVGO,BAC,COST,GOOGL,HD,JPM,MA,META,MSFT,NVDA,PG,TSLA,UNH,XOM,SPY
2019-01-03,-0.09960793981574867,-0.025241497784936007,-0.08895114522395031,-0.01602568717252295,-0.021195780022121524,-0.02769566062857809,-0.022040484689480055,-0.014211607319130626,-0.04511431007682565,-0.029038841744088106,-0.036787894715154645,-0.06041669740588307,-0.007011431121485723,-0.03147171266518323,-0.02727033407281887,-0.01535356177911884,-0.023862733687285864
2019-01-04,0.04268924778742589,0.05006399867375011,0.009828547893176331,0.0415311259818838,0.02903922006400239,0.051293660648661143,0.02971378110976186,0.036865307184499985,0.04735613316930731,0.047138254094848175,0.04650898202690468,0.06406746078706504,0.02041031466609433,0.0576973909120706,0.011695343254636281,0.03686962082155665,0.033495768555514616
2019-01-07,-0.0022254396325686043,0.03435341415874271,0.020366188266028207,-0.0007821413070984162,0.0036848684064292314,-0.0019943648675194714,0.01969805096628141,0.0006953284409452198,0.007693880563375943,0.0007248849044723116,0.0012754794907714473,0.052940729117877616,-0.004000531421371911,0.05436123871697496,0.0019197280460248045,0.00520031755964534,0.007884751009861857
2019-01-08,0.019062788021432686,0.01661235994563981,-0.008026032488178458,-0.001955734279758925,0.007488094117616306,0.00878316756028008,0.004801208040610794,-0.0018854864246073966,0.007281513715651666,0.0324521661508701,0.007250761224866009,-0.02489545635857915,0.003690988482470514,0.0011642764023440666,0.01337043935007265,0.0072707382416816735,0.009395085213681043
2019-01-09,0.016981864394185697,0.0017143547179709895,0.04325008021048782,0.009799871157849083,0.006473261078310699,-0.0034273927529479,0.01034319901810421,-0.0016902636692290862,0.018150833291176838,0.01192727379355718,0.014299806125027681,0.019666789727383005,-0.016331731064779587,0.009482625353500751,0.0014387373996185282,0.005274927459666845,0.004673477691969241
2019-01-10,0.003196065028770123,-0.0019284287379283116,0.013155734915918815,-0.0011646631343055214,0.0035252265594796217,-0.0026071903760661597,-0.003727801426992472,-9.997328236954761e-05,0.006027466830927253,-0.00020806058451494636,-0.006425948472762899,0.01858614151373028,0.002419069486504055,0.019023398389568458,0.005048432845139672,-0.00510904796313405,0.003527788785172792
2019-01-11,-0.009817982201920428,-0.009455231305329326,0.004208052678851937,0.011659508821713294,-0.0006168118309454185,-0.013310650971897653,0.001954826752150751,-0.004781310428540242,-0.0053313680951724285,-0.002773865988345281,-0.007721876440846875,0.024788220188759258,0.006581186803656935,0.0066383165769237085,0.01143451317786548,-0.004580449355525706,0.00038622202569227326
2019-01-14,-0.015036962516079222,-0.014232985793521946,0.0011971576188929411,0.013061850375257977,-0.0071731717803149575,-0.01217511231013213,-0.00334414614323697,0.010309503545628651,-0.002399359329816164,0.011056979684366475,-0.00729549569472554,0.01081770128887638,-0.006756027083662519,-0.03703280470952408,0.0015747556030154541,-0.0012546203232586262,-0.006101236140879873
2019-01-15,0.02046666692343213,0.035462313843586335,0.0224022918298592,0.006825816875121848,0.00971265319735748,0.03328548138434417,-0.013086812962842642,0.007330895540075488,0.00557759965421889,0.0244857872649471,0.02900515768168077,-0.003788914165931301,0.00943499363931899,0.029994027272290946,0.03551552982264683,0.0005583094990035953,0.011461010002948413
2019-01-16,0.0122163622553364,0.005505997778829874,-0.01867525815066784,0.0715635806920567,-0.004027703559676299,0.0027610829790123415,0.0032302113228790397,0.008064455509558144,0.006360612714115366,-0.009466083315315066,0.0035234174672362784,-0.006872703612491038,-0.006955507482078405,0.004703414429845898,0.01786892656541461,-0.0004186458571451279,0.0024197931533362915
2019-01-17,0.005938034024041139,0.005606434395265758,0.014422036953685824,0.018980402475257785,0.006090043442919413,0.008820577514043082,-0.012257186048244662,0.004097580819189206,0.0077869469650364564,0.005150951733624343,0.0070222479256194514,0.019349616861084495,-0.0001434560751754077,0.0036410765019605495,-0.006463790834068894,0.0068397386337524235,0.007586873110229764
2019-01-18,0.006159360228001676,0.0017598946424279838,0.021501453717190033,0.010693358963859811,0.010072851273970729,0.00744225628240236,0.026934342992072535,0.016226269101570434,0.013496646663303302,0.0117330146010457,0.014982962136347533,0.03433984099647125,0.008605209468940833,-0.1297111611448507,0.022058053416605272,0.011922864381197718,0.013309842074710199
2019-01-22,-0.02244599919914292,-0.03774908655967102,-0.009700205166263798,-0.007167338461617989,-0.005571452209655048,-0.025891850779367176,-0.013754460804610402,-0.015776037201171156,-0.012574374435969093,-0.016462274589851278,-0.018847032921876394,-0.05199781253037217,-0.01071975240346501,-0.011050140026936717,0.0007158422654103269,-0.015070693873487029,-0.013510443358323077
2019-01-23,0.004044202008900433,0.004809570602366753,-0.0029809836506260456,-0.005844009785080151,-0.001459543685101039,0.005358757302521111,-0.0012421891219636105,-0.0025256873785137746,-0.005564981078222453,-0.022158857816381827,0.009746621332276106,0.0034952443384004273,0.04865102959587886,-0.03790309945117787,0.005005701324040324,-0.008206754345358447,0.002092542682377685
2019-01-24,-0.00792591552300248,0.009091336230296898,0.02341523864728834,0.005532613715289347,-0.008392445273528115,-0.00037811039930490953,0.0022615675208783603,0.0005845475160093372,0.007259960961476297,0.010602641076875363,-0.004779390835132569,0.05727112716430116,-0.005693789032118701,0.013630522645296628,-0.0033329447781483834,0.0014026044368078416,0.0005314635298530046
2019-01-25,0.033136418910973076,0.009450615167288179,0.016657423364522916,0.017193899888475084,-0.005895951320676884,0.01615313718097111,0.017541544499010797,0.006326508424335131,0.015766510661704647,0.021806341856554612,0.009133865256599316,0.014635025774047072,-0.007423074822056508,0.018970237843449533,0.007214388088994106,0.004481603832168446,0.008461496120754752
2019-01-28,-0.009254161799214011,-0.019562216712664893,-0.001194299462599635,0.0016904030904203449,0.00813100212092066,-0.019654776532486262,-0.0031596406610684413,0.004739210702760621,-0.013698784124011265,-0.010334739600632137,-0.01950168374556871,-0.13824539832430072,-0.0008547813978403429,-0.0022219544588429896,-0.0047755466273791125,-0.006692560286321814,-0.0076003814937241065
2019-01-29,-0.010364972796707894,-0.02686994204251958,-0.0048574925060573815,-0.008099982806406336,-0.0021823377929777177,-0.009075370586471121,-0.0007781795315201512,0.002791552882069448,-0.004596229559473697,-0.02224191937257336,-0.020365480462504415,-0.046445699409692454,0.00021395064504581285,0.0036439960027925267,0.0021369187984967564,0.003790110201811414,-0.0013269279533699718
2019-01-30,0.0683346753222096,0.04802744720961405,0.016897016879382498,-0.010888119804847163,0.004944639859573607,0.026101354624810114,0.013856977372053603,0.0023042156999071306,0.023991081237011658,0.04320676975965165,0.033417552104423764,0.04399671656587234,0.010476411769792415,0.038021902704256094,0.011333874269938704,0.010907816000252257,0.015830669574482537
2019-01-31,0.007201280719720149,0.02891472167185971,-0.009489767015955164,-0.020639935498743767,0.015519528494812418,0.025409959960517092,0.007410446166633999,-0.008715711025609973,0.034849704065556875,0.10816380461555863,-0.01833063828247694,0.04629159619232781,0.020631083974020026,-0.005667655087972956,-0.0006285206746025063,0.013694701898550488,0.008782545695450672
2019-02-01,0.0004808374188123299,-0.05381880772938674,-0.00536805031269505,-0.003160928460018253,-0.020313887429206257,-0.0064570625888688005,0.004576723662263582,0.003671409352311361,0.012504158798652298,-0.005879107685316187,-0.015800041102547735,0.006817158565066483,0.010365721192358679,0.01690437546773982,-0.0054776040752689825,0.03602593799498521,0.00048160406966113456
2019-02-04,0.028404633711869076,0.004353581897566405,0.019901911551278184,0.017617831362492176,0.004327603565479787,0.020382388044439814,0.011173339209934019,0.0035618870901028554,0.005332741061809809,0.021362612516546697,0.028799392223864295,0.03074724321405009,0.005745342925068897,0.002178046704109926,-0.0018981585016156766,-0.014488856863337007,0.007035686884635739
2019-02-05,0.017109671475115773,0.015612487224473615,-0.007790904277882427,-0.0034623599347018974,0.0020362834343734537,0.009155188670953995,-0.00021443799553544363,-0.004412419787334976,0.004420390438581778,0.011285222801148631,0.013996448237679537,0.005161575711372546,-0.006018499483093409,0.027038217137097087,-0.007083670853781032,0.010291210283290164,0.004191469914217372
2019-02-06,0.00034439560644083933,-0.011182689786027766,0.022999966576012554,-0.0017373910940152726,-4.714991506649113e-05,-0.025159078628277043,-0.008959810989630723,-0.0004818541242755936,-0.002594355270056581,-0.0039143284278023716,-0.011098589809773185,0.020340187448132374,0.004926387074383198,-0.012851945460094494,0.011978351415478095,-0.004365381860866435,-0.001318139820608244
2019-02-07,-0.018939289626973332,-0.015784110453143985,-0.025777201748646617,-0.017055247610853197,-0.009382717976688992,-0.015121608497181582,-0.0035189846519134704,-0.013109626061249213,-0.006177234406734344,-0.024107115819710034,-0.007167614214673601,-0.03647068688003374,-0.007965904000109325,-0.030609661584522496,-0.001855077064715327,-0.007706844059287787,-0.009532595153789236
2019-02-08,0.001174719892721443,-0.016198209157239574,0.01846939649379098,0.0017703730156735098,-0.006218309548299938,-0.003191979693998981,0.0025533792623269047,-0.009962738557286799,0.012197963415216506,0.005709698767353055,0.0037997649730530103,0.005087512003818517,0.005867848919636431,-0.005560810155770368,-0.02639420686308791,0.0016249816476154866,0.0012214136479644644
2019-02-11,-0.005750433169604996,0.0017503863887402549,0.0060569736048505796,0.004242025549623385,0.004668702918552148,-0.00023590100971626615,-0.008778596381069259,-0.004735643938010514,0.0024008889938298417,-0.009203431971223641,-0.00397482410766703,-0.01160844799729166,0.005730860174725461,0.02302159754165345,-0.01817484865998742,0.0016218511146326442,0.0005547274408226333
2019-02-12,0.00861701717301444,0.029547382710171766,0.01331032729334325,0.00985563922551247,0.015235870758030456,0.023101085847077485,0.014213858784763111,0.017049601662650904,0.00833726831323589,-0.0045237919146545735,0.015581883290978205,0.03222949354140803,0.010074605178550744,-0.003292499161602569,0.02473377840847646,0.017544024132867042,0.012859369009602162
2019-02-13,-0.004154676030272086,0.001214920135908626,0.006908467278736508,0.00034852096415827205,0.00424728975003541,0.0009310371885171698,0.01557788601113197,0.0047760620688819255,0.007445798361197742,-0.005877275654450731,-0.0007482829313527617,0.011311916963963053,-0.00020148725454272043,-0.011673755836671518,0.0011382476000236785,0.01127327078718432,0.0032469598477560258
2019-02-14,0.0036429964852662255,-0.010579272014338836,0.0006397803960747073,-0.010801567010406687,0.004887125280638616,0.000505031792142896,-0.0037152484179222567,-0.006499134571245846,-0.0033098556290352965,-0.0007313233693918564,0.0008425154874058816,0.010792679516975712,-0.007859950795511383,-0.014277820308407851,0.005799772946604831,0.00026189593613268336,-0.002218469928274902
2019-02-15,-0.0022246604911186907,-0.009059262479477748,0.0015273598265437283,0.025361227924164176,0.012299130949866566,-0.008475077603911751,0.024931967958639056,0.030560485354115263,0.010463511762171418,-0.008844251981285245,0.012348068121012412,0.018184147932105432,0.00020349155528398555,0.013529981687833148,0.021859530837348595,0.018880608913334873,0.010897244560235775
2019-02-19,0.0029922992340489785,0.012208075244112715,-0.0009577577314705543,0.000686985003881313,0.007622243580396093,0.006145005037018869,-0.0003119750962488066,-0.003505269027085922,-0.006843455640182294,-0.0012922045533521054,-0.00046210807934154996,-0.004449170036921246,0.015332818574769647,-0.007275592114103446,-0.0026552214622070913,0.006691580452492074,0.0017307488446329788
2019-02-20,0.006435569146961084,-0.0033668938325457365,0.006248762217723414,0.00961211838879783,-0.00463052901848271,-0.0052551863003905686,-0.0024956373929135856,0.004848627582134224,0.002357388075774569,0.0016635960848163656,-0.005198839047060977,0.012193769785752151,-0.007100893882014847,-0.010077140160173803,-0.003328432555625427,0.0038346861012625855,0.002015372251235714
2019-02-21,-0.005638783640449452,-0.0016398893947140447,-0.008750199211536525,-0.004080325245588767,-0.008659400848304188,-0.014617373592305971,-0.00015642661164283478,-0.0020815733491696964,-0.008140783057610568,-0.015502054419672562,0.02109195883088244,-0.017533912328072887,0.005036532130660909,-0.03744719150082565,-0.011539500588400142,-0.009040910519197864,-0.0035561898905700495
2019-02-22,0.011165808866080651,0.0074841032295558385,-0.015804318664362382,-0.007169708646523665,0.0049250381316576775,0.011184535613536717,0.002971625857434157,-0.004456460195302991,0.01828481096415424,0.011559653075034149,0.014258073747060562,0.021955426956250523,0.0047103197720756995,0.011949336815981981,0.002664918016950013,0.007709845452707587,0.006200315446705629
2019-02-25,0.007284503791448849,0.0008825736547322105,0.007595222325234463,0.006533868493014072,0.003513899006546639,0.0006896277765573444,-0.012526666711880408,0.010476526828505195,0.0,0.016863285726827826,0.005587042223841765,-0.0031407443098853127,-0.006783005660392694,0.013776227055194656,-0.009396432675234712,0.0010200611810236015,0.0013613409205028848
2019-02-26,0.0005739455149798012,0.00208203509820426,-0.012922186670646263,0.0006831524656227828,0.00257990643570305,0.004188440180295627,-0.008843062539980462,-0.007634330480708051,0.0030446976080396038,-0.0029765635522452927,0.0069002705929972485,-0.010019749220233298,0.0026112701038072395,-0.0030458399535449043,-0.006122523942673874,0.002038243058571698,-0.0007155275425295704
2019-02-27,0.003097601297630481,0.0028660116253622636,-0.012763192713578175,0.008193776359847194,0.002022233835762277,0.0007843863206424828,-0.024588322726571965,-0.001234832545459641,0.0025449168920272935,-0.008042272248506288,-0.0016910249362767082,-0.010757543842702444,-0.009215674576968369,0.05667104122280353,-0.049053209964994515,0.010297853011899338,-0.00042921088006453445
2019-02-28,-0.009835860946462827,-0.0007677325817357916,0.01425442771271035,-0.010210873269689835,0.003164169831311847,0.003259473699019022,0.008003507824722478,-0.007607738125469554,0.0008904068712152213,-0.008353324554466912,-0.0012479232645904448,-0.006376724244887222,-0.0036396954588643338,0.016330846005180755,-0.03142984723603426,-0.005537259718008114,-0.001863366040128045
2019-03-01,0.010511183809871705,0.019453250691601864,-0.009478445943194913,0.00790921350955931,0.003200217492150381,0.01950190192058976,0.0001619980556317735,0.0006710526420281582,0.01103349242368501,0.005140762834538348,0.00446284137543973,0.014196982864786989,-0.001116209597238349,-0.07843566043230532,0.016224798120757722,0.012274283523688645,0.006244307091836099
2019-03-04,0.005029505145534907,0.014619586796095208,0.007846090788682591,-0.00955305063363876,-0.004693748587754509,0.004266450884446105,-0.007344516598294382,-0.0022982138602497537,-0.004224484442312493,0.031365615525054125,-0.0023992572779166776,0.002109270659031992,0.0043681989315671466,-0.03198883658491347,-0.04115372492850622,0.003874816727450048,-0.003637732365804558
2019-03-05,-0.00181992369369266,-0.0022050158240090045,0.007712315207897724,0.0017223556495937764,0.006455817766289229,0.013672350761276375,0.0010335428682191061,-0.0007677770164133957,-0.0003091547180748,0.02324195782650551,-0.004988558905201779,-0.0016583127037427259,0.0022251023315815743,-0.03090829156245878,0.022921870182167847,-0.00149427801571278,-0.001359710085592325
2019-03-06,-0.00575357158495593,-0.013873495481994347,-0.020432737657241518,-0.008253092357801028,-0.0026841139040586492,-0.0036349387257037513,0.0024457157377455463,-0.0037460431799759553,-0.007735950084084453,0.007298867972062695,0.0004477699276699276,-0.028558903993896156,-0.0016147546530561607,-0.0010848588017886573,-0.009774954491086896,-0.011348077652764244,-0.006057370315395105
2019-03-07,-0.01157483221135458,-0.02576471998369667,-0.021522230526278552,-0.010055397394120535,-0.011129838972085748,-0.012095075039271874,-0.010517781467400011,-0.007230825669306884,-0.009177282571589784,-0.019592970280185917,-0.012170112746104245,-0.018349187855873805,-0.003841028010993841,0.0012669741182240735,-0.009913604972899615,0.011100076475231813,-0.008365128063569371
2019-03-08,0.002376979940456936,-0.0031673752931026256,-0.00497109788498562,0.0035023892994670014,0.050878638898602,-0.0007645961587041672,-0.007013372791664363,0.0003883920586658096,-0.002428059962425233,0.0027788134620052585,0.0010871799775296065,0.009245712588731969,-0.0014206637430509428,0.02729675994497449,0.006318848999042004,-0.01434621053368268,-0.00200003158788864
2019-03-11,0.034641943333397096,0.030737873720530162,0.018433679274894255,0.010122554904350656,0.008208418289728625,0.025470166656027082,0.006676823579503832,0.013008183282060992,0.016992162285978107,0.01456376780777835,0.020993488412554218,0.06970249364942593,0.011888767566604619,0.023861458586003748,0.024695432363668335,0.009745416070499058,0.014501253251201884
2019-03-12,0.01123526859845736,0.0014844854239022265,0.002118372513556288,0.0,0.014236602294473766,0.015255378030667677,0.008550553108937597,-0.0029708281705284056,0.005761464110187964,-0.0008718089074885027,0.007001823083341074,0.008564134727283124,0.004720144699071449,-0.025986510550194186,0.011227857396992169,0.0027577744916991165,0.0037712123458411018
2019-03-13,0.00442220006970806,0.010585118161452245,0.005859871284504603,0.012093670172984794,0.014680425771886219,0.0015117256491141706,-0.008212727629979155,0.003364166585237749,0.00687392837013423,0.008434154464574961,0.00774500399720246,0.03753376023890631,0.011294547609283612,0.019762826693860758,0.02590703281908291,0.008874521271368785,0.006618975095417978
2019-03-14,0.011116661009288098,-0.002714673150861824,-0.011098441573279882,0.00580410411580079,-0.0107452142756983,-0.005445857767634843,0.0025946687144899894,0.009100491425654944,0.004420113353021504,-0.018457595212688638,0.0007862760786352396,-0.01814750776718299,0.001383467823007134,0.0034607328163371864,0.004043676681836139,-0.0033449136479246633,-0.0006398571930411601
2019-03-15,0.013008182122898893,0.015502120161135613,0.08236368399566141,-0.005431167680060245,-0.0010262237288486409,-0.0018700469796849584,0.0034140229894847884,0.011486825406233248,0.007232784758802957,-0.024622434514081415,0.011519020931403334,0.0256708928863425,0.01105414659608539,-0.05011042604829263,-0.007383752473539618,-0.0036051081532445517,0.004940374016027205
2019-03-18,0.01020857412048981,0.017397066258948213,0.012229561869728567,0.01774758968213641,0.01279934931148552,-0.001470114991743654,0.006529999827253885,0.006006602154671192,-0.0033742114767186804,-0.03319682113167777,0.014321596758322785,-0.005064628580137787,-0.009078623145478026,-0.021566273770704303,0.014319926070231137,0.011603412169469696,0.003626295503361243
2019-03-19,-0.007924808695762287,0.011307873960989534,0.018615437240777633,-0.005700869748560433,0.001944261979692996,0.011703276067459134,0.003870985964280038,-0.003638575706454872,0.0026912077380920607,0.0068547178609694726,0.0006802475852591972,0.040011704496268896,0.0038421369246932624,-0.007495627621330492,0.008352963338650543,-0.0025901838827619983,0.00024776419884520173
2019-03-20,0.008738634241451715,0.02010391063581385,-0.01897793712991558,-0.034064143868654306,-0.00029525329279389556,0.019934100856809023,0.010699194165589176,-0.02134840615748601,-0.004848220596677333,0.02395266356372927,-0.0011048406776815733,-0.007455413228142582,-0.0017667592247119224,0.02291845522943481,-0.025784536345192066,0.005564189675154596,-0.0030099990949664646
2019-03-21,0.036830454578034466,0.012235166707998735,0.01982615101566365,-0.016061368953343425,0.010802624671953254,0.00790917179243622,0.020795378448223767,-0.01578642994848245,0.026012458933880378,0.003868370814144706,0.022974792562289625,0.05470177824847444,0.007570148209866012,0.0015350810461096653,0.00606780813700647,0.005779739379546678,0.011294995534067764
2019-03-22,-0.020708556001905132,-0.029951683771010984,-0.013982896339473472,-0.04151895069532341,-0.008265849954463778,-0.02303960361929469,-0.006422645649360126,-0.030231927152983618,-0.02166456330013844,-0.010476915111841234,-0.02636826501410172,-0.035011275545202336,-0.008098242688390878,-0.03463255713040714,-0.019562005285968187,-0.016016623342650416,-0.01924647964616999
2019-03-25,-0.012090913364122713,0.005377413721055602,-0.001673929535745522,-0.006293797116893596,-0.002483392634571202,-0.008504151663418336,0.0049275088014033575,-0.00832037035054145,-0.0014734039668357068,0.011865673274508381,0.005211439695593345,-0.02095766089421991,0.002950957303172519,-0.015536892576059724,-0.0009309280885302362,-0.006958502631952301,-0.0007519142660458167
2019-03-26,-0.010331941867629979,0.0053544138654035844,0.016668878208059512,0.013785221594314168,0.008861863578881302,-0.006297135184831992,-0.0017926655199853592,0.010007377639255965,0.012455372391302788,0.008358972326150349,0.002124613538814879,0.017781134481998473,0.01039603754163565,0.028223624718877183,-0.014056550472809959,0.013013282433058881,0.007453790277812233
2019-03-27,0.008994318828280834,-0.01012467867973188,-0.0035688194403367124,-0.006615213354390637,0.0014220301621414855,-0.009942424078169254,-0.0004752164457951791,-0.0034028871272551164,-0.003300427971836717,-0.01079443338663133,-0.009668229226848735,-0.002091813628270045,-0.0011646251514118022,0.026365922874079573,-0.006902362385056038,-0.007658258041796762,-0.005229110223829214
2019-03-28,0.0013261968646915978,0.00437213503435796,0.010474201205410871,0.011098693171286644,0.007560192319992165,-0.004872680408166574,0.004279931959081162,0.011347657293943714,0.01006358974331012,-0.0019291251017017341,0.0013703723250431121,0.004249221627377731,0.006316649247767092,0.013790332193247767,0.0021511887287104514,0.004979002483032069,0.0037904380085189704
2019-03-29,0.0065177166552741195,0.004133266392968293,0.005483687414710836,0.009513600561082303,0.003814165984437512,0.003941126900522285,0.009628653169730494,0.005163500013806832,0.002512297746372072,0.006885971555816939,0.008637404616462119,0.013032039350530322,0.004828669381155004,0.004450491478388496,0.02076536380273053,0.0007432246257335073,0.006305496623602691
2019-04-01,0.006791227607199524,0.018778657625842854,0.016893182872910195,0.03443266995824845,0.008466209333280128,0.018769886848871487,0.019542272830815888,0.03368529829542233,0.015289673166078543,0.012058535740013587,0.009157218398701872,0.015148292049252055,-0.003940556305554566,0.03330240519756256,-0.006955927408844098,0.011509939226646893,0.011859280279257423
2019-04-02,0.014536793857206964,-0.00011581671050930886,-0.008960346543441577,0.011562951720890613,-0.015111572260869233,0.005471160203836201,-0.006798022463678333,0.004778432837009516,0.0008786207734765572,0.03260228334753146,0.001428444345723534,0.003949730245999428,0.0010613900617195693,-0.011411640419352831,-0.004602380152685104,-0.0042823640152576115,0.0004901699472514842
2019-04-03,0.006854828614048181,0.003704629310371743,0.0037949604022136096,-0.001039374082447031,0.008232926688723108,0.004371424696381521,0.022129560558199257,0.001997258980133143,-0.0013792128978322715,-0.0037887732036337995,0.006544004809958981,0.030710651157946467,-0.0005784766612846326,0.020743017324461155,0.005850819277901653,-0.005898330202508517,0.00157304443345474
2019-04-04,0.0017406692398795887,-0.0010106317894359451,-0.007232385967281041,0.01074903439740904,0.007918371291010251,0.007135848657715327,0.009264141705157769,0.009660632289703264,-0.012012011414676338,0.01429066624757347,-0.005084326152172691,-0.0019085357468460185,-0.0025075149184935475,-0.08234816239503528,0.006305072133101053,0.014215048541087905,0.0026536387477260615
2019-04-05,0.006694259395549462,0.010127196283313822,0.0075498969421123885,-0.0024014484290300064,0.0060146085078220946,-0.006560380501060448,0.0080323227696657,-0.0023685448517155594,0.0024147661115607733,-0.0017044025612914515,0.00444026257098229,0.01428852237764966,0.0021273526417067146,0.02681314318395822,0.005618621670286927,0.005362318416161083,0.0048403054484023045
2019-04-08,0.01573604909102877,0.0068470544892456076,0.0006570577655160559,0.003094909634175469,0.0026439910729409988,-0.002616683805380826,0.007373990895817251,0.0032285875569428857,-0.00012720257961473802,-0.00449585007199127,0.00033347429010754936,0.004399280514732151,0.012735101518098091,-0.0064009870820075365,-0.00012066310026470628,0.006182692134771184,0.0007625183312309769
2019-04-09,-0.0029986156856748325,-0.007578913297284662,-0.0033826522502641287,-0.009598977112301843,-0.006531114790228276,-0.004626487523796907,-0.013019002818210779,-0.007382607808096631,-0.0015236120700876654,0.015148945245486267,-0.005419791099665061,-0.013191628037724556,-0.002953298571830465,-0.003257712404775681,0.00016083502089037083,-0.01289143072917076,-0.0051250902702134615
2019-04-10,0.005614224228557729,0.006258726672734749,0.013379298282578223,0.006230528140121372,0.002858256044480312,0.0031263576029247897,-0.007317181708952902,0.004481471828040817,0.004874817170885226,0.0013514574047777117,0.007628946513239088,0.015005899844866999,-9.550253025580879e-05,0.013771070245990558,-0.01109363930238838,-0.004516032575518247,0.0034112804848651646
2019-04-11,-0.008324420541063082,-0.001764730856449126,0.006178785728733871,0.0,-0.01779253539112613,0.002602615409621478,0.010279209680110757,0.00844936773102356,-0.004302947985507788,-0.0017432297119479578,0.0011650577259554318,-0.0029152623541081057,0.0009556346649954861,-0.027675107337592375,-0.04312490468909891,0.0047816209502886675,-0.0002776232171292081
2019-04-12,-0.0004021533314993997,-0.0005476903050044557,0.024627382775315843,0.037839843210933255,0.0029429863713652527,0.01086324605775335,0.011762928668540562,0.046878894054029674,0.011820288030506498,0.008957292550126006,0.005152582877157474,-0.007987923270354913,0.0029591559861459338,-0.00268238221889483,-0.05182234581161749,-0.012568670829516293,0.006765618942889073
2019-04-15,0.001810618933735464,0.0009820611162909554,-0.001987120173519763,-0.010938162891295011,0.018103093319213226,0.0031078720478359134,0.004954835548875769,-0.011419624270300854,0.0013397605984395433,0.003070586864638347,0.000826714970361353,-0.027945374861478967,0.006377577353286368,-0.004930856117047799,0.03126978822607995,-0.0033364260116256483,-0.0006548295132033921
2019-04-16,0.00010009623033435666,0.009848939749589336,0.006637210741645694,0.001340557629471606,-0.00401889970525926,0.004386425339423239,-0.001903672419421909,0.010551144410107849,0.003930620145475183,-0.004341735269185798,-0.002313292268057987,0.01900304516842044,0.006525977234084435,0.026203202008537207,-0.04013904226501874,0.006819479679095686,0.000655258595870789
2019-04-17,0.019473023638149956,0.0009553942674214166,0.006373795967030915,0.005020078810082262,0.0008965250712900108,0.006680537627873351,0.010172401567578149,0.02880278603809172,0.0037902339241553396,-0.0005029590830973873,0.008280347615531758,-0.004887700691983632,0.001665648600456926,-0.007791933226055425,-0.01864579901915786,0.002832480499236123,-0.0024465287573667283
2019-04-18,0.003593908904171661,-0.001678383384266291,-0.005958980646126655,0.0,0.0010182455279095226,0.001072469016201616,-0.004308657847071462,-0.007349116955442159,-0.00045621953257646286,-0.0027968455515055,0.013139634428790625,-0.005286256389949284,0.0018893267409381131,0.007484354720840525,0.022643362907061926,-0.003684121361238968,0.001968956343420869
2019-04-22,0.0032863161607650238,0.01376167016316665,-0.01136134714241488,0.000665925584519389,-0.009722914277239147,0.009899586809277272,-0.004279108838389445,0.001233786814557769,0.008966605511913528,0.017724998532670178,0.0031609763520086265,0.011647963980944809,-0.0003771527833485999,-0.03846152638080802,0.024171331822802955,0.021816704246965468,0.0008621501075445348
2019-04-23,0.014423333840637875,0.019318479950358514,0.0020315805524295794,0.0006658565835615526,0.008873419707380092,0.013423564821908318,0.006202002536001006,0.0012324273517461126,0.0018103322698155289,0.012896702820974326,0.013574647274688267,0.011673090266202779,-0.02688420037695649,0.004376739071872082,0.015278787718665088,0.005790310059935244,0.008991529435261825
2019-04-24,-0.0015421713470663567,-0.01144625325368731,-0.0041502744764878585,-0.0016630103074033453,0.009691434334745397,-0.008295426193061561,0.003251425248516515,-0.0016701653605920574,0.0073924273149017505,-0.006529491359002382,-0.003427858682224616,0.002622423514746952,0.005137336499455358,-0.019855977462206353,-0.00099728883813488,-0.019429188952145293,-0.002219170225513767
2019-04-25,-0.009075099199599923,0.00026293177839042947,-0.007985104151165268,0.0019985920491676357,-0.009517813982318102,0.005785610954892162,-0.0010642266435536563,0.000528116616390184,0.0013047990109040786,0.05849489154650955,0.03311729276905284,-0.022284158397631093,-0.003953868390923154,-0.0426428039397303,0.0019099867144549698,0.005626479381001026,-0.0006158546680096189
2019-04-26,-0.00477394276810994,0.02543302552920257,-0.004521994928891049,0.008976286089290797,-0.00724776093989099,0.007953618399304752,-0.013995159970880744,0.0075700732505739055,0.0043563084541806685,-0.009158563124939012,0.005729833269018769,-0.04718826136938015,0.024980749550214565,-0.05043819414148287,0.02690761417780485,-0.021041522318562267,0.004656518564936762
2019-04-29,0.0015170565224005284,-0.006254395751948416,0.007441788187376952,0.013838618187578478,0.0018870226776377397,0.01470137001568017,-0.007121551038459795,0.014414067171548917,0.001824351978915617,0.017181152800395783,-0.0009237773077835909,0.006962527608442182,-0.010202079105850026,0.026920128922461872,0.0018986866063044339,-0.006460206062571028,0.0015677006006198368
2019-04-30,-0.019255770604515665,-0.006144196629405907,0.018163250430077493,-0.0061751347944586366,0.005116940806188852,-0.07501910789043198,0.007617889855276783,-0.0006024471869061632,0.028770119620025847,-0.007085048507662228,0.0063958368684313704,0.009312537425915535,0.016224256751513844,-0.011512753335668258,-0.01844599159507676,0.003876270774600954,0.0005103290766055313
2019-05-01,0.04908546400706415,-0.007786060129541195,0.0015702285076271139,-0.010464206409195875,-0.01604712979677303,-0.02138523799299119,-0.0240550468486167,-0.007669432822003719,-0.021593808899489253,-0.0019130449981488162,-0.020826859832813627,-0.0029280206684311194,-0.014556515882134025,-0.019607038171323476,-0.004805325865045673,-0.020054650611390334,-0.007516591311158227
2019-05-02,-0.006507704482692334,-0.005597598276473326,-0.009658032799389149,0.007931036507142553,0.004553389741831504,-0.005803934219501872,0.011116643730375575,0.0021707802111818886,-0.0062712655608256895,-0.0025902951611923575,-0.013059205158665432,0.015071585880805927,0.006003751575022642,0.043117745928183515,0.0021556482069140515,-0.01754156483974234,-0.002158768221625862
2019-05-03,0.01243123702230342,0.03242811755501673,-0.0003486032137531847,0.006885392342541818,0.00795279628803014,0.019751205648913972,-0.002238940070968809,0.006152041977018463,0.0030745261556159864,0.015270324625781706,0.02131331891846,-0.0009824489125516145,0.00492634079944132,0.044776827893111326,-0.0021510113830830457,0.0023287267027642944,0.009788265892473058
2019-05-06,-0.015442917004489742,-0.006068961956673058,-0.013113135858982439,-0.007815041670629963,-0.0015946654291197904,0.0032869679040976596,-0.004636724721769125,-0.008870257666386383,0.002782837366074098,-0.008134287112822491,-0.005818048232655415,-0.017266824224451693,-0.0037707143749634575,0.0012155112018303882,0.03686127567456965,-0.00438852386781563,-0.00411545425057358
2019-05-07,-0.026956886977489658,-0.015149504925400126,-0.013736744390627331,-0.01805053618767749,-0.016582847653337174,-0.012233397805291202,-0.024345075514283554,-0.01633486578075971,-0.014398261532161616,-0.021198640447887884,-0.02052282247115156,-0.037475542184956856,-0.009273484358027329,-0.03242735395158203,-0.010186895001827567,-0.005315501580028914,-0.016699795274892848
2019-05-08,0.00019739795467055288,-0.0016814851400369646,-0.012691651964191308,-0.004010844296027161,0.004829817092590671,-0.006854080568441612,0.0020539192832533804,-0.005300094929964971,0.0011017051511397202,-0.0012120971669556946,-7.969390296358458e-05,0.004678838342833336,0.003533967477830968,-0.008985714919320764,0.004620729666834578,0.001563927564757872,-0.0013894998539746295
2019-05-09,-0.010744252116116071,-0.009333722778829934,0.0022084505347392813,-0.0030201337723895216,0.011550192027287798,-0.002400172810341328,-0.0030229963950590966,-0.0007989500765352986,-8.144394241815789e-05,-0.004695543967524696,-7.963556282286621e-05,-0.021446728687000594,-0.007899446955865752,-0.011681069548660883,-0.004934059293390747,-0.0009112630963054036,-0.003025738695133562
2019-05-10,-0.013853561979440543,-0.005205610992477072,-0.0003289166597376658,-0.0043755547497248415,0.014580888279148718,-0.0002825454813981665,0.0,-8.893345397964492e-05,0.008642209223378217,-0.0016433175107551934,0.012988100231310806,-0.00805025030659634,0.016979977012343328,-0.010166102021160528,0.011009656022120007,0.00869568412376287,0.005023749254263299
2019-05-13,-0.05811962127442882,-0.035608819608768605,-0.03480742435674433,-0.04496280245691331,-0.02064577387857247,-0.026592127663174314,-0.02179063536097514,-0.027197700488048482,-0.024451442727126516,-0.036104804050637984,-0.02973340469450947,-0.061425744016625594,0.0009434493337232563,-0.052229494360313766,-0.004322689899182386,-0.011102315007623043,-0.0251307999836764
2019-05-14,0.01583050112678297,0.009568262041155462,0.029381672416227023,0.013097501205545425,0.0033478249843157393,-0.010320243877332547,0.006724963100073866,0.007948891834252736,0.018891308616458602,-0.004461833070599552,0.011187679005859152,0.022656773598511926,-0.004806506666847121,0.02334699863237777,-0.013024441169988799,0.0013207225543354628,0.009044148413962949
2019-05-15,0.011979089411681798,0.01686309695084587,0.007847737259808696,-0.011530550935354045,0.007992501142777497,0.04084061990264476,0.0007303462920984494,-0.0038071249956199704,0.013051842133599889,0.030653385998267835,0.014082350612260042,-0.015181250245299704,0.01041679148239627,-0.00154966432150061,-0.0014803326004250161,0.007386890537762092,0.0058573103246724045
2019-05-16,-0.00439988053989171,0.01946395630546416,-0.02326100761915284,0.010604371854175731,0.011321335137048028,0.011701332100745754,0.003233598126725079,0.012829664024587073,0.017138351841099908,0.0038654726431195385,0.023091394991868075,0.003822513894057744,0.013214381083143989,-0.01560679096708617,0.0030074392078631718,-0.00013084973547727863,0.00926146720489629
2019-05-17,-0.005681594547947033,-0.020219492921261684,-0.024891577278604138,-0.006645443301563803,0.0036776519067174274,-0.01327142080326682,0.0010396707463076194,-0.0048510825138043945,-0.0034329907583986463,-0.009038035775958853,-0.006670135963908974,-0.02284798741843408,-0.006104651573004216,-0.07576748791335908,0.019384456454640597,-0.005893201821720817,-0.006465012088283206
2019-05-20,-0.031269958044679025,-0.005366456690264809,-0.059677646349860614,0.0,0.002214597239954319,-0.020636847480731246,-0.008464250062886203,0.005236166642232698,0.0037220032292690775,-0.013923370465638074,-0.01444541479640904,-0.030537130773150234,-0.0011169666346515505,-0.02686823480397693,0.01909839971684102,-0.00013177872087288822,-0.006612155359589034
2019-05-21,0.019170816790653022,-0.0007800247985996211,0.010051498454175745,0.010211342742795892,0.004138160019315551,0.008544013519240723,0.002618312511999177,0.003412682734502459,0.007377272317077299,0.011493087177831152,0.005387522732947625,0.021812210231504592,-0.008944220152864557,-0.0013634997375607805,0.016057730327645015,0.004611638363507531,0.009015683748841541
2019-05-22,-0.02047144952002844,0.0011628591845380676,-0.022191352440902867,-0.006971223539789184,-0.0016803950799716416,0.001221467246912411,-0.013267089027671486,-0.008144849748460858,0.0060304389691958615,0.0027053603896529665,0.006067776654056445,-0.018444588140399842,0.0032904327895229013,-0.06022036210467108,-0.0024006974025954086,-0.009049272377138373,-0.0030717669711587403
2019-05-23,-0.017069578018621634,-0.02376751975512159,-0.0339128441929889,-0.025622859674018894,-0.003927499246701327,-0.009092965924970664,0.016356964969711063,-0.019671545520238976,-0.027909682841602113,-0.024012503893786175,-0.011670716600716613,-0.03206284473347765,0.00037486901027339314,0.014320552722358215,-0.01139014518562187,-0.023425217206647253,-0.012218178179414285
2019-05-24,-0.0038407529502492155,0.004296377605180091,-0.01595613971906451,0.01512959463835939,-0.0049492529243746475,-0.005875920484699537,0.008281176629749476,0.009848920798556371,0.007007469025185342,0.0010504388183740776,0.00047538264777036154,-0.014730006505427329,-0.0006557329095039366,-0.02486063325357668,0.0045843187696221754,0.004200967275777234,0.0022684400110237757
2019-05-28,-0.004134751192716668,0.007212290050219838,-0.005704449854243898,-0.009936200744818047,-0.004003267741263361,0.0008343193532518445,-0.01053763828524712,-0.010846651923472117,0.0077541719336002846,0.01794972281900087,-0.0006334996349975919,-0.012538747587945043,-0.020901753758218566,-0.010124341109633561,-0.02249324907213468,-0.02010767610969333,-0.009300772425995918
2019-05-29,-0.004769150910907016,-0.009387773958249856,-0.001414725066053557,-0.0053765035502961744,-0.022816744034612535,-0.017217253247881592,-0.00814408445514092,-0.002764324533350737,0.0005128714439908144,-0.011502149744034074,-0.009670423949487916,-0.02086094111239367,-0.0025846381807226315,0.006147333130873456,0.0014045641115383312,-0.006197560037462635,-0.006710937537214856
2019-05-30,0.005186679449174836,-0.001577639243082074,0.009837909389482036,-0.021261095746524794,0.0035314573832783136,0.0013125638504691839,0.005737244321907253,-0.010719009198241536,0.002484741379444877,0.004500648931756945,0.0063230854647313706,-0.0076331838545989905,0.010941473328516915,-0.008637920413351985,0.004538019476683752,-0.0026331250016550234,0.002731358390959615
2019-05-31,-0.018115550635425803,-0.022710755340790256,-0.019405977851031264,-0.020618467077814562,-0.008114672660663236,-0.01329570596859031,-0.0064372088539558225,-0.010274678575388663,-0.010621901771572073,-0.03027158121409068,-0.016304759394873303,-0.02623824974496114,-0.022975547702313137,-0.016257608189742534,-0.006981429175775267,-0.016673771787072522,-0.013475205041543425
2019-06-03,-0.010110258600584565,-0.04640947352034053,0.006120018853426501,0.0030072639122835643,0.006219354262711363,-0.061238164372330095,-0.0014745953271918522,0.004718776838674055,-0.03670137115971894,-0.07505502384287155,-0.031047976642429753,-0.012401850267935832,0.008648459820375543,-0.03343059616543187,-0.021670956209440928,0.015684863401528082,-0.0025429057819594814
2019-06-04,0.036583681147492886,0.02178187690076805,0.04945074802218907,0.04647675378466265,0.018832773441321837,0.015162652679411748,0.029962179695268487,0.03080976749556097,0.028564264043454246,0.02040819956140094,0.02770377047634409,0.06891897009849535,0.008477735526466912,0.08174561896341825,0.017754443096457573,0.023789576099722654,0.02170640957942105
2019-06-05,0.0161437044629984,0.005169016882808464,7.514329396762776e-05,-0.0003580050492806297,0.009567985873760065,-0.009341026715432577,0.014441221137181381,0.0035540204783794938,0.028413315759801216,0.003999951931593193,0.021679134723654236,-0.012027958025249585,0.01958340062965358,0.01544420373527533,0.008348702703387723,-0.008289397163396828,0.008662237065038658
2019-06-06,0.014681733575234057,0.009122798271355315,0.026606885150344928,0.004322495256647851,0.01310708960226048,0.0029867635798070946,0.00244037226325422,0.0021793121761173317,0.006126556062577837,0.0009515077340840339,0.015814838168486167,0.01769522610747809,0.006090169520312605,0.0476117502048552,-0.003913132530348862,0.018224568496768345,0.006502986968236257
2019-06-07,0.026616813961095165,0.02831229113708922,0.007625256385559442,-0.01255371942595529,0.019107227889159084,0.01967034269085266,0.0006592741950095515,-0.010963365775152112,0.030911774382432755,0.029822415012338066,0.02800807888718282,0.011962908483209578,0.01294492080152132,-0.007040519976872828,0.020469606177389466,0.0036333135938120265,0.010006824560398364
2019-06-10,0.012779529982115623,0.03137422141504986,0.019427293027734605,0.019614997304761683,0.0032811708943227824,0.013469248023107339,0.0038013890773824777,0.010809797147821598,0.0011285876940969608,0.008480074824554595,0.009132415593491983,0.02013760586322011,-0.0004598785273854933,0.0409780333593881,0.00555177930485673,0.004424794387283271,0.004588568066793863
2019-06-11,0.011579528835871766,0.001649933470424525,0.011669640393126235,0.006056486356651014,0.0010122433145767218,-0.0015886520673775717,-0.00020176492447121497,0.003081242074413071,-0.009169232386305959,0.018762070393316455,-0.003770716888880421,0.015630071941115764,0.006070812276135262,0.01982334850283829,-0.009148158147286423,-0.0009345582416406817,-0.00024201267561851925
2019-06-12,-0.0031825397220979212,-0.004496418192190821,-0.013228416097898599,-0.010269130254722092,0.00046675189773215386,-0.0017944771828841688,0.004696649674517328,-0.012739333659752106,0.0007204975369099476,-0.017181527556521248,-0.004617578814643419,-0.030182432226845912,0.0027426524170275357,-0.03611234292213106,-0.00557196303125107,-0.010822890051562672,-0.0017650152300243693
2019-06-13,-0.00020591193494101656,0.008074084887562893,0.00672086284938711,-0.000357699268700995,0.009641140817064908,0.011036968244496181,0.017140904831963066,0.0024708660852303943,-0.010043188534733405,0.013882651482938213,0.006312457834405816,0.01409022102272739,0.011214617580844966,0.022221120858935794,0.001881369623141893,0.008780070333483048,0.004126002154611896
2019-06-14,-0.007262432238807293,-0.00033686328637261287,-0.055679768770577676,0.0035789130392493984,0.0016941181755703028,-0.004317174092389742,0.016901392784512304,0.002556462549279548,-0.00421191845369262,0.02175014305203482,0.0009822111930135602,-0.0244166684411683,0.002614357402585643,0.004721603986466594,0.006109493224861096,-0.0044189387078589215,-0.0011050796329343804
2019-06-17,0.005966568879741008,0.008750215966301989,0.0001503281994079675,-0.003922940591790436,0.004920336745372511,0.006987118775712009,0.005880111186925552,-0.005463535047641965,-0.0034599613751384872,0.04235363382745505,0.003020087232441959,0.0026964590763374208,-0.0018884108949687173,0.04704074421740101,0.0024453498375369698,0.009953037516433394,0.0003801745789697719
2019-06-18,0.023518489814576382,0.008133468756305495,0.04541871606756609,0.02470477084926248,0.005010828999906014,0.01037573658770019,0.0024159677916988365,0.013642252602859228,-0.0015046686658930497,-0.002856752413679775,0.017388111482519175,0.054126624473285645,-0.012523396117277485,-0.0012886872369679558,-0.0010977403590832768,0.008656128501978388,0.01047143463756628
2019-06-19,-0.0029227532627705832,0.0039024725343070887,-0.002013841839065944,-0.010482341833924158,0.0035015825803237366,-0.0006604550783090302,0.002216947656531465,-0.007226206377026867,0.004095677881328363,-0.005253022813672681,0.00392128556543514,0.001570067313795942,0.007481403956839161,0.007519764691878983,0.018274150804638234,-0.005545083841744014,0.002256666820723785
2019-06-20,0.008035751205053066,0.004924598579345574,0.005621519852934576,-0.0017652878014601248,0.013995476917190608,0.00786778326904547,0.015918038069314466,0.0025473570868816964,0.026628799023345584,0.010934513804375934,0.009285686435758,0.0064000240649528806,0.011954452587205733,-0.030075551830091918,-0.009712480539528334,0.017127128266450242,0.00955451204248492
2019-06-21,-0.003409211614925911,-0.0035919036198248655,-0.00871949831423846,-0.0053061780564995775,-0.004563232191446831,0.010932418199004923,-0.008804664387755956,-0.006806322844025825,-0.008695981146235265,0.00849469560856475,0.00014590079029797032,-0.015185000702723883,-0.004832733220437091,0.010199478262568729,0.018243521541137397,0.014096932454378264,-0.001453659327571244
2019-06-24,-0.001006266624299812,0.0013603018897809793,0.01901565580313469,-0.004978549279389677,0.002404635171127767,-0.0077041168838309915,-0.01857781351686527,-0.007127191883725681,0.003137856691404428,0.007638636280507871,0.0059139670000476485,0.005930603972764237,0.010162152355861265,0.008023076459826362,-0.010464429174793066,-0.009524944007575864,-0.0012243152251477651
2019-06-25,-0.01515761939428839,-0.01861645619625707,-0.009634693412173823,-0.007862704432353596,-0.0015368054441506906,-0.026076805143068316,-0.0036982068499361587,-0.008282624872668176,-0.02099455578765763,-0.019522481512686762,-0.03157219657494792,-0.007729709645753147,-0.0054304069234133445,-0.01734926938308201,-0.007931454567950635,-0.008836957519678834,-0.009807787561253556
2019-06-26,0.021629104928795773,0.010413885939478895,0.017829054508467834,0.005403178627577221,-0.007320894938137368,-0.006675393789569051,0.00820542958845727,0.006681473679390093,0.0060446433824858925,-0.0062487545737504036,0.0037475034377274508,0.05136018167091572,-0.017812378507420457,-0.002229738728571129,-0.0169183959614585,0.004326749924891349,-0.0009975584274724003
2019-06-27,-0.0003002751552941829,0.0033985604479442877,0.01517215482245593,0.010748923460840443,0.004424855343462264,-0.0034157348654284547,0.0029066972592897145,0.0033185639420627577,-0.0007656316049045042,0.009805069477446082,0.0016424868022111294,0.024927345378197074,0.0004556915978712883,0.016281291255971775,0.011787802135228231,-0.010182713072268146,0.00354592772164275
2019-06-28,-0.009111852580783064,-0.005592597818778633,0.0075251075552149604,0.028004142148870148,-0.00497002119269907,0.005730991062261381,0.004588967977057434,0.027195971347843795,0.013136952998575646,0.01846958746113958,-0.001416133184540036,0.00612649308798674,-0.0011844873842692394,0.002782256239630465,-0.009458423267730831,0.010683204717570227,0.0051456017405981935
2019-07-01,0.018340695573230148,0.015082077541072714,0.04338909258101609,0.014482815693089846,-0.002686931501769352,0.015884726211690126,0.011107237372320222,0.016815557566379757,0.008467905576938106,0.0,0.012839301093703348,0.011813073260616536,0.007660911802858772,0.016602537125377292,-0.005614442535112341,-0.0009135142898099025,0.009078875137468412
2019-07-02,0.00585463678466791,0.006305337412949363,-0.01671368616051161,-0.009177368223910798,0.007285098746076635,0.011454527666354464,-0.0006655728109896675,0.0010559099282705375,0.014244806096811224,0.010362792476569904,0.006633251684904362,-0.02371076737503186,0.008960177566158523,-0.011533195712382427,0.005481284965337618,-0.010971857460492118,0.0026043182876771542
2019-07-03,0.008286896972798719,0.0024246069203848197,-0.035350267826162574,-0.003430585034021938,0.013824784692197722,0.009338516615502668,0.009327115483025228,-0.001593075461972182,0.009276120010365485,0.011281967959488437,0.006443541686557808,0.003205336746680887,0.023322376936957268,0.0460921555160565,0.0050825839017631935,0.00950894384709522,0.00799511566496447
2019-07-05,-0.0008807430325127319,0.002016536782024403,-0.00782752487994176,0.007228943676649058,-0.0033073261562592826,0.008619691796938556,-0.0030175082686918486,0.005938804638213169,-0.0034417223882737824,-0.004056786755294417,-0.0029097779343448815,-0.015483919277704428,-0.008151947326604958,-0.0076628280158580475,0.007259098044402501,-0.004055599184731973,-0.001138034953223399
2019-07-08,-0.02061360299046311,0.004843221049465329,-0.027241346417017698,-0.0020505670476030913,0.004287151474831941,-0.014019804409954983,0.006856973907901631,-0.005463257480565753,-0.0021343662497145255,-0.00325872728365173,-0.0007299805145725147,-0.018848040488312345,0.00795389204412511,-0.011840412851381266,0.003441368890297225,0.0045974343286900865,-0.005494565532685902
2019-07-09,0.00609924918299054,0.018429393240526393,0.00207286441454535,0.005137027878636458,0.0021160380589422267,0.006715619669856343,-0.004273999422940489,0.004252586001607606,0.00777963808971216,0.017623717939510453,-0.0036507969321729616,0.0006360237115987655,-0.009995469337454765,-0.0012156304463569745,-0.00742419931530558,-0.000653577735437838,0.0012467775721398677
2019-07-10,0.009888559711431988,0.014640624938845548,-0.0037380058981254516,-0.011243534470441019,0.005370790171224771,0.01478265851831817,-0.005896307793030187,-0.0029111673657850057,0.0074633845578984115,0.01766975863917719,0.010186415820031547,0.017481669668575783,0.007439560525153377,0.038511763106394925,0.006016346818855212,0.014130403862218532,0.0047776050906818135
2019-07-11,-0.007282354139089731,-0.008099507325226352,0.005683046665649005,0.011715976623229984,0.01886357449083409,0.0027784676371651607,0.015611122002670452,0.009555879659682631,0.010676125954715232,-0.007398997828474196,0.003989772174314288,0.03886009399736534,0.005538229959615171,-0.0013393830898483783,0.055277316471525895,0.0007741509408443203,0.0023443981977564476
2019-07-12,0.007682776611991349,0.0049624026209122984,0.03379686919872338,0.0030654502578131293,0.010486871951985055,0.0011013064904181746,0.01957552588570377,0.010516816551668917,0.0043832572833728545,0.018088659514992278,0.003612226861875012,0.007998855047514963,0.005333237091951659,0.027158434061185455,0.0181496417639766,0.0007734189418069359,0.004476760754577036
2019-07-15,0.009395070256124072,0.004967642414728024,0.010336767571415884,-0.007809717277480588,0.004079421912729586,0.004513939715119042,0.002153825174027846,-0.012141806859839566,-0.0006082014725032892,-0.004685589124669209,0.0,-0.002029216968659875,0.004261140375781958,0.034356089485530594,0.00022581412918620813,-0.007084582645603188,0.0003324658059533636
2019-07-16,-0.0034599035083765495,-0.0054873776497271765,-0.014600659362365542,-0.007871495215148072,0.00024961146821911306,0.0025640616189921417,-0.006584399382448147,0.010710953244723598,-0.009843476061473844,-0.00034361288451867367,-0.01310269557539856,-0.0011353080694874729,0.0035504281954106265,-0.004418164415035952,-0.004887982745008013,-0.01492009415868556,-0.003224841440917281
2019-07-17,-0.005623532497838979,-0.008891002112726198,0.003343353876082311,0.00689896044583671,0.0032425266203210956,-0.0058258256857347535,-0.007594531023382589,-0.009815890664755078,-0.004844086603156494,-0.010007622385571513,-0.0059089845245152706,0.015740998444600418,0.00043131501909354775,0.009826533897421275,0.0075189054735937955,-0.0059261010505992084,-0.006805437935202274
2019-07-18,0.011359751774562499,-0.007093314974038978,0.016486649781635387,0.0099349939494775,0.004794695649885661,0.0004359211057205492,-0.0054265053956442655,0.0059654160940614265,0.005448888416431208,-0.005054660151483703,0.0011007255931820836,0.0027695856500384863,0.002135520816683778,-0.00517938756868408,-0.02268885233495921,-0.00847928275106713,0.0036612498657646597
2019-07-19,-0.014927602705829268,-0.006764737761974726,0.0007592718914035679,-0.002713912871948221,-0.0049482692789458715,-0.013676316674640199,-0.006528609627895698,-0.009854411860714896,-0.00426332798076734,-0.012052920936952871,0.0014659809056016826,-0.010224611015942742,-0.0037246792828231623,0.01830088813133579,-0.01515734567100857,0.0020043206822004667,-0.005555041762384083
2019-07-22,0.02285415665194268,0.010745666804249376,0.02120700986631907,0.005782273774729285,-0.004759936880340598,0.006769527378308604,-0.00830825855338857,0.006429591465829887,0.010921702780712028,0.019963834508794465,0.013248647779354972,0.01709795235433953,0.0025215267838862854,-0.009683129904604848,-0.00518233800804635,0.0010670944502204627,0.002456224668415219
2019-07-23,0.007817660538389948,0.004462067812825987,0.0156338753604901,0.022996503398120982,-0.0002499766058274844,0.007759645001150117,0.00856725732861241,0.018289795050996593,0.001291694668696941,0.00019753528218613425,0.006212385899097228,0.025332910333999203,-0.012575923391766608,0.017561027246856264,-0.0012139449121729706,0.003995739199025072,0.007150291440258583
2019-07-24,-0.0008140410805679288,0.003168672237739978,0.009940865768668816,0.013884127084705877,0.002606199892683181,-0.007247063852421687,0.007649536415357927,0.004039332095548964,0.004588730965766619,0.01136602042131174,0.010266355390405657,0.017078144249430993,-0.010979235295697776,0.018103499372800647,-0.015215015868746073,-0.0001323117758782466,0.004699438010550061
2019-07-25,-0.007907055972243948,-0.013489486526910066,-0.011127048027706143,-0.01075955413432128,-0.0036678948296459124,-0.0033252977983820875,0.003912206960939635,-0.009586702859591067,-0.0032114671025902375,-0.019300340146422235,-0.0037661797586550083,-0.029553294800767627,0.0015095846828783177,-0.13613708110635003,-0.009676258518779068,-0.005705920882301263,-0.004777057631413673
2019-07-26,0.003477940734911922,-0.015589116785757695,0.0017645103931331896,0.014172832239890854,0.0056113637815111694,0.0962023676928574,0.006309689414907282,0.0044077920949439076,0.009737049988229218,-0.004783163021189085,0.008203310914958628,0.009747549967816349,0.01738062634772497,-0.003408795800965758,0.017048545096511436,-0.001601612998938684,0.006700033845346898
2019-07-29,0.00933840047096579,-0.015748424764873037,0.002724946263032324,-0.00812473959400939,-0.004407348687065493,-0.0027144345245995183,0.0052093490096660755,-0.0031836065888647402,-0.0022335217829992926,-0.019073837350536582,-0.0021935676031024087,-0.001427737506337623,0.011069336705542776,0.03389755018959728,0.003479175703606563,0.007084620649687512,-0.0018211624892404688
2019-07-30,-0.004292199332533775,-0.007278612913047322,-0.0072250295715451385,0.012122891873703745,-0.002248735426663706,-0.011144796624050879,-0.0031185706515679534,-0.0022445088254118284,-0.011654437664652462,0.005613844241151522,-0.004821360599502111,0.0036035389222273118,0.038017402509138654,0.02752683338998274,0.0043731063985934515,0.00013257006609035393,-0.0024550640086590247
2019-07-31,0.0204041457271682,-0.01672348135049362,-0.03194652145698884,-0.00679834274285307,-0.01384650733006465,-0.007980437358790504,-0.016884383654497848,0.0035470870049421066,-0.021174869363338344,-0.014260934147059978,-0.029070502663632758,-0.038358765975572306,-0.019682821397915107,-0.002683168467668695,-0.0232219939029501,-0.013138666220347206,-0.010940200027905855
2019-08-01,-0.021639049994239157,-0.006138892274227259,-0.01603494781730852,-0.03878714782788606,-0.003845410005157257,-0.005269995454158849,-0.004024755249957934,-0.02637914751040049,0.006941512136793948,-0.007722796981225133,0.013135926966245437,-0.022522500489975616,-0.011097942707625208,-0.032117800120570084,0.0009639778042473957,-0.02555111219052597,-0.008707625468561075
2019-08-02,-0.021158206057229068,-0.01729077783786115,-0.023866526902159402,-0.0037303547731589726,-0.007539062111270756,-0.012758044691376536,-0.0031950801741196244,-8.870298400376342e-05,-0.01717974324961724,-0.01924957357151935,-0.008402293846493714,-0.02261751430075598,-0.0024842961304819555,0.002095391899579857,0.003209370449320792,-0.009798769753178727,-0.007529762071058599
2019-08-05,-0.052347719176723206,-0.03187185710749196,-0.03902600917092469,-0.04424778895800574,-0.02715581103721365,-0.03474839616138947,-0.03398526501915544,-0.029752848671016574,-0.04679911311428597,-0.03856756208600687,-0.03425849304963169,-0.06451950697317999,-0.028855958962006656,-0.025689260005491543,-0.019955929950530082,-0.020487775525542484,-0.0300728390572228
2019-08-06,0.018930524571397767,0.01286026675758456,-0.004558134303555672,0.012108338469542845,0.015880555639866012,0.014141691578957838,0.01883486212783292,0.007848920557061101,0.03052470189238088,0.015297484053547805,0.01875788048867033,0.010345295212174754,0.010611809651650095,0.010643000906475075,0.013139527177301602,0.009675638712078216,0.014022889707734132
2019-08-07,0.010355268884209234,0.0031154615501278737,0.013548788625952879,-0.018649024488713417,0.018529097760048296,0.004124330391999775,-0.004262482115609201,-0.02173323361896995,0.01749305998438433,0.0034687228674219472,0.004380196490821664,0.010108418260897478,0.010850383918056705,0.011570931609834023,-0.007370576247848426,-0.006482277391459235,0.0005905322091219745
2019-08-08,0.022055604579561905,0.022019656560675394,0.0034438554643596575,0.017569223581347604,0.0018225444402188984,0.02575035275821458,0.017603877949745383,0.016939682044756932,0.032416318402822775,0.027059078646741508,0.026685613974827715,0.02839698258832546,0.016620783616833723,0.020906599400388748,0.00474731148771701,0.026666436163892637,0.01961990069035724
2019-08-09,-0.008240229179295566,-0.013808825620453047,0.017528914042381105,-0.001761791868820195,-0.003129649409725155,-0.014334453110581125,-0.007326135673031642,-0.0010923782805627447,-0.011113525722276862,-0.012147584542702261,-0.008495830423071005,-0.02578038691620288,-0.005620102055435172,-0.013806206102418894,0.004078850045700522,-0.02127688570032138,-0.006811266965046081
2019-08-12,-0.0025374462880508597,-0.0125360496687702,-0.0003265616062896326,-0.024355874200080563,-0.009600349530853314,-0.012112018324238139,-0.014332077116927633,-0.018771498836512857,-0.018003776331221077,-0.013202035509436438,-0.013942451217633822,-0.017706359471716393,-0.006422245439644536,-0.025530805242072074,-0.021839647320896827,-0.004859027901355839,-0.012173361450537823
2019-08-13,0.04234846994552366,0.022085030397553274,0.029241403105874086,0.0028944170176086192,0.01824489897044912,0.01892713530361978,0.006376438819107211,0.015415911311086106,0.01677800190218348,0.016615361712155607,0.020693896001862555,0.0303728397744758,0.010514373378249342,0.02615610421639536,0.024753263930676228,0.012350907421305957,0.015551863568431967
2019-08-14,-0.02976533450743102,-0.033645045853565536,-0.042791696494764886,-0.0468974635334829,-0.029356545516647126,-0.027140475907541983,-0.032352418643718406,-0.04152147505246573,-0.026882148076224688,-0.04637832484697613,-0.030114662211244703,-0.038320879160342436,-0.012451943535878973,-0.06544687260065951,-0.024155340414071302,-0.04028911887185638,-0.029567463917976045
2019-08-15,-0.004981253037611766,0.007464685662255555,-0.010752754395630948,-0.006434728060569883,0.012567494426595438,0.004354657447897647,0.0009920837986494568,0.003816260487269796,0.01774303368803465,0.016025785719562258,-0.0022391698684968153,-0.008662781117404594,0.013818290519220344,-0.018122136062087457,0.0043173185898219835,-0.005913062649917089,0.002641614632171718
2019-08-16,0.023594760196040676,0.009261785673171152,0.01913379463243836,0.029714338784581962,0.009502367704927073,0.008457834450694923,0.009217606853359372,0.023954729529936714,0.009084370661012642,0.006079165478014792,0.01832774330206499,0.07252802851692297,0.015248072268118307,0.01994065540164347,0.0058957512611641505,0.015613424574847379,0.014754705196456941
2019-08-19,0.018643959895927154,0.013137538159314621,0.018262413001486122,0.008878962327131479,0.005508683415796023,0.018003571523094175,0.02111447933716115,0.009004627747870142,0.01352236859549416,0.013445917970465349,0.016748888562215125,0.07031841718881005,0.008894174029849822,0.03132666502806747,-0.003988765282870066,0.01683749749902108,0.01204776504797933
2019-08-20,4.7418728709169855e-05,-0.008116198419710674,0.005703784871281092,-0.020168628255074816,-0.009578730254577228,-0.014086397433264564,0.043952696669355085,-0.012696535396638287,-0.003704298873220324,-0.012676579674059552,-0.00830919076583636,-0.017039212495639777,-0.01114426606354979,-0.00427633574634001,-0.018593447082861814,-0.006047722961538549,-0.007662387983450869
2019-08-21,0.010838924934962524,0.012301698764070057,0.02543033145838569,0.00785931119781913,0.00992775565625803,0.006801639912203061,0.015247367142187995,0.0027954602226591962,0.017939824386558056,-0.0014144906504517385,0.011146765074425025,0.02001528072530734,0.002523169106997347,-0.022270402776456533,0.0007911772570599052,0.009995887050089802,0.008135545524864618
2019-08-22,-0.0008467312734908861,-0.010353490725939274,0.0004173540679719423,0.00965467672982645,0.01538030563234516,-5.031883108064239e-05,0.0028130177201151074,0.010315246410639967,-0.00439672596539209,-0.008226817222514282,-0.0072767954447964245,0.0014598679225827915,0.0018455573739601938,0.00597746887764683,-0.030830178234264816,-0.002151499922557143,-0.0003079883486363233
2019-08-23,-0.04622066854114526,-0.030498806969126657,-0.053855661392890664,-0.026480305193837816,-0.021113147669987842,-0.03184174576421539,-0.01606191322614725,-0.024834602497207037,-0.03162737373570246,-0.023566155449619597,-0.03186246484066546,-0.05271757955873857,-0.017584977945327984,-0.048390759958635954,-0.009787962451281884,-0.029897794017801682,-0.02568740281118187
2019-08-26,0.01899949767584097,0.011002318967479496,0.018704196482555613,0.011711121226273047,0.01623985093434599,0.015256867279508146,0.005426091830643021,0.008017329139820228,0.01669797498232728,0.014683595119593162,0.015443285444496802,0.018529943773828883,0.01704733596093444,0.017029312154725806,0.0018209457542990304,0.005334078454147351,0.011058584578602426
2019-08-27,-0.011283743330588125,-0.003979912470737479,-0.005952011651287448,-0.011575558457910695,0.04998993471046398,-0.0003073687170319639,-0.00201243702913545,-0.010573559969540902,0.0007597736546713918,0.0052117556884734295,0.002140997749714213,-0.022060887604357204,0.010308453288884634,-0.004279025860254748,-0.035269363966228595,-0.009727521003396689,-0.0039241076139875375
2019-08-28,0.006710340738227627,0.0013735967509673763,0.001778267977488035,0.014355775107333768,0.007215934636681132,0.0025024472969432665,0.01713951251458168,0.010024641740468576,0.005783535458353306,0.002537194085558747,-0.0013261175180325768,-0.0025984842985457,0.007050969178201916,0.007053461155446694,0.01982710010475941,0.007293115746953349,0.007041972900974081
2019-08-29,0.01693175987685991,0.012554889043934425,0.026479713159296203,0.0178770561605075,0.009290968130696298,0.017456966489087122,0.024194692011877184,0.022658931012535133,0.011285329049520287,0.020961871275738897,0.018884708200407774,0.03585194374877587,-0.001812039131584342,0.028387214669075345,0.014382901369293322,0.011081596965499596,0.012772774380433116
2019-08-30,-0.0012918522340159555,-0.005659435682760394,-0.0025762728627167775,0.006586287983477934,-0.00610285828758117,-0.0031065749668233167,0.002595526045471308,0.005859963886916342,-3.6051293915706495e-05,0.0005387858762089248,-0.001882574077100907,0.0030535295895133263,-0.00783971484507906,0.01759049641281729,0.014656266927840056,0.0007306611648671968,-0.00044402335259463577
2019-09-03,-0.014563551177583234,0.007628234940805445,-0.03039171556950704,-0.016721320645219917,-0.009193871629896377,-0.017622409716845144,-0.016848719163769177,-0.011833120612108505,-0.004477485042946983,-0.01766567267982777,-0.013201470300113205,-0.019938890984102398,0.009398727223552505,-0.0026594540634046204,-0.014444563548812517,0.001167965941874849,-0.0058472950311098115
2019-09-04,0.016966413238059364,0.006022901313268436,0.03273115125108528,0.016266228834682428,0.013935784400306073,0.01087589139067946,0.006465661735015837,0.012066767569259174,0.021384073387092917,0.02604312734542269,0.011687788600177385,0.027958777209183827,0.015243791562998377,-0.01924359313509616,-0.01686740480174631,0.010647562345762696,0.01135042316761603
2019-09-05,0.019551534493410516,0.022270161635782326,0.028266557635340472,0.02965967483324805,0.002870290068974768,0.02530727974002156,0.017845197933703982,0.022754257782147347,0.020901464288803018,0.02009166019942632,0.017583097393501834,0.06506273600344836,-0.003652106580985026,0.04032988367532808,0.012614110728809358,0.014143496978763048,0.01285527287096988
2019-09-06,-9.353460970151772e-05,-0.003916990505865581,0.00305816239993284,-0.013869250816607503,0.02286460958774872,-0.004842393445275928,0.013061817000089349,0.0021359559804101647,-0.002396088098920557,-0.017862634804232336,-0.006783236598551068,-0.006064602621004056,0.0008959820478200431,-0.009277824735237306,-0.0025696613055857798,0.009392229058687196,0.0007722875108657767
2019-09-09,0.004267004870277757,-0.0011780869502403535,0.0023979272419432096,0.03245574778934257,-0.015670250003992137,-0.0008704569523033667,0.007528009187243834,0.024775690945379347,-0.02752423723911024,0.006773665109859328,-0.011358338007093294,0.010355688432790666,-0.005697121048637732,0.019081180789296548,0.007336136218094591,0.00789516265322332,0.0005033310430380133
2019-09-10,0.01181316649208597,-0.005897299060526495,0.006254021774954488,0.02514852817582458,-0.006688959094722113,0.00035677733758521235,0.000558323580651221,0.012738338123987392,-0.03892586671877096,-0.013721063541971779,-0.010471500710291015,0.014847944636107835,-0.018744471593844958,0.016178436782244843,0.007716478882534128,0.008113086317042217,-0.0002348523344807285
2019-09-11,0.03179476274031967,0.0013402724765312346,0.012124877510788945,0.0037476816883319497,-0.021245892407112832,0.011860305118808645,-0.001459228507792898,0.0027379982649431422,-0.008739324173783869,0.012461743374697853,0.0002936404447408947,0.0062773761896792735,0.011594835421376626,0.04907867630625118,0.007528095752793229,-0.0019426929639876356,0.007110829427606102
2019-09-12,-0.0022362144612648738,0.011278173776551048,0.00862392920417876,0.00712827401112448,-0.0027520942499354994,0.012270532399362155,0.004899641894067219,0.0061440038159013,0.023893247336076673,-0.005411507817885908,0.01028565268433912,-0.0003251465603841819,0.012369294710145917,-0.004977786258313466,-0.017548242922161394,0.0006953922920949207,0.003464244610584144
2019-09-13,-0.01945374497687724,-0.0022835833039022146,-0.0341341519799202,0.016852194555237343,0.00693343777417299,0.004097198413605341,0.0007700235160930102,0.019676034418457,-0.0002894908311324995,-0.0014935897273025134,-0.0014548213308912539,-0.012644469878264508,-0.005294404859871538,-0.0027249944407460314,0.02004182531492149,0.00916924210338177,-0.0006643001230511869
2019-09-16,0.005256945660709222,-0.01712575737502442,-0.005717694608967427,-0.0013259678924872897,-0.01099678371838364,-0.006774040451203445,-0.012778929184192878,-0.008899729806449264,-0.008106718097810162,-0.005181823494917026,-0.007209315215456313,-0.009508640837205484,-0.01940713706780195,-0.009747197346762881,0.0035099709480002073,0.015005419720028446,-0.0030883187472795504
2019-09-17,0.0036381982038113936,0.008136828085409498,0.0005887906935992948,-0.006305677536035725,0.00942229382808124,-0.0014208445415072601,-0.0033767452993087588,-0.004951157429001651,0.007917813668320228,0.009988072071881682,0.00777524589281664,0.0047721933321858145,0.011774651603888575,0.008154522822672039,-0.008147380004225213,-0.0075954696859904525,0.002532118851202636
2019-09-18,0.009379140476580616,-0.0027928049815375555,-0.0037738680841077343,0.0020038595874858345,0.0035000629070014444,0.002252272523287857,0.0026932271518573803,0.010036154401127373,-0.004162717181638298,0.0003191044553223499,0.008224757133987293,-0.0060197391026373115,0.0020631869777549827,-0.005310523689140867,-0.008214305069093708,-0.004782952502937143,0.0005977448594780554
2019-09-19,-0.00812520545608797,0.002222836785043869,0.010078521067048207,-0.006000074954645829,-0.015730581546374744,0.00494866648735548,-0.011740192213765654,-0.0031731536561658835,0.0029439682251770627,0.010630236878667487,0.0184088716848001,-0.016890576852891637,0.004035919951953293,0.012772552981913154,0.009713513146090369,-0.006729183311877551,-6.643845337084286e-05
2019-09-20,-0.014617904816256688,-0.015009572450642827,-0.012951935702235184,-0.007713057826213121,-0.005106895442007819,-0.007192649483067859,-0.015123460969883373,-0.004020837175135572,-0.017179358106308773,-0.0011041997166285622,-0.011554646583318284,-0.024019335355288773,0.0027894161930963612,-0.024249895148037104,0.00017163537537112639,-0.0034561809806659127,-0.004724590404845852
2019-09-23,0.004546988325796253,-0.004938252915601793,0.004221543089653723,-0.002365477144771977,0.0042251984391215025,0.0039435267862864,0.007032210649428716,-0.000168208052296559,0.00730133713340364,-0.01637452391244043,-0.0021514334370502652,0.012449840529995315,0.008016811898396314,0.002535231296753704,-0.017690713762410493,0.0006934495239301341,-0.00023483204347751752
2019-09-24,-0.004755079855035538,-0.024472096150627953,-0.011034730668392223,-0.019647624164557453,0.0011826937942136517,-0.013250243478866164,-0.003712415112483214,-0.013038164538357266,-0.007431672140114753,-0.029654303715794028,-0.012649249813470376,-0.013212183272602207,0.003164969370225368,-0.0747005313345035,-0.01647942547174308,-0.013725297731270847,-0.00784711794636983
2019-09-25,0.015389705845392898,0.015342109540061655,-0.023166103412698758,0.010711703207952228,0.0020838552169695213,0.02266204408263306,0.011933872400642809,0.0057102158276274295,0.0060121385053111265,0.008384759627369176,0.014412804119674494,0.033037752780270324,-0.004773050194821438,0.02459568391983602,-0.012578015293193356,0.0029521342958673813,0.005914891484725793
2019-09-26,-0.005157663552367353,-0.01611124135996367,0.00413411263769814,-0.004102564881692139,-0.0008667089721132726,-0.0029294217944144663,0.007408975675214924,-0.00822023616308698,0.0041796384845596,-0.014715459755989757,0.0012915546304930192,-0.0049935611890356,0.010486188919259565,0.060603458159791845,-0.030112002330765164,-0.00532596800101115,-0.002082979826108722
2019-09-27,-0.004865863155964267,-0.008270849128875435,-0.010003319909468789,0.007552429245747172,-0.008013713191810101,-0.01315309349385807,0.0003044216236396391,0.005895749843293885,-0.017378980690354817,-0.01671192703378177,-0.012971343254605694,-0.031464878673570174,0.002091454494385747,-0.0017728055869207227,-0.0010209532147248401,0.007186344127739552,-0.005387455413006115
2019-09-30,0.023535235746953376,0.006062217161457495,0.007039968447295486,-0.00613295544859449,0.00755365347110204,-0.003923559869056681,0.00939704550629683,-0.00025476412773084434,0.009066100100970642,0.005533617550851133,0.009439057426620767,0.013448880757580994,-0.001525216534008611,-0.005203793381044264,0.009569997117002682,-0.012171185424806219,0.004638203159642806
2019-10-01,0.0027679739172941087,-0.00014978297291068365,-0.004419059739279141,-0.025025830372984226,-0.014508364355646619,-0.012398259113323151,-0.004051292548500451,-0.01818315138179416,-0.002319995540842168,-0.012747101001976402,-0.014097928584567931,-0.000402247076411677,-0.004261129640220518,0.015859214917846032,-0.0005062321428418448,-0.02350978015581151,-0.011894830120413147
2019-10-02,-0.02506767385108377,-0.01291737598591125,-0.017391130049455694,-0.021096896749524086,0.004156267750027309,-0.02328357345135934,-0.023931344443187785,-0.01990497149561088,-0.023842862531483267,-0.0068824752824232505,-0.017654821885951133,-0.0055170354405259525,-0.02236569481900419,-0.006375418940066435,-0.0021178733298048424,-0.026105805313754282,-0.01766483245274708
2019-10-03,0.008494502436819262,0.0065315416415505645,0.016143795239718095,-0.0010775464727332817,0.01364388344866918,0.009771492104292623,0.005586692443811936,-0.0014240167817958227,0.014405508200341144,0.02737685917975652,0.012105080433277626,0.047792222642277116,0.005450851976831261,-0.041541666813759925,-0.006412850108152401,0.012360315483350925,0.008192975952128423
2019-10-04,0.02803208377653954,0.008831925999802426,0.025507395348510764,0.02013672380763354,0.00923844335129087,0.018101120221782452,0.004937794389737515,0.021659761372150976,0.021506504838713303,0.005964983422130921,0.013501720979263165,0.0036398863271780435,0.01856408060711301,-0.006866001099940178,0.020616485078005953,0.014563117359368327,0.01353220188356774
2019-10-07,0.000220112729012234,-0.00401799145160453,-0.019009959955033295,-0.00211491019914134,0.005965795083609615,-0.0022378848630011383,-0.005220827756383106,-0.0021812153937634804,-0.006822839781918222,-0.004267138376775947,-0.007239825343825168,0.01296918618464682,-0.009354865198621498,0.027178790132110553,0.006551646095990238,-0.013774095107308537,-0.004314792723951966
2019-10-08,-0.011715018769717034,-0.01566961490022023,-0.020827350886602702,-0.024020017400634086,-0.005180334634773076,-0.01499699643988106,-0.0003087515279990294,-0.022295898195445862,-0.017619757274091374,-0.010741311887481064,-0.010574961415379391,-0.03851748978534297,-0.015548698122435312,0.009801398882838708,-0.005107840241972084,-0.019405970739111322,-0.015524745203299495
2019-10-09,0.011720113935599796,0.009662859223618092,0.010431797655500619,0.009409983756977658,0.017163827249829122,0.010309779088895743,0.010014534523959062,0.0072436751684743506,0.019358475715040457,0.011814613420081388,0.018942968206321575,0.01963561793865609,0.008683033979641097,0.018662857531057897,0.008950404990266447,0.01109467823291821,0.009496465662609088
2019-10-10,0.013478502303262196,-0.0010046756673366408,0.004759160114455208,0.020079127525814755,0.0008087538306797981,0.005879972458606497,0.011662390232016318,0.014028284042539196,0.00584043750818819,0.0010005220040512075,0.006221158190149456,0.01283818208014531,-0.0003281276120372656,0.0008587865860343324,0.007429584379861742,0.012010440230527442,0.006763418573502822
2019-10-11,0.026598565627197424,0.006778047269550891,0.02353792309342495,0.016168718941642846,0.0015475266648885544,0.0051592473924428894,0.013168795195675598,0.01689842054032975,0.007595799015282623,0.023107298780593366,0.004169519418458334,0.01617219022270966,-0.006970375611172863,0.012870745566869735,-0.007419790446563046,0.01069622351523436,0.010366627844405896
2019-10-14,-0.0014396243925703933,0.002604069615361304,0.0026697699180995293,0.007955687150755564,-0.0002686508008322708,0.0016945874182321408,-0.0020454920147880973,0.0026693653316118837,0.0017032579025777483,-0.004940545608950742,-0.0009304858925754944,0.002903395431530731,-0.008588793797377425,0.036588871936986234,-0.006664414161210774,0.0028992674814767305,-0.0011134092677625995
2019-10-15,-0.002331770079926798,0.017823932579885904,0.03074646985491092,0.020246895505760643,0.0029243583001730133,0.020094106379813237,0.006148902253053423,0.030141782017299112,0.007887627432914046,0.03060894109346357,0.01447525161828267,0.05275285654786832,-0.023740227134296132,0.0036192563678525413,0.08159924638719018,0.0034691074758974594,0.009899999231041567
2019-10-16,-0.004037083647108974,0.005686324313618707,-0.00633790681066182,0.014800019910340634,0.0013068494065981984,0.0006117503467009122,0.0011886123790656455,-0.002334090150977075,-0.001040628120595466,0.0034941202970124596,-0.008194113665121683,-0.01099949990734328,0.002815615597338894,0.007212409177860479,-0.006705912395948421,-0.017141993869351557,-0.0016059249246334062
2019-10-17,0.0038826708613008964,0.005654258700535264,0.0032930365462700006,0.0029830595155135864,0.012116329210622556,0.007884194462201899,0.003687895371548233,0.005598057893710706,-0.006324794371306175,0.004431518776035759,-0.005127585555846026,0.00041186860799080627,-0.0013186603103122474,0.008546610329575488,0.028186697356809676,-0.0013192249183540117,0.0029493053032876304
2019-10-18,0.004802620169805039,-0.016766587598934568,-0.009328417251741605,0.0029743341966190773,0.0015209405605278725,-0.006697075715808021,0.004899251341004662,0.0017451756339641467,-0.021265239152038706,-0.023845669928080016,-0.016321811375676454,-0.01955856626104635,0.007202348676841108,-0.019162530722660276,0.006853583547905773,-0.007777808553276255,-0.00437745746946594
2019-10-21,0.01734298880807339,0.01601690499181374,0.009904568234212485,0.02207582156723431,-0.005877473477254758,-0.00010439564342767937,-0.005169521841802527,0.024800880155039673,0.013561265190921601,0.02103845130251014,0.007422631003552116,0.028977847633370635,0.013705643212217344,-0.01342671065408474,-0.005787891996528072,0.016713203094709472,0.006779590201053898
2019-10-22,-0.0022866529581334616,-0.011161118465189634,-0.007286566726694588,0.005802636715602105,-0.0036866393239898265,-0.0024753617547712548,0.002112247819475499,0.010036268453003538,-0.04753956543467064,-0.039102110188427464,-0.014881259200316688,-0.0020403344352580843,0.02603276879487204,0.00820521085401027,0.02279460122726573,0.005091638359586481,-0.0032672345030315686
2019-10-23,0.013418822645583361,-0.0020161792094772757,-0.02483834570269783,0.007051425489963403,-0.008834126579918222,0.013237229229555059,-0.010665924946158034,0.002644339064922896,-0.00156904356480414,0.020894940060369294,0.00638013601481302,-0.002658573197751757,0.00671159432869306,-0.0035214826899614415,-0.006734122542343179,0.00955278885043076,0.002909711420692851
2019-10-24,0.0016447906832190995,0.010560886524610735,0.007099192725574355,-0.0019096824307872629,-0.0009084219740457256,0.0011768053996743522,-0.0033238678039828606,-0.0007194187148586995,0.030285631727996032,0.0012355860333628232,0.019673406668140103,0.009072816331167743,0.014552800261035559,0.1766923235319593,-0.013276941064325642,-0.00946239657394099,0.0016339380574428297
2019-10-25,0.012316422102295554,-0.010922221117825037,0.02660179131737972,0.011479380088676328,-0.0018510414458956514,0.0041220058039102,0.00209511519338057,0.007998288107429863,0.005357831377231559,0.008101819409741307,0.00564490648247018,0.039012491648535264,-0.012340746949512815,0.09493463935290936,0.0016359566992707464,0.0023161206828004044,0.004095172910333789
2019-10-28,0.010016985124077005,0.008942089145920873,0.005969512392071996,0.003783103203778282,0.008229095082727067,0.019520629818003954,0.010324897167660163,0.003808623661124555,0.021244217026610945,0.008036625678700782,0.024586427758376272,0.011000234621929117,0.001866169059921985,-0.0012799748887760698,0.008737842181286481,-0.008808999880819068,0.005636401242971045
2019-10-29,-0.023127810525500725,-0.008086279290598686,-0.011627750669796266,0.00722372478538813,-0.01030318025210919,-0.021970902939446812,-0.0112329989353247,-0.0006321724245307303,-0.0059432986182405,-0.0004751584300869416,-0.009432189801054092,-0.01871461710914013,0.0009716339148595488,-0.03506152059118439,0.02121034538329236,-0.002913555479243324,-0.000296819365333989
2019-10-30,-0.00012351698146662038,0.009803069503577566,0.007218312390442794,-0.014031703928351957,0.013452402192871471,3.182963705072872e-05,0.008969120265498232,-0.005536859086185064,0.010426852998530078,-0.005599340549348519,0.01246256697019521,0.00039418987555617235,0.010841745580389528,-0.0038263988223681267,0.009948842082527332,-0.010520298378089876,0.003067529015533088
2019-10-31,0.022609528931478717,-0.0018707552680410355,0.008992582878382782,-0.011068909348740497,-0.006952261066300425,-0.0015071646110578207,-0.007026827724502138,-0.006442208822364237,-0.0012268857089852148,0.01806103070373588,-0.0085748324686169,-0.009753771851350401,-0.0034418175621830915,-0.0002857299073112385,-0.00824176916920838,-0.0022148903906070716,-0.0026635554074213585
2019-11-01,0.028380773378752,0.008318962677863917,0.012771097715469137,0.016948904442479984,-0.00343300202809671,0.010684729134431192,0.01176557049139726,0.0230545033375833,0.008092478035337747,0.010279208908759996,0.0024411273725466476,0.0078102884297703845,-0.0051401046208428,-0.005112447684490151,-0.0019392813496039718,0.030042923314858472,0.009263930954062971
2019-11-04,0.006567252035467597,0.007379573116068405,0.02835551770067868,0.018868139422143715,0.002465278055699738,0.013645078242863207,-0.010196430755512353,0.007981376155009157,-0.009747463145151403,0.005681189627093186,0.005775144126153764,0.03904435897532954,-0.03875042842731846,0.013277626893232641,-0.0038060650174142063,0.029741403476756245,0.00401776988354996
2019-11-05,-0.0014368667289481607,-0.0016346467664720699,0.02963942960057242,0.01296275811348524,0.007951065796832246,0.0014191945753374569,-0.011578420635405928,0.002173695648087337,-0.026526392980299907,-0.002054109137577975,-0.0006225910989887673,-0.004227766563018043,-0.0014275739487175088,-0.0007874639488315571,-0.0037812097881317897,0.01981278146390597,-0.0011063366928469875
2019-11-06,0.00042775793785154725,-0.003296920048778351,-0.0028020181490792107,-0.0009140431790449766,0.007988646620484152,-0.0003330907572315356,0.007795119721499155,0.0015491426022862242,0.0031970452060339216,-0.014254880515072177,-0.0027687457673206683,-0.00944664366404313,0.01194271585686213,0.029506271080336877,0.0008789252763024002,-0.02189073295236177,0.0002283576863997272
2019-11-07,0.011541320479451223,-0.004215398090435696,-0.0045347152328129026,0.013418863931321079,0.012069968560768585,0.01233918222669983,-0.004572368765467294,0.005413682273099019,0.010857792763436347,-0.005899245488250715,0.00138810456733518,0.0034199528708407367,-0.005817826125566361,0.027435877533706687,0.02371081727402813,0.021262014243887073,0.003516668321291716
2019-11-08,0.0027369236782839312,-0.0012974492684962868,0.005357022142238543,0.0009028321997224253,-0.008485480420826863,0.0015761803030749366,-0.00042942096081910464,0.0029232434277055575,0.007698114325305427,0.002205716578290051,0.011784601358839186,-0.0026881886176916003,0.0006687323873562079,0.004768428440276917,0.001988437031191781,-0.01899110082529143,0.002465964038494972
2019-11-11,0.007918575136606432,-0.007968083918385438,-0.0021058811398697586,-0.0024054254147765075,-0.005882177107049413,-0.008189487605014145,-0.004466325803647697,-0.00352833797198282,0.007675704498983249,-0.0064453416078555925,0.0010274434566379664,0.0019252180495836768,-0.0030910331542578495,0.02358073903734903,-0.01120747698887703,-0.006076003060399682,-0.0019097032837385175
2019-11-12,-0.0009154532328637943,0.003584284648149527,0.008888986910698948,-0.0027125114246253634,-0.0011302935423479488,-0.0008241951485694621,0.0056942569371158935,-0.005849671305041659,0.0005055824299338152,0.025631598366331554,0.006570654790868824,0.00686935569996816,-0.0005030094815987596,0.014025304743831235,0.004565340665462436,-0.013789994660356575,0.00210828544784869
2019-11-13,0.009581595167781565,-0.013998865975055064,-0.005894764545134379,-0.009066185267662119,0.007986767254843041,-0.000793942193802466,0.0072066314047638524,-0.005264889353545965,0.003355749030744981,-0.0065818993855825125,0.0016315022023634107,-0.00496219311922641,0.011570657775767934,-0.010916495379750035,-0.006581897439399742,-0.008217002390737527,0.00032340262012442444
2019-11-14,-0.006919297381410838,0.0008499299602007238,-0.014984047454886018,-0.0027446382550110338,0.0055795319963805046,0.010006472585569526,0.007453296103148377,0.0009340691910475485,0.0056100402285197415,-0.0002070297208145444,0.005091343927173142,0.005849472937971889,-0.0012434349381645893,0.009361251460125342,0.00891279086343677,-0.004360299008676627,0.001455599190087531
2019-11-15,0.011879629418938054,-0.00861165809356279,0.012752060163119916,0.007033470223793747,-0.0030536825669300605,0.01863044984755091,0.0031281990428662088,0.0072317732649935795,0.004112720322488883,0.010095803092819766,0.012900383584082409,-0.02669317236652846,0.0003321082018374888,0.008072121852793046,0.053043350227262476,0.010072901613724428,0.007236821264883009
2019-11-18,0.005041967814264803,0.007496454800304697,-0.005880209623461141,0.0009111248731625832,0.0028983697480857717,-0.010273634241189544,0.006574186799415349,0.008414994619699412,0.0002846293730993654,0.011788652462161542,0.002467132939918182,0.03961973229786264,0.01119973046206435,-0.006190230846208622,0.013103078862064521,-0.009683620560292927,0.0007370841222613667
2019-11-19,-0.003032781577337662,0.00014836251405148104,0.021313477893045052,-0.0006067962392251047,-0.007552761808725772,-0.005492939994907298,-0.05438559806934773,-0.0003062782703493472,0.0158441304198067,0.00972650173405376,0.0003323961028889322,-0.020208870728834705,-0.0038561889313792896,0.02722937893509192,0.004763017004886683,-0.010215901053962528,-0.00028809520055494975
2019-11-20,-0.011641276826109825,-0.004142042998724227,-0.018980235550406843,-0.0075895920333736155,-0.005525121810448175,-0.008174818410898843,-0.02196062783596009,-0.007275165514358695,0.00024581557614489213,-0.009081005258856356,-0.0017344474713640867,0.015337150444466818,0.007165356508226806,-0.020304890883314552,0.0048500793296566425,0.0030966109470413894,-0.0037187436330691215
2019-11-21,-0.004483396582901422,-0.006198694786181735,0.011486664327547746,0.004588662240704533,-0.0009981549458977224,-0.001321226733277503,-0.010683535533889454,0.002314143987215189,-0.003259076268047445,0.0021266162878923467,-0.0009357542214469827,-0.004735373186864011,-0.01594570062184164,0.00741013246629163,0.0035924790262999995,0.024106680938760672,-0.0016090958823858914
2019-11-22,-0.0008782219776347633,0.0063469584412145785,-0.0010468303120457767,0.010353161511376552,-0.0031968870204253097,-0.004976290988210508,-0.002333427465518567,0.006618914168554424,-0.006609038651796517,0.004496505430747977,0.0007354787035320776,0.0033780951619040156,-0.00041566872307097213,-0.06140963459164972,0.001048733298754323,-0.0043057058379216695,0.002224135472501443
2019-11-25,0.017534098912847407,0.016107946060534006,0.014924501729620454,0.00874037411696893,-0.0008690882925900256,0.009252827549964593,0.0016968765192126867,0.005352146664470592,0.0178361530885649,0.004878789187912513,0.010963803569859376,0.04893556689291789,0.0018290842514476768,0.009908688492819007,0.021059408143190073,-0.006631145269002436,0.007750194314500858
2019-11-26,-0.0078088125941957465,0.013022581087476892,-0.01048128586546171,-0.0035856323232827947,0.007323412294238052,0.005636989730674502,0.010805827275854885,0.001368790856452362,0.006154078134415597,-0.004104252915376194,0.005289830739018342,-0.01903180585777775,0.014521486356538604,-0.022061027047189374,-0.004492946915318541,-0.0024671841180398113,0.002265355924238932
2019-11-27,0.013432138138488092,0.01200372676735717,0.006861193181717518,0.002099117858811894,-0.0015930748172291453,-0.0006626193686720683,0.010147039911867273,0.0029619900843103064,0.008017564101137742,0.015228379355582522,0.0019076967376345788,0.00645638231071044,-0.004089598549759543,0.0072054427979364455,-0.002594412334182339,-0.0005819540001913426,0.004457710726060826
2019-11-29,-0.002202721443572364,-0.009738720787676458,-0.007002915279254784,-0.0029921543378259585,-0.0031590481525106684,-0.006127464047020359,-0.011166038847181592,-0.0022717670333787243,0.0018164302811383148,-0.0017820794070485535,-0.006171249102936427,-0.006873038668436138,0.0024639079900412586,-0.0040749864522633406,-0.0028504981601215063,-0.008296701289261077,-0.0037088282353829882
2019-12-02,-0.01156224853649046,-0.01066191775556835,-0.017361767948131823,0.003301220939599503,-0.008071615575641733,-0.011678544014643077,-0.013106152613887478,-0.002201032609854159,-0.019710559116232096,-0.00962119062300637,-0.012088979064411531,-0.03455749793266705,0.005407172932996529,0.014942111414791182,-0.0007500899739804057,0.004256553481858161,-0.008494490102201602
2019-12-03,-0.017830091183900443,-0.006533461163659049,-0.013517096792584171,-0.01764872283247354,-0.005783701095041005,0.004562148387079024,-0.016634420089882473,-0.012854269592977863,0.0021643779137816566,-0.004406639104397869,-0.0016047015940630072,-0.007598741615500559,0.001874012070116171,0.003971701615311352,-0.009869021676465306,-0.00789264302363002,-0.006706860867162545
2019-12-04,0.008826524680143999,-0.005237417464897476,0.010439790866635157,0.009439675120638924,0.0028748615065246064,0.018690917389937667,0.0068662121548381805,0.019725559246112745,-0.000871071615983543,-0.000553190657337832,0.0036165701577046683,0.008475546563702085,0.01285092447694014,-0.009428951066637326,0.008739416198164873,0.011343858702883569,0.006170385587203953
2019-12-05,0.01467075798845796,-0.011478432267733929,0.004746255725568638,0.0036396833466774137,-0.011533798934470485,0.006080789986320001,-0.005137778268513027,0.0054406093623975416,0.010493553423997382,0.00327110604954739,0.0005338653827013928,-0.0032472424512247633,0.0007227589456981764,-0.007987205077007897,0.009594813680910974,-0.0034960804458983308,0.0017977610670132371
2019-12-06,0.01931656284029515,0.006389039145533015,0.015617226568996667,0.017527550085965515,0.0063119353819258706,0.009367232713226814,0.006009210318054237,0.01488046187723957,0.0018979361400950356,0.008477084426171455,0.012139117669189847,0.016432104138676795,-0.003450442737146453,0.016708539482365836,-0.002598716173712212,0.01607942142462604,0.009134419793320081
2019-12-09,-0.014000612297556003,-0.0011931926776630464,-0.005283472847967818,-0.004751867693574385,0.000712066850990789,0.002687671867806163,0.010500250860640437,-0.004665258907136649,-0.004614283344865244,0.0014423812152488669,-0.0025701398025157474,0.0,0.0054752324721256684,0.010836776557687555,-0.00945770496013032,0.002158315634990471,-0.0031439755879542064
2019-12-10,0.005844573162894218,-0.005887355634324631,0.002162782489020021,0.0005970915035804492,0.0021001881698936575,-7.429525966484718e-05,-0.002909548886711133,0.0006694936856885825,-0.0015568717905488638,-0.0023344169635469703,-0.001519789756400436,0.008530883660812227,-0.004804872005832794,0.027420335973247223,0.007133965117919638,-0.00861336700557902,-0.0011152705703979526
2019-12-11,0.008529479001129658,0.005467935101741261,0.01479077494530956,0.0032806595116881,-0.0016225954485170613,0.0010126200275291097,-0.01806363500349284,-0.0023792086599527806,0.00498936443620579,0.006919965788761306,0.003771761532796347,0.01570227844021188,0.003138270625312023,0.011065180701923305,0.003505927792539998,-0.0014481065944242921,0.002838789423628141
2019-12-12,0.0025482617727334844,0.00663920342821922,0.025272308233384333,0.030915493582292175,0.006908086080128495,0.003154302821305466,0.00018865019826153073,0.028618392252066194,0.007447109039561806,-0.027242206606656105,0.010151634122084419,0.030965248235640397,-0.0007219342208334423,0.019790216517877823,0.011087402928610102,0.02001141922622307,0.008618816873824153
2019-12-13,0.013593498268415827,0.00034646559584494696,-0.03776705804002878,-0.006920308946551157,-0.018396699180318277,-0.001201319045347593,0.009620427021161282,-0.008767001380669215,0.013278055180290682,-0.013418054939248414,0.008418113111460235,-0.0003568901037555028,0.007224771229446425,-0.0035864603168681564,0.006593909666676945,-0.015780179805256367,0.0005990925072913988
2019-12-16,0.017117862759222113,0.0046964185941400505,0.024443548100231194,0.007549436963680378,0.005584875433627179,0.010268182002373116,0.0067733857707477085,0.0038742451529001354,0.002938118295239045,0.01962804086805714,0.00647152598245726,0.0051784647100499015,0.0007173442600703073,0.06448273954410277,0.0229435931688855,0.011121991065656367,0.006869987964153168
2019-12-17,0.0019651852734825503,0.012123992912275838,0.0020734451604353943,0.00979830969238682,0.00698457273086972,-0.004269874701305909,0.010160889203858714,0.006115824288954519,-0.0032325382562553573,0.002374832766046664,-0.005400867895881012,0.013946574861515293,-0.001991092651077331,-0.006579228102730705,-0.005342310400011763,-0.004571326452211033,0.00021923542039936628
2019-12-18,-0.002389163322604859,-0.00370251419034362,0.01124171425093512,0.001997370433758583,-0.01245146241549655,-0.0021995229676766703,0.0012862630525434238,-0.0010131297735784806,-0.004256885515787401,0.02071665276303758,-0.002068957635975699,0.005343938238350887,-0.010374224930888909,0.03736239645598238,0.008366545358150512,0.002726791387221983,6.262496193287781e-05
2019-12-19,0.001000817134296783,0.004624344595139496,-0.01020060119967725,-0.004557099765809869,0.006304228066577933,0.003350908564069943,0.01018333581369868,-0.004998136809688636,0.009466096926749934,0.01758026797217993,0.00868067466156841,0.025924959144519644,0.007338055812432964,0.02769941872802484,0.00587186072895407,-0.006870071410135625,0.004099060202695348
2019-12-20,-0.0020714517608864114,-0.0032249589345579865,-0.005765910687256848,0.0002861819034396529,0.003813573142789517,-0.0038483936464441815,0.00440483038899564,-0.0008012572102498172,0.003495374773363924,0.0011647441924975688,0.010917435065360692,0.01660587598668739,0.003522512248331111,0.003836223506470837,-0.006890187297268091,0.007926275649173808,0.004384141667492347
2019-12-23,0.016318593920460422,0.0036384504756830083,0.0016613949838173436,0.006007025949133382,-0.005155642364757185,-0.00043657102078653587,-0.008951519045656275,-0.0002912421135046195,-0.004353973177597004,-0.0005817690516144447,0.0,-0.0022979696052680687,-0.0036694460960481345,0.0336053629419828,0.008544127154794356,0.005004242746345033,0.0015273052143314203
2019-12-24,0.0009505101212015088,-0.00211376350409187,0.003035785256267909,0.0014216442174646016,0.00313663813435916,-0.004590380246760728,0.006660180615258415,0.002769771389697917,0.0007065029273047863,-0.005141119198383115,-0.0001903037192227952,-0.000837360359049355,0.002561920709203136,0.014383871042812801,-0.0018635007378162705,-0.003840939527968712,3.151762441722106e-05
2019-12-26,0.019840089521391935,0.04446651549531899,-0.007862733204073602,0.008517881577903896,0.005097974662032323,0.013418170191510814,0.0006797834030838334,0.010611915169326469,0.005781827958655006,0.013016749025599683,0.008196564792931182,0.002388854400074969,0.0,0.013380370052541224,0.0037683514465036705,0.0015708474665576677,0.005323200459977029
2019-12-27,-0.00037901952937657857,0.0005511476895359024,-0.004559873227157563,-0.004786148837482518,-0.005478003894977768,-0.005746817100146351,-0.003849355978665314,0.0007190028670118753,0.005146862654436646,0.001492021894129003,0.0018280663536736075,-0.009699409924662006,0.006947841063757787,-0.0012995234173469594,0.0010825166839611988,-0.0034223006450043725,-0.000247807399510358
2019-12-30,0.005935023095678504,-0.012252649580489328,-0.009699235923475769,-0.0056576219733285305,0.003502180946923561,-0.01102154827143742,-0.012092503182163816,-0.003665541631249214,-0.010041712163402883,-0.017731983395352313,-0.008618867263762375,-0.019209156439520814,-0.012847930380829209,-0.03643287242176041,-0.007162923041131863,-0.005866281860038125,-0.005513250409195036
2019-12-31,0.0073064020395448015,0.0005143848474418178,0.008167058937193827,0.001991497344963511,-0.004133708680867376,-0.00023869413194577138,0.004923713293270904,0.005554418790644,0.0029221380555712884,0.004109511297397672,0.0006981389386229164,0.012827548931893862,0.003454671907243023,0.008753267375039453,0.00044230157614877363,0.004317841849457826,0.002429574342184715
2020-01-02,0.022816354448611964,0.02715061035487687,0.02015708044100717,0.011924921266443178,-0.008267323567419882,0.02186822522173726,0.005861411183455623,0.012123549869531791,0.016075619130574426,0.022070668751317024,0.018516002937760456,0.019591687981007633,-0.011929597224383692,0.0285181750157113,-0.005034307863088117,0.016050263194731462,0.009351532636723725
2020-01-03,-0.009721789408078663,-0.012139034655920922,-0.025435138070087904,-0.020763179461569248,0.0008235813604942077,-0.005231554177318576,-0.003323389134091692,-0.01319630626951196,-0.009756540599385244,-0.0052913788802188,-0.012451607681057797,-0.016005903090138274,-0.006725607987165594,0.02963325829792085,-0.01011956071023079,-0.008039399176631767,-0.00757222092715959
2020-01-06,0.00796824057960821,0.01488557393050649,-0.0014958837265294234,-0.0014328960875839014,0.0002738053938176055,0.02665430434680971,0.004704843322979935,-0.0007951688802789736,0.002663070799672429,0.018833650993937523,0.0025844555369090028,0.004193940426844289,0.001387057584030682,0.01925463704513497,0.006942034258031304,0.007678082385666363,0.003815256709159387
2020-01-07,-0.004703323472382337,0.0020916204156393725,-0.0034425279871030945,-0.0065996768646626736,-0.0015762664151046657,-0.0019316998959083564,-0.006546760622324843,-0.017000699966396193,-0.0033860093634711097,0.002163655999727565,-0.009117823517410084,0.012106516004927403,-0.006191648128171301,0.03880052465815398,-0.0060366448827092745,-0.008184113029202078,-0.00281156736211019
2020-01-08,0.01608634488678362,-0.007808640261289357,-0.012474502972844914,0.010109865530534723,0.011463960679148677,0.007117693025092908,0.014964326152815177,0.0078012612438373985,0.017644254748633514,0.010138004246284416,0.015928291278132667,0.0018755436864814623,0.004262639234074328,0.04920482578812169,0.02108417889343106,-0.015080022202675458,0.005329415367901547
2020-01-09,0.021241034064687803,0.0047991747864684076,-0.008032467662563936,0.001715856620816636,0.016050706017890493,0.010497955031930184,0.01532984602701859,0.0036510937571954116,0.013110705865956307,0.014310961177758097,0.012493336933815158,0.010982490342151152,0.01093784418733712,-0.021945011900097344,-0.005677670800410484,0.007655346336860935,0.006780471732295679
2020-01-10,0.002260713342528531,-0.009410596802031268,-0.022986960574060467,-0.008278491416297329,-0.0072810279234645225,0.00645882672570619,-0.004307457668493608,-0.009967861961001523,0.00669675681132853,-0.0010993669648075022,-0.004627266637874494,0.005349169878241966,0.0009689458748765034,-0.006627297633174267,0.0030929039016227566,-0.008887781383192128,-0.002877723366632501
2020-01-13,0.021364497223863577,0.004322578245699482,0.006550222223276059,0.009211141435359282,0.008848099631100004,0.007746858769484222,-0.00392466401245728,0.008304429848774442,0.012983197827256543,0.017655595741946195,0.012024507807378848,0.03135236033708688,0.007340351587340033,0.09768895885093332,-0.03144384719406157,0.009546069634434495,0.006877349000871336
2020-01-14,-0.013503588539896971,-0.011558211718052602,0.023241887588573595,0.007416060102012567,-0.0003999491965451796,-0.006555626848988028,-0.0023731131329532973,0.01166167376755789,-0.0144982072867339,-0.012842979017754219,-0.007043018732433737,-0.018651933174050117,-0.0015212092769502084,0.024882822120200876,0.008361076831535863,-0.008596093437079122,-0.0015246534038542148
2020-01-15,-0.004285484870500067,-0.003969126548924895,-0.016354045455281185,-0.01840326085677957,0.003569691386950291,0.0060186738477363555,0.007988630607902891,-0.014985511030833787,0.01162106942250829,0.009540757911579822,0.006476435619146903,-0.006915348880885075,0.0101849356430328,-0.03610201351305786,0.028344639166832053,-0.001589680492866452,0.002259859424946109
2020-01-16,0.012526763082997494,0.00854991102959346,0.012898421475203925,0.0014420830348913505,0.007346564131971878,0.0076152540520666445,0.018834864958765074,0.0038765996542837744,0.019251976283593875,0.002803633968743613,0.01832288875460031,0.013682345915038585,0.0008733747313565132,-0.009662477636014799,0.014608178395441485,-0.003907724677390423,0.008318678720487416
2020-01-17,0.0110707110586441,-0.00703966144232826,0.005666988314675159,-0.000288077664618136,0.0054448448125599125,0.0202460662863575,0.01350385324337644,0.006921449631257515,0.010490579941626166,0.0016683178479801608,0.005597023044864535,0.0014059812387550163,0.0026970384861728647,-0.005822894156913949,-0.007548398207631646,-0.0037781200359444655,0.0031122102499550053
2020-01-21,-0.006777198976014254,0.014629525206926841,-0.0023319224815807615,-0.012964492759851565,0.028160852925071644,0.0018452803406672214,0.00448434075116988,-0.009840751372001022,-0.005345636409657573,-0.0031513061330079584,-0.0035907478422909644,-0.005375392475280627,-0.002531388289648384,0.07189030619278935,0.0069016621944737455,-0.014293872256800788,-0.0019582460880976926
2020-01-22,0.0035697893875201725,-0.0023995494624704516,0.015905492952617672,0.002918940006533033,-0.004373141340341502,0.0010928068499158616,-0.00021454854192948236,-0.0011692878136455587,0.007393045332313886,-0.0005417849942070951,-0.004804884861712266,0.008752075125171954,0.0017448075603456736,0.04086264444061727,0.00019988604815535105,-0.0057712394147393375,0.00012102845234163162
2020-01-23,0.004815843214474258,-0.0015259112256781338,0.02134391534916258,-0.006984951254619509,0.003173994669803726,0.0005525414836085041,0.0032202822104347995,-0.0010243900108590775,0.002066069514875535,-0.007048689121415319,0.006155633987432685,0.01099508435766805,-0.0045713707743421095,0.004635122144013071,-0.0037592339255159146,-0.006250767946775482,0.0011465153551846186
2020-01-24,-0.0028820362057284665,-0.012172426638861644,0.013608635029776606,-0.016998890575539938,-0.007574623645222545,-0.012473934972383471,-0.0070617588096058,-0.024827608345027063,-0.004031280689630101,-0.008281683661037431,-0.010076549620375075,-0.009412351952226228,0.0012000055525800413,-0.012897603180825445,-0.02220661124332124,-0.006739598720469586,-0.008892962682787386
2020-01-27,-0.029405027187086263,-0.01788746376771211,-0.04620365705905516,-0.02057233399674585,-0.003413741589135655,-0.023489522247627126,-0.0034913932601221553,-0.008411711259314725,-0.02440751465211466,-0.014086525804933747,-0.016723354739450746,-0.04104119003549267,0.004395145457715133,-0.012039272835579595,-0.029780609480047238,-0.02382388907943067,-0.016029104228530766
2020-01-28,0.028289233232523525,0.01362436592451366,0.030029308084703832,0.011872165041109772,0.004523956094973691,0.01310983885959538,0.01154897742872607,0.018177752036335537,0.01425099142127495,0.013589566446370327,0.01959574394971164,0.032348194903692784,0.00270498098251859,0.015913383222044608,0.006266004847669038,-0.0013902788693259671,0.010479146094695135
2020-01-29,0.02093234774614916,0.0025630978623367717,-0.0025132006940816742,-0.006919666423159887,-0.004085760487391954,0.0042743227640995585,0.0006840647022010593,-0.0014879458223235886,0.00015648911647714314,0.02497821021676616,0.015592985982707752,-0.0097996948764556,-0.00769639690830326,0.024854513769903885,-0.010389573085008874,-0.008352507011161636,-0.0008259253557861834
2020-01-30,-0.001449219692931214,0.006824489189870775,-0.00727559344098927,0.014238228975331557,-0.0003552737613452539,-0.001681681909877275,-0.005255962929558766,0.012366981018979262,0.012924175369888768,-0.06137175244389892,0.02820742469270998,0.0010997870883981964,0.007116422703536296,0.10296225866535558,-0.006786816530228057,0.0106069155054489,0.003245152968886167
2020-01-31,-0.04433882011200718,0.07379135586484753,-0.03185253543089983,-0.019414411854417057,-0.012763984289916652,-0.014763766208723328,-0.020146713215200784,-0.02597670681171238,-0.026258923577752946,-0.03636702699614802,-0.014758627142781533,-0.038159618874575085,-0.01055976672307457,0.015230690473505337,-0.030357978590093815,-0.0412101196530984,-0.018157755313166657
2020-02-03,-0.0027462535670340626,-0.0022501685803328897,0.00022936214728308535,0.004264393902881247,-0.011520823170348637,0.03477146510331286,0.015080870120937506,0.007630619441025832,0.027157010756369893,0.011292193907393111,0.0243788185276943,0.01649552988278713,0.0039321990200562595,0.19894859376394902,0.0057624357398737835,-0.022376164891113492,0.00742833139903909
2020-02-04,0.03301342240832561,0.022687342140775613,0.020869275686882682,0.01971478947701799,0.009602257253309654,-0.02508434953564076,0.0149435241503173,0.01439605050746895,0.014174843794938718,0.027621256970443486,0.032916738550555324,0.028294394030188075,0.004395987167541415,0.13725640223576474,0.024888792984392394,-0.012514263287358607,0.015241440541510443
2020-02-05,0.008154611950332624,-0.004781236737139594,0.01854976672625286,0.032421141445932555,0.013283073135506696,0.00044279687653236977,0.013233938970810488,0.017000487738149106,-0.0024307515935645396,0.0013344292109578326,-0.0012214483111446794,0.014688454111295046,0.00915166690800473,-0.1717583947927872,0.053019450059574424,0.04602284842051141,0.011547831677059861
2020-02-06,0.011696811883948222,0.0050787328892443195,0.007278153580147384,-0.0011522607020080233,0.00749270932911994,0.02069082100180042,0.0030658014841860037,0.00014523421780587853,0.0029846862973539334,0.0035219484448469895,0.02073373665706768,0.013917782824246938,0.0026023306865063933,0.01940931694254422,-0.011057346371153187,-0.013550101533764902,0.003364910047286118
2020-02-07,-0.013592545471428297,0.014169136390608683,-0.013950978228712274,-0.0017306398727162664,0.00972277360655971,0.002127416232985846,-0.006447689040730897,-0.0031974188724025465,-0.006984544635774581,0.007019321461705363,0.0014160170608177314,-0.010462187384685295,-0.008337307273154959,-0.001188323805631053,-0.011078104943503031,-0.0066257190005099,-0.005329783468198346
2020-02-10,0.004749353841646764,0.026273579599096486,-0.0032674410868233084,0.0023114989554484655,0.0005105314231719227,0.01997837602312158,0.013948652922805671,0.004155566310842351,0.01003079249613159,0.003438014677324519,0.026156826650176157,0.045232213886457595,0.0007137088614110887,0.031026496329857656,-0.007572355810544162,-0.010561233730779662,0.007465288568535566
2020-02-11,-0.006033174661274621,0.007915025985726132,0.018968659910437502,0.002305977136311199,-0.009911272093605317,0.0009278498646185795,0.004280622042967197,0.0018874822876038255,0.0019378670482910199,-0.02755087175759252,-0.022575822068970464,0.01870953767869432,-0.015930666113437075,0.004019260937028868,0.013099391179167919,0.00950626349358652,0.0017331094961603455
2020-02-12,0.02374767609284345,0.004277469597884664,0.014180484891729295,0.004314125157742987,0.014291447185662998,0.005675457882543533,-0.00020690580616822274,0.0,0.009790804623977856,0.017230371546340884,0.0014643435482752931,0.017357673329284617,-0.005718587633629646,-0.009155657933695438,0.04364001865596068,0.012225556644044788,0.0064428432587158024
2020-02-13,-0.0071209256779172225,-0.00468981707537619,-0.002248182219791506,-0.0002861746024533929,0.009773989830255791,-0.0034505449560937596,0.0031870380350249583,-0.0008692701559546157,0.005027682486366647,0.011292707620158993,-0.005414133631168161,-0.006457604458054211,0.012231584437043086,0.047843652551780025,-0.004217682261948075,-0.005549205681896097,-0.001066834428165242
2020-02-14,0.0002464463609690437,-0.006977166077050345,-0.019137620439886316,-0.0017191217077651144,0.0003456548867299958,0.0035285240135491946,0.01101685094567828,-0.0030462278505254403,0.015215489253929348,0.004879231065134659,0.008927258471474131,0.07020464870187837,0.009443134121669639,-0.004937755668348531,-0.01131717432012036,-0.004595463887663631,0.0016021088752287138
2020-02-18,-0.01831039445486693,0.009742990607446878,-0.02209120861517644,-0.016642503489091798,0.011749356411445921,0.00046758063716079157,-0.004448416512038311,-0.013240459519878178,0.0008503660789913603,0.01690177220529554,0.010142850652415714,0.023396351803943727,-0.010068374401007496,0.0729597130158357,0.011245549436872171,-0.012695705247548927,-0.0025770302596858086
2020-02-19,0.014482248419772636,0.006749650094826309,0.015896808866300738,0.013131010311004054,0.003011957848104485,0.00357356460691749,-0.0012300914696566911,0.01363930270584146,0.009729148630908124,-0.0014233079355466804,0.002999461135584136,0.061132136903479406,0.004565109876081053,0.06875580895325561,0.010492397522858576,0.007681967842396498,0.004781465486633163
2020-02-20,-0.010258647243916452,-0.007888626914309249,-0.020431464826640044,0.0037439912479382276,0.003281745564848393,-0.005167643684540479,0.013873222374586991,0.0,-0.00031890832721237494,-0.013379866305896937,-0.015271573320179588,-0.019065784242878858,0.009087815958439327,-0.019631105097986157,-0.010416077637343979,-0.00795493267091496,-0.0041083827978461995
2020-02-21,-0.022635009596180367,-0.026533823330561868,-0.015327976498331064,-0.014059919226945716,-0.006572856231334967,-0.022102944789155865,-0.006801093528480462,-0.012219150611624374,-0.013790001514519923,-0.020505235706130165,-0.03161263785947188,-0.04739220927267995,0.000947945715217946,0.0017678087791648256,-0.0023169804334839394,-0.012194967072385321,-0.010298255547957269
2020-02-24,-0.04750035621815829,-0.04135555023463999,-0.04236430527037527,-0.047438921954651825,-0.025873166072419962,-0.04287281567665702,-0.022988420615434935,-0.02687568830853715,-0.044245060529668034,-0.045008972274334424,-0.043115444973249484,-0.07069754563356012,-0.026834948878248,-0.07459490327646512,-0.07842583181196205,-0.04684591977256314,-0.033165800139770774
2020-02-25,-0.03387191391738431,-0.018190498951138112,-0.03058999204341939,-0.05041243227042236,-0.027900195658551064,-0.02362189718836638,-0.00967882082762539,-0.04464311941023613,-0.06708342228928987,-0.01967919344335134,-0.01650171330724426,-0.041093377143311405,-0.015166166965982275,-0.040633739641448896,-0.05183790191516391,-0.038325053917515395,-0.03030171882648336
2020-02-26,0.015863410871507,0.003472315416060967,0.011320129352291097,-0.014478825493637326,0.002689591509207556,0.002993482718024243,-0.008846663042891834,0.0030099049293410562,-0.016012772920276697,0.002185214583870998,0.012494614636859191,0.02137006868540703,-0.010458758262621437,-0.026390470576789893,-0.001480356149208606,-0.021956025975616633,-0.0036786060431822643
2020-02-27,-0.06536844721803803,-0.048136265467272676,-0.04173062416442941,-0.04897156538161396,-0.04108732103139612,-0.05431274614398607,-0.044840099141119416,-0.041614063459492034,-0.04100098876693492,-0.03777895814485355,-0.07045894501923466,-0.055665838186890526,-0.05542632138972159,-0.1281458395846271,-0.0345249061761308,-0.06017709201732413,-0.04491159061625061
2020-02-28,-0.000585196624451112,-0.0002918467224900523,-0.004855003791517487,-0.02162738644563822,-0.04090344385043265,0.01847988157648439,-0.03065902486573613,-0.04333851805421518,0.015499135487494042,0.014334703031583018,0.024212871192830443,0.06916078485473376,-0.0023785208055776552,-0.016215047800994142,0.004095770765132345,0.0325168896175303,-0.004201512293682708
2020-03-02,0.09310132252943748,0.03726611425327642,0.045301202232595594,0.030526472176908293,0.099594598613292,0.03514669231979006,0.05554518948926224,0.046593522505430585,0.056813165224400164,0.020626583579044677,0.06653921135392982,0.023549602482369814,0.05590374063429682,0.11322034293215233,0.071187603806387,0.047434139053090796,0.04330683877860353
2020-03-03,-0.03175927840868842,-0.023009811402324054,-0.037617981657571575,-0.05515853156880568,-0.020734880506520725,-0.03505689535707979,-0.008697811767556352,-0.03752468995947289,-0.048053599051382734,-0.05370591947944814,-0.047919436518656155,-0.03812905579066783,-0.011625946302880164,0.0025416095259802596,-0.04287667997832001,-0.04788432407687648,-0.028632596967839152
2020-03-04,0.046384030274807087,0.03501322901563819,0.04083860217019142,0.023063510462038694,0.05949191528363773,0.03280202741273297,0.05764674350123178,0.024709439829986746,0.0354794147456976,0.03157783626504895,0.03671510809449541,0.07002886667307084,0.05356703656876172,0.0053520173720666975,0.10719230626869813,0.021832581201561396,0.04203295551424868
2020-03-05,-0.03243664101488164,-0.026216794314283476,-0.0399720797372507,-0.05069156026754007,-0.015526629912928858,-0.04837872225549411,-0.02600789692967842,-0.04906124316952942,-0.038464016419898384,-0.034365926237060584,-0.02509543535087211,-0.03943619601906312,-0.023052404059262788,-0.033302230445070524,-0.022320791110288396,-0.04406767836595826,-0.03324182108626539
2020-03-06,-0.013280171293683196,-0.011922924014239333,-0.016749204548295316,-0.03995520627066296,-0.013997704128833721,-0.014466551821395224,-0.02683031922466761,-0.05168033429233143,-0.012795193741247046,-0.022033719687464703,-0.028267057010476937,-0.02652861190436817,0.0002466311245583608,-0.029066704869448956,0.0032165771527756792,-0.04829322631164468,-0.016531005820799916
2020-03-09,-0.07909228499216192,-0.05285383245165354,-0.08064585536563496,-0.14702441070071914,-0.030063551327478177,-0.06170212412529019,-0.07899004971590695,-0.13545525584745832,-0.08710532434266527,-0.0640014682337896,-0.06777266054629072,-0.0774319358793647,-0.04602966778016637,-0.13572525720249962,-0.03674257571175321,-0.12224788755873683,-0.07809432185517406
2020-03-10,0.07202170760744031,0.05065506668458686,0.06127871467857249,0.07660745248025491,0.02457122164287373,0.04884060869363438,0.07241274558340072,0.07769692149637697,0.07083700791375436,0.051268600039125145,0.06838409612298846,0.06372228023705007,0.038686648242068244,0.061398023823663106,0.023990829433957694,0.037028209250149935,0.0517448447609723
2020-03-11,-0.03473024896396304,-0.03750889642974897,-0.06439673890860909,-0.039813766158949826,-0.03868800903291869,-0.05040109246312929,-0.0504458783134859,-0.04707056432002987,-0.03852866587881365,-0.04461529347660098,-0.04530193371313018,-0.055959822197971576,-0.07432613748352235,-0.017200452670558586,-0.007928554309863833,-0.032941934343681756,-0.04874872741225311
2020-03-12,-0.09875497357733354,-0.07922082514747941,-0.11054205996993827,-0.09527995879806506,-0.05910621971567631,-0.08204640956059828,-0.10474877086051004,-0.08243013356674189,-0.10475985155479528,-0.09263388021938979,-0.09483848508377679,-0.12236765359814472,-0.08737309528484938,-0.11617242301113506,-0.09853129746133071,-0.11434013838299406,-0.09567685234643564
2020-03-13,0.11980834923931205,0.06464833687376514,0.07057317306986843,0.1779620577299883,0.08011460263532255,0.09241149340265165,0.07912258148515705,0.18012493724388334,0.1180538904843842,0.10234988669690015,0.14216904155983334,0.11340176801393897,0.12009021450722535,-0.0248505535904755,0.09108426752922605,0.025282259506013816,0.08548605095623896
2020-03-16,-0.1286468740949488,-0.053697516604298,-0.19912895122592578,-0.1539735185111295,-0.06315568035268404,-0.1163414127853899,-0.19793826572776618,-0.14964864100125763,-0.12725451673838262,-0.14253001179654434,-0.14739039729168613,-0.18452101465394655,-0.04882979662242626,-0.18577806455584012,-0.1727689528489229,-0.0952251971714354,-0.1094236314232585
2020-03-17,0.043969938255268515,0.07026613247879654,0.06359913421970265,0.07534233036034665,0.08408057190687224,0.04199437477791412,0.05261875248855108,0.0611135294260563,0.009463192620298821,0.023354615027382675,0.08233666325307376,0.10626307720295114,0.08976976194981323,-0.03341046380880208,0.08522940301463233,0.06726579854180503,0.053992104910371985
2020-03-18,-0.02447986867719576,0.012257741060410998,-0.15858837078769672,-0.0541401095711842,0.0016617230902038482,-0.024032741456173068,-0.10372043396652586,-0.10526884181377649,-0.04182771752557768,-0.0164637402525446,-0.04209633820182934,-0.06650708730475141,-0.0066813937051035666,-0.1603440409986845,-0.11121127922370955,-0.10024473442356607,-0.05063288387787712
2020-03-19,-0.007662052251659057,0.027830613766863133,0.1583367726368352,0.019721161974036505,-0.007414815896439775,0.018768468842722763,0.03534042158120476,0.016807752210913574,-0.003422279549478602,0.04198440878427823,0.016453014795533294,0.05004439869366073,-0.05636439115041403,0.1838768421567878,0.012623419371028177,0.03955316537240927,0.002124934226739539
2020-03-20,-0.06348546126973498,-0.018522798541689034,0.005334707913653647,-0.0721698797227367,-0.04848927792809521,-0.03909432509361166,-0.05573188572325993,-0.021101962601122293,-0.06924944692126733,-0.022203583133468707,-0.037558459783756604,-0.03390148683460403,-0.07579168754992016,-0.0002571736151377735,-0.06010016261828399,-0.04908501194971715,-0.04309433147654784
2020-03-23,-0.021244296926549944,0.030735291504301987,0.0065031155209445135,-0.08083376294960953,-0.01683839353752159,-0.013180969882081839,0.06730217146097961,-0.05353289650368098,-0.03840687581083291,-0.010886195326967107,-0.009974473674138618,0.03373002301669348,-0.04617812269133459,0.015811747064244486,-0.05677895201923544,-0.03940138302200069,-0.025568154275122823
2020-03-24,0.10032548875509839,0.019586561347294085,0.09970492879450776,0.1631639361445134,-0.002066128235973741,0.07198353688595116,0.13750860226669248,0.11894217034925969,0.1661091661214149,0.08696824097974032,0.09089556891718353,0.17156441529182542,0.05701133323236918,0.16281749323562988,0.12798920148585324,0.1268679000129711,0.09060326042244893
2020-03-25,-0.005508744262629817,-0.027967604900146936,0.022513775825798943,0.0033283059815323313,-0.014318895356415284,-0.025123542570452795,-0.01602440831560048,0.03731798390575891,0.08187484285585311,-0.029630800470487162,-0.009572589771187467,-0.014286810916120274,-0.02275576354344544,0.06782176450892674,0.06683303521759854,0.05220117766371635,0.014970328538823185
2020-03-26,0.052623021149581284,0.03693312450375408,0.11776614536591201,0.07677717729931222,0.0407321173755959,0.05564524148037009,0.07399870918750362,0.06966052713797533,0.02612293611254679,0.04564345269917025,0.06255131804539649,0.047308520666256904,0.0640113095376793,-0.020565621439638027,0.08913004444959527,0.04102973855394865,0.058389631122730545
2020-03-27,-0.04140222180978814,-0.028325389436650084,-0.051322002493852104,-0.049295625588299585,-0.02726658401061155,-0.045282622260766514,-0.02387160582225445,-0.07123912320125436,-0.05900930066661925,-0.04010039892222239,-0.04106098745743425,-0.0175319594522777,0.025982170465701948,-0.026128393930185068,-0.05066788669962885,-0.0481711421132498,-0.029785686291112112
2020-03-30,0.028537956115757046,0.03360354691971379,0.04083393993641926,0.0203701167801571,0.02388072605504643,0.03246993236296203,0.029126266272933243,0.026006586575024082,0.022612557480276463,0.05842204758670766,0.07034067351022788,0.050884300883600186,0.043841396866936666,-0.02377714859552571,0.036420118142834745,0.014885006997328976,0.03247565074141123
2020-03-31,-0.0020409200413816775,-0.007245622950859176,-0.012535835349506752,-0.0367511324227191,-0.020575306748571554,0.013643756586031897,-0.047884070549480295,-0.03711219922488873,-0.046159910563080664,0.005122008693313251,-0.015726910630445734,-0.007492790319671316,-0.04347823090135827,0.04355446239344318,-0.007561212194272415,0.012533357183553973,-0.014905351115319987
2020-04-01,-0.0526170515589941,-0.02155179126735396,-0.05681152528490907,-0.06877064085814455,0.005786636274384804,-0.051508362066701396,-0.043275332539532196,-0.06297881802309568,-0.05360991621870437,-0.043165290015986235,-0.035508609148499404,-0.0778831876395456,-0.006090824154835306,-0.08099239055277141,-0.04835995135639959,-0.011588208132742306,-0.04500478897335758
2020-04-02,0.016686716373878197,0.005834205106051371,0.06005450416823521,0.040465415141042405,0.016388794743357415,0.013546936496851902,0.015002810218659457,0.037339510319859714,0.0449237273874139,-0.008834705723217207,0.02070893165463561,0.05101425908467605,0.0463733336233394,-0.05625466454987249,0.013146700359645713,0.07647239815721596,0.023075424905840247
2020-04-03,-0.014371506359824204,-0.0063788821910731874,-0.011811367202928302,-0.02625172391964059,-0.009709391348329377,-0.021780991980092645,-0.01439510972413427,-0.02955774591165139,-0.007744462110188977,-0.02534932702775583,-0.009210448624595302,-0.04525003337106015,0.00594386471460262,0.05619734693587186,-0.04554152392681454,-0.029455547330942133,-0.014454137477461049
2020-04-06,0.08723741710853128,0.04772922477644714,0.07760596260122687,0.06789800723539385,0.05705895365646252,0.08281335419135782,0.0706771009546785,0.06436648459604144,0.12196755385941649,0.07374514500191198,0.07436803583986662,0.10040581207356669,0.023722911241491396,0.0754775752334993,0.08213886916701507,0.03213433413827582,0.06716619601369889
2020-04-07,-0.011581907849646633,0.007013456003121421,0.003288122370380675,0.03506303945309286,-0.0048830827546613165,-0.0005325489957095364,0.005017285904603153,0.013190211277912756,-0.02579534710284681,0.01981265657740172,-0.01077069716379464,-0.03491053090773155,-0.04278096054602554,0.05658223700690801,-0.0012081619611676864,0.01902685974461349,0.0010194601192714536
2020-04-08,0.02559460706149408,0.015609461784076739,0.030915729703130612,0.05916877768244144,0.007706681402060989,0.020666981543068674,0.013157370705827898,0.04037969974344913,0.047433396808541195,0.03228103450315767,0.010031384224170603,0.030575847342520168,0.0206617137284828,0.006214994497730331,0.07978536142260562,0.06328786174748702,0.03356839891418284
2020-04-09,0.007215901303561978,-0.00011748445832981957,-0.026043669618574183,0.06012794838165458,-0.019478936701402882,-0.0003562023114491719,0.034442283190686984,0.08971361927626509,-0.005720700864261463,0.005221477248521955,6.036892009997352e-05,-0.01498440140970081,-0.0038228061734199015,0.04402015748241661,-0.013814511242134397,-0.016419690484216876,0.015217367403050908
2020-04-13,0.01962769958412247,0.0617350661426328,0.022100033381379447,-0.03781160841261011,-0.0012999083247092758,0.0031825622550436528,-0.013596206366682018,-0.044472384082688166,-0.022494534065201077,-0.002283186722434216,0.0022407939800097587,0.026240705544499088,0.011250344024021475,0.13603839302984921,-0.0023474841012947056,-0.008578518623483133,-0.009129874717116238
2020-04-14,0.05050280921349537,0.052769449861283624,0.02966278500513342,-0.007943335514238425,0.048461042207402105,0.04529054537399446,0.042155167732412346,-0.02739613141668007,0.028024560653511887,0.019337482339355727,0.04948297796480805,0.05225162554605278,0.043208530868325434,0.09054457315006381,0.026526779864260774,-0.0077176692164862,0.029492454265106938
2020-04-15,-0.009126995029391738,0.010668695718768717,-0.03807510774921119,-0.06489656599396065,-0.012319276699630288,-0.006267595716016872,-0.04194621888347505,-0.0493192714855647,-0.05016237927637024,-0.006735083136627185,-0.010477542152924735,-0.010952862414666864,0.002149624589322885,0.028088878270565276,0.04133057279618102,-0.0459577967304311,-0.021247883850625926
2020-04-16,0.007945708943408736,0.043554542393708484,0.0033017419184551144,-0.034700157809856136,0.03638775631362923,0.00010332535221402317,0.006902524630368001,-0.0381098607414434,-0.04036705186517564,-0.004068607523850298,0.03002084389716919,0.04935191959470919,0.00230965138424688,0.021073401625000487,0.05946495859974288,-0.032855790536801766,0.00482415127085134
2020-04-17,-0.013568761105892446,-0.013782136130354505,0.029385530913862867,0.08683478586960525,-0.01131984510895967,0.01715402665592025,0.047885866342196604,0.08988889792229249,0.05353371904956328,0.01696468378185112,0.008811617136380567,-0.008076078516524032,0.026255319007044253,0.011647723586206471,-0.026371576168434552,0.10395900686531445,0.027015536433470988
2020-04-20,-0.02075681386922823,0.007835757606907912,-0.028584305930826392,-0.0335053799994548,-0.018369475534275037,-0.013956214764477837,-0.016092132927479796,-0.03645730923637258,-0.03169592924343678,-0.005579163783801522,-0.019820748387194054,-0.018028086279936906,-0.03280139295395901,-0.009988248360573104,-0.028978452437461,-0.04720028686117861,-0.01761791226411369
2020-04-21,-0.030909975489500918,-0.02736033095931456,-0.04115666489671077,-0.03822202026454047,-0.0344462484742476,-0.03884553294992099,-0.026401403253085487,-0.0290045434199373,-0.025344712951124948,-0.04174151152226435,-0.04135733563040367,-0.061104388141669075,-0.00762870374914415,-0.07990777996173748,-0.028177637961809054,-0.005342420671058945,-0.030363300481026978
2020-04-22,0.028803369514647237,0.015192527091639096,0.049747454674630376,0.00739350245272985,0.026847648836843208,0.038155092581729555,0.01774577788369225,0.0032568147556375493,0.0471164338902188,0.06721308511113944,0.03396491906290766,0.06174167865070923,-0.0023393717614154097,0.06609682849410836,0.010321284441173306,0.02856451052144937,0.02219442185007403
2020-04-23,-0.003875403918797815,0.015214823484082762,-0.0040005779320682056,0.003211150333993329,-0.012992057197906748,0.010139677118795376,-0.009060866009495516,0.0005598678038158944,-0.004086987089214844,0.015635290631781817,-0.012102365526167502,-0.00747862940462507,0.006668927753553211,-0.03616946277907396,0.029998033786336586,0.03133136358468458,-7.188674350322444e-05
2020-04-24,0.028869666072869116,0.004488511186874211,0.022709024043556347,0.01417464416293468,0.01686309060790503,0.004271753940200185,0.04873478321050073,0.014766396383673275,0.011334294304917947,0.02668403090604432,0.01825944608616159,0.019647068206454676,-0.005192670908381047,0.02766324531628772,0.020888047043642333,0.006444340557776762,0.013939082400587166
2020-04-27,0.0007064535541068118,-0.01419786171076054,0.013745609414176574,0.0581603394475958,-0.005699428791463013,-0.004496370333469724,0.02629847980032407,0.04310462025806294,0.02457879167764876,-0.013521400935487593,-0.00286454655820112,0.025864143146411056,-0.011197333970908163,0.10149622245552825,0.0092351083432205,0.004802222493658359,0.014418465445268591
2020-04-28,-0.016209221973609966,-0.0260606110425593,-0.013857095374479766,0.017895224250739306,-0.012403455504905181,-0.030113411152976832,-0.0005973749303076481,0.007080780686010479,-0.0019613373656967026,-0.024479953715389025,-0.02436067433525968,-0.01925384037205502,-0.0047678761088183474,-0.037095477323576875,-0.01911742931937943,0.02344086505445042,-0.004598704736420212
2020-04-29,0.032845117191237616,0.02533616474965794,0.04264688916303361,0.03725436649864533,0.0070172932083625295,0.08891051011961526,0.019207223610953505,0.026970111857679502,0.0721466359918177,0.0616697511944897,0.044873277141260104,0.024368494862921475,0.001625398003954892,0.040812876924676944,-0.002462007209275807,0.05537009579932817,0.026178483667604224
2020-04-30,0.021096369627700673,0.042689574239964,-0.015940901868235824,-0.029459604190568922,-0.01106467371149411,0.003367639731276073,-0.008926505964698461,-0.02145907022275151,-0.03073792179662438,0.054173567726177874,0.01003218113134463,-0.020706481953543854,0.006747801696231459,-0.023272674923369818,0.016756339091185568,-0.020859421875292772,-0.009310414602177186
2020-05-01,-0.016099371780804783,-0.07597409237648922,-0.04388475114250512,-0.040332421768678905,-0.0035643102609403954,-0.02181664583226306,-0.00573191396277728,-0.026211033389828442,-0.022656886137212062,-0.011919332333043875,-0.025891273500051937,-0.03250293844701946,-0.00890848544390932,-0.1030337133662409,-0.027216381408568746,-0.07165887220410316,-0.026473588529289382
2020-05-04,0.014148699060012593,0.013101236487597756,0.009857472883786134,-0.0064992144522891815,0.008512317504940858,0.004236007322681479,0.014960973360861107,-0.01190401597366686,0.0019351518029619985,0.014782272667502427,0.024459883450044018,0.030094023764968503,-0.008988035649276083,0.08536758793631605,0.010649906338534576,0.04033362104889249,0.0027585706291020085
2020-05-05,0.015008748350941126,0.0007815221854263754,0.009952185818467685,-0.011775019246439755,0.011264801082014664,0.019744578047778738,0.016994280758745317,-0.0015191276435209122,0.017529302291222626,0.008818061466747462,0.01073587991486491,0.008410742723258702,0.0020733192492219388,0.009222447764407393,0.01912782845109784,-0.0011139933372968924,0.009238941723131333
2020-05-06,0.010317557329274862,0.014436139090531874,-0.0026052567684906602,-0.013680375888365348,0.003150006400170602,-0.002661192101464205,-0.007491081814280376,-0.018804315109040126,-0.005621020339310556,0.0067610034191618595,0.009847366004261726,0.013788044247364795,-0.025084088495788803,0.018705825945557253,-0.014571342059138903,-0.018737555844912435,-0.006778633174430615
2020-05-07,0.01034461663669628,0.006953694859791026,0.013513587111693592,0.021923817920954214,-0.012593382540590392,0.01772653351141007,0.024696390970558868,0.010412957344416274,0.022133383916179694,0.013383289910990248,0.0058073088172529985,0.02377506174031785,-0.00822279855953667,-0.003245695176505081,-0.013055392908042363,0.005683109438204159,0.012066654879320682
2020-05-08,0.0238017814700322,0.005068389389295991,0.027189437948165196,0.03196139293476086,0.0030820982675701103,0.01099869779298479,0.021704113634256395,0.01633589076936315,0.014256406686149692,0.005159467234713722,0.005881933937838868,0.02502705935271332,0.03369864481760332,0.05048456274844226,0.007017264158186265,0.043851643262935225,0.016546178212735185
2020-05-11,0.01573534791233122,0.012350743942999287,0.001345581805603402,-0.04200233247950691,0.014348997371222527,0.013905459533735565,0.00908586117882959,-0.029449717530094954,-0.004283964978126664,0.0039087463762745855,0.01115451364029485,0.03238418819749911,-0.005519664673127478,-0.0099216488475673,0.005888621274996897,-0.009527865391033896,0.00020525658374936917
2020-05-12,-0.011428007011385466,-0.021606420523622827,-0.02523620526427439,-0.03144375794773491,-0.01769092688351359,-0.020240893700886997,-0.015471731882776063,-0.032677413673159905,-0.03242917916612853,-0.014447907103700253,-0.022651854373187397,-0.03260839116514047,-0.006590905935260016,-0.002317270311292141,-0.0034291966192281365,-0.016715206752521583,-0.019931383890268606
2020-05-13,-0.01207433906185118,0.004654320575239401,-0.0197426254047236,-0.04572510556280385,-0.00885682707530544,-0.0195248723391791,-0.012022306760546053,-0.03447087120139036,-0.010840810831442282,-0.023798195062017302,-0.015122402239390542,-0.0028836804508564073,-0.005499749483692029,-0.02279437261341355,-0.03371574392156429,-0.04963708541901912,-0.017686055196393213
2020-05-14,0.006143423098252221,0.008838926123896362,0.013110015257034702,0.04024946770206794,-0.007943391251809206,0.006326345615525364,0.019035297748257296,0.041533056583951344,0.030279304381054306,0.008337458111371321,0.004339607282080493,0.032198242305927716,-0.0009655975999297572,0.01563919280204029,0.04535958373780069,0.008824167067238431,0.01196728633696309
2020-05-15,-0.00591219280761468,0.008761547889003296,-0.02321821681281988,-0.012436618820809153,-0.0017682199387087927,0.01193931358804523,0.0206841147872856,-0.018510255877780546,0.005877882677502555,0.019679730640471016,0.014568098121819917,0.0573125197860771,0.007029238616125699,-0.005178425650618879,0.001204465446681402,-0.007092144643475851,0.004596952513377106
2020-05-18,0.02356111487187329,0.006838841203809398,0.05038198190927923,0.06949621524892224,0.011864326959516669,0.0088272260512674,0.025153550822263337,0.05296847098136648,0.039291288449216255,0.010954170401509478,0.009554176911701573,0.030562510253520525,0.013960499298539819,0.018093785504579962,0.008248827934212555,0.07952363367370552,0.030459623691609927
2020-05-19,-0.005778290178285128,0.009508426590011165,-0.005776303852534914,-0.03139992363671573,0.006176654288477357,-0.007782490279240273,-0.0295496599453815,-0.019679455451480088,0.002863363859234802,0.017308481098079254,-0.006921957361949116,0.006314031318076729,-0.032441375991534294,-0.006907343337870575,-0.01469205632248094,-0.030877652274977296,-0.010270961190522843
2020-05-20,0.019448193575312578,0.019846275173532213,0.024747130619920732,0.03151763141063446,0.0009191196524691581,0.025290943051696768,0.0003780169873590644,0.029998946683726047,0.027757627574960475,0.06035593291066266,0.013870587153045566,0.018682012000646786,0.007470710887021337,0.00934395713390801,-0.003667095477913551,0.03254401472802115,0.016987855174707578
2020-05-21,-0.007455508498378949,-0.02049693045417056,-0.01392251721276494,-0.00043678351736009535,-0.009642166781746342,-0.0017102678037612673,0.011293478058542084,-0.012701069572936596,-0.015194046080980517,0.006174747437088346,-0.012011225363812827,-0.02171118593069299,-0.014653839675169533,0.01476284478490908,-0.0037502879735273886,-0.017852872349088833,-0.006903747052309894
2020-05-22,0.006438466051647662,-0.004029821100215103,0.006732189620815676,-0.010480385105128387,0.0015233856536294166,0.004613590611728391,0.004151374801878216,-0.007763152520700145,0.0022089407929426486,0.015212446466215779,0.00043608877251344325,0.02860285188464995,0.008779622240549623,-0.012953077701596039,0.010560703959726636,0.0008975206443422312,0.001899052461071582
2020-05-26,-0.006773553013574074,-0.0061636144559754635,0.019410705083046986,0.07149154675628044,0.007836436677859826,0.005752715163850786,0.002480585243654909,0.07097317894991395,0.0285509140875031,-0.01153636163780214,-0.010571479284230856,-0.03417822279944693,-0.005062129775913582,0.0024360442933191173,0.017072758060691084,0.029372279251624223,0.012320443827792849
2020-05-27,0.004357077094091277,-0.004736042347035618,0.019750400989429373,0.0700165470257137,0.003970017974168849,-0.0007668814511603284,0.020125426531005353,0.057921309785725406,-0.011736250865851061,-0.013178357874040758,0.0013217560553786534,-0.022081011516125515,0.016602749863392496,0.0016608447192643094,0.030112750950007428,0.00718795381244397,0.014879111989037908
2020-05-28,0.0004399986787182453,-0.003854151605534595,-0.015473547511509755,-0.0431102049903378,0.011601117561365282,-0.0014364354059785978,-0.0089747896825908,-0.014895788430112411,0.008439544628902063,-0.016059950855469407,-0.002255341668087829,-0.004486608787208524,0.01905362340795369,-0.017580381620416863,0.0006584329274266221,-0.025951360857874528,-0.001844715167012012
2020-05-29,-0.0009740166983611687,0.017187950901155657,0.028713921370482565,-0.029766542120465367,-0.003521305184649548,0.010773803355188738,0.013624989938101573,-0.025535667727276667,-0.0046640419739831795,-0.0016412178624367613,0.010198674819850373,0.04577568099053897,-0.0012065835164830618,0.03622440280883765,0.0028951324448960314,0.009546847254772839,0.0044552999656100045
2020-06-01,0.012297855034489436,0.011738616181262485,-0.004394634709134371,0.020315073319549848,-0.0005837149350867987,0.0009419511225712274,-0.004789404842624356,0.013256343622534583,0.0016950147112215763,0.030299126885567906,-0.0022921291124294862,-0.007802569618647448,0.011473522608203446,0.07556883131087,0.0035428750312167523,0.017813926803582625,0.004042247387280762
2020-06-02,0.0046292024298082435,0.0005543957444538172,0.027828470582787368,0.009345733517392762,-0.003892088727333931,0.0051850167673019865,0.021917927429738526,0.0033471130106526026,0.007265735604955248,0.0034926729399837875,0.011376655473265496,0.002157318576074152,0.006908370721993018,-0.018416628784101885,0.00124174035107405,0.02225604920291513,0.008279819834033031
2020-06-03,0.005505257535054264,0.002422733405640143,0.038482045607938664,0.046296351138124026,-0.0014654119597571347,-0.0021215297697432245,-0.0008359694745971868,0.05397730653873034,0.0114633002200355,-0.011000452932639848,0.0024337875890663163,-0.006316891400800606,0.003981132269825549,0.0015880436011630472,-0.003134139531016822,0.04079471364059306,0.013308312297687808
2020-06-04,-0.008612365278781287,-0.0071820481181339435,-0.002067375422741824,0.037582324049018734,0.013402928665687597,-0.01733551175101089,-0.0081674986854825,0.020811368188328627,-0.01856273481174886,-0.016814327667895257,-0.013163554849596637,0.0001141912795634692,-0.02092321060287472,-0.021042854169221026,-0.02380875303082597,-0.002843300608434407,-0.0026268751311104843
2020-06-05,0.02848131258230069,0.009103493113018724,0.02651431878371069,0.04966389832344098,0.004151208097165737,0.018185943024908058,0.02390031578693974,0.04500206225455372,0.034874431369600334,0.019797700401418705,0.02339802558489823,0.017509877345716074,0.019646787101241125,0.024618805538279664,0.04619592374029802,0.08105908816690977,0.02562985781511773
2020-06-08,0.0059124005433801585,0.016536458949464095,0.0013874856780828893,0.01529718842103378,-0.015542507908164471,0.005569182660201788,0.007336286227381139,0.019958581124963404,-0.004713416353964384,0.002729906027312934,0.006196840681013116,-0.012892311075709206,0.006084727029057602,0.0725560681818036,-0.007599769539846868,0.03127357998067737,0.012087292759941137
2020-06-09,0.03157810818728213,0.030427139202305886,-0.006928708683357265,-0.011212449651750389,-0.005338612480043858,0.0027899789663317076,-3.901070216205671e-05,-0.025650237540348897,0.0034791065527837173,0.03141761475161209,0.007644741367072827,0.027370769220904423,-0.005963928057182821,-0.009737634144336038,-0.0008725761622889738,-0.022287438285604644,-0.007456625857080179
2020-06-10,0.025727521217968397,0.017913292558120908,-0.0008879115846639474,-0.05740588466709029,0.005825279044113785,0.008690959553464772,-0.008996693798820399,-0.040528332640311304,0.005329289896496947,-0.00812851317094676,0.037091817968699425,0.035457634068135846,0.00752098490080777,0.08970205725269786,-0.011189977774794024,-0.05362472320293887,-0.00558006698433533
2020-06-11,-0.04801059551063924,-0.03380230045218746,-0.06757889441429177,-0.10037621013988396,-0.021150081361439477,-0.04287570799551976,-0.05887213029275995,-0.08344323575889934,-0.06993452018183832,-0.05195799026865944,-0.053698537463773954,-0.060906880961466014,-0.024910176811014817,-0.0509341048991272,-0.07201931667439676,-0.08825269844483774,-0.05764880672834072
2020-06-12,0.00863343555437912,-0.005058743377937103,0.022127786019898066,0.03552057377061124,-0.0070798436948328325,0.00786086186761481,0.012444149257336168,0.02736359706308744,0.02245471516816555,0.01849144480561482,0.007891740991372131,0.015489754634497421,-0.005504947130247517,-0.03860863311078977,0.005004719271824332,0.02143757482157338,0.011975397635252127
2020-06-15,0.01236739765104411,0.01086830941079775,0.012789306258894628,0.014931307361934376,-0.005089258962194809,0.005534764854101759,-0.0044956275624621345,0.013817780632892962,-0.002081930777043439,0.01714928654321657,0.006392012321426277,0.027007827874603985,0.009254604847320769,0.059468762792361796,0.003962732313448569,-0.0006357138502331994,0.009335846806830528
2020-06-16,0.02650211310076611,0.0165547312399128,0.02180285262071391,0.025844785790253733,0.014065878814927935,0.01811010525866985,0.03558979440929266,0.00799991466291372,0.02459863393994044,0.01354829704703242,0.024505029996759298,-0.011472773156385396,0.012340412163813097,-0.008850490655781473,0.023473264550494255,0.022486138681634626,0.019247523864238225
2020-06-17,-0.001391634484262938,0.009830663019560593,0.00875385148487684,-0.031007569787824707,-0.005807132277538596,0.004196525757514724,0.0036006983527379077,-0.02527902174889829,-0.00236457739846041,-0.0005091798761210908,0.003461346971094237,0.018470543208503498,-0.0016931375087467782,0.009835722116904755,-0.001364699268108116,-0.03257267820349141,-0.004153340572234265
2020-06-18,0.0003981895172717742,0.004922484646629588,0.01681334869008566,0.00159992924094432,-0.0001335503267324567,-0.012681123372403458,-0.006537560852775348,-0.005428286732930165,0.003588324398699383,0.0017407962022408796,0.01070820393187355,-0.0019488691741011976,0.011447560557895864,0.012270733625858066,-0.003827937277072979,0.00621929005367261,0.0003845593268809733
2020-06-19,-0.005714562738768247,0.007923935918584757,-0.04022706766577866,0.00838677724441994,0.0011014936115811835,-0.006610407680221031,-0.010272499376816291,-0.01142137237032892,-0.027390580818323906,0.012079280498683787,-0.00595944179903285,0.00469150594818335,-0.003018132560184461,-0.0030478518902198326,0.0034800634394227536,-0.020034130398400296,-0.005714882204423621
2020-06-22,0.026163568949808536,0.014508287231048467,0.035571740844569266,-0.024950813553030637,0.0018340982704778686,0.01826427350287152,0.010176344869768483,-0.010837116152093818,0.026778964477074396,0.0018007458182769387,0.027773450840395064,0.028667716318042213,-0.009838625095347053,-0.0065740925163715325,0.004909746448719554,0.00956920756470736,0.006415024817970405
2020-06-23,0.021344909635168996,0.018641697717608263,-0.007144340199230603,0.006904872790942873,0.0027957202859454355,0.009181992065921296,0.004615491211696243,0.012196342725923293,0.008015044477599043,0.012624441445848511,0.0066809286428659576,-0.008056081893337397,-0.00016962983915924656,0.0075025599927995845,0.016845304982853637,0.006032062777302505,0.004603724409014243
2020-06-24,-0.01765208816164643,-0.010855867894827953,-0.013909276987091546,-0.039531915769539516,-0.010853553196551569,-0.02136637741508407,-0.016699333698339203,-0.0333907793688939,-0.04193836041767196,-0.033933289629798025,-0.020157528182473405,-0.02269826348978332,-0.011127316494102368,-0.040857298187609414,-0.028293132471970406,-0.047109203238781205,-0.025508571061567675
2020-06-25,0.013275714192846122,0.007380066387785211,0.00612421159342591,0.03821924453936543,0.008422431179677892,0.005863010911550726,-0.0030469038031550877,0.03486127986736265,0.013605214249181152,0.007093404181362617,0.0126366073039208,0.027556807025676644,0.012626646726836777,0.02615401198303724,0.024344478542259518,0.015056180267571051,0.010720702185397224
2020-06-26,-0.030725774281854634,-0.02240276315369638,-0.004662469121691548,-0.06351130430732355,-0.013209982074552595,-0.054513921004902155,-0.01780945524971389,-0.0548183403965129,-0.029093294319931906,-0.08316360116494692,-0.020016014279305994,-0.035300343323265926,-0.022563438985258255,-0.026613159231048233,-0.0315304158344335,-0.0343147876615032,-0.023751609012486186
2020-06-29,0.023046544406186698,-0.004638148068063508,0.007709709820723498,0.010367278293194282,0.016961071107110648,0.025415626760562526,0.02120259827691795,0.004428145115573212,0.012407702828615585,0.02110335747127201,0.01074717272103487,0.004915280527942434,0.02108842798813093,0.05169110801188981,0.010038743763728819,0.016047489546598515,0.014697699476664994
2020-06-30,0.008347681808220875,0.029264486024190406,0.018819635472259844,0.015390978093427377,0.005371846867818553,0.014944606669999416,0.01783681370218826,0.011397708578333443,0.00945627442728525,0.02914240117975786,0.025549402026275203,0.032364138238627715,0.016233119221631176,0.0698073149894527,0.01791158444433205,0.009025681295029786,0.01280947229473739
2020-07-01,-0.0018913413975142346,0.043453386195574595,-0.009125004196083975,-0.020631451058585548,0.0050791053672136766,0.016889425770148625,-0.009420941213744038,-0.0085052670970297,0.018498353198371342,0.046153174678898345,0.005847296014334535,0.0033952687691896077,0.0034289810987870872,0.03687680726581788,0.009425284027728908,-0.02258510027110494,0.007004621536533362
2020-07-02,0.0,0.004029609482701257,0.008761587451936226,0.0012898515180084225,0.003248420882281833,0.01936899529960434,0.0014105574394109865,0.003248291488287869,0.004150361897429011,-0.017385870438082374,0.007620709247124102,0.008630802689552297,0.007501236910352871,0.0795173412803385,0.0017801353037307788,0.0084649331260358,0.005507309977371033
2020-07-06,0.02675006262127333,0.05768955229869066,0.010523898089827233,0.01588664602641443,0.018806641287804515,0.020218608897539125,0.004225571504041792,0.02525357944416906,0.010415962032269244,0.029389131776512034,0.021526146901452936,0.023615882034079938,0.006204477350733706,0.1347939370342961,0.015255112108646607,0.007032662031597692,0.015436935914967753
2020-07-07,-0.003103052931482053,-0.018619371729473477,-0.017786045995325628,-0.027472648506102426,0.015217546007334715,-0.006488145612161933,-0.008816277841965814,-0.02821040356226534,-0.018522438098981242,0.002413901483940606,-0.01162776497156659,0.00330310134402767,0.004850815676772813,0.013327688522591696,-0.020342815210007803,-0.02590662935899457,-0.010313873325108025
2020-07-08,0.02329030034959545,0.026995584181255694,0.020599135696455884,0.003911312498335651,0.00028438021192944696,0.009181707330537803,0.007358227974070264,0.010615389451429813,0.0021364738663145477,0.011292907155834087,0.02199304818633263,0.03487222616104235,0.005482104578967251,-0.01725350030984496,0.0057644102664808905,-0.0023125803809089795,0.007648723278081304
2020-07-09,0.00430046942934692,0.032949191382365184,0.00603946264811861,-0.014285698102477706,0.029148039069834653,0.010015850556916783,-0.004856159885598288,-0.021650810774238693,-0.018523789238766963,0.003776811580489481,0.0070008373039562866,0.02868030165989377,-0.0033364141151731586,0.020792456491456113,-0.024131770122006957,-0.041261267124402035,-0.0056929200991585605
2020-07-10,0.001749177118742562,0.005457748808544549,-0.006407509840463899,0.054896527788152794,0.002119325152152962,0.01340010896883137,0.00867068835641982,0.05466696262774251,0.0036996742780135428,0.002331452640353282,-0.0030327871969831888,-0.0028308009132356204,0.011511888334275966,0.10784776505418647,0.00024075907980303235,0.03118954281641373,0.010210533202870353
2020-07-13,-0.004613306563002961,-0.030000019073486373,-0.02545082710797464,0.007077624451490738,-0.010146255255655046,-0.017400766661062494,-0.001959081954150621,0.01433477298525232,-0.018601221401083223,-0.02476843155420083,-0.030888822201152077,-0.040747101419299825,0.0012914786349902396,-0.030809585105470272,0.029117618990391003,0.00023451433931764853,-0.008659023659196463
2020-07-14,0.016548443493046516,-0.006443299095769239,0.01211031412749608,-0.0020670140206997534,0.01573142081102996,0.005706656776700569,0.03272981123458618,0.005734777515987499,0.030222897524848413,0.0030543023952243065,0.006181387807120409,0.03230616874682224,0.008383854177796746,0.013185863099901995,0.029394872993740773,0.033051913551682244,0.012959125192042675
2020-07-15,0.0068773512554398675,-0.02436122126125273,-0.004126097653260552,0.01905557456609297,-0.003963183880992038,-0.002616866908658033,3.878877128582481e-05,0.015476837592699022,0.02264600690074703,0.002294263028491228,-0.001487929148890288,-0.01443115069552492,-0.004716571380771417,0.019257581163604875,-0.014423468947451834,0.012707101903902895,0.009187354096180211
2020-07-16,-0.012305027475065788,-0.002981196241378159,-0.00777613692822654,-0.027235857796595986,-0.0013165182760751515,-0.0012920518641050815,0.001086043469714193,0.00280789382117419,-0.02083628479165356,0.0027051197566403395,-0.019803728123918174,-0.009044391369526839,0.0020884401230674143,-0.029346504366899673,0.010129146841686198,-0.007842108487888688,-0.003293244950852814
2020-07-17,-0.002020095348891582,-0.01264375276193297,0.004400282905527186,-0.029670069505095098,-0.0045362719941964835,0.001273832474995018,0.008911865700268917,-0.018498092489410478,0.01573430262976494,0.004565672178360014,-0.0051000622302896925,0.006586186042712772,0.006973162682047285,0.00013330494375263235,-0.00201850700003281,-0.017163585911551538,0.0028988557170117613
2020-07-20,0.02107393878309871,0.07929519957328535,0.01413443629791633,0.015504230513964323,0.005295918407023148,0.030978643320618948,-0.0008062611520750496,-0.008761338641654848,0.02598176661913376,0.014006535316592572,0.04298097650635868,0.030314306487495335,-0.0031043789173832437,0.09472028755869433,-0.010015639095649287,-0.023437568250653018,0.008081572281588123
2020-07-21,-0.01380184387625194,-0.018314900474015072,-0.008797539826866041,0.035623410375169584,0.0037671168390458476,-0.005064429790821334,0.00864810379090497,0.02168551675567132,-0.013976315022432906,-0.014953914198686635,-0.013468772593225764,-0.01733949958125003,-0.0013574047087014929,-0.045429074387502544,0.005437254046522844,0.05058833217267966,0.0021276859570491524
2020-07-22,0.0028091518429074203,-0.012229630062539742,-0.001718026468920164,-0.004504707640500261,0.0017084161193847702,0.005739391981154807,0.010479374631070959,-0.007242795348764153,0.01875811756901724,-0.007776564861115776,0.01437119385125496,0.01067464584460942,0.008555557716314999,0.015283476518254346,0.005244366963965463,-0.023292212112793087,0.0056917022184646004
2020-07-23,-0.0455160517253661,-0.036568799201794455,-0.01316103789834866,0.009461384447570165,-0.006670470169195752,-0.03073784483855424,-0.00512891565061957,0.0029384917365191665,-0.011073273995303223,-0.030308102460349762,-0.04349476748122283,-0.0296013930973259,0.006469759963644739,-0.04977615338574293,-0.012194120353191784,0.002063943347851094,-0.01193153105145861
2020-07-24,-0.0024775031011144977,0.007486874288995304,-0.012529673828799659,-0.007742519225892086,-0.0010121557541798998,-0.005630355081226446,0.005685941943380346,-0.007072038061453734,-0.009615693756650057,-0.008125615052677948,-0.006121972944701959,0.0063919062368011925,-0.0015852834097238588,-0.06349339370613127,-0.007195284064335006,-0.006178853699721931,-0.00644035339678628
2020-07-27,0.0237002097851442,0.015387648743417026,0.022531985024731194,-0.008624342154460063,0.005586676523727352,0.014069605731164447,0.00795304144756992,-0.014041777419040558,0.00632042363499874,0.012093166493128304,0.01266767393429058,0.022266894475131638,0.0028579581150314226,0.08652080631985237,-0.007280819469886013,0.014736328904275231,0.007292619784541543
2020-07-28,-0.01642744677073882,-0.017962780502695397,-0.0170461599231575,0.00911364563531114,-9.160489338533306e-05,-0.01685597068869482,-0.008002400381371899,0.004334487121580688,-0.00819112850267878,-0.014475434613118954,-0.00897733153812319,-0.0197666577415484,0.012349604649120494,-0.040991122577997974,0.004454187447958224,-0.011799380665792003,-0.00634256996259952
2020-07-29,0.019168407774478036,0.011065474265779418,0.004880253570432647,0.037356329299025104,-0.004365276677702479,0.013207916795410224,-0.0023371344328394494,0.024249936532640737,0.009695434248110368,0.01377535567656274,0.010098117289170983,0.024472473525670058,0.0033624079836811482,0.015320072049045619,0.02250501395028981,0.011021820688914108,0.012298608982154624
2020-07-30,0.012100096783229874,0.006049030252796905,0.01052304245951663,-0.01701620718549335,-0.0019051070033062611,0.009753874045988375,0.006234342562034145,-0.02668528862585473,-0.0009700498875541141,0.005186712494734902,-0.0007841589245461966,0.01418951953318559,0.024238357080146544,-0.007751257440881121,-0.004727730134688524,-0.04905760094301903,-0.003567935763975849
2020-07-31,0.10468859196859759,0.036960821567137314,0.014898990719553584,0.0016101470605665025,0.0021858255999076537,-0.03277508934908535,-0.00307905155792354,-0.003916779881543264,-0.0015207729281871973,0.08174846071023811,0.005443960279069904,7.05026732414904e-05,-0.0022830148524306537,-0.03813804798718812,-0.008026982150723616,0.005015498884571645,0.007902270415911294
2020-08-03,0.025197531474616452,-0.01668096589563972,0.014143605189444575,0.004421246454404448,0.011642735130500848,-0.0034880085370346814,0.0025989978415503767,-0.005587593166243798,0.013159018010369339,-0.0067410312858985355,0.05624068926328074,0.03725992917775511,0.0012965582194357506,0.03790989277703116,0.0027415368452348154,0.004040284228435498,0.006952230445854912
2020-08-04,0.0066781573203966715,0.008657119256458845,0.022289500052696365,0.0008002848947905594,0.031792661589779,-0.0063798765395233215,0.006349137163169427,-0.00572335940596902,0.00575823651643792,-0.008453762327946035,-0.015008552496830863,0.01975435490829547,0.019041891273444467,0.0013467807962437295,0.0029311903800075534,0.02887584772199525,0.003862563442005529
2020-08-05,0.0036247844285670627,0.021090645909052075,0.0035019344547679854,0.015194038804273058,0.0005294570376601637,0.003929661787999139,-0.0014560315729088558,0.01737305899969277,0.043290324167317706,-0.0028419459112647427,-0.0016407238817417458,0.005254595117989869,-0.002615772105704628,-0.001331501252462397,0.026173878847373322,0.00874142066306871,0.006211131119562507
2020-08-06,0.03488901982068371,0.0062308600392182445,-0.0011531324691944622,0.003150793714868705,0.009824351324273728,0.017483915622933166,0.007066146388076122,0.00030863173145467826,0.006524434936903578,0.064868512905079,0.016013665547010225,0.004319187113791978,-0.005470826774526483,0.003070674289896047,0.005088592289249405,-0.004789139577785595,0.006684444342102802
2020-08-07,-0.02273541766705045,-0.017841853651889505,-0.009812777725844768,0.025127692868951446,-0.006990686683239766,-0.004372104749900907,0.008427045132864963,0.022007254484914363,-0.006421592988428926,0.011911872439586801,-0.01788754941164039,-0.01199754578770662,0.006329518606489115,-0.024751944680411975,0.009456791188449776,-0.004582768166213613,0.0007176710347418513
2020-08-10,0.014534693724987502,-0.006093187166982039,0.0043872195789860235,0.017234641600385014,-0.0026690357707018775,-0.0010346724016220277,0.011375194476545447,0.012678698498494123,-0.01566978197026947,-0.020265307449471193,-0.01990793289029802,-0.0030806665552483015,0.004118620649427918,-0.02350091468597615,0.006529512833913564,0.02463175238446169,0.002989317335922337
2020-08-11,-0.029739746659689148,-0.021437993092404684,-0.010172246507875404,0.013554195104873434,-0.022265107490442304,-0.010876237007492628,0.0006916705002975032,0.03159797363311667,0.017529700293805073,-0.02612160825369625,-0.02338514538125569,-0.02821321746127159,-0.006487712777179078,-0.031144060652225414,-0.011125079033544316,0.010334449823327763,-0.008254888189270337
2020-08-12,0.033234254842970046,0.026478049605839216,0.029657612322712135,-0.007057679528938321,0.013025814407682468,0.018033967438569,0.024225128494433035,-0.008476404073848975,-0.0027697648292484,0.014680044076246457,0.028567167085531198,0.054401057080270876,0.016737876632242132,0.1312363947417745,0.021296046545536962,-0.00022653459302468537,0.013941997881561141
2020-08-13,0.017697534412393523,-0.0003858318082136103,-0.012648295168623092,-0.014216178326821982,-0.003148012728338756,0.00624320797276634,0.00028415470933995657,-0.0055370812056412255,-0.004395275060123716,0.005425209243796969,-0.002342461087717962,0.0002402297506478579,0.0023621592410076886,0.042604650478076156,-0.0023274699849445968,-0.024495564445047746,-0.001807387684951478
2020-08-14,-0.0008913844193949583,-0.004112558082955964,-0.0048569607059105735,0.004553877872056411,0.001727746984345524,-0.007925408067182338,-0.0039409776759160575,0.00039070957380626936,0.001869898213594956,-0.00022956922135342062,0.0009582530066691852,0.010574260413072523,-0.005007983370411528,0.01832819678811437,0.006780570341633263,0.004417793870368003,2.9554610069038034e-05
2020-08-17,-0.0026108110342499824,0.010924312234330102,0.007626081620399461,-0.021533809279248195,0.010943345988856601,0.007716211953716856,0.027410484604278418,-0.026364565164200826,0.010495877330641834,-0.00030620179203921793,0.0066063274124601445,0.06684547912531569,0.0029606959202412853,0.11203058154519474,-0.00985472249301833,-0.012962838586579872,0.0031767331064675997
2020-08-18,0.008332869223987904,0.04087466955935781,-0.0050860115965950525,-0.014285883881653638,0.0023237640724926845,0.026077652769928017,-0.01124045458855738,-0.0139403713915206,0.002331858266418463,0.004518301072669928,0.005753895264877906,-0.0061808799784119905,0.0074537099447624655,0.028028374195693928,-0.011544270664985645,-0.004925045347657142,0.002160345936294217
2020-08-19,0.001254662609009305,-0.015701145907449088,0.0017346657387102837,-0.001174822948014631,0.00044027941587643227,-0.007179702554474088,-0.007508899420503146,0.002338898125644473,0.004229455836793461,0.0009529415554558884,-0.006066711686439907,-0.009970612643610988,-0.005420653804268927,-0.004536059116861502,-0.0044506041911084315,-0.011076885016582327,-0.00416381055246029
2020-08-20,0.02218976937314876,0.011314270642265756,-0.001154484951845114,-0.015686350636958446,-8.784203065093088e-05,0.02048404250289515,-0.007706990019466398,-0.011973327838908032,0.014801691767803549,0.024448849951900886,0.023271221846921764,0.0002059929035327368,0.007954693536855517,0.06563643667445929,-0.006562940332674683,-0.015252781072530475,0.0031136289837472297
2020-08-21,0.05153244325670214,-0.0038364352508537536,0.003618973075459664,-0.004780665489556912,0.010971587076222145,-0.0004313033368462671,0.009085053513925079,-0.0005136009713037071,-0.0006523346844982125,-0.007434623611398572,-0.007269830556128953,0.044683135769050475,0.004311224940341862,0.024052926729070556,0.0025849107234130475,-0.007502682380160497,0.0035474296360680224
2020-08-24,0.01196004300396214,0.006923017605080961,0.012059911248164967,0.02842248164505423,-0.0013928437049218756,0.006080371201914625,0.012428001272200229,0.028154733151510625,0.019400627679432292,0.016403736765411514,0.003145129764202448,0.002897370042357128,0.007785102084025164,-0.017453806448256226,-0.01687134206343599,0.029505383693421594,0.01013335094062251
2020-08-25,-0.008203523793019807,0.011800549645987202,0.006407128932293338,0.01206705663320129,0.0016854231423919508,0.013058680945394086,-0.0021622663263045627,0.0043972876923172866,0.01169839360427094,0.03474707565819357,0.013009414984080037,0.00233885362470021,0.003970945805437109,0.004537751185374361,0.010944241571243296,-0.03173879309983707,0.0034991405467932335
2020-08-26,0.013598724722526878,0.0284955613728457,0.010501609173444004,-0.016923167634655734,-0.0012764189771216072,0.023837698122521234,0.02027054630115277,-0.014030042305168466,0.009664414288578893,0.08222353565197582,0.02161966243155078,0.0018038976046625965,-0.004817898793177622,0.06416619165356252,-0.010889879651895695,-0.02128182015576352,0.010025740627354063
2020-08-27,-0.011954209287396989,-0.01215915158498826,-0.001560242869611983,0.019170799898132085,0.006070738947725696,-0.00949424111293573,-0.011303772314085303,0.03289935115465936,0.014187285964002205,-0.035174785392340646,0.024553497080509246,-0.011332291776077863,-0.0013006299728144377,0.039746079206424145,0.009228850115159393,-0.006748193675888414,0.0021865117782378096
2020-08-28,-0.0016198736318950857,0.0005293902228860059,0.01674787378097875,0.009596712874705204,0.005803363141477558,0.006699183602492109,-0.008107406676432172,0.004103681474961096,0.028427120260789085,0.0015003799683972474,0.010283410740910881,0.04113786333991554,0.004051464405036231,-0.011323299439907841,0.008663046109171013,0.023905409655081256,0.006459108980797046
2020-08-31,0.03391213239887092,0.014451219151166761,0.0067573195221235505,-0.02129291432114544,-0.002038348325770989,-0.006038394552831949,-0.004365982128747725,-0.02510439083916538,-0.02165982574272929,-0.0015663623066757282,-0.014765679850222369,0.017246302162154503,-0.0031707170071949564,0.1256890549105465,-0.005789617744709763,-0.018432201772084267,-0.0036223960091399388
2020-09-01,0.039832608072556175,0.01395547583299983,0.03569054638879088,-0.0011655769987383158,0.010700269686324315,0.015679289154233667,0.0031571255770563855,-0.0004993198451636038,-0.0036013698929443505,0.007639820474542702,0.007715221008272266,0.033693603710217346,-0.0010844858810999947,-0.04669690804684601,0.0008957413057262276,-0.012769114431823825,0.009418724738076145
2020-09-02,-0.020718276654668855,0.009239471142122424,0.04302721795749154,0.012057841676874625,0.021287696047476823,0.037647673429107575,0.009703235224055584,0.015079007855039794,0.010647390172781934,0.02389663549002674,0.019272128874561645,0.03802183913296875,0.01686222867069631,-0.05826756524083643,0.02368715784502462,-0.006086513778984615,0.014463783794496754
2020-09-03,-0.08006090067975524,-0.04628410915968095,-0.061118199248244465,-0.006966058827700072,-0.02942678396510623,-0.05117063098637187,-0.043767259333533204,-0.0031481613573284273,-0.04674209311890476,-0.03761982453502599,-0.061946852709439226,-0.0927753219541343,-0.01601310768610109,-0.09023849203316048,-0.012521901371963295,-0.0020413434092380056,-0.03441422210492151
2020-09-04,0.0006617609283592341,-0.021787358799564616,0.030844356908589,0.03429480544108854,-0.004966789841455155,-0.029640891270312886,-0.018096895035762395,0.021612503459853993,-0.02568086186193652,-0.028819896704899595,-0.01403592519475605,-0.030194742576650224,-0.00216975542665232,0.027813247275265907,-0.013376301810221536,-0.0007671689339725507,-0.008164682456364036
2020-09-08,-0.06729498328940087,-0.04394435952982134,-0.03419190762606683,-0.039939833054187246,-0.022246537225158458,-0.0364342588188441,-0.0014835056153434945,-0.034775860507986645,-0.015313090009648422,-0.04092224226157848,-0.05409560686305748,-0.056209057696556264,-0.014641854036583468,-0.21062824320390794,-0.01522439530600217,-0.02302974135474234,-0.02732266885388379
2020-09-09,0.03988657062283507,0.03770662418145765,0.02707240661978405,0.0011773143124942376,0.02233942805168887,0.01550939765503867,0.02889375479991707,0.009507801612846256,0.029586758370677924,0.009440900027029464,0.04258361442465608,0.06732133207987134,0.016257043340539568,0.10923349433825735,0.015524807222648818,-0.006024061315547002,0.019747134976265235
2020-09-10,-0.03264588828530568,-0.02860545100214451,-0.008193774287397315,-0.01450421040961103,-0.019917442774529337,-0.013688946794508605,-0.015665496818942914,-0.010310293587958874,-0.019903602006064336,-0.02056856380667016,-0.028018397014824004,-0.03171428769194473,-0.010495616694258358,0.013814582587770685,-0.023780726118838413,-0.025032963964374155,-0.017363702771684975
2020-09-11,-0.013128762708040864,-0.018547317429499666,0.0073372214687192905,0.014319961821934513,-0.0011779065748186435,-0.006742814565446564,0.013311442028192122,0.012421131265905272,-0.008201337839694345,-0.005520508528704227,-0.0065248043490311325,-0.011960167533255905,0.010534057575496636,0.003716263443279244,-0.0061639433902598295,-0.0027026953703624956,0.0005091230466587326
2020-09-14,0.029999726617565337,-0.004251985314208007,0.006950186610050979,0.009804078930975457,0.011175635555784158,-0.004572078523270462,0.015633312226698948,0.013851853188382002,0.02559439913671757,-0.001725399087148749,0.006763643507467165,0.05818143269383369,0.0035469380038259946,0.12583177074233998,0.02351685364775702,-0.0065040862092115015,0.013171357303125575
2020-09-15,0.001560669070509002,0.017132004407634627,0.013003996922181571,-0.01825256256286567,0.0028866433994505503,0.017423985759286387,0.017566267056952745,-0.03113128710182478,0.001595107594110079,0.02355824381502436,0.016406209128461358,0.00922530560640955,0.0,0.07182685140266343,-0.00434244144794993,-0.010638080098301361,0.005052385987992292
2020-09-16,-0.029513686217564783,-0.024723344317983953,0.00035403018077895254,0.012658341706351495,-0.0005231144256155895,-0.015002029019993368,-0.013831181010586668,0.004230489390042225,0.0079905469121071,-0.03267012125346991,-0.01786552000611541,-0.036679227198496256,-0.006708696677692472,-0.01778729846250804,-0.0023112309927748598,0.0424590506909861,-0.003968817307559047
2020-09-17,-0.015963478680726784,-0.02253666798925036,-0.003051106922779323,-0.009765611286526088,-0.014109774528214936,-0.016566417418692803,-0.0059298450675608905,-0.011434396438723904,-0.007078941232458225,-0.03301468293636334,-0.010436461187376178,-0.004075374982580704,-0.0013068320901339359,-0.04149312452942333,-0.0050237485209682076,-0.0002644100640424307,-0.008795337016922922
2020-09-18,-0.031720272232833024,-0.01788790878106783,-0.016916121408252716,-0.005522763459343993,-0.008616872355697636,-0.024175634897832365,-0.0170382359875626,-0.0021305636746854484,-0.012285182692922891,-0.008986713609797525,-0.012419463678940312,-0.022004112852294977,-0.0010908100298130385,0.04421041843491591,0.009967595807654606,-0.01613770562244765,-0.011512575604831321
2020-09-21,0.030325707773391608,0.001881613182508124,-0.013156623259727107,-0.02935336101803565,0.01074559390376928,-0.014437179790491084,-0.010320193176092118,-0.03091032678340211,-0.022102286944230776,-0.017344445714092438,0.010728966123958017,0.026908864709232594,-0.004804640707619767,0.016374511668703073,-0.028666886229657185,-0.020435638275584922,-0.011129731051689462
2020-09-22,0.01571594504140661,0.05692335984779917,0.02785739775278695,-0.02165923956365401,0.014370911994399771,0.02075308195914527,0.003524993956925959,-0.0109113909542079,0.022753983085482155,0.026596745277043032,0.0240942032122875,0.009626802164221182,0.009143413365466868,-0.055986946823462835,-0.016477774955634517,-0.024704785203948254,0.010184502289647845
2020-09-23,-0.04194619538771471,-0.04126889165142078,-0.027655249803316573,-0.028404259024147782,0.0005222942127105501,-0.03454529025420072,-0.02473379758566885,-0.016230177758912556,-0.032149085896433394,-0.022492500067251786,-0.03292851650684281,-0.040671876733932466,-0.01196001388688539,-0.10341090738483938,-0.007204753484149395,-0.03208558344001311,-0.0231909682952397
2020-09-24,0.010268941594904435,0.006643681788120581,0.0026448111333119417,0.003439271716058734,0.006877309344012872,0.00955710795518816,-0.003188865897559401,-0.0008625608869289314,0.011339535127872002,0.002047996836838095,0.01296188344335869,0.01849687046264825,0.004475003069504657,0.0195341463945935,0.0017801377977473276,-0.0020354908883479794,0.0026654938520853655
2020-09-25,0.037516187844065296,0.02494874307344297,0.01214108726969454,0.0064266710560230145,-0.0127379617388087,0.01138582847664038,0.010726299802890527,0.008741867480139387,0.010877027496139613,0.021199760415163693,0.022786594221207546,0.04257747026095671,0.005112712976263367,0.05041385121376596,0.033622751632185865,0.009323970852380237,0.016166923738788697
2020-09-28,0.023868718829965996,0.025498115680328004,0.029428317449450292,0.02554289955148259,0.020550168312686523,0.013619967990345705,0.014075641205658629,0.028779287632479722,0.0199229686138358,0.007848812213286038,0.00779522914208286,0.012525421199779618,0.0028335147712719166,0.034025594039789775,0.002413056958052051,0.01934184090256763,0.016609633317663075
2020-09-29,-0.007567907999807666,-0.009190126805558863,-0.008276658300666484,-0.013283368887378577,0.007207689669354478,0.0050456439372381645,-0.0008080718352253546,-0.008423408408255062,-0.006383273379073073,0.019351984656402754,-0.010408858994719772,0.01463389753137978,-0.005434184144141541,-0.005056919415549199,0.0030341539286589114,-0.029170041943683,-0.005446283417763209
2020-09-30,0.015075829189185264,0.0012241460404771587,0.00016483427463409583,0.013462192151763253,0.008121948736561135,-0.0002863986341794522,0.020580114437915853,0.009648383095178792,0.005769925213640281,0.00042012821482018126,0.014812622688487043,0.023042149970897485,0.012603930631034599,0.02371912031427703,0.025053143826893054,0.001458537481519917,0.007582014437595319
2020-10-01,0.008462060042228936,0.023034752317315554,0.011747906163245947,0.0004147822123696798,0.009746471789542799,0.015215365602743836,-0.00032398067922001506,0.007271116473377415,0.015376703776085687,0.01806039068540133,0.010126712968167473,0.006208306796366969,0.0017984971364599645,0.04463774876849502,0.0041697640945626,-0.03495496223037298,0.006420078376994542
2020-10-02,-0.03227998791597808,-0.02988273802333874,-0.03193175738946308,0.004564576578169666,-0.0096245487003922,-0.02170825800766607,0.006087467553199888,0.00948747010923423,-0.013221775782503942,-0.025091037968264174,-0.02951131707161858,-0.040563602085246786,-0.008043553989454999,-0.0737906918190171,-0.0034813539379333625,-0.004527498275857078,-0.009494750125004003
2020-10-05,0.030791037570377267,0.0237440429687501,0.025978717164512943,0.01693519669038923,0.010056137598347226,0.018707031053612377,0.00998872129067796,0.0211363767045587,0.013044767654512235,0.018119607354716072,0.020321013822931944,0.044421998143297614,0.009194786150753753,0.025512531789757986,0.019776532552399972,0.02304430691634307,0.017733123542085005
2020-10-06,-0.02866936223806782,-0.03102028886576813,-0.005790550764069757,-0.010154332376461794,-0.0006415451388551707,-0.02145215137376877,-0.019957396585792875,-0.010298917710226618,-0.016955490886408797,-0.022633697070586378,-0.021247321443796263,0.00689018368306904,0.0015786500153498473,-0.02748539351192436,-0.011629182127402826,-0.010373591973985241,-0.014215756711807082
2020-10-07,0.01696695837266282,0.030881037106998743,0.00758233365839911,0.020927373217441092,0.013032180210660327,0.005595939180092824,0.022859403271549672,0.017445309540829346,0.019174497690792602,-0.0020875670891263853,0.01903743133317315,0.016561799574458913,0.00780720084872355,0.027344297266189477,0.027730599163412473,0.003294455192696555,0.017406621930998734
2020-10-08,-0.0009559942469790084,-0.0016084400175445657,0.017969750108271842,0.014469517188361758,0.005702007683308974,0.01664687755408889,0.006117609685814873,0.020555584638365154,0.00480333261131638,0.021850240802799847,0.003574311097886529,-0.00896948203051584,0.0067518100686605464,0.0014577830589765917,-0.0023514601055822926,0.052537199539437474,0.008862530478678243
2020-10-09,0.017396036950223737,0.030120249141207367,0.00902673345448246,0.004754464630448485,0.011969282236370837,0.018214402196809365,0.004920753407837264,-0.005698572745138519,0.020976474164476455,0.0026161220179627964,0.024836272520904146,-0.005491837627144558,0.008966139354656733,0.01897077543397918,0.01684169497233956,-0.014747401830453422,0.00893022139992694
2020-10-12,0.06352039862611503,0.04754990740220588,0.015211039018170558,0.01261789461000884,0.01900101229346851,0.03584371232690997,0.0034624861873899793,0.012253119138873059,-0.0009934302287873953,0.042730094532645646,0.025902199274419502,0.033659728042175985,0.01098534903553583,0.01912439516394837,0.0064969887244781255,-0.0031665006834252774,0.01608750993542607
2020-10-13,-0.026527361781198744,0.00020333647320058823,-0.002457919039412171,-0.028426613914035004,0.01115590797595889,0.0015850752358008702,0.012024610207020947,-0.01620474268729777,-0.01761157195557217,0.001414450486209029,0.006594581445284575,0.0015639355927787868,-0.0019381083364652385,0.009834932884270176,0.004394735058661059,-0.011839338028984514,-0.0065261995868433065
2020-10-14,0.0007432826278219729,-0.023208080547411636,-0.003119204389328778,-0.053306879673140295,-0.0061466739620671396,-0.002316506482185954,-0.011261885631164814,-0.005556608580217337,-0.009079253427527578,-0.015644259579682962,-0.008974144256941874,-0.0107380290980158,-0.0011787481925700227,0.032799718116372834,-0.02887601272929119,-0.002045672484273342,-0.006283352884417948
2020-10-15,-0.003960603471664603,-0.007450142689235051,-0.0009730432278362011,0.022438870448433512,-0.004652278206885407,-0.005097782812090834,0.0015673995382730066,0.014967102468953053,-0.01205111429133121,-0.018762693307972755,-0.005433505164165298,-0.008886096583438419,-0.0014583942959290885,-0.02692390743031925,0.008451141614926883,0.008784749390079227,-0.0012359679701420268
2020-10-16,-0.014000581587935379,-0.019750480983333984,-0.0033691780317706144,0.00372672478380931,0.013171486284207612,0.007862825948195429,0.0004176485626561366,-0.0020644401843529225,0.0024511024351072663,-0.002961775968712499,0.0,-0.01134579159708149,0.0038935830139608107,-0.02051768046956881,0.01642167295966024,-0.010159728596599082,-0.0006041988370660833
2020-10-19,-0.025541814760348447,-0.020013957457728493,-0.007605938649674848,-0.021452181481320665,-0.01567345315390789,-0.024080041313974232,-0.01366224999439758,-0.016845608648912824,-0.02277529424050706,-0.017034404162178163,-0.024765340963570193,-0.022716563577681925,-0.017175316615031244,-0.020106014344170586,-0.01721725315012579,-0.019941311278290796,-0.01520334577786886
2020-10-20,0.013191788217096878,0.003055554339711275,0.003247033330715743,0.017706565181443423,0.007322393157925378,0.013810998534993013,0.008141800449116499,0.005711444161422108,0.00015050054208587405,0.02356521843402959,0.0020070822084259365,0.010946411070624773,0.004016285942699094,-0.020634587544658856,-0.002498187799238605,0.008378351918241878,0.004005644592278923
2020-10-21,-0.0054462476264490745,-0.009968886774915697,-0.013104003813360854,-0.0037282686987356595,-0.0012952414078930552,0.02250674972536726,-0.005349034610513059,-0.00996303975011914,0.0051250499700179475,0.04174781691149465,0.0006988098913984775,-0.008849267789796778,0.00540453166654653,0.0016590325709362475,-0.001917272580351348,-0.01602387894405688,-0.001892859939551239
2020-10-22,-0.00958320939167423,-0.0026812857408547996,0.003547780668647249,0.03409572859710708,-0.00547856182880635,0.013032961037797719,-0.01177460173406708,0.03532243413409808,0.0005398998106396213,-0.002188737725009382,0.0004190079835679761,-0.012107276538981138,-0.007082742270297482,0.007453064711647084,0.009107991446955843,0.05126666797361956,0.005485401830447101
2020-10-23,-0.006134210744076274,0.008814971867029398,-0.0017411034891938737,0.001206103820539095,-0.0030606180473293776,0.016381980252326178,0.006544637341974191,0.009039580270582936,-0.011960411521572678,0.023982742511339028,0.0062355217139233865,0.017158280868319498,0.006574890209144035,-0.012118551755604834,0.014951165036114267,-0.020080472722396214,0.0033953104358683817
2020-10-26,8.714974011025944e-05,0.0008238907949942309,-0.02597140784965213,-0.014457724024753316,-0.010384348000214927,-0.029816850403115547,-0.02459408438680033,-0.024756686167141995,-0.03504166869461267,-0.02696728754384381,-0.02844185629477225,-0.03303869310497942,-0.007585470902929381,-0.0008320996760948773,-0.022807021070447853,-0.023711876409876154,-0.01848008142895663
2020-10-27,0.013472435035428054,0.024723687101579017,-0.009475073729702799,-0.02811722121555782,0.005421900524182677,0.009209271552355291,0.0028981858873049493,-0.018866172829845262,-0.002986707822610124,0.022301669048740758,0.015089491278857947,0.0194428202703143,0.0075017347279688895,0.010469159823756513,-0.007893084147984841,-0.015891847576431473,-0.0034474352463179647
2020-10-28,-0.0463121730749575,-0.037595069983728635,-0.034455106573789585,-0.015933225625113123,-0.02081989282829333,-0.05508843307427169,-0.025718851830131007,-0.028088215205418043,-0.08113889735067836,-0.05513798734581743,-0.04956613714206848,-0.057457879831305125,-0.03301486806916254,-0.043938975190562446,-0.0390318252847528,-0.038086534221801194,-0.0341788222873447
2020-10-29,0.037050137695767926,0.015249235849637444,0.022464764263497417,0.0029828524048607363,0.001646927015918065,0.030500265036968344,-0.00033364234709709617,0.006525632783112023,0.006177420560860458,0.04916507341363263,0.010065191288193498,0.031440433276176405,-0.0006537650908786663,0.011846701366300838,-0.014025721608483588,0.044345924190496655,0.010163308446360597
2020-10-30,-0.05601818171172945,-0.0544564552314909,-0.015154403509935355,0.006796909642555526,-0.019842935119340877,0.038043954296853144,-0.010829610283907276,0.008953482353317721,-0.015485317736901094,-0.06309866176836365,-0.010990509559209882,-0.037622626270223725,-0.00341658448143356,-0.05547305218949494,0.004807907986132065,-0.010615862234892526,-0.010424713421120835
2020-11-02,-0.0008264232145086536,-0.010430948040659138,0.00463314536427073,0.016033703764553264,0.018930594483972385,0.005080236109260117,0.015109861193085994,0.022541839150528764,0.004607626800827935,-0.006651302263944614,-0.0006916314951485036,0.0037296997655418274,0.010211612016257865,0.03213582666134873,0.022809004951292344,0.04199882903492247,0.011208481598526276
2020-11-03,0.015353552589163932,0.014621516534147005,0.0071459826873705445,0.025332098482529375,0.020774398161840235,0.013137609892595714,0.024488668621423182,0.031521194639152705,0.018691670743802735,0.01507495442298401,0.020263785151600766,0.03487462620696191,0.01963870643283938,0.05840061701119437,0.02963795364920907,-0.017064090714287494,0.0176557636169965
2020-11-04,0.040836406772687184,0.06322966294024535,0.030727072470790207,-0.04090714410453078,0.011318668127545672,0.060881516732016916,0.01928835931615014,-0.03055797089092227,0.03998134999349556,0.08322648613554073,0.04824918687849622,0.059506834498807004,-0.004106747894279228,-0.006888484603579825,0.10334480014219682,-0.005387323215714779,0.022349099537670503
2020-11-05,0.035493616149954166,0.024941733698923496,0.044538678396964126,0.039273640538379784,0.024084700095431844,0.009536975019465821,0.011071081230324076,0.04089766040243181,0.030370552730059064,0.025401904263285813,0.031886619719607046,0.026514796356266634,0.012372155043391952,0.040643300543862226,-0.00045096044171633043,-0.0018058368634825683,0.019502850343809275
2020-11-06,-0.0011359291378619796,-0.003199936061909714,-0.0006567447937340098,-0.012190220948964603,0.0011162558277584278,-0.0015717759664036768,-0.005632729020654814,-0.013320493340752249,-0.009129891179615823,-0.00430958516397284,0.0019259123538508671,0.02838967300385775,0.005969746289881561,-0.01858065570474754,-0.01958250087874769,-0.01175737344181138,-0.0002284461695238882
2020-11-09,-0.019967861721540636,-0.05062255447737596,-0.01334633229507931,0.14191692358921837,-0.05357065769782976,0.0009603285246140292,-0.050203734621595,0.13539261398650204,0.09858430574687738,-0.049896075154761355,-0.02382444743401102,-0.06395073723668532,-0.03658443902727304,-0.02021165833954497,0.007310303211711666,0.12660156182216387,0.012565910106097533
2020-11-10,-0.0030091210866687312,-0.03458294580536425,-0.033045934634893026,-0.003602425696752065,0.004438368432368556,-0.013455004876899213,0.020742987354772424,-0.0032508270113725812,-0.028384284250483893,-0.02274265328640035,-0.033792824715582426,-0.0631476082114546,0.01645040545335541,-0.02587474253102262,0.0105427268570768,0.02218539257635488,-0.0014667613270967772
2020-11-11,0.03035281146711788,0.03372959332756431,0.03522142805577011,-0.011569001833405368,0.01718408261851101,0.005472745095957521,0.007910814603429461,-0.014933003037847725,-0.007138726347916791,0.014866224285853935,0.02625476516533798,0.05074426054138126,0.012904678204751496,0.0164977197153513,-0.005626350360725674,-0.010309513976528017,0.007428411448159089
2020-11-12,-0.00234330162449059,-0.008640935353967705,-0.015215869863767995,-0.023774692084362337,0.007481591353430073,-0.0025241144173692165,-0.005436439360881673,-0.012284210090545478,-0.012334995737026788,-0.005063660044646756,-0.005125953288820151,0.002887739484034091,0.0005630587454306113,-0.012873745767280065,0.007705520786123854,-0.0342651994527855,-0.009700773235899351
2020-11-13,0.0004193873040108098,0.005957652481424658,0.008914180994170406,0.011615079432051312,0.008330952545188008,0.016892241170943123,0.0033665773383413367,0.006262514531645058,0.02053048833316984,0.00679801079061737,0.0049664612707196465,-0.011871369973056933,0.014984006379201276,-0.007917146283160204,0.0035553937128354196,0.024127027446855243,0.013844625420912138
2020-11-16,0.008720571652273579,0.0007190451875813686,0.019571636795817637,0.021481280427756877,0.002507284299549717,0.0009987348606612656,0.008658922122219082,0.02822587737850646,0.0012536813243086975,0.007257427920053683,0.003325295019045882,0.016413437144619403,-0.01282210085633484,-0.0010037182511209997,0.0032330060715790587,0.05764977869722521,0.012482299414373621
2020-11-17,-0.007564549429777578,0.001469221257177411,-0.0005516223390427122,-0.0010875926261675328,0.005608674084591314,-0.006972989307568844,-0.025396238016783035,-0.010144900811560942,0.0031304193202716935,-0.01419545866500782,-0.012751250430926842,-0.006881301338752754,-0.0038616392632569996,0.08213879250177958,-0.013227638375888917,0.013364594340667502,-0.005378116683000922
2020-11-18,-0.011391265816552587,-0.00963120822903818,5.247349610892904e-05,-0.020689745705262608,0.0008117754674294986,-0.011931787686753292,-0.009689082984874031,-0.007406790596732882,-0.0016642100334194332,-0.0110182595420939,-0.013183657893545364,0.00048465382851925476,-0.015365118474736428,0.10196775866118779,-0.021556585033024933,-0.03775521079192068,-0.01203481939303952
2020-11-19,0.005168089401903941,0.003722494885254779,0.009747648310745483,0.0,0.0034270928152713154,0.010300732747195562,0.004076894883339843,0.002689706462840391,-0.0061319937899744215,0.003566516596663627,0.006348372616459708,0.0008561394380297571,-0.0012169532486456802,0.025953518324515645,-0.02179916194907361,0.0051062089197504434,0.004210035487560049
2020-11-20,-0.010957516650312193,-0.005652814007175211,-0.002602327774238078,-0.006300965075075049,-0.006309799169802788,-0.012618047220549267,-0.004134152893619181,-0.008566983579259113,-0.03258677080441974,-0.011870534053559423,-0.009556514255529946,-0.026227003460846943,-0.001648665461511989,-0.019348255020757876,-0.006824925318639985,-0.012299668485010407,-0.006847703520553972
2020-11-23,-0.029742545995493863,-0.00032591205652088284,0.00957420187744451,0.0216336808291564,0.0015482774588240211,-0.005079596129165309,0.005893088302874272,0.028803395201716375,0.02798744122001695,-0.004709085659371115,-0.0013306627864675402,0.003992185937611525,-0.003876348859604417,0.06584827501609536,0.0010756616535307906,0.06551181637609993,0.005994592503904217
2020-11-24,0.01159421048095366,0.006348492495275249,0.013514287046657136,0.05805040777271375,0.00657572993333666,0.0210353716148719,0.007037631534974276,0.04623751174841373,0.031170998427650698,0.03162830292923857,0.017847752501316094,-0.013869805257042733,-0.003242788482807679,0.06425217853318599,0.002835168224377904,0.0665648286131253,0.01611351302101327
2020-11-25,0.007467126148619885,0.02149089105013391,-0.003569574261296893,0.001725161183679047,0.009187316592862427,0.00013047791524001262,0.0023783046371741445,-0.010460654977517692,-0.0031251000003575946,-0.004802707040863052,4.654808059800786e-05,0.02137698233373686,0.002675035174224627,0.03352658623835669,-0.008392655514169234,-0.027870533662399666,-0.0015417058736860723
2020-11-27,0.004826425518986044,0.003224444340751864,0.010542028766346467,-0.0013776924233779297,0.0016501857227180228,0.012975237790468386,0.007409713136911078,-0.00663765085076673,-0.006591901787764143,0.008055406567208045,0.006359019490246309,0.002002437939097268,-0.0005047510251352527,0.020487795852708768,0.014256501544514188,-0.015192034549372346,0.0027848959814824603
2020-11-30,0.021099636320027315,-0.008543726224847115,0.016786702653279972,-0.02863059027280801,0.00870289066049268,-0.018253826915780702,0.005145045101555112,-0.027553339973486635,-0.007550141382867026,-0.003023629084979995,-0.005389664378187775,0.010575992983579363,0.0018758075899971693,-0.031002439645386293,-0.004734729210242983,-0.05125640080795957,-0.004427100448722632
2020-12-01,0.030827257298927435,0.01642659261366375,0.007445649326391246,0.01882131223549477,0.015166223123389555,0.02334688555275566,-0.0029197293684483094,0.01577884575420896,0.00704287700760764,0.03458848952089899,0.00999698254197745,-0.0008582372393870497,0.0036004581620212583,0.030232565079099327,0.014419949285863654,0.009703142200097048,0.010937510484924529
2020-12-02,0.002933683464520831,-0.005139620139509304,-0.002076375920127993,0.012896030579640838,-0.010475769213004527,0.016492524813672693,-0.014540215378252008,0.019208113566601126,0.003954084740366071,0.003384940911262513,-0.003885413009098504,0.011538392292477884,-0.007247045732979074,-0.027258998689319136,0.018669699204017398,0.037402879822867385,0.0021037186296739563
2020-12-03,-0.0011374760436261289,-0.005244192164348127,-0.009734137379125651,0.0010390586335951024,-0.024641682039350576,-0.0017151017153291814,-0.010918523325713636,-0.0065552509842414786,-0.014931223689313655,-0.019720186770168513,-0.0052466103258624885,-0.010671595839820025,-0.007371999686550557,0.04317707064578702,0.0032225951068525216,0.006759988561763297,-0.0002726506105950044
2020-12-04,-0.005612511478239046,-0.007578327983446487,0.029714952698205677,0.0131440754808001,-0.0016572182205188968,0.0010540018568661047,-0.01547683745062356,0.009072999275764992,0.02748097051898779,-0.007628117860428607,0.000560184211311654,0.012111870261098279,0.0009467026788889665,0.00953853028069096,0.007080791427080069,0.036558209935798835,0.008617697164439386
2020-12-07,0.012269776605132732,-0.00144820943300783,0.02237170557492929,-0.006828157222715903,-0.00026809637581026724,-0.003690348899276774,-0.005113932380926278,-0.0037600936022242903,-0.009844789397414178,0.021022493548409793,-0.00032670863087203017,0.0035769233916258525,0.0015275812761856855,0.07131413268972531,-0.005802096612535501,-0.018713977717738417,-0.002055124673657649
2020-12-08,0.005091025070947275,0.006108347649924184,0.005987186759889074,-0.005500258758675991,0.011437843277417148,-0.00313695474840181,-0.003502934971273741,0.000984713913025459,-0.0004984963622379768,-0.007633619000855574,0.008026642727908317,-0.018869180383221495,0.0026873386116357256,0.01265269756091203,0.0,0.032762726142555154,0.0029262953751687526
2020-12-09,-0.020903675982058112,-0.02300385041546993,-0.016981093199159303,-0.004493639429104523,-0.008765963342428296,-0.018478214371561608,0.014748568843359289,-0.0077868673575240965,-0.011561505693974516,-0.019336627762731706,-0.0194898134965098,-0.031404447507968336,-0.011879517441459209,-0.06985904262531573,-0.009917682124777283,0.013257615101097908,-0.008968797196143297
2020-12-10,0.011988714777442677,-0.0008730964486967085,-0.014847960216385014,0.010764022855977995,-0.004007639047590494,-0.0057426461260357,-0.0028993659709559694,-0.0064437371249764785,-0.015822837898089692,-0.0028785755932659862,-0.006043359231084677,0.003209339412141965,-0.006597938562528438,0.03737095767859411,-0.013820866306935131,0.028271021259917983,-0.00032710930686385975
2020-12-11,-0.006734722339608146,0.004813852496939441,-0.010291568541969554,-0.018550323427584225,0.006196789934246105,0.004044757518504527,-0.0009818052642465158,-0.0059032296764501835,-0.01236736585116871,-0.012882587487064279,0.013015066896925553,0.0031608101417226475,0.007379336874167919,-0.027237767375868138,-0.0075957607151139195,-0.004771842407345961,-0.001172607292045269
2020-12-14,-0.005146626975475854,0.013011701561464806,0.014735607273035356,-0.012250692870822366,-0.001919739315807134,-0.012699816287171317,0.0038934245868700312,-0.010538600848830848,0.011392155039086749,0.002339829051379416,0.004408039088117821,0.022707453554823287,-0.00483475143377099,0.048918853305726984,-0.0027889058654639864,-0.036072784296541927,-0.004477057299700715
2020-12-15,0.050090242136217045,0.0025815971159888207,0.015201318974928268,0.014882992690403496,-0.0066775631843815075,0.00503347401920573,0.009036855895015128,0.017075190065173107,0.007549262275787116,0.00496002558971953,-0.000326952658680435,0.003888517336860353,0.005889026254950247,-0.010284031966116491,0.010531700101120034,0.019422027557662425,0.013519394914815352
2020-12-16,-0.0005473597659498841,0.023961224378619583,0.016361429401185124,0.002793415735828697,-0.00656139284843571,-0.0022089304413451805,0.006007917686112307,0.002908765941483482,-0.004645357925910254,0.0004356172046713347,0.024050836526942065,-0.008832076588089488,0.004537354304592789,-0.016549539644792777,-0.0009716135422731531,0.015334578184963865,0.0015692331171526241
2020-12-17,0.006963572822620945,-0.0015057469987226346,0.0028241826527548586,0.0038301066571286846,0.002300724702526624,-0.009492489738451959,0.01624681560342811,-0.008286984978957856,0.014453259855608191,-0.0043169305949036785,0.0006384664737295598,0.007456870266605353,0.007139034336057559,0.053197818564255206,0.0068664502932165306,-0.005034255580616764,0.005591872675559495
2020-12-18,-0.015850852218750267,-0.01063939440891426,0.02854467998664756,-0.005550086117521169,-0.008885011806905041,-0.008210268519742936,-0.012848241890882517,-0.004930435863248039,0.01018121041208575,0.0069951428434837926,-0.0037826960895689377,-0.005190435439734298,0.005713996245120256,0.059612778969587055,-0.00962941407497997,-0.017249339530314267,-0.003992748859721784
2020-12-21,0.012395204286012929,0.0014149045573290664,-0.013071316327494475,0.037321579926765436,-0.00553127745018811,0.004831352858956306,0.0019967765311175167,0.0375381287996579,-0.017512507385434084,-0.01306079174156638,0.01829905511468466,0.00453952120942458,-0.01093187795507633,-0.06494968189377415,-0.006796990174123718,-0.018254120221792847,-0.0035753711257366927
2020-12-22,0.028464600684890096,0.00010603453584812073,0.009840093050001775,-0.01782121657002189,-0.008055231937213914,-0.008267149662327,-0.0035055374491735902,-0.01521656898258561,-0.006370350104016209,-0.020895198887524002,0.006065109915114553,-0.004050163144921348,-0.007053441127142235,-0.01464926902636221,-0.0031835939501075883,-0.016924843055873273,-0.0016852765766995903
2020-12-23,-0.006976219831153485,-0.006627122071927394,-0.017640402222279694,0.028757289435008104,-0.0003867440772519215,0.004656320637992817,-0.0008519271692900565,0.027944284210982495,-0.009059615039355928,0.0038187639262923234,-0.013039315783875072,-0.020258767314901838,-0.0015380631206769468,0.008807772074100217,0.007700962081641505,0.012851364897298989,0.0008983195877647621
2020-12-24,0.007712503493523704,-0.003949415822362745,0.014102281331417998,-0.0029949484014730743,0.00743306498245655,0.0034313087081867533,0.004114238714125751,-0.004397370551327828,0.02056331906585873,-0.002648294156995412,0.00782727317859,-0.0011917281962846582,0.010121727199447372,0.02444349518922251,0.009479033674440807,-0.004069795052040082,0.003890410339965511
2020-12-28,0.03576547410015296,0.03507113271672124,0.0009733681979460229,0.005674070559987809,0.017773907209213125,0.022950657478294723,-0.006164297940112862,0.006585145659914415,0.025208193356592856,0.03590166570149389,0.009921399958693566,-0.007214837602856794,0.006970687490983174,0.002901307404113318,0.01514147895910356,0.0033655625657262878,0.008590658231732995
2020-12-29,-0.013314569446430502,0.011583625131030173,-0.006575824835280408,-0.0039828050367719525,0.004473662525542377,-0.00913218383931147,-0.011364747837816158,-0.002632655560481645,0.006357641026183192,-0.0007944508919849325,-0.003600544107354553,0.0033526588965562265,-0.001874673737004895,0.003465523985226371,0.0040469323953846725,-0.011260304240673036,-0.00190767895020294
2020-12-30,-0.008526659685571758,-0.010882060864285004,0.013495181019633762,-0.0009995035113146145,0.004641866833346109,-0.012237182559073911,-0.003493707131529078,0.0027996376293699665,0.02564474098290881,-0.017739633948925526,-0.011019444593033612,0.015645208483573203,-0.004696017782417239,0.0432288658824449,-0.006794750032122154,0.007996068860534944,0.0014270910910967327
2020-12-31,-0.007702889228181298,-0.008801370623195415,0.006945471776109713,0.011007333388561857,0.0062221177871462086,0.009439973478216235,0.0013571211696024044,0.013640767011200872,0.003909442492097348,0.004744859123677836,0.0033381125525127064,-0.006903269329863404,0.009944245576268163,0.01567398119122254,0.016493243747086606,-0.009134713718496168,0.005080551556537971
2021-01-04,-0.024719221113764234,-0.021584740620304466,-0.028845480580297234,-0.009237737868306284,0.008944349957386688,-0.015125745539438795,-0.00640013330258582,-0.009443577495682698,-0.015268684877212002,-0.015448853418594033,-0.021266059935165726,0.004481065574977405,-0.00948685362071322,0.03415197180829077,-0.0033648795511908025,0.006792839182807597,-0.013614108341702846
2021-01-05,0.012363821003791076,0.010004358381754175,0.006773054652734256,0.007658805637695165,-0.011600612712719949,0.008064281969665021,0.008070636830942446,0.005441072269434466,-0.011579414073287775,0.007548312042299443,0.0009648408713840428,0.022209838855053343,0.00638495580273335,0.007317368906131216,-0.0134477427835471,0.048192784634578434,0.006887397774746562
2021-01-06,-0.03366130106763199,-0.024896614147709384,-0.006166955715889322,0.06245893961522997,-0.015223254193768576,-0.00986766655392668,0.005713081518527785,0.046956024900349336,0.0003743754084424289,-0.02826884377886285,-0.02592940622858053,-0.05895295687983315,0.010526494269414322,0.028390302267496503,0.041966494673360666,0.025517266464399224,0.005978801223458063
2021-01-07,0.03412303473851663,0.0075771277744003385,0.042142593952668284,0.022083825944154256,-0.005675370778861821,0.029868754379754447,-0.004895813398693272,0.03283920057254064,0.007922352723322756,0.020622201162659115,0.02845694989231462,0.05783027175999589,-0.009346503509272353,0.07944656360858104,0.016032680592055648,0.007845614231858589,0.014857425115563316
2021-01-08,0.008631263997068928,0.006495514374673217,0.005074538652221738,-0.01004279691386456,0.005490268204177973,0.013238670027867272,0.010628734985698163,0.0011040014147873922,0.011404625085586595,-0.004353694293656507,0.00609272140706274,-0.0050397912012785095,-0.00043214958801951475,0.07840299470467449,-0.00449289513055795,0.011121260450350334,0.005697496630294729
2021-01-11,-0.023248976025858625,-0.021519462280005563,0.0002691880711147565,0.016600261650451476,-0.016029770907243557,-0.023105544829643332,0.007952533058107614,0.014924105929904785,-0.015967163633167303,-0.0401018087464744,-0.00969844330506775,0.025966532731997116,-0.006772730710351116,-0.07821411721500826,-0.007264991139476984,0.0303563471643562,-0.006740760062692308
2021-01-12,-0.0013953453326266407,0.002125797051401035,0.008143197291530457,0.017840738078732654,0.0005222462365308544,-0.010738718922199464,0.018803461818032163,0.015719186176147648,-0.01516378880138547,-0.0223873623418549,-0.011771017161414599,-0.01003916065317978,-0.005803458642579806,0.047152947996006445,-0.009369293731447126,0.022203236495164314,0.00021107742984871614
2021-01-13,0.01622664620894798,0.014438406874172749,0.004050269616948432,-0.0059416741880430335,0.007550551473030076,0.005652138171793775,-0.008251377163044138,0.0009268684835805896,0.009943915751930321,0.0021904640797547614,0.006560647553196963,0.003485427868983315,0.0015321995968977653,0.005850950889994211,-0.006519838889365026,0.011278136853663412,0.002693021293520337
2021-01-14,-0.015127155601110887,-0.012135545173177387,0.0019058830229523593,0.015840093559241097,-0.012535623353643555,-0.009346226119912315,-0.02083541657940613,0.0058427316495708315,-0.05601594105214747,-0.02384362634586712,-0.01534627261702104,-0.024497997389124948,-0.01063661253559367,-0.011013523157297866,-0.01270290692800291,0.03903335297193178,-0.0035018287308687945
2021-01-15,-0.013730603182284917,-0.007424600125642833,-0.013759006293677212,-0.028832271294378153,-0.0005244606320284895,-0.0019065274829067613,0.027017986406513872,-0.017921730525158774,-0.011225419489477306,0.02328607623188228,-0.0017368345537061014,-0.025813883565837026,-0.007511351195795157,-0.02229585445953386,0.0021968915010079915,-0.04810166744518196,-0.00729277308508558
2021-01-19,0.005427290811479857,0.005318518294228358,0.03009977238687145,-0.0072705095863488944,-0.021233722346167716,0.032906703648516666,-0.008708680951158176,-0.004327712745928025,0.008290564624551244,0.0387492231272637,0.01782264741742079,0.012889148356245439,-0.008754584624401152,0.022259629183487784,0.0025333417652397827,0.01983729175385318,0.007852005853131505
2021-01-20,0.03285589595473537,0.04570048462239673,0.005683046264956415,-0.013121802497750967,0.019268187577092144,0.05357325628560128,0.004063272635966619,-0.014995620799882259,0.027520473502287812,0.02443512674522963,0.036499668385877815,0.02614169132831634,-0.012500156128181561,0.00698599786790699,-0.0038331839699865533,0.01412751922857125,0.013838645376876846
2021-01-21,0.036658281696990036,0.013363421550624865,0.010695291737890189,-0.01762508084861314,0.004151459719619277,0.0021701178420272527,0.017316616542600638,-0.008384100218722268,-0.0014035516072032905,0.020150884910762112,0.002808225562529465,0.03753979316818623,-0.0009838852016403887,-0.006420156263490129,0.011857298324858379,-0.02866966555056616,0.0009117320567153531
2021-01-22,0.016073582239408024,-0.00446331304512726,-0.00385580341652092,-0.006924745847310065,-0.0013780691509606147,0.004463595419051947,0.01773905421316213,-0.007713608265478511,-0.016295907122892084,0.005973729240944525,0.004356086497432576,-0.011177111059679445,-0.007709126042114822,0.0019526425140830028,-0.020986000783604686,-0.01413379328690656,-0.0035394643037792717
2021-01-25,0.02768398847086595,0.0005376354551673845,-0.0004945099636963768,-0.01236135589021059,-0.0011591007301265943,0.000908849421652258,0.0038025894190198972,-0.012482309352613519,0.0006080439835001172,0.012786902901240405,0.015844205054808658,-0.004320951835492637,0.01723064445626199,0.040347806114603646,0.0007480071401719801,-0.011174353130578352,0.0039441268056576995
2021-01-26,0.0016793620529982345,0.009754137082109926,-0.0019793834297251456,-0.007060307295107537,0.008566353881067412,0.007216389755007269,-0.008699239648572221,-0.00408693812434302,-0.0045263177345132855,0.014531695141145828,0.012198959474025495,-0.01596671859647869,0.006427763278887166,0.0025999188207492807,-0.013513083862870867,-0.021961959168693035,-0.00156117866778116
2021-01-27,-0.007683843093114429,-0.02812581228312927,-0.04132625389958933,-0.035875933601761334,-0.023535651791689594,-0.04665212966813592,-0.030255020049704928,-0.02827198863989422,-0.03725974786442543,-0.03513547790164018,0.002453604849084856,-0.03851804924057056,-0.035389471910101444,-0.02143608477064074,-0.029494876157976302,-0.011336433795540057,-0.02444028997326697
2021-01-28,-0.034985224900288325,0.0015591193708615059,0.0158308027118359,0.01642642397814198,0.001880066185135476,0.01883517935440593,0.014596181065623215,0.017597520059699612,0.027861482976861973,-0.026236544569129827,0.025890531326466126,0.01031504615407175,0.01542295161685403,-0.033246240146660666,0.015495856161737764,0.01565594970138018,0.008599947330332425
2021-01-29,-0.03742063633627779,-0.009704654514695155,-0.0027448941795514825,-0.022097584711489593,-0.012966848036450429,-0.013943440609819668,-0.026002688319509026,-0.01106752768207675,-0.024639243876979133,-0.025169877276452923,-0.029171447043540688,-0.004693041564165501,-0.016492802434136644,-0.05015373491403896,-0.013514714913242631,-0.0264872362932157,-0.02001938706101969
2021-02-01,0.01652020029121437,0.042629902924745666,0.03604878467528971,0.010455295570659162,-0.005419592147297481,0.03595900380111705,-0.002769253484000145,0.007383037446999641,0.01666201740074502,0.01424549414916565,0.03315212674369872,0.01903421178199105,0.005927771163137141,0.058321672867634566,0.0012589225790404779,0.0017844094471797245,0.016645495721242742
2021-02-02,0.006336693224680001,0.011104214562255077,0.021725135355094016,0.03571431136982106,0.014435730074428443,0.013760550711144681,0.007738542794503589,0.03078248110412063,0.03983689450952799,0.019350132793994,-0.0005841975362709251,0.024155708703571976,-0.001395726936503694,0.039270726531715816,0.014131986566965127,0.01580581454562191,0.014140026634962943
2021-02-03,-0.007778240319002538,-0.019961565909300982,-0.024513382503555503,0.01772481939416548,-0.0010406821171028424,0.07282517013173373,0.007385469463726979,0.011451456876599764,-0.004635675704871445,-0.0016098323696316363,0.014571447712074859,-0.0019361687913660441,0.001242328287502037,-0.020738065332563282,-0.002450410922055002,0.03922839600252126,0.0007864855073829169
2021-02-04,0.02575782400179749,0.005575845147329783,0.011694354146084773,0.029132139373680976,0.00377997802057517,-0.002549901279811806,0.01696041352731914,0.023013131625077676,0.024067404673073334,-0.000600324352631576,-0.004074103449873578,0.009885092357059477,0.0006205600316018245,-0.005499119810906672,-0.025363285927336943,0.01919029893385482,0.011365411918592638
2021-02-05,-0.003098018621198073,0.006349415177487883,-0.009816993212006353,-0.003999898284100412,-0.001911140428069391,0.017140320786228624,0.00014322422392032408,-0.001953266462290104,-0.006102692441154245,0.006041905876853049,0.0007852206621190572,-0.005360927922899439,0.004185033469877197,0.0026353496607176563,-0.014605871987015462,0.033519674463468485,0.003935972699527834
2021-02-08,0.0010966143320008115,-0.008713780773966562,0.014356094101435124,0.022242704721830098,0.013120552816782372,-0.0020634151091446506,0.004195862630246072,0.015654463185314826,-0.0050777743613306114,-0.005669656944662038,0.001114598096647823,0.06237595636520954,-0.0030872230725617067,0.0131302972383458,-0.0005241121695948037,0.0430430571667646,0.007221908217251105
2021-02-09,-0.006573621716661648,-0.00539885256244832,0.00408296799075103,-0.004230887979809861,-0.0007504722321248769,-0.004379856304426499,-0.011641755145179289,-0.00399576753650277,-0.010651696339577188,0.010766023209107578,0.005361638418901693,-0.012154724822402985,-0.0038708463485979117,-0.016168321643152184,0.01631009983462972,-0.011711809609589285,-0.0006657190996919304
2021-02-10,-0.004558634448818211,-0.005573405440383872,-0.009649654700692234,0.0009105829252604725,-0.009567135121817505,0.005343544644125009,0.006937204848402656,0.0005728579755257535,0.0023091628356146643,0.00898120343199027,-0.0038969087363897037,0.035125276918043014,-0.003497152276876081,-0.052550944303998315,0.01143704932223133,0.009677891594742416,-0.00043561939129566074
2021-02-11,-0.0019201714998690056,-0.007439273910078148,0.01774275117243662,-0.0030321887737035924,-0.011007370305563313,0.0010879486166990304,-0.005848711611201263,-0.0027924346253000998,0.02591173571393668,-0.005443752897928089,0.006877197054302675,0.032951043475512254,0.0008577507773177562,0.008498789811735685,-0.0009895883193423716,-0.025039030902419657,0.0016151760845322105
2021-02-12,0.0017760719991373186,0.004775969497859078,0.016576560669465668,0.014902684342130712,0.0015614279406581666,0.0030066586791370753,0.001624229649525244,0.01421677972630353,-0.005454057961048142,0.00040687930618665824,0.002045190754494275,-0.018982458026015725,-0.005532663333746135,0.005494900903412869,-0.014501267858191946,0.013643734501197491,0.0049396298147668105
2021-02-16,-0.016104071306335843,-0.0026726192693009576,0.0057778000605996915,0.02697037443879835,0.0035435988498635496,0.007479694580483365,-0.007639324797566016,0.024070990554660998,0.0006160521867921709,0.012828072069689389,-0.00526559405334881,0.0246636812864216,0.0023507965117863794,-0.024383660823671716,-0.01102854771606776,0.03008709127109621,-0.0008658522654039214
2021-02-17,-0.01764384657571727,0.012141589169594624,-0.013595504945865144,0.004085207698427906,0.011412740881005634,0.003752143371748673,0.020080772697223637,0.0031112099553949335,-0.011371202791442547,-0.0014597583849738083,0.004359563996618077,-0.027673988796155014,0.004221415752109436,0.0024238672272682837,0.00690039155866784,0.015564853984523674,0.00022942177130103047
2021-02-18,-0.008636454169565044,0.005920814274298136,0.0016167809132667799,-0.006393529089581684,-0.0031283796340292325,-0.006046457354925483,0.007581930929701386,0.0033766469980902603,0.0033495819552182837,-0.015279774796229217,-0.0016790177742771473,-0.005165773100947235,0.008329399479874988,-0.013493691045324274,0.004741845303387171,-0.01570483353701424,-0.004255785009872115
2021-02-19,0.001233322811295512,-0.023535055745747435,0.01386444559898381,0.010237105560819026,-0.006023596002667775,-0.008072851396820457,-0.012047172300947873,0.016690759415039613,-0.015629624668343944,-0.029065824547346186,-0.011567175980779276,0.006574989154008781,-0.01860575966430278,-0.007721833533733569,-0.011662313126251989,0.006728180942914053,-0.0017663193769837937
2021-02-22,-0.029798957263368897,-0.021280609604111933,-0.027757506814620858,0.017660617870827178,-0.012853791624905853,-0.016540527379688474,-0.013553459354013309,0.009390673117687598,0.022481229018397997,-0.0047025486697632735,-0.026808261227796337,-0.038237652119831544,-0.004247982439896769,-0.08549845855559934,0.009427599467534353,0.03685320491894872,-0.007691510755474917
2021-02-23,-0.0011110104251011998,0.004326059526709614,-0.009362958816760969,0.01052626745096652,-0.023014505430103416,0.0028526013522540694,-0.031212355758513,0.008031626839681616,0.028650251485039746,0.021242387694853093,-0.005287671607293265,-0.014889268968810487,0.007426252802064992,-0.021917429429917368,0.005707631858250295,0.013812104731215191,0.0012145084855945676
2021-02-24,-0.00405222458244292,-0.010946968676518232,0.019029604642427644,0.024211609873833195,-0.004238193074118102,0.011499292348369883,-0.027204070904431776,0.01759492402355889,0.04822773368484401,-0.005830128022851655,0.005487039262987992,0.02524403077029813,0.0010978041827087726,0.06178807266392261,0.008193940027259927,0.02997267844298146,0.011019233079601065
2021-02-25,-0.03478261412446304,-0.03240038681954516,-0.04932615453694278,-0.012369364384053672,-0.019958692404863587,-0.03256511248118177,-0.01815578411524521,-0.013571260711369049,-0.03471063346906078,-0.03639654544968329,-0.023704664333976555,-0.08217809635062301,-0.00846002683436009,-0.08059082496045267,-0.010053913212643817,-0.0165784069279038,-0.024095921048920332
2021-02-26,0.002231562748496785,0.011700387973209825,0.027802012678908694,-0.03395509089460613,-0.008685049996784877,0.0029562279373454015,0.012105705679102297,-0.02652488963270838,-0.0020308613819938204,0.011504092858536152,0.014804061728810769,0.030584209109800087,-0.02409544972360922,-0.009850152211020369,0.010186625945935557,-0.024928254999104116,-0.005152560529631756
2021-03-01,0.05385122795034025,0.017203798394717307,0.04194791544176146,0.031115017147780755,0.002326144772194061,0.02361646118822147,0.012696375247178704,0.022626735575132395,0.025576100240165767,0.028297415775223822,0.019623009470916886,0.009278562446932925,0.006152417887985262,0.06355291148192554,0.0073141796542388615,0.03733671271076866,0.024240212952672646
2021-03-02,-0.020893676983647302,-0.016404262105025436,-0.018526270386004073,-0.007264294096090862,-0.009977103987173996,-0.0025028951843001357,-0.005083643247576264,-0.0032559510103614686,-0.00022066365674755506,-0.022309408639134776,-0.012956950269740863,-0.03146297220851513,-0.003137816374645608,-0.044527636486599076,-2.9878507261882348e-05,-0.005851131049142255,-0.007803192421822702
2021-03-03,-0.024456585474958437,-0.02893170479822993,-0.03631553160388534,0.025049010355474355,-0.013821658822505523,-0.025706127261229228,-0.011256893899810327,0.019332288396567865,-0.007083535912251526,-0.013860875584462806,-0.02698063571976428,-0.044867013947518686,-0.005972563967801214,-0.048423758283395624,-0.005289544248126443,0.00802575260461258,-0.013245857038150843
2021-03-04,-0.015811820486661965,-0.009128157985388907,-0.04204660889173095,0.007174563433635761,-0.01506548666937968,0.011196100992989066,-0.024984302481011578,-0.015368548133188997,-0.029840237138559655,0.00873102970815709,-0.003647580055796129,-0.03393274873346608,-0.00820076919936763,-0.04862218183112754,0.0028241959411507978,0.03874740727411852,-0.012374803215206565
2021-03-05,0.010738362062338691,0.007687481916645478,0.01476613114917713,0.011781014139305768,-0.005391309875205974,0.031043176947219697,0.01032163598290925,0.002324932353210185,0.0325609143431298,0.025772310822159028,0.02147933850581829,0.007376473276838658,0.03135496579038688,-0.037799313531283074,0.03981321987429576,0.03781297765150837,0.01839669788572107
2021-03-08,-0.04167346635719371,-0.016167463748385735,-0.06417990744291624,0.005415412207705028,-0.018593280522507194,-0.04271190615745479,0.021733984395660544,0.013252683049941316,0.02895658029062309,-0.033941215746220776,-0.01817795701613356,-0.0696744520511412,0.01055713941791625,-0.05844967282854319,0.008844737536169545,-0.0009846999041738247,-0.004978893921139038
2021-03-09,0.04064966506109324,0.03756837366056898,0.05305620452012194,-0.021815480008157917,0.023633679517953254,0.01636866607054288,0.02289304403150294,-0.0070629870532021855,0.01397707833795625,0.0408521846717087,0.02810137664684942,0.08033317731251644,-0.008875904217300001,0.1964120760817838,0.005168886081790003,-0.015442899911506047,0.014277530297122087
2021-03-10,-0.009166662142728432,-0.0017010173123747085,-0.013548256846777296,0.028909697247075705,0.01584187749720889,-0.0020437889544524523,0.011127699801824598,0.021734818199210748,0.013757598327327036,-0.0031608479949321033,-0.005817249317966122,-0.0041534382120896884,0.009193235581105963,-0.00819506910832657,-0.006761716740845802,0.030702699208997153,0.006224702488386358
2021-03-11,0.016502856946062128,0.018298429776605563,0.03679243454650116,-0.0034786374001600784,0.01488438448781837,0.03160309280101892,0.009803254910939474,-0.0052214060524411465,0.007020995052232415,0.033899533992341135,0.020264990968140717,0.04212695786698473,-0.003376762249697185,0.04721134236531421,0.010011322887537144,-0.007447049428656594,0.010139190652180385
2021-03-12,-0.007625693818017476,-0.0077402727850476305,-0.0055545165391013285,0.018797262720140484,0.007576343027569488,-0.024060471646285664,0.01580808770652098,0.011858282740385695,-0.004344721065612123,-0.020008763224081072,-0.005819570174763089,-0.01058217798004335,0.009691725837033482,-0.008390501992574073,0.011851450394777974,0.010765087759681213,0.0013468072767135464
2021-03-15,0.024456832386973604,-0.0025279442445658162,0.04344286053712332,-0.005008098846111975,-0.0019026877250346574,0.0021658704268017193,0.019919099882237834,-0.004995087541621146,-0.0024822255186022213,0.019932854907566133,-0.003987377197645525,0.02607744630922615,0.0032776794056634806,0.020483461206222797,-0.006010703672948314,-0.025496390175768102,0.005963296016308517
2021-03-16,0.012742890522263739,0.0033034103914528767,0.015740115645673347,-0.002913989486809765,-0.009863399436705556,0.014334868092228614,0.01270939797892745,-0.011971321851356631,0.0016242208651275902,0.02020102348289976,0.012350630666764228,0.007580735789191495,0.0029559839957846723,-0.04387377195940434,0.002034608860803644,-0.021195634992047685,-0.0012611492787730771
2021-03-17,-0.006450571121466631,0.014188848597238346,0.011313619991270452,0.008236110872465119,0.005928085883176282,-0.000801501014270567,-0.007267653320088385,0.010292324905131656,-0.009676305772803984,0.01693646487414946,-0.0028186546065189777,0.003761814336886715,-0.004032986143396311,0.03683074261011732,-0.00682448519334844,0.004398674426971949,0.003409782665062311
2021-03-18,-0.03390515503907332,-0.03435878370750434,-0.040199246900939456,0.026087012461985193,-0.018864516790189523,-0.029238013471056368,0.011177441587018722,0.016506316341719174,-0.030844003284467347,-0.018978167111615707,-0.02666211704882493,-0.046378694679194754,0.002180288197706881,-0.06932072763951169,0.028025194524817554,-0.04311949051557973,-0.014549705142160363
2021-03-19,-0.004480159442305176,0.015511909856343209,0.03020291530241881,-0.010529144334059604,0.018360435623311577,0.0027804075126982575,0.020977555730204767,-0.015921085859414763,-0.028582984135923528,0.04123878603944697,-0.0016035505176176246,0.009687557321184759,-0.005361166560568287,0.0026180050626212203,0.009750024239057575,-0.00563270959150497,-0.0018502421240071953
2021-03-22,0.028335616691195886,0.01167821172408301,0.0017284626118310165,-0.02257997925921218,0.01696508360792892,0.0018400716793627314,-0.0005533503825286834,-0.02687875905804149,0.005301144887582376,0.011823252877532386,0.02448427850648116,0.026506615360067043,0.016951603628510892,0.023103830299388672,0.0035016628882844625,-0.010267381868806824,0.007984945065435234
2021-03-23,-0.006888502247997641,0.008560288075996736,-0.023607235348910627,-0.0201803182557847,0.017489396691167114,0.0052395690693489705,0.003599598758907918,-0.010002061196984213,-0.008733186651677771,-0.009913530114543545,0.006737608869223033,-0.008758938652411064,0.018589840332003504,-0.01170146456365928,0.004470125109005796,-0.012341337562416288,-0.007870727700759916
2021-03-24,-0.01999357410985747,-0.016073304438495972,-0.014631728395923638,0.0,-0.006758077071134183,-0.0043108252792494195,0.00955229480350761,0.007761300621744294,0.012328847398918263,-0.029212454038160196,-0.008923311886852914,-0.032725892862301986,-0.0003017066941682911,-0.04816058727810224,0.005698807380435822,0.02028264047332584,-0.005083364517693978
2021-03-25,0.0041635112819353726,-0.013219634289670767,0.009687759622544867,0.020595951103840715,0.024553253868206726,-3.441625270095283e-05,0.015132248770280299,0.012813698728971534,-0.003586934158172461,-0.012050825228669848,-0.013250644521144106,-0.00852242007844517,0.006940310888635892,0.016056627401557888,0.0013221541926273783,-0.0028400121081746388,0.005625383387380722
2021-03-26,0.005141423208451679,0.0018941122432061253,0.04405467963070486,0.02708458721781626,0.01640025797406719,-0.0038032402769038187,0.02230958573082842,0.016650095722502867,0.02171010910831872,0.015354904176136941,0.01781864398029742,0.024251543930764896,0.01475853319551268,-0.03385438241576755,0.014524937022333262,0.02723390141767834,0.016115065467348977
2021-03-29,0.0014850298071262813,0.007765307334585803,-0.019541927137682213,-0.009565685161328608,0.011732151879056296,0.010401477201869458,-0.005298955295335861,-0.015539242777506512,-0.008821830066669145,0.02755984554056079,-0.005243556053638354,0.008489697580910782,0.015651782731581187,-0.01199266702111268,0.006852964383373461,-0.005371579370781254,-0.0005051033709108088
2021-03-30,-0.012274636901891123,-0.006645597502498379,-0.03482704702066208,0.017750140981499518,-0.017969854231400073,0.0003323125731160559,0.008669199296933217,0.011789303052682776,-0.012978452963637643,-0.009696640264832745,-0.014410606167291062,-0.005908007355678424,-0.015410579686559456,0.039801078851212424,-0.014509712858934987,-0.012369423798843648,-0.0026530916372121682
2021-03-31,0.018765721700286786,0.01269600564306872,0.01644163755031558,-0.007694436275767158,0.007805686361060937,0.007842660874839646,0.0014109276486864442,-0.014564946492058639,-0.006002307542895768,0.022673532713312072,0.016907371557338458,0.037019104183401375,-0.00014758410342818884,0.05083220558444013,-0.0039887297453665704,-0.015170173243530649,0.004053376013715582
2021-04-01,0.006958750486027343,0.02162845443110406,0.0265063481567247,0.020677267094992402,0.006978925779312917,0.03261070013743739,0.00819014256158379,0.00972234072701239,0.02036245934971337,0.014022438990798358,0.027908462509394827,0.03472355369198721,-0.008491463385458475,-0.009252455923119962,-0.013438331920963997,0.02794216037824948,0.010799158443921986
2021-04-05,0.023577126111274715,0.02079404593469847,0.026326239569840926,0.00785005278777362,0.016566263557820537,0.04187285160235743,0.024857584725094917,0.00530038964013535,0.01381780904710661,0.03432005255075721,0.02772859472132949,0.012724681822388506,0.016160204613703044,0.04427659122771899,0.008472535734395992,-0.015507974862756568,0.014353117368770318
2021-04-06,0.0024623506927172745,-0.0009018902147276409,-0.009437360526207916,-0.002764112064646995,-0.001940128562177068,-0.004371472177471802,-0.005136274571243105,-0.007030259731923838,0.003393791983459238,-0.00857856535524204,-0.004858111745870253,-0.00900827872564014,0.0003662562539121783,0.0008247761127986308,-0.015694911399291245,-0.0028319692811262787,-0.0005906734222299592
2021-04-07,0.013390363895988022,0.01723733655641202,-0.0029141376763749394,0.009070611430476827,-0.003637873789788859,0.013475128444408346,-0.004174797155360621,0.01566816888386846,0.004085805738300641,0.022301215924600548,0.008230475855670605,0.020344330907707597,0.0017587085602761565,-0.029857428208930892,0.003485312125260709,0.004437355999558079,0.0011575728953188147
2021-04-08,0.019233520274732685,0.006071242952548017,0.0062594676901583934,-0.008739039839224638,0.006716753063668035,0.005091505793732631,0.006272717057354882,0.0012261655629000057,0.019155876060820365,-0.00022359274475891588,0.013405175517043233,0.012267026270696757,0.00380274546356163,0.01912159613436426,-0.0020511888603291784,-0.01042587403552997,0.004746596152953808
2021-04-09,0.020251668468826756,0.02209562242522667,-0.0008032306024966518,0.007304480930347301,0.005508901459032822,0.008993826197741583,0.015265592127546634,0.007478210478360614,0.006194776987199502,-0.0017892401722854334,0.010266661429277235,0.005797457972936959,-0.006484143811133047,-0.009915155733034697,0.03126967657097013,-0.0023214377473842474,0.007269957825757567
2021-04-12,-0.013232727293267854,0.0021321218730274705,-0.002927192208749041,0.0017509449029649016,0.004405362867028195,-0.011472314949169782,0.004886756343045251,-0.002111617484289341,-0.0006313190613368436,-0.00294413770401325,0.0002344036464276833,0.056180612997348556,0.0040331355397853486,0.03686741230129442,-5.3217819395046106e-05,-0.006622530156457529,0.00036482590471398346
2021-04-13,0.02430650382904398,0.006098747605224553,0.0026670693788612976,-0.018472748003024897,0.0010964440130591946,0.004370265291938846,-0.0012157480214061156,-0.011927119293954846,-0.004501834966466722,-0.005713607624903694,0.010081768482193443,0.030935481845278057,-0.013219240235931795,0.0859569036478478,-0.00473032517116756,0.0037836843291250144,0.0029635351474619487
2021-04-14,-0.017853435845072707,-0.01970591825597423,-0.01579517975285194,0.014242321419526416,-0.0055857752719025155,-0.005553458559783286,-0.0011862224987758685,-0.018689955865342167,0.0005025579270894198,-0.022404302464184567,-0.011219016738207022,-0.025670367728206744,0.003626689688179141,-0.03947166704647498,0.003017426226694875,0.028899726009250948,-0.003415079023376899
2021-04-15,0.018708346882074567,0.013828409714570444,0.005656826979426599,-0.02858588767062764,0.01550232036669219,0.019331728659205627,0.008499565141763865,0.006348565505446935,0.021595328194718322,0.016511308026589067,0.0152980441960191,0.05631023584440453,0.012094336892538138,0.009040931223980753,0.038282142571068434,-0.0059315249236220335,0.010742619062628744
2021-04-16,-0.002528216683274409,0.006022342354579324,-0.0025205635648789526,0.010583394049418215,0.005206359004241268,-0.001093963168000589,0.016545934317030664,0.0074260851142473605,-0.0008279599934398751,-0.005327815335147146,0.004778282238288467,-0.013927420159402737,7.301744334120563e-05,0.0012587029151958085,0.0025642229443518794,-0.0056159842712167896,0.0033421718240200793
2021-04-19,0.005068432885350527,-0.00806900981526193,-0.035067729358152944,0.0005108004929679222,-0.0031560530017540334,0.0030708426067220795,-0.0037492363546455243,-0.0042401145373454074,-0.010384108031184613,-0.012868114398539632,-0.007670631092728919,-0.034611179001731496,-0.004663382540950445,-0.03399658468630862,-0.0029922810219655815,-0.0031768878794530275,-0.004912841172996729
2021-04-20,-0.01282998929325252,-0.011067567276491497,-0.010259410485523368,-0.027827311829650148,0.005899086021884603,-0.004694756244243314,-0.008842102438932908,-0.022142257579216174,-0.014470398540938456,0.0013564681599576023,-0.0018549586771792193,-0.012401034406983147,0.008345014327658884,0.006101017267521991,0.01716077805321503,-0.02106958195862041,-0.007321553228450073
2021-04-21,0.0029302979236167648,0.008195669633476843,0.0055327223610943665,0.0168068181524208,0.006348558396726878,-0.0002895360380622547,0.006142764907199227,0.008507907535870718,0.01717872225535788,-0.003898789666303526,0.008983206647479536,0.01247420060390425,-0.006533264928584637,0.034951793439894185,0.00574999446715907,0.01284155609063542,0.00946199457609187
2021-04-22,-0.011685538583251498,-0.015758395892332966,-0.010178778337957883,-0.009297731611446758,-0.007564995586978318,-0.011337282744592447,-0.013774646658753054,-0.021057413506790246,0.0006786600885739791,-0.01641960015673727,-0.01308621197422799,-0.03321821765781563,-0.009928149188638047,-0.03283069676699324,-0.005691972669001233,-0.013035734291346412,-0.009133182169615006
2021-04-23,0.018038409958901935,0.00962218974677076,0.024214073883831455,0.0213764705186148,0.005441079080588107,0.02104759595866934,0.007559009506012515,0.019135400945564207,0.00965156279230106,0.015546949222647433,0.015476123568384903,0.027945558798836645,-0.0051253000176780805,0.013491908213451476,0.009507093754570706,0.0054278634809339366,0.01084257919317766
2021-04-26,0.0029780097801117567,0.020389780364207244,0.012271228384740374,0.005870527864318742,-0.012752101391085069,0.004347989132734487,-0.012041330917564985,0.002463732505649574,0.0010591148728613664,0.006342701622281233,0.0015317055205614771,0.013936962545426868,-0.020008901771230603,0.012064715006025573,-0.011116380175702156,0.00197939797461677,0.0020874876007286325
2021-04-27,-0.00244938607345746,0.0024729175512423485,-0.011656376234867372,0.01192586667478146,0.004586201929674294,-0.008203684646366116,0.0018751239796734875,0.004582888469189639,0.004129410892750762,0.001748988021759379,0.0016059160603434375,-0.0062184939245888415,-0.0006095367618198511,-0.04532647907368281,-0.003435584110554779,0.013110736607080398,-0.00021535992222077027
2021-04-28,-0.006027219852836718,0.012017786731569835,-0.01533182427632973,0.00376125296195573,-0.0016748462731627223,0.0297077993433581,-0.00274502030983792,0.006479312921630731,0.01691222434024131,0.011628326026803082,-0.028285763929958074,-0.0068262945160422195,0.0016774600099469517,-0.014672094304228334,0.00022830649268534842,0.0301364644915052,-0.0002875205992041163
2021-04-29,-0.0007488317006904,0.0037039347600635875,0.01543998067036001,0.02697984402762499,0.012852594544525697,0.014293936993279743,0.017609844558197585,0.019444265146550954,-0.016934036892531923,0.07297307872005976,-0.008053116037355812,0.0031421028515041804,0.0084472123640289,-0.02505755171974844,0.017638294563532497,0.014283264823418573,0.006372786170934619
2021-04-30,-0.01513302221783941,-0.001120636171800582,-0.021638794338873835,-0.014108838269969892,-0.003881998393335584,-0.01640783834175108,-0.00513307338228064,-0.008892211234907132,-0.017714557217794358,-0.013444271547127351,-0.0013068383415398843,-0.02057146029837864,0.006867599841361871,0.04791723957558203,-0.00684832351515452,-0.028842701522543757,-0.006570427514141275
2021-05-03,0.008214731463634717,-0.023340170719312603,-0.01328382450189114,0.0007405881736903819,0.019430817794117594,-0.0044274868301259485,0.02039100073047262,-0.002925516288402874,-0.006962127570315335,-0.0076905341098768565,-0.0012689754932332376,-0.011509449561468044,0.011842061554065086,-0.034590632711300695,0.01780335403522204,0.027602871944341745,0.002156682486815109
2021-05-04,-0.03538518802632351,-0.022034541333801894,-0.01244055230275698,0.010848113631638068,-0.010624266925836179,-0.01547112501095771,0.007569793678185555,0.013823368295416527,-0.009198844089902347,-0.013081958080117584,-0.016159836296379404,-0.032722723519308494,-0.0034073757229192703,-0.01649874089928205,0.013402336783099322,0.006290390714253524,-0.006169304298269673
2021-05-05,0.001955431872180613,-0.012479432999494278,-0.0015971968839753048,0.009511844676503012,-0.007434218786924296,0.0034420619341886116,-0.002164019769147152,0.013120701253074296,-0.01800948585897877,-0.010491082955947806,-0.00532699040057083,0.007473342679591655,-0.008027214088218715,-0.003948959080373515,0.0028201697074536902,0.030072666545398086,0.00031282620364003755
2021-05-06,0.012802613134264451,0.010955401769447537,0.010702459399479114,0.014979710329694917,0.027543565690292704,0.009754643831864307,0.016654481282806888,0.02012442596935693,0.017174949671961093,0.015871764733311533,0.01322674264225232,0.004460926476208549,0.012587858165634458,-0.011029338520784915,0.005987824242838169,0.009512947877960976,0.007985468084619418
2021-05-07,0.005327480636445836,-0.0044640578502762596,0.008917117396815888,0.004046676817938355,0.004075579445182331,0.006237837663621182,0.004946957526243301,0.003423061161766272,-0.00021318456453678358,-0.0029371964087211433,0.010931882449433994,0.019916852110837935,7.399664872909106e-05,0.013307460953421169,0.006458381979497219,0.014297208926347338,0.007278065651884491
2021-05-10,-0.02580475421629347,-0.03072052637375966,-0.03641341949043897,-0.0030822545848461225,-0.007389510877950367,-0.02558736359345848,0.005511993493206191,-0.00012453954401725476,-0.02413428485979252,-0.041086921661529274,-0.020914306808398786,-0.03689532465161982,0.018645965313746515,-0.06444373139784076,0.00775769163351514,0.0024027855109791663,-0.009902378849728555
2021-05-11,-0.007410263287635721,0.010474816917876772,0.00910312351601017,-0.01141487071424152,-0.008650458574925413,-0.009464475563281338,-0.03066373317033011,-0.01662294121182173,0.003466904250695624,0.001830266049955842,-0.003843367898911154,0.002838977445398738,-0.004939177698185415,-0.018822278764288325,-0.021834661517910137,-0.031799371162952506,-0.00892476564771405
2021-05-12,-0.024938376765257675,-0.022323796765424953,-0.040197928205610634,-0.009381730996598336,-0.01581261125607869,-0.030752495292912796,-0.041311106670226305,-0.006875470853206278,-0.02989578313268404,-0.012984151200953531,-0.029362770009472516,-0.03828749586097835,-0.010584863269628708,-0.044248212926854213,-0.015375402337278521,0.005358413493912639,-0.021245235089877856
2021-05-13,0.017919679237741626,0.0030235440044839024,0.019461066212690614,0.016027233837189847,0.019693641614506374,0.013084930396518812,0.026561584514142478,0.02572236707683384,0.009533883327910608,0.008957271096757369,0.016861871751606694,-0.006777548164382141,0.016083851933879068,-0.030853203980896415,0.007869561293158966,-0.012325221294944622,0.012012354278367443
2021-05-14,0.019844816573870494,0.019430851184491837,0.025592056496757776,0.01242828555646236,0.012884386758084121,0.022135035795305402,-0.005500767071525803,0.015542176388884332,0.010804760737062935,0.03498640743546089,0.021067446629594366,0.04227888423248061,0.0021055160166731923,0.03157303299711356,0.00303477539940733,0.024789167053290928,0.015355567331342135
2021-05-17,-0.009258589516187965,0.0147351540352203,-0.003804121290188589,0.00897076858660717,-0.0011967134748583907,0.004626097649750527,-0.011185486969582437,0.004023665001213983,-0.0016760523648465808,-0.0015191269640172367,-0.0119687707151801,-0.005441354779607166,-0.0020286342795940993,-0.02189098294684022,-0.002854919729031402,0.023366998755411483,-0.0025445577245004625
2021-05-18,-0.011245738378068304,-0.011653058569779051,-0.01409269287648296,-0.01357036144472068,-0.0029950336534499966,-0.011555613767301853,-0.01018707780644812,-0.014088716561440506,-0.0006330660100618557,-0.017434875420433982,-0.008564788930717548,-0.01057146146786725,-0.010237511202334959,0.0018029458511532592,0.004282529905167198,-0.02830046909836692,-0.008615456377022657
2021-05-19,-0.0012815372840683237,-0.000148514828115065,0.018398046776592514,-0.004506610932066946,-0.008228632917183232,0.003991062054141459,-0.007261533856137814,-0.007637504013790486,-0.0057564936840472924,0.01171111782868528,0.0024739007808030067,0.003567427517785271,0.002053846279134186,-0.02493638386588848,-0.002144474298706678,-0.023994687027074413,-0.002622024978175541
2021-05-20,0.021012100817232593,0.004913709794237331,0.030064210963175908,-0.0023829066705772783,0.010325063783949151,0.01560657132186516,0.00461113234193844,-0.0017380423505859444,0.01861606257870374,0.01600813763819353,0.01382018980209132,0.038870912007864744,0.010248995905602909,0.04138712802336375,-0.0020999380371247156,-0.0023735942926975673,0.010758046347539185
2021-05-21,-0.014767097576186883,-0.013732853548741542,-0.008263648896225884,0.012658548978083939,-0.007456103549047688,-0.005557180520598837,-0.0004111972302309752,0.01137852014836982,-0.00027211904079527116,-0.007469770073445736,-0.005314708146697433,0.025953931078827486,0.0,-0.010054917128925145,0.007316849081954624,0.0013595227248022201,-0.000818878909575993
2021-05-24,0.013314131064206869,0.013084215261017773,0.017618051913236954,0.005424294438666211,0.007171007715783162,0.02916573934850697,-0.0029455221597602943,0.005409975710141124,0.013003418813612999,0.02656276602609209,0.022882180324199197,0.0413727367414356,-0.00028960487437179605,0.0440022264046771,-0.0016518613616243183,0.01171069289584259,0.010194350994678247
2021-05-25,-0.0015735020750754503,0.004332851226203749,0.0007623535172536222,-0.014543684050987826,0.005032760819338344,0.0007750723500703494,0.006066974013884119,-0.010333807428857367,-0.013856800114106727,0.009734388116872772,0.0037483499780439633,0.0022899436721008914,0.003406628512344856,-0.002885668382965889,0.00511013610545219,-0.022647158189077254,-0.0022188915570487966
2021-05-26,-0.00039413399090459933,0.0018747562447005706,0.0020671326909293963,0.0007139874973172144,0.0006228713561025057,0.007380810647074965,0.0018307133087600569,-0.00012354044015783217,-0.012444888894271089,-0.00039666189003628727,-0.000913826856850597,0.003338996795538174,-0.002239316424910931,0.023879957500782645,0.00038722425148418615,0.01167176503417977,0.0019846378914298857
2021-05-27,-0.012376634442551993,-0.010734558114025683,0.015614005576698231,0.012131063162830191,0.004875330431519442,-0.007406564885417244,0.004537978066187387,0.015571833495654719,-0.0017921523021164898,0.015534382689487591,-0.008668336205134186,-0.013502988830567886,-0.022733950109076306,0.018929840154243482,-0.0012341189127904606,-0.006446931258878852,0.0005250160179650631
2021-05-28,-0.005348204847040239,-0.0021794289420000723,0.009942731478865818,-0.0037598768235684865,-0.023819297354435554,-0.002467408943409022,0.0004391962504439739,-0.0006692410291286865,-0.003922856798294849,-0.012081087441018212,0.0014840537868228143,0.0488438737971435,-0.0009631599542081482,-0.008924522802159385,-0.0018899587090147607,-0.0032448067912448364,0.0017888740088061184
2021-06-01,-0.002648324444666006,-0.0013714148069622345,-0.008511142073315825,0.012502758407180403,-0.00010572066850111916,0.01032294535220557,-0.00815276761218009,0.011020428235659185,-0.0021907561104976825,0.0012165910714330153,-0.009131848355311889,0.0012315436186314255,-0.014608689550765996,-0.002111268599623961,-0.012623876448005111,0.03580620079523533,-0.0008808928863729415
2021-06-02,0.006276211911557583,0.004765962837133042,0.011573513377143962,0.00046603270252254525,0.006239452823681546,-0.004447299650864878,-0.004544380430985151,6.000128470917687e-05,0.019622392928508647,6.097038902552754e-05,-0.00040404528992599165,0.0315870404364762,0.004364928034598536,-0.030100952337768105,-0.00213911264990152,0.00793916815905149,0.0015724853880063616
2021-06-03,-0.012154099733971524,-0.014526941142032901,-0.018850365636111754,0.011459263676177,0.008618276292414295,-0.00970641258664251,-0.0057463886525687125,0.0006626594546901288,-0.013711235309619374,-0.00944871377127876,-0.006429445179359505,0.01141368301790302,0.017908073769185906,-0.05334476431283097,0.005198901154464197,0.0039382428882259735,-0.0037113851861045877
2021-06-04,0.01902223507230638,0.006027657821926935,0.021944787074317462,0.00046251051496448703,0.009508349123960258,0.019590330593336702,-0.0013487193403245445,0.0016249534061689719,0.011607722694275457,0.01321929537746458,0.020674789709220764,0.03585798953910513,0.0007359103837538683,0.045754470575515294,-0.005686666219727576,0.004413152461637315,0.009146040887679341
2021-06-07,7.937233425470147e-05,-0.0025606925929613222,-0.02362089222671182,-0.0034667323804830064,-0.018373321056878167,0.0036472148967048312,-0.003376242533731144,-0.004686648389067627,-0.0053001752807134705,0.018858644862638663,0.012041959400517666,0.0023180775239264317,0.0034572466374462874,0.010149431698305955,-0.013287463134209143,-0.006509189968615714,-0.0009703219056801382
2021-06-08,0.0066718973372106305,0.020669153552085318,-0.0005393433021273486,-0.005565870049249133,-0.001839963690482449,-0.0016067812607335474,0.0030324651766180377,-0.00398400394518561,0.0032410392520225706,-0.008616079641763585,-0.004885499534781124,-0.009194868419553304,-0.011581957808524113,-0.002544921741878703,0.003722417451312854,0.017690345524494555,0.00021317801336606657
2021-06-09,0.0030771032610119597,0.005220349302289318,0.0008633241893525323,-0.0130594535666968,0.0006845540099325031,0.003961016226231129,-0.011450451543560725,-0.012484754822205013,-0.005283852188635585,-0.010279257742805248,0.004038467407948554,-0.005428381692527795,-0.0003709963678074635,-0.007968981371759054,-0.0015929952227389244,0.008369462938407901,-0.0014918508812746811
2021-06-10,-0.008023219828320438,0.02087684594544914,0.010216819348045414,-0.014886821216040791,0.008027355312954398,0.011291802193491352,0.0031562204963624385,-0.015588783055953348,0.0026697078448536526,0.006692000037593404,0.014393004558973965,0.0038450881545515347,0.007419069904347708,0.018938501740255687,0.0009722263234306361,0.0015962003687426396,0.004648394322079419
2021-06-11,0.009832682704867368,-0.0008418265339896758,0.0043316731130043085,0.0040779350057369435,-0.003081127438194997,-0.0020245350899212866,0.007978795423831286,-0.0006855080162849747,0.0032940996853931814,-0.003609472274244796,0.0025272175857422585,0.02297009291269836,-0.006848746918227344,-0.0003770180312155924,-0.008966527172929228,-0.009243092785169882,0.001652552953156583
2021-06-14,0.024577988633076808,0.011067127216432215,0.010898592159403142,-0.01194457336479049,0.005054789027102657,0.007698933234221883,-0.004665739513133649,-0.016969189284317787,0.002790436002733543,0.016633439801547967,0.007755332876998811,0.010855349833362116,0.0003707513822917008,0.012789221849023313,0.0031916944470586905,-0.0016085243130047333,0.0022387814983202414
2021-06-15,-0.006437765927572947,-0.0002186996793457352,-0.010697178376587901,0.0007250557017262071,0.00039080188462103926,-0.008379212952520088,-0.009278384474192714,-0.01516811011882091,0.004365445115022348,-5.931344775478298e-05,-0.005887445834712568,-0.012778362335233884,-0.0019273825747119222,-0.029675082579620482,0.0028061326118546948,0.03641054732462368,-0.0018341796469275584
2021-06-16,0.003933849048139759,0.0094941835711142,-0.010600476471302245,0.005557068643456731,-0.011721819269055023,-0.005328782796356846,-0.01197600595492132,0.007024452645004953,-0.01168070968678292,-0.016837622725662027,-0.0037930178426048844,0.0012225046601541667,-0.013887729694831097,0.009193155632698069,-0.007569805145700381,-0.0035753073502117205,-0.00558335170601898
2021-06-17,0.012601322368103629,0.02166464377780497,0.011637219190814951,-0.043728909923854364,0.014074737628918754,0.00804006980505978,0.0011227660742318957,-0.028860575637904118,0.009537678832554075,0.016401061449355936,0.013676571531119786,0.04755699934162383,0.009112797527610628,0.019392614586788648,0.0002518900892169995,-0.03291720505761697,-0.00033156160808378576
2021-06-18,-0.010092101952845045,-0.0006706583139327593,-0.016278630124337612,-0.02562811641644247,-0.01005848281301902,-0.013409312491914016,-0.0016822603265252978,-0.025303026245419247,0.0003539364537834544,-0.020356029609866155,-0.005634710149425071,-0.0009917065097914124,-0.014627821196115498,0.010882243306208794,-0.016494189346910493,-0.02564940995104814,-0.01349034565429541
2021-06-21,0.014104353182340823,-0.009446804682075038,0.01024136874265169,0.025012747072132857,0.015543069202723636,0.014166025232044355,0.016489473054187576,0.016968579684122798,0.015431914352282972,0.00797782120772439,0.012334718168966141,-0.01134707620767228,0.007877052626894754,-0.003978800587379316,0.02234380211700082,0.03625829038401962,0.014315769961681823
2021-06-22,0.012697693584200698,0.01490466106187549,-0.0003443309883423007,0.005534616056062758,0.013909051176515641,0.0042523647369696604,0.01661282419451493,-0.0014624521203390195,0.013267445046274418,0.020283556396194058,0.010966098545473812,0.024935713286861283,0.0003754818260957027,0.004638983624974058,0.0015575540670351717,0.019172404930986486,0.005346377784097411
2021-06-23,-0.002089747293235522,-0.0004621896804161141,0.004758294273390584,0.005754385096264247,-0.0005355726204202549,-0.0016635810967822184,-0.0033255239768023026,0.006058046739146228,-0.007671218351212428,0.004601319166289475,-0.0009039836208636354,0.009027227634334833,-0.0014272063193268014,0.05268476618207507,-0.00785076934175677,0.00736800602477139,-0.0012053407140941719
2021-06-24,-0.002168917780264179,-0.015622946391951387,0.007285874282101146,0.01567168660573648,0.0002553507495766105,0.0030542465507861216,0.0005451514648566747,0.009198195878599158,-0.0010395072007912676,0.007604596358722793,0.0053532052727558455,0.0077796707214268235,0.0006771702468058027,0.035411302984154513,0.008367948754385068,0.004045916274910244,0.005915771804859249
2021-06-25,-0.0022488233234870814,-0.013806561613952328,-0.016721181252382422,0.019348426807569652,0.006223281961346805,6.940299369118108e-05,0.005740204312764341,0.010097769753983465,0.012968669265464694,-0.005274409714921657,-0.006261959076410029,-0.009086027365081906,0.014283559981457028,-0.011694312026312215,0.01524275999598168,0.002169856224677247,0.003551953150189524
2021-06-28,0.012546129013097929,0.012474089136242261,0.02293367001767299,-0.0014414626387968532,0.005145457950317178,0.00022450875063317888,0.002072450586439123,0.001817361513011928,-0.03142716471773099,0.04180227332162145,0.01396105020851035,0.05012877355742473,0.0029645019922108773,0.025079265670401973,-0.008618176079962958,-0.025517860298503448,0.0020158691644724946
2021-06-29,0.011500334514926713,0.0012340341405479016,0.00920052736409871,-0.016121381622766107,0.005673993948690281,-0.0021504214773400143,0.012600145879648084,-0.0012311550223068624,0.0008704025980397212,-0.010544232617734073,0.00997341945170227,0.0020890495637531092,-0.006798573631724869,-0.011557681931348984,-0.008369426966459592,-0.006189735616540903,0.0005382463790128966
2021-06-30,0.004621137762626626,-0.0023143032508132766,-0.0006499143115803463,0.008315122890500515,-0.007823510999713124,-0.001496575228571162,0.0020424295081271637,0.009082616768197216,-0.007907486518109463,-0.011878876712486663,-0.0018424513386380292,-0.001211012799776312,0.003943415548238738,-0.0015570796861552605,0.005877750873694687,0.007346025451465676,0.0008416396808619275
2021-07-01,0.0022633194621972663,-0.0020900020900020966,-0.015099234610814749,0.00751869276683359,-0.0028814714582190426,0.002907789397546212,0.008310044761930868,0.009901062144007433,0.015393326587660683,0.01921160427775348,0.002584193124174128,0.010473669462754298,0.002297529500742135,-0.0026188230779431443,0.011113099454856279,0.0028533167575295337,0.005536659942549926
2021-07-02,0.019596409131043435,0.022723749230608936,-0.0031299694710191783,-0.009388680274366346,0.011178082539752943,0.02297363343324732,0.0036077809455286047,-0.0009605849054873383,0.011653251582688151,0.0008746890635165094,0.022275320032226986,0.013605925362099702,0.004880104203185187,0.0014456370513082906,0.011039910644140116,-0.0014223489774082276,0.00764352348058428
2021-07-06,0.014718374428952519,0.04692710742205475,0.01091465111648282,-0.026245269978652508,-0.00020056662688883176,0.007444597562326516,-0.01066003897248069,-0.01679137647391149,0.002906497072292513,-0.0054131864980504485,3.603094510884475e-05,0.010323762354065291,0.0005888512135543422,-0.028457809785947474,0.0021984225286515446,-0.028494874441467588,-0.0018215188594673526
2021-07-07,0.017955543683208397,0.005669564076709488,-0.007902351510814754,-0.007986175235384474,0.014591793625066574,0.002250556197140652,0.01321789926171002,0.0011733151002886189,-0.005849186589293676,-0.0064912817881643825,0.008175309316229118,-0.01578636617487217,0.007500906841048094,-0.02263562857139878,0.003412507141939747,-0.01564259926014977,0.003533926254712716
2021-07-08,-0.009199906835839267,0.009422227593882448,0.0020444719324785865,-0.02440237659832012,0.006103418712986253,-0.011306647884957832,-0.015271293665507613,-0.017253839305339413,-0.008809111243683665,-0.013809155430770215,-0.008966262799192548,-0.02302194930387369,-0.00014585938855748992,0.012658037290573132,-0.004153889297544677,-0.004469478221664658,-0.00814796308025012
2021-07-09,0.013055226459342872,-0.003234704202571881,0.020574169727028746,0.03249117603453655,0.012820968983481063,0.003794586047952686,0.011144688062773245,0.03199967467607401,0.007428883636125816,0.013799987926410795,0.0018741352109301612,0.007410947655998035,0.0003651380617122335,0.006341837079579804,0.005269005790277559,0.01812433061692653,0.010674822145967378
2021-07-12,-0.004203812945883234,-0.00021234814297532711,0.01159959891415041,0.014735233954461524,-0.010888292011212442,0.011607863657024486,-0.0010866645386902185,0.01431578527974886,0.007025183232828969,0.007819320490937809,-0.0022305629611506506,0.0230545443035175,0.0008023624041955113,0.0437628194032984,0.009536229768603466,-0.000979990029441824,0.0035821172010757074
2021-07-13,0.00788926994408734,-0.011076947823728367,-0.0035819775400374176,-0.018951750429585967,-0.002010452716087796,0.002882469839496249,-0.014576997005164793,-0.01487333043552952,0.021700951184437045,-0.0030298278674202317,0.01319776730444655,-0.012796936272716719,-0.0012393488110271633,-0.0250255268170938,0.006009074092977906,-0.004740882791140488,-0.003409044803123873
2021-07-14,0.024100404207118453,0.0011747744165069296,-0.005000036227146287,-0.02508801564132801,0.007099723608545938,0.007032285127756666,0.006844398910657246,-0.0034053167063937684,0.018477371763653494,-0.012667259769859274,0.005445035026491629,-0.020173145984449192,0.007373933224297247,-0.022676262535623493,-0.009079187703957325,-0.022174795693836957,0.001492103728313099
2021-07-15,-0.004492015852743947,-0.013711143174944485,-0.00882472163437753,-0.0007719208283403223,0.004561460858456545,-0.009607226466191499,0.010932745266202692,0.0021919409075066287,-0.001458438271225937,-0.009118979544154415,-0.005238603672535924,-0.044112088844827424,0.008551759820914162,-0.004254796226577984,0.012803214419998765,-0.009742828269733828,-0.003415609699658484
2021-07-16,-0.01407585866957728,-0.01585423166667732,-0.019420137750082,-0.023435290292569078,-0.003521076775744203,-0.0002755120396098487,-0.0036256400704030023,-0.02283540519302052,-0.007969760999352316,-0.009580098646030377,-0.0009963947295731357,-0.04245672012518964,0.009701158323998538,-0.009806316575730722,-0.0008333408980142343,-0.027650621098828654,-0.007843545367075655
2021-07-19,-0.026914285622798295,-0.006727030092302577,-0.00512749844916538,-0.02610742746593331,0.009211194012735735,-0.018839089319803826,-0.008303449541778307,-0.03251928311981478,-0.05597730419433644,-0.012340222110666543,-0.013321705215253776,0.03407022563805029,-0.00049805899814237,0.003104482057777691,-0.025351277624160673,-0.03436834751412321,-0.01476768943614104
2021-07-20,0.025973899192326844,0.0066486136498793424,0.006270722543769702,0.020579109313835664,0.0050466403946847205,0.013096252622215365,0.02032163317719249,0.01864343229226595,0.024462796137459497,0.013978365076587007,0.008339066653561877,-0.008932793038944231,-0.005340369345649965,0.02209778342837665,0.009558314380286204,0.011020606674394084,0.01433023768731534
2021-07-21,-0.00513171124929912,0.003361110852517335,0.022258320933001396,0.02042997160825344,-0.00295507206986545,0.010613284542783541,0.003104260004556103,0.021040646991723477,0.015144764062896776,0.01337578277246676,0.007446797779482095,0.04287575808027522,-0.0035077341751389435,-0.007888019850240235,0.0040439228686484086,0.03216573497261899,0.00809626913984185
2021-07-22,0.009628605555469072,0.014735635895966048,-0.005615830513405418,-0.01300062757443865,0.0060961578872618105,0.006840343490108314,0.000919374557998065,-0.012626089963275189,0.005525443914089934,0.014325663085923868,0.016844439394331445,0.009479677450266788,-0.003831606369238072,-0.009202007847976312,0.0027251248424282615,-0.011253331570696967,0.0020942139929580605
2021-07-23,0.01198909443700269,0.005115384934792466,0.014317558516952156,-0.006849080345486591,0.014106459116286052,0.03576904286148519,0.018918694491782073,-0.0019213459181792736,0.02904531201272942,0.05296279783846036,0.012336676286716308,-0.0018372727738360517,0.014441356971112818,-0.009056424875986235,0.004642298408124468,-0.001225657444348216,0.01028793125039762
2021-07-26,0.0028944518973541555,0.01180863619816197,-0.0018833631702438458,0.011405611676341465,-0.0004722264113614649,0.007668257839318571,-0.004987344535175575,0.00670483253198606,-0.0011695697114533221,0.007220343811491281,-0.0021403468161849126,-0.01349819858836887,0.0035051111803443558,0.022133069927244398,-0.009959319106956244,0.025245394635050378,0.002454966321639107
2021-07-27,-0.014900425940695516,-0.019846876786293155,-0.014266670983709151,-0.003933831363602591,0.0026229486299003124,-0.01592866454200359,-0.011836467543863582,-0.0013190384286307921,-0.006441041610309006,-0.01248437926202961,-0.008683799663429692,-0.004457328569258734,0.004063216451483553,-0.01952494819687245,0.003772224924346146,-0.011115012228184229,-0.00455766339734387
2021-07-28,-0.012195947657922424,0.0010837371680696428,0.004817534582282068,0.003949367509377355,-0.004996377522213047,0.0317968383477818,-0.005316978312763787,0.0016510883155498313,-0.01750066003780848,0.014871673787684836,-0.001116666145548395,0.015358000201631139,-0.01483827004438043,0.0034120354402995545,-0.01428568487284232,0.00674409176245061,-0.00041001547508789926
2021-07-29,0.004552350086067802,-0.008373940689987869,0.013524483846765412,0.014424346621908501,0.009135562178317569,-0.002325756887688102,0.005867565948353137,0.00856923657220654,0.014004736417470465,-0.04007717265219868,0.0009783272583763214,0.00815251670420536,0.005188750413350318,0.04694118807422987,0.0071118387781834436,0.012195149429565122,0.004147280949381882
2021-07-30,0.001510251514757588,-0.07564890713277761,0.002664559717252102,-0.008272835866385053,0.01044038179977469,-0.007740627275922396,0.002320950593756921,-0.007974003556012188,-0.007381485408993749,-0.005637487745477454,-0.005549854377788099,-0.008289885631739935,0.019715946443124688,0.014541928508582602,0.00033981532393223546,-0.02307827761820813,-0.004856470324620887
2021-08-02,-0.0023306807115255346,0.0011690369463182027,-0.001483381942252393,-0.010427725195945814,-0.0018617283401639595,0.0009503353903392853,-0.0029553942408490075,-0.0040188811927234225,-0.0276726655218148,-0.012208726258054803,-0.0003156820298587659,0.012872195665217134,-0.002460615239728625,0.032697928666004517,0.00812680151582712,0.00017349281262024618,-0.002097892722903172
2021-08-03,0.012644412003327776,0.01043374884144277,0.004353393835754282,0.015542649477355619,0.014338418428091693,0.00575075100751854,0.0144246215087247,0.011378150107983043,-0.020412525007912574,-0.00201742873316213,0.008075053122131859,0.0032911713406855725,0.014589926212389859,9.862621233169833e-05,0.01523200311333417,0.010767886771582358,0.008135402453661733
2021-08-04,-0.0027823003707436733,-0.0034222398904129037,0.002074938611182242,-0.007262935066627674,-6.919672695793189e-05,-0.003719907735134198,-0.0049108338110435135,-0.010792358943848557,0.0011152315130762425,0.02186552240884887,-0.002124513610096357,0.023164543663390713,-0.010559508078951008,0.001662548831768751,-0.000853216261455847,-0.023367669763401655,-0.004918921107753049
2021-08-05,0.0007486598605712658,0.006340362999381677,-0.0002665115182786115,0.019597085028473016,0.01873400728288832,0.008333090610541882,0.008477185157735212,0.012629097813841694,0.010679200192164506,0.011283782036671797,0.01050573794637888,0.017904528104093487,0.0004913128312606929,0.005218642492307302,-0.024552844729649026,0.006333595296598826,0.0063330339024296745
2021-08-06,-0.00476729007253196,-0.009197334693852421,-0.00459328437939166,0.028959886653088462,-0.008032614569490448,-0.0037653385075425705,-0.00981663274765665,0.028403645244503783,0.006963335471162679,0.0014878978130679066,-0.00020732232717124432,-0.013131754669755358,-0.007648889193269337,-0.021731523084098314,0.009557566155390163,0.011538352951559583,0.0016522765507893666
2021-08-09,-0.00034226624021815866,-0.0009177334401756498,-0.0015451262258731058,0.012951410592370927,0.001910702655067098,0.00865280250518552,-0.003274208448846294,-0.001079517062258617,-0.010279567212689744,-0.005227126955248185,-0.00390406772883789,-0.0034859790223640275,0.005445223669991783,0.020969779282747014,-0.010237946823363653,-0.011406737982689319,-0.0008135817953219826
2021-08-10,-0.003353777019963422,-0.006340816609805455,-0.004992952792452265,0.01868697832604993,0.0058117981868819335,-0.0007741333025207409,0.008273461756371558,0.012267255284534428,-0.007661504792754736,-0.0013271819127294027,-0.0065547541237043205,-0.01768932914357524,0.0006330373011529389,-0.005281893495678203,0.0022148241853297,0.017132914389046183,0.0012439189713842058
2021-08-11,0.001785184830386477,-0.008603643493863333,0.0026751279498411495,0.012551270909090473,0.0028667826772625915,-0.0038593932561364896,0.016652423414118322,0.011930170454253375,-0.00978698739707462,-0.003239863502464968,0.0017808571943291884,-0.011888044364491313,0.0024598632619281524,-0.0030563570472872392,-0.00981129225799815,0.002921875063172541,0.002484967228572943
2021-08-12,0.020773605638319426,0.003459810192938395,0.0014682496411180246,0.004767314699096525,0.002385788545617107,0.006714081328886179,-0.008842803171638991,0.003909174276596428,-0.006204354676178303,0.007473012839710691,0.009966457425047093,0.010457353209181397,0.0023141746110553196,0.020386528392057013,-0.004365218878880306,-0.0022616934528572052,0.0029969059734291648
2021-08-13,0.001410632028535419,-0.0028848279463596915,0.003923270863713579,-0.012336774297349695,0.005523666697046181,0.0038886244874756226,-0.00808298513724004,-0.011187392995354428,0.002127002090189567,0.0014613314496323415,0.01048977976454668,0.014217399120916685,0.0048269848578357255,-0.007033557040173943,0.009138835317321181,-0.010113278855261143,0.0018199300325523193
2021-08-16,0.013547456015684078,0.0015239472057770875,0.004072902280143342,-0.008167112136196475,0.011254407763979124,0.0042257442214710395,0.011257756189395174,-0.006563418024844281,0.002232863116195194,0.009306804707717165,0.005975763553571767,-0.011788796297216853,0.006961754071824977,-0.0432254973537064,0.01840493554192446,-0.014620499516006968,0.0023546697234835268
2021-08-17,-0.006153515150620459,-0.01728702615047184,-0.019359172361085863,-0.004843828070341116,-0.0011482574614256613,-0.011915260955697504,-0.04268007841601684,-0.012080784162606828,-0.000907795321279159,-0.02212453332948805,-0.005159449469590682,-0.024661833556961832,0.0016591146577422666,-0.02981764971635026,0.0109535823570317,-0.006793037433358684,-0.00655524972964705
2021-08-18,-0.02550130280088425,-0.012566487390164305,-0.020305446863035925,-0.007301315015205145,-0.013551816607414668,-0.008872341753960011,0.002494014100555386,-0.009107451706387493,-0.006276893791853366,-0.008369275181212443,-0.006119383444924131,-0.021482034626569613,-0.010905613933394398,0.03497015710402862,-0.010574133027082544,-0.021058183337086867,-0.01094516002019097
2021-08-19,0.0023229742171395618,-0.0042078187123096855,0.00972344453463303,-0.014709196102155042,0.01804085859320348,0.001705406154535627,0.004198383808753148,-0.008356077986992672,-0.010084559404985982,-0.000928622789549638,0.020775176038294152,0.039810569479292957,0.011793588629338547,-0.02252568828990298,0.025328317644997878,-0.030520446425586933,0.0015483891007073147
2021-08-20,0.01015689998446212,0.003827154714335368,0.0034634376514217635,0.004478678415247073,0.01041242972903289,0.012894489137579512,0.019634688065002237,0.0028521517179385114,-0.006493034098212003,0.01196779120532021,0.025575553497805048,0.051419522204442014,0.0006894827310914842,0.010082056516856674,0.004253375401805259,0.00018972001466721622,0.007957109392698669
2021-08-23,0.010257125088686259,0.02060035500127988,0.015320812963043107,0.013376127870567522,-0.00884544060816661,0.019005955896830073,-0.00455593691324252,0.012797188579098506,0.016958436076487393,0.011075026585947167,0.0009528316166513839,0.054861663708849706,-0.005100294483516787,0.03827951753459802,-0.010123190885823585,0.04114512712294016,0.008796385595743583
2021-08-24,-0.0006010963756118981,0.012220318769066596,-0.0021141989330356603,0.013933121392640802,-0.006901961768198905,0.008711666072927393,-0.008665412515579396,0.006190494532313684,0.002133064105256821,0.005944690058349966,-0.006663472149619598,-0.007514391084031069,-0.008105067580834957,0.0031006472789958384,-0.004584233562608175,0.008195452135956183,0.001587588834389475
2021-08-25,-0.00842145348643819,-0.0019965141547840792,0.004112570217204459,0.016152272228808107,-0.0012397536701002076,0.005787258106487503,-0.003139710016026309,0.02061230810356518,-0.007407985742746592,0.00787946879543533,-0.002015813685606105,0.01927228125618674,-0.0035619991623985214,0.0038250458739306215,-0.008667716644976897,0.0018061836696976474,0.002098324950715824
2021-08-26,-0.00552713357882717,0.005098257262930783,0.0048198731115074445,-0.0026095874435423383,-0.004254926393198133,-0.004493876727756585,-0.0074098429303947055,0.005157952699324397,-0.01737679074271503,-0.01088518725119747,-0.009668373026567978,-0.006527785104691319,-0.0017524504089011517,-0.01411697599720807,-0.006885132591546217,-0.013523280130414372,-0.005903032340279446
2021-08-27,0.007184528234449372,0.01014175672465778,0.02099896750764696,0.010703977916964647,0.002292610578376042,0.018124151760219087,0.005910138044907809,0.008037228431130305,0.008133524150674365,0.022641135804730705,0.0021063734435942116,0.025738624039428393,-0.0007725343165523313,0.015346011908018431,0.0045819308456089836,0.01937493779302435,0.00894082533909013
2021-08-30,0.030417384278186743,0.021476998866989616,0.005948258626894409,-0.019533992811370138,0.012412535585924367,0.0040727365900921075,0.011503717445676687,-0.01600746629579186,-0.00753388900285934,0.02154937978938687,0.012912029059945818,0.00229729863252337,0.004356908072358445,0.02667435264494311,-0.001098478426053262,-0.010937610738224968,0.004397578871769392
2021-08-31,-0.008424893831665337,0.01438520002272603,-0.0033673820512512,0.0021603229724307393,-0.0009648655608462953,0.0007398331685775084,-0.002812619219613288,-0.0030541251465477925,-0.019317125362673382,-0.0033625740790359515,-0.005632509583446965,-0.013181107438832607,-0.003778056068081015,0.00658083407543808,-0.004853032263073542,-0.011602732145525985,-0.0014815862862954665
2021-09-01,0.004478670799148654,0.0023654092095504176,-0.008145547963608779,-0.013412919612178276,0.0022612934984538313,0.003579981302157309,-0.002742615769267598,-0.00143777574557169,0.009646530292828137,0.007037908474707866,-0.00016590160035900858,0.002501694407013977,0.010183389940169985,-0.0022155233598404322,0.0025945836161958002,-0.013756439046418323,0.0005315414464588386
2021-09-02,0.0074750899387199254,-0.004564478889317991,-0.0025549652767342668,0.0009761499246996319,0.00974763816574975,-0.013280221481714816,0.012668307347276642,0.004632956181521708,-0.02371473028702198,-0.017720234243863375,-0.0022526580328384727,-0.0020051336463350333,0.0007648486780755803,-0.002315788147756681,0.015239026424981983,0.024363085723453803,0.003076629770161876
2021-09-03,0.004230358462514072,0.004311086264728647,0.011750643157006246,0.0007312691797816129,0.003427428160955426,0.0031580346730382125,0.00793312284133374,-0.006045115597388517,-0.003076790528665607,0.0026113934547784545,-3.3155827246833525e-05,0.019958662955964712,0.0006944640134998181,0.0016111325842673718,-0.0020062018479555244,-0.003812761132230169,-0.0002427409212601983
2021-09-07,0.01548938321536908,0.008982024369138308,-0.0021904283515516987,0.0065775436890314065,-0.006377713077077463,0.003763849715545442,-0.004207735718438799,-0.0017554722606304418,0.013167536191164508,0.015733727569494427,-0.003188101448023839,-0.00792339761796046,-0.0037486814046150396,0.02637783858939624,-0.003831028650198909,-0.005831906981851098,-0.0035756168152271117
2021-09-08,-0.010083748291130568,0.004619174430729789,-0.004450331589048173,-0.013068919247269384,0.013272524096966665,-0.004085816641199558,0.007995157410942255,-0.004459743383769754,0.01836344255156086,-0.012062332181151159,9.989417953781832e-05,-0.014253023511104357,0.007595469659455789,0.0012617502122473923,-0.013887521121920265,-0.009165752642799951,-0.001218355666616433
2021-09-09,-0.006704642575471098,-0.011726004336084506,-0.0018001322084245652,0.003678280859204186,0.0005155119671338415,-0.0010440477296080886,0.0005729144884991655,0.004353432450745709,0.0010539622806611249,0.001138983960218054,-0.009859591651491084,-0.0072516287010732094,-0.004218713943681784,0.001313231087076927,-0.0020223283855819174,0.0007400168828717302,-0.004280143113706281
2021-09-10,-0.03310191326608114,-0.004308001431212238,0.00944292886878495,-0.01612506084415133,-0.001674206594244998,-0.018566156821389623,0.0005425417524149712,-0.011495640321518064,-0.011439580119386838,0.0018253903150819983,-0.00518096215651509,0.013572504502622484,0.0009724512230253612,-0.024627038366134335,-0.022246366233372283,-0.0020337887217530826,-0.007884312584213293
2021-09-13,0.003893334673876314,-0.0034532897607970625,0.0016260187130432424,0.016637495640152045,-0.011823946517505624,0.010339057889513503,0.010543952234005838,0.015886876218476287,0.001237829926652223,-0.005756710549422173,0.004328538058149256,-0.014502934896094444,0.010753811308241268,0.00914066245943812,0.026268274758357135,0.025750342049549957,0.002559109359652423
2021-09-14,-0.009562106275647353,-0.002073980962099431,0.00583209932984774,-0.026868644990101442,-0.0027192626059542313,0.0014893141064769022,-0.006946053169386901,-0.017452447381722247,-0.00580773926965783,5.2971388838862765e-05,0.009427715176012708,0.004062584824124027,-0.0017157762521514686,0.0020053498586631857,-0.004776638588858018,-0.014267796316900339,-0.005396652739992902
2021-09-15,0.006143532148634279,0.007475391332653958,0.0156813101260036,0.00753024335491892,0.005060921504415727,0.013223945750857391,0.0007505160179293036,0.00693935083142061,-0.0030363927505772104,-0.00693162057910246,0.01677876258417732,0.0044510538749553685,-0.002131746757914943,0.015231899000174076,0.01207168213349119,0.033712109707824345,0.008352642900055995
2021-09-16,-0.0016104121631290713,0.0035819053548502566,-0.004688682321215554,0.007723133446582597,0.0055997940203265095,-0.005674048763352424,0.009058933870484509,-0.00044263948533940223,0.0045249542092344885,-0.0023000397119699034,0.001312338678746583,-0.004431329787334182,-0.006959760681913396,0.0015347617076681974,-0.0016287861373439627,-0.010634605100405481,-0.0015851734684065866
2021-09-17,-0.018348130353587067,-0.007373319866162298,-0.0026606698051500066,0.0012359913721886606,-0.00820188693777324,-0.019566759440002746,-0.002140361815485603,-0.0025933810220937215,-0.00944242890426128,-0.022355458939028572,-0.017528541672705567,-0.015376321060209808,0.0015959653205250834,0.0033025333532406,0.007964690852829026,-0.01182350377702468,-0.00974099055339206
2021-09-20,-0.021360635353258828,-0.03084174438431353,-0.02209501540604175,-0.034320804516999925,-0.018215014662339213,-0.014776368293057951,-0.013286970462254688,-0.02993397505628237,-0.009765599532182034,-0.024731293418916334,-0.01857465805403069,-0.035935940269006594,-0.01004546268568618,-0.03860484330594227,-0.01775519190301378,-0.026649890334489945,-0.016674286273404948
2021-09-21,0.0034279020706684538,-0.0036057473697842513,-0.00046800458436935255,0.0005109233879656561,0.0021499180526740602,0.002260015742086896,0.009088122884614247,0.0001308633525765046,-0.006800457808477156,0.005004178932615844,0.0016991691185406221,0.00629916640874284,0.0015395110077829344,0.012613531089680885,-0.0008724396689554492,-0.0009312236552719844,-0.0009447012256500464
2021-09-22,0.016872110252730277,0.01089234819407503,0.019552033059109686,0.025811607946988335,0.00048675721126123506,0.008994134687877464,0.005116414249390244,0.01915270044773032,0.017873180938524857,-0.03991842613994678,0.012822260736844004,0.03271220861586199,0.0034241522756286447,0.0169871810945057,-0.00882750139813926,0.0292690897892518,0.009754966704470514
2021-09-23,0.00671934027556409,0.01063594079605279,0.007411496695128195,0.03861471579564513,0.0009947300711989904,0.006647360042960404,-5.9547112918778566e-05,0.033801502131020955,0.03104170628960934,0.008012506121124474,0.0032820007240657034,0.024657052875156404,0.004108505875372703,0.00226081461648886,-0.0016393313861832182,0.03387077143010275,0.012149867516689339
2021-09-24,0.0006127803214954763,0.0027868730462519142,0.001229366869898385,0.010793978896334488,0.03306247727012668,0.00707432394916685,0.004703391793575928,0.011539889204792875,0.011551265765248786,0.020233568314597106,-0.0007009174265476537,-0.017836546778981055,-0.0044385846108428995,0.027533059916662994,-0.0023282466525332834,0.00893483147049845,0.0016474215453019525
2021-09-27,-0.010549784060053247,-0.005756835077931344,-0.00013855359730041705,0.026578210922079792,-0.01537146560442737,-0.008037027948252562,0.0116152792860853,0.02416593262749145,-0.00388103752732194,0.0017565531403687107,-0.017304378914155483,-0.019066205014850235,-0.013166200686160034,0.02191406322043732,-0.004446319485158057,0.029692501525665493,-0.002861015599273986
2021-09-28,-0.023801349335554778,-0.0263784679831095,-0.02739431505100065,-0.002311510833496566,-0.028682400320889978,-0.03715848959755186,-0.022289927753916472,-0.005389917425599133,-0.01566827783526903,-0.03656880041669652,-0.036203487296088244,-0.04436740116132598,-0.007553343726591777,-0.01743835612317879,-0.016408637826762607,0.010455370238880546,-0.02015178920225713
2021-09-29,0.006483175680868092,-0.004475351789266391,-0.0031364094606648463,-0.0020854254608120293,0.009925233401051115,-0.010870288624787783,0.009376863834261506,-0.0007826964941377579,0.005723670328203978,-0.0030529582987294246,0.0016931169757490316,-0.008792761468194077,0.010171255315983174,0.004822778775393388,0.00449047571465,-0.0006675964082614172,0.0016830550610638095
2021-09-30,-0.00931203351764065,-0.0048710792439015105,-0.009295569649459212,-0.014394983967751296,-0.005400911996011226,-0.0050427047334346,-0.025732132481700365,-0.01361853172398697,-0.01560063079513807,-0.0006475347710608315,-0.007323882798293546,0.009699287525899658,-0.01563169804646347,-0.0074618094773734045,-0.024150524731842204,-0.017702044312411958,-0.012222130395671993
2021-10-01,0.00812717602629709,-0.0005418778291703674,0.00499047918582507,0.014840837654047201,-0.0022697886225453434,0.02144753247682285,0.004873837753713195,0.021015235543191402,0.035952596298496564,0.010665984063003231,0.025468033823629055,0.0012551175980790585,-0.0015731145586153072,-0.0003352887910832436,0.004325350961119634,0.035872106245701696,0.011884110234545275
2021-10-04,-0.024605390559472085,-0.028471678341373097,-0.023391811870868695,0.006035433460215289,-0.01826805562806122,-0.021117896470333353,-0.010277121612451534,-0.00107699565039443,-0.04436667850669718,-0.04891996198098458,-0.020719512055168643,-0.048693522897039876,-0.005660158025031281,0.008139621398127295,-0.013811378793204487,0.012965829571894405,-0.012896146246488494
2021-10-05,0.014158068341894925,0.00978753803838428,0.01989697671700963,0.02030452876760469,0.013859273111857862,0.01768290375428716,0.00922017729800051,0.016330240955845232,-0.0028763843582344517,0.020629726644818103,0.019956976833473528,0.03643815479796264,0.0038906913294587397,-0.001202850103416031,0.01658866611696408,-0.0016202804062671605,0.010404949891099191
2021-10-06,0.0063074287752444835,0.012732016728672857,0.006922004630436351,0.0004524576414721704,0.006947135227262757,0.011336354809064142,0.0026705410366725246,0.0021343275843150877,0.015966961274666458,0.002042225435956002,0.015064394190160701,0.012175504078298482,0.01334979219539556,0.0027671424905384434,0.002084112662308124,-0.01833811617625869,0.004156138587090741
2021-10-07,0.009084645471394648,0.012391203105561077,0.010515978315993602,-0.0027126548355103086,0.007855817143405108,0.01206714192411762,0.021552401400968257,0.006330586275621108,0.0162527467450595,-0.013247641402554522,0.005936201092180848,0.018116047408174074,0.008003311076569375,0.013874260399496352,0.026506121395668103,0.002810309176736192,0.008645700908343157
2021-10-08,-0.002722143621956885,-0.004181805261295635,-0.002166460053443675,0.004986487355995051,-0.0022522879688998687,0.004025695278851993,-0.009304051222061571,0.0007644490536355963,0.0029669525219626625,0.002521037896964451,0.0,-0.011577760006703741,-0.004145338724022785,-0.010231834522373306,0.009290708708527884,0.025057791145576713,-0.0018238170984015145
2021-10-11,-0.0006297421037949613,-0.01286860335091844,-0.0010349166428337275,-0.012629932879675843,-0.004758050199178632,-0.006234407793950125,0.007866162672487409,-0.021031480761292354,-0.022002680849528278,-0.013937264386703396,-0.0021025853762722813,-0.00652876770094557,0.004162594086481786,0.008211528565575943,-0.008495305825075294,-0.009971177272850684,-0.007239685175141619
2021-10-12,-0.00910303853035166,0.0003172745113595443,-0.014339694558815452,-0.0054819280436607665,-0.006293168393907478,-0.01774492402163086,0.002463075252080449,-0.0076812180108162265,-0.005213788173116907,-0.005162143075467918,-0.0045879673088267126,-0.001159696068568472,-0.0014756141743871298,0.01740026730336086,-0.00432125266585226,-0.005198127628796456,-0.002461636683399049
2021-10-13,-0.004239812696770429,0.011378601203982708,-0.0005562329000871058,-0.009186876225255491,-0.0035132602112016853,0.008303529518339792,0.0014212194283507174,-0.026366878824216733,-0.008658024714364831,0.0023781998348473277,0.011710830057998445,0.01296508273479735,0.0023223002028496254,0.006652379022320076,0.0007687840531571677,-0.0027759645276119738,0.003597672342952718
2021-10-14,0.02022541352977214,0.004743759227551214,0.02595813874356767,0.044738073204626305,0.012036791773798239,0.025940785508212327,0.01705648796509318,0.01534163238379227,0.006513614950899527,0.01229429029512663,0.021734083705009066,0.03854045561220798,0.011302854859156275,0.008926471099504285,0.04165542123082555,0.01522836379986292,0.016820657889069057
2021-10-15,0.007512566977849078,0.03308023939004423,0.011354454699077365,0.028844172137263424,0.0038388581659292154,0.001537397312152411,0.01848572299993645,0.01920846879972915,0.03314191268933908,-0.011475228736142151,0.0048223702035654625,0.005334367634460602,0.0025686762415768616,0.030195999501915205,0.018341541338736,0.009516137645368516,0.007615786254021595
2021-10-18,0.011806346447103655,0.011064772529006062,0.0002187319722153358,-0.001941243102057566,0.02113219613892703,0.009974208327460765,0.013127659539470926,-0.0003600981175819751,0.006853842867083015,0.03257775705257315,0.010124649016633791,0.016466953839095355,-0.014402485729315129,0.03212224493643445,-0.008059531799549435,-0.0004793560780542716,0.002960552661669169
2021-10-19,0.015080072865035099,-0.0007514424560826072,0.013966061637804339,0.00432180567580942,0.01110504751983954,0.0032146249390676562,0.008394042982832861,0.012128484517428095,0.010210868368315307,0.013866687682908996,0.0030590014322777748,0.0030600045756434824,-0.01180289681017721,-0.006711860640270406,-0.0005652218320192359,0.015025649978599231,0.007714809565955605
2021-10-20,0.0033613329043133966,-0.008446195751808605,-0.001959400061421035,0.01312362052670868,0.0057590365564283985,-0.01024870703788916,0.0006705325837637055,0.013466110319191982,-0.014719667593134589,0.0023234938709781883,-0.0026604289285561133,-0.008389641271516424,0.003910641253099367,0.0017703140411262641,0.025236951231984328,0.005511734936517465,0.003927772268955021
2021-10-21,0.0014738227135522308,0.005841756945129006,0.009344745820961009,-0.005521029844902436,0.01588022747814022,0.0008252632492165013,0.017837749178934992,-0.007843464044506865,-0.0015696140238117273,0.003228000678497045,0.01089767296620181,0.026648242490065588,-0.007197240359738788,0.03257101073349511,0.01652534486995405,-0.018167474417050467,0.0026082463005474565
2021-10-22,-0.0052849069486897715,-0.028954833317208384,0.002450402108898242,0.015801829966952452,0.009974006702456295,-0.030443465154606608,0.0037571871104473686,0.013451118148505747,0.006906108359176599,-0.05051490726347918,-0.005148508046049938,0.0014983968669608494,0.010765983161470816,0.01753910755951127,0.015555699894291175,0.006859075622701827,-0.0010361733490819036
2021-10-25,-0.0003363964012930154,-0.004550989805058192,0.012922038854890294,-0.0012614264082442261,0.016826206406059363,-0.0008686905939349066,0.01439943646565256,-0.004889843358669821,0.006105659315045697,0.012569021362612398,-0.0033318844065050035,0.019361036674805154,0.0001418737540381798,0.12661598362581983,0.0007347458198796453,0.01948673845368365,0.005362794981053742
2021-10-26,0.004574893171846561,0.01677526160393561,0.02260205712267971,0.009471619973376644,-0.009324622327937071,0.013543467875412274,-0.005548956974716135,0.002691019290727681,-0.0098096931136753,-0.039185844987205676,0.006425782377613265,0.06695146341079061,0.014199673982158378,-0.006274050392506725,0.0114572629952705,0.023154526960974975,0.0008999524758572797
2021-10-27,-0.003147593780793545,0.004863638245470758,-0.020154512677529324,-0.01918258609141732,0.007373346443148243,0.04959487965136855,0.008450783899651482,-0.020828547960143107,-0.06045003628817247,-0.01136768237437058,0.042114197475829895,-0.010761673835728791,-0.007140389239184253,0.019078438805710585,-0.0025512409651053947,-0.02597199115846538,-0.004430178324760337
2021-10-28,0.024991515278054655,0.01594115275917063,0.012349239350523122,0.01573137842990935,0.004525833941801283,-0.002520227324105062,-0.0020144010414674396,0.015074770985266772,-0.008012594583372556,0.015053758149107477,0.0036513810570319993,0.02003991708914321,0.0059931572016835855,0.03775074872979922,0.004321982417071268,0.002806791777379969,0.009648802861190964
2021-10-29,-0.018155427986625394,-0.021511245053778105,0.003965398689694366,0.0,0.002059110937823627,0.015063540135902054,0.00045760192683719225,-0.002758975948669695,0.007476663919350868,0.02098295525783067,0.02241387271794526,0.025099108096103828,0.002172687644644844,0.03431629436179362,0.011044420201922645,0.002488096866430922,0.002029131905935788
2021-11-01,-0.00560772873602966,-0.01610709978002456,-0.00680877215807274,0.0014647667772103024,0.0006712628767795437,-0.03072697636782651,-0.014149620925033024,-0.0005295193574340606,-0.004381178650932571,0.019810257045364876,-0.0067846205738699705,0.010169533844721856,-0.002447674455640425,0.0849102277797451,-0.013812194980545978,0.017992756615335725,0.0017202648567766765
2021-11-02,0.00711614397856164,-0.0016154097805501921,0.017081799420066046,0.0006270670554702207,0.010409178756976667,0.01348801160869173,0.0022101581979245832,0.003945851416281565,-0.016674193572823293,-0.00575798829143237,0.011415834161162097,0.022224823841243246,0.009954971910215438,-0.03027499529203259,-0.004558136783776479,-0.012341953884462464,0.004042949796638551
2021-11-03,0.009798797171699958,0.021507811127532195,0.009868315962053842,0.010233992890603671,0.010744609661357263,0.00801440739127246,0.004573956913971999,0.0003517454547985466,0.002892303150576092,0.010790140455884556,0.0026113427372402853,0.007461662244351075,0.006872113079636533,0.03571673801973452,0.011702409879777331,-0.013730372758443243,0.006105331405791281
2021-11-04,-0.0034985971007710503,0.02748232410840923,0.011523595805091658,-0.02150076354186925,0.026456975195968457,0.011387983432685989,0.00869983435056687,-0.013135428646619873,0.018212838869785974,0.012755643631885194,0.007305506337849765,0.120422774771481,0.0018614630515807473,0.013222297879683653,-0.0012463431956867277,0.0075083798384247835,0.004712491219333703
2021-11-05,0.0035822946466801397,0.01207642928374364,0.01877433629120806,-0.0076062194951714845,-0.004848647383571714,0.003942351252712806,-0.010156415540509167,-0.0014262148808936725,0.03982985438749154,0.015721315244968004,-0.0011293619551063783,-0.0016443487640703802,0.004954523753891049,-0.006358169933862068,-0.0020798547472243856,0.00947050083237877,0.0034697206735829766
2021-11-08,-0.0055528076944504345,-0.008527948857282919,5.361132722070394e-05,0.007877275208830081,-0.018143883217201173,0.0012024361467881661,0.0005157462749203479,0.006010417101586674,0.002522980954664522,-0.0073580654320916095,0.0027671269455920022,0.035358954250112706,-0.0074637545318746445,-0.04840070953386311,0.014940380838535328,0.010765974971159054,0.0008537375219057619
2021-11-09,0.0024595455448270798,0.025007238016599764,-0.0020572151231597058,-0.009716996640947495,0.009725813868765698,-0.0007548238006869212,0.005588970411571248,-0.007571666375110753,-0.014356450195077364,-0.00959775673298191,-0.0030859792911586137,-0.004771989075613381,0.003035765052475714,-0.11990303254359846,0.0037397490926238675,0.009738183344887075,-0.003305436834645903
2021-11-10,-0.01916333528331904,-0.026334994227121156,-0.01618887498816768,0.007465795198610348,-0.0062903754863997685,-0.02031304716251847,-0.005584892004992237,-0.000953666611244075,0.03856073544257543,-0.023048935726478037,-0.015329711972180804,-0.039077599402845054,0.009835360332871357,0.043429451929624774,-0.009583550514437933,-0.019700633053088112,-0.008044809762166372
2021-11-11,-0.0003381814076266476,-0.0027425987825921982,0.012081671172729624,0.0055050233607703,0.01319450174110437,-0.000870639439460752,-0.002577288056047955,-5.955363087573051e-05,-0.010057381853125325,0.00030492508888180225,0.004927352475296187,0.031603129566687205,-0.0028607267256902658,-0.004157528824601631,-0.005457581822238988,0.001869360280799981,0.00032353342918067796
2021-11-12,0.014337168300744718,0.015162029225161966,0.014079895243818363,-0.012212962193527743,0.009742803828125535,0.019973706178942452,0.013600724294779543,-0.004474473126264478,0.025850928869940226,0.04012344810811852,0.012905039742617808,0.0,0.0010929601430180735,-0.02829310201599211,0.0034979828804804214,-0.007619240623478962,0.007546788096619794
2021-11-15,6.678592576458975e-05,0.0058238044631160335,0.004527617517609661,0.0029844079339731433,0.0052593231148283515,-0.001519953277386965,-0.004159746721121849,-0.0017981992614829467,-0.005887277049494544,0.019566298782327074,-0.0019302834541957692,-0.012010357753557632,0.005731488416866659,-0.01938224449936754,-0.017843511995158545,0.008618113740471722,0.0003424851632489734
2021-11-16,0.006666514339839669,-0.001404486161877938,0.005302303373679651,0.000637729046055302,0.013137332141511804,-0.0038800773778522313,0.05726535436056479,-0.0072042281302615585,0.0226920213653945,-0.013235108568704246,0.010235903021240444,0.00592842879322486,-0.001424620588485359,0.04079376842602822,-0.0026174421104742107,0.010097806512182617,0.003957628941204883
2021-11-17,0.016490195414897713,0.0023441312596286235,0.0015297712994093438,-0.012107056497914548,-0.0008162779137025344,0.0011563101086060623,0.006423044110692944,-0.005382447293710069,-0.028114344879193398,-0.006385573821727886,0.0006787492028674791,-0.03118894566323016,-0.0006112753835713081,0.032501208284666294,-0.0014902083005949862,-0.010919879250788966,-0.002428936011917071
2021-11-18,0.028535770983048714,0.04143700734081479,0.00907584600047695,-0.004085296636311075,0.0058521149940991,0.012101064119782512,0.02785880505491134,-0.00863362373129506,-0.030487099487423897,-0.006103946183261599,0.006339810140515434,0.0824988383150036,0.00013576916673052608,0.006767610267700563,0.0011583405407369352,-0.0108848248107275,0.003396148044585212
2021-11-19,0.01697602073421578,-0.005273114275827329,-0.010594794654518291,-0.01986185281468089,0.008349696186961797,-0.006086591071905345,0.006997687542662501,-0.013063738228384913,-0.02440974940170859,0.019516466709722957,0.005391848208673666,0.04135702315502621,-0.0020392420522759025,0.03710391800920432,-0.021069343499233728,-0.04621907727605812,-0.0017881655202759417
2021-11-22,0.002927627033648461,-0.02828730052206352,-0.027148792687001544,0.019383131528332376,0.010978376539197976,-0.017622847121620544,0.0002448119933486925,0.021315084415148844,-0.05422113864262401,-0.012423839482406218,-0.009559717624495256,-0.031195583472649724,0.00667479924936365,0.017422122080461122,-0.0055908830044080204,0.013845453746262892,-0.0028152744155472975
2021-11-23,0.0024219732856336496,0.0020909577736383245,0.003325650860368068,0.026361318358408825,0.010395435588906432,-0.003554379729527102,-0.0010277762503235754,0.023912419369342297,0.023965077214235686,-0.011026067832941022,-0.006326750176897988,-0.00657152624914259,0.011096325343693092,-0.041352932727292124,0.021917976612809476,0.026337202806390847,0.001326200714346637
2021-11-24,0.003283523890966089,0.00010331533981333685,0.006503231047018998,0.002736955175111744,0.008197770298527862,0.0023185246906269885,0.009158628765315813,-0.007844043673250312,0.033434671236747926,0.011297069985921615,0.0006810879473959641,0.029231839403091042,-0.005219648987833003,0.006284772484400847,0.006776578190644367,0.0055440694984310035,0.002669841146906604
2021-11-26,-0.03167840967249136,-0.021184701669844985,-0.02172783465420547,-0.03926076463524353,-0.006548491350196639,-0.026943676488598634,-0.022833693404042066,-0.030126871516007236,-0.04655888227074223,-0.023280353581188074,-0.024355562956261956,-0.03583870954533308,-0.00800484275512825,-0.030537595031082,-0.022769671930386037,-0.03512913913546234,-0.022303320832214646
2021-11-29,0.021873722126207085,0.016267432688752415,0.03247402082883122,-0.0037152086345959567,0.016021622397191182,0.02354375600858405,0.010230793141573269,-0.004322981928126968,-0.003578374900664927,0.01473945233167484,0.021081142826091526,0.05945472263211338,0.01051069719741804,0.050900227900227524,0.027482911928336184,0.005550993040888796,0.012266745746585705
2021-11-30,0.03157756886028085,-0.015302274022490625,-0.018889260653730977,-0.024566821281050033,-0.02793390128897033,-0.024963857356328667,-0.015264698901374385,-0.014885613817919752,-0.025045440402686192,-0.040144258086334816,-0.017942661511030966,-0.020973312898120766,-0.029794641648408726,0.006833823403773698,-0.017212425284951482,-0.028413826682082477,-0.01945760756902626
2021-12-01,-0.0032061585688991645,-0.0180634873037836,0.0019504440353479424,-0.014166806380172758,-0.017686812824875386,-0.005962192748637074,0.0036594971610546256,-0.005918198404072261,-0.027435681454718197,-0.042717126497681335,-0.0015427979261957159,-0.0378610887964953,0.012587957911104786,-0.04346763456194869,0.00027025205483743875,-0.0008353867751124122,-0.011107271865671398
2021-12-02,-0.006130006359382878,-0.0018468889124809706,-0.004163809425053677,0.02887909514704523,-0.008172404970682945,0.013573082900681932,0.018355485012274464,0.02102705852714304,0.0454487777760777,-0.000676056728213914,-0.0017874077857250592,0.021981893387789775,0.005874516745932867,-0.00949773919092467,0.003780811007440432,0.024920546531610466,0.015316396738686455
2021-12-03,-0.011724214168185032,-0.013839076006382012,0.010263360921553222,-0.022722147708588936,0.006508102998164178,-0.006746202908500254,9.828803279021692e-05,-0.018112852882087194,0.005964823580800527,-0.01143717710758696,-0.019666634407765393,-0.04460554674900152,0.017791639290332117,-0.06419876077133224,0.010684421966918434,-0.006364246848425292,-0.00870130242424827
2021-12-06,0.021502878733374642,0.011086219388703134,0.012291175840054791,0.00638246832157896,0.008072874336141345,0.00812305802798341,0.01934742663420086,0.011813926297734145,0.03483273797279085,0.0359468823975031,0.009844866025984889,-0.02137295130068062,0.015145362800394135,-0.005872086315763081,0.024014069621022482,0.011331835073576269,0.011843166353848744
2021-12-07,0.0354459995680283,0.027986504263362688,0.0449927502392502,0.01268398153283301,0.016541614818536,0.028741599993384437,0.0011544384026334065,0.015047281615317765,0.018540158189955358,0.015541038950241282,0.026763614085764553,0.07956835375492921,-0.0026288055985399517,0.04235837141187604,0.010041067028887518,0.011205077618763104,0.020684975326404897
2021-12-08,0.02278323072092614,-3.689871657430732e-05,-0.0031165580933743,-0.012301349289934427,-0.021973501946003227,0.00622659155991756,-0.011845614902756596,-0.011441183360322071,0.008335478869976098,0.02400779782915108,0.00014897974770056166,-0.018533828187948576,0.004480926384177408,0.016363195584229162,0.008886786542117386,0.0028905691228100494,0.002647895386734156
2021-12-09,-0.002970202497870944,-0.011279643604146683,-0.008733251152056587,0.007472734288595628,-0.010903511345601857,-0.003697793130666094,0.0002186403411543747,-0.0015555975040416614,0.006368070108452972,-0.002238522008383481,-0.005582330357163823,-0.04197822349707847,0.0058387684130407624,-0.06095644581905246,0.009512530429331534,0.002562090870052547,-0.006751578152863202
2021-12-10,0.028013252403343403,-0.011247564604614624,0.08271928658053529,0.0006743264993227527,0.06577956380242789,0.0024584820703357213,0.009870319539949213,-0.003988580637549699,0.015674077271354614,-0.00021234425448068972,0.028339804196270357,-0.009576965591693853,0.01395786247959041,0.013179927022311633,0.010373510244413797,0.006388752996823843,0.009413560898302364
2021-12-13,-0.020674294372928004,-0.015356076499860039,-0.015862557828756563,-0.021113994797980706,-0.0028633265085792337,-0.014695706904004013,-0.024458396544246086,-0.011888420974047076,-0.013174484333270065,0.014374537582524605,-0.00916689762616607,-0.06745493356817522,0.014216011678441776,-0.04977243020772948,-0.00018802088492841929,-0.021901419050784576,-0.008858506943847377
2021-12-14,-0.008023027742895095,-0.0028071293797337082,-0.010857824467048971,0.012620409468504956,-0.021320048428230876,-0.013162797101764045,-0.007501777021707401,0.007662127593446977,-0.01378481374316054,-0.0022422637032942783,-0.03258695133591116,0.006249895239030412,0.0036783817217282966,-0.008174578197676419,0.002760479918986869,-0.0014600794029205888,-0.006879895525122248
2021-12-15,0.0285090037675102,0.024977573145925636,0.04057487145071992,-0.004305573618256009,0.03693092306529211,0.017608392663278405,0.013948283834467112,-0.007478190873167034,0.0170313917898961,0.023731207637477603,0.0192180469530705,0.07488448394172531,0.0038547384802327667,0.018236618133556703,0.03111832422527483,-0.004387571899648335,0.015624889733931058
2021-12-16,-0.039263738328979225,-0.025641174633125208,-0.029975212649224314,0.024123957600392654,-0.02272411824787801,-0.013629968629487288,-0.020303632979705055,0.0156388693829268,0.018969161323516115,-0.019785832769525502,-0.02913490360150839,-0.06802596544424055,0.01416350883809736,-0.050277132790258694,-0.0030745043258290083,0.0016322092351006567,-0.008818420655059445
2021-12-17,-0.0065016917367352045,0.00678920370502567,0.02300686598908208,-0.024889068990350927,-0.00908365832340452,-0.0188305736906913,-0.02890892881605911,-0.02275403208595017,-0.010228765410711715,-0.003314314951956665,-0.0033856246470678197,-0.020643134448008915,-0.02265555915485029,0.006095449446181567,-0.011646131380826708,-0.021834773542490415,-0.010642922411827516
2021-12-20,-0.008122063996846673,-0.017283556389377508,0.015859335857675294,-0.016408047688896144,0.0017347638539697563,-0.000832895894847252,0.003659761336183287,-0.017989256675926657,-0.0351838265906117,-0.02498582411927941,-0.012013549152203984,-0.0029496373650794716,0.002540475946893661,-0.03498927121736173,-0.0069593707497173085,-0.014492825808411824,-0.010633518351730653
2021-12-21,0.019086905929528664,0.019978649621920752,0.008284872177946712,0.023864525549502247,-0.005705972440992246,0.013173830045096091,0.0027480138420401534,0.013966086811579403,0.04070961887662361,0.026885748740199666,0.02306903585629083,0.04891965268220022,-0.0006336431381683827,0.04288056302579579,0.00719395859748051,0.022650367725098874,0.017759040998880593
2021-12-22,0.01531879790726598,0.0036381058820253998,0.013864741820210691,0.002036521880568909,0.007773847608548934,0.020509205750215864,0.013240479281864115,0.003908173450631436,0.019216731969138312,-0.011220771415506148,0.018057182152917628,0.011177910535307145,0.009888427344121764,0.07494705523716627,0.014203326835473318,0.008099354563378292,0.009998847623980511
2021-12-23,0.0036437942541034385,0.0001841364158221559,0.01465212378108749,0.0031616858344247767,0.0012734565715670776,0.003425317761460711,0.0036144219463822846,0.003573791388918224,0.008671704565683669,0.014495299575786325,0.004471923424026247,0.008163210386507913,0.004895960702723912,0.05761886305530961,0.0025298170459993052,0.0004917521038785289,0.006221998780806315
2021-12-27,0.02297487352984695,-0.008178022851368039,0.014259968979086768,0.00495294902827248,0.023802101520365104,0.006738406405028208,0.017679554722400903,0.005722943698683647,-0.0007487462485794572,0.032633506772105525,0.0231857567957936,0.04402834043989201,0.011680076734922329,0.025248391499066658,0.008316843611928082,0.014257692829561464,0.014152242075364141
2021-12-28,-0.005767373695993339,0.005843719029521299,-0.007830577030967012,0.0013440263859425539,0.002076430974633059,-0.008245093035608275,0.005271160093063276,0.0030350182794405267,0.0013043946846522658,0.00011531355077143424,-0.0035042609171294092,-0.020132499016224825,0.005371457231419852,-0.005000275342793459,0.006886958436073121,-0.003231645013667017,-0.0008174758255505843
2021-12-29,0.0005021494062620313,-0.0085549217086347,0.005396148003987911,-0.0015660363597062021,0.005543702962284014,-0.0002182118201632388,0.011372930652934876,-0.000504359219143824,0.001413620268084781,-0.009473615724576057,0.0020511865929127016,-0.010586306284775637,0.008290194942641271,-0.0020947102761840197,0.0052489809066176285,-0.008753238683344877,0.0012793446724359558
2021-12-30,-0.006578338286302277,-0.0032890070546229833,-0.011195157961015556,-0.00224070382323871,-0.006798881293232917,-0.0030989277192223774,-0.0021904761748219315,-0.0005043999516443076,-0.0008301996560564628,0.004140595841840566,-0.00769116964514327,-0.013832817559915944,-0.00864838009559632,-0.014592268383646134,-0.002274525348387346,-0.005887238688394358,-0.0027644077685581303
2021-12-31,-0.0035352348953684443,-0.011429400216389607,0.0004958482001107267,-0.000898294340859418,0.006720883908454933,-0.009223574839805737,0.012367740736137334,-0.0008203442815234441,-0.004626274124980623,-0.02326045859468817,-0.008841465058273545,-0.005915152417102165,0.0049764427030827285,-0.012668840823859995,-0.004539873996813437,0.006580171285678338,-0.0025202923612315242
2022-01-03,0.02500429237340218,0.022118320898886212,-0.0031408991347503523,0.037986015318906,-0.0017436284319015671,0.0009627638273783656,-0.01534905767372341,0.021155630447162954,0.03236680366174194,0.0065111554416046324,-0.004667889180043905,0.02414070936879864,-0.004157280835580868,0.1353166841897706,0.0002786803425933737,0.03840475666766818,0.005790186733216407
2022-01-04,-0.012691638581287079,-0.016915587005979504,0.011457804912921477,0.03919447922783226,-0.004376399996701363,-0.004082535460015246,0.010277942114534921,0.03790966596177481,0.011969191927741374,-0.0059372783687339226,-0.017147213318731813,-0.027588537317341788,0.003499296754633674,-0.041832696836128,-0.02265645790791604,0.03761424407828273,-0.000335245778581017
2022-01-05,-0.02660009274505326,-0.018893091563845,-0.04161456516225592,-0.016878430980520998,-0.025361966943484027,-0.04587655000286406,-0.013564834742779253,-0.018281997180953247,-0.003969283678075808,-0.03672778177541247,-0.038387823202218785,-0.05756239369863381,0.004526804471248758,-0.05347121367683638,-0.0024647881937582827,0.012437190311546997,-0.019201892058029912
2022-01-06,-0.01669314952174561,-0.006710981961323137,-0.009284590975945473,0.020135639923336557,-0.0002180446436221839,-0.00019963151303392657,-0.003634011060228315,0.010624076412129035,-0.009132019872117425,0.025572967783665135,-0.007902149601617725,0.02079412281492443,-0.008403977675268237,-0.02152337383085412,-0.04092401077188035,0.023520646817458024,-0.0009393949726044237
2022-01-07,0.0009882625816668433,-0.004287778294336242,-0.028067810091508383,0.021815783714955073,-0.024772968118367378,-0.005303177933422498,-0.029943689985614808,0.009908008046102479,-0.0009458613485484602,-0.0020153479985495215,0.0005100584306299005,-0.0330399965384468,-0.0005526653282531546,-0.035446567451716815,-0.023528072089167518,0.008196821542643118,-0.003953677747650874
2022-01-10,0.0001162738195061852,-0.006570176170610398,0.0032463381919769496,-0.005083329054147656,-0.032414017406778295,0.01206076115601884,-0.01562477616116753,0.000957446443973442,-0.015528179668571784,-0.01121178407131973,0.0007322577149442289,0.005615298502411825,-0.013641331753021513,0.03034195341380186,0.013955496049822935,-0.005952169306603139,-0.0012443524106809933
2022-01-11,0.016783735210965878,0.024002125643924677,0.0014328813146256003,0.005722524494403691,0.006225783973329291,0.007690836552677327,-0.0020389117821424385,0.0010159362028312469,0.006540041701532218,0.01920327669777877,0.002259094788445992,0.015218949068463994,-0.011587412091390803,0.005935024657598653,0.008602173036432292,0.04206192009990262,0.009108320491624688
2022-01-12,0.0025702306516177664,-0.0009373300985386912,-8.050204144838258e-05,-0.007112304242572698,0.007221437635847927,0.012126331160172255,0.007060086927500375,0.005671800805808536,0.002784638864911315,-0.0033198436157161337,0.01044531524897474,0.006542766130323674,0.002205824661391853,0.039289748931841784,0.0100638986977164,-0.0029434352390632634,0.0027035810618971645
2022-01-13,-0.019028015538232523,-0.024169655027437842,-0.03988720597092521,-0.0020468037932726,-0.01696454422614868,-0.020105049514195783,-0.006214420170553403,-0.0012468239295777561,0.006016573437752415,-0.02034439358307627,-0.04232269731261307,-0.05085891157143263,-0.004527751546290482,-0.06749107331435766,-0.013277873257585449,-0.007168650850675862,-0.013778655331078027
2022-01-14,0.005110477143134284,0.005731487003565627,-0.0013733718533934791,-0.01743225938880477,-0.026872876370723442,0.006447179817821169,-0.03871006639546348,-0.06146345918549034,0.007090468593877297,0.016601175878581564,0.017716631170351826,0.01380992127364733,0.009602441242991366,0.017497758575059086,0.0026954865094706015,0.01755632684173003,0.0004090698494754186
2022-01-18,-0.018893952428373106,-0.019862738846190164,-0.031155011052286352,-0.03443959434774957,-0.0296624018889855,-0.02496779809987293,-0.01419340936904434,-0.04192774632468277,-0.015693235777153536,-0.04142818850110486,-0.024339291636934823,-0.038564389506696606,-0.019272903982634038,-0.01819724123253097,-0.01642877817419086,0.01683598932850283,-0.017709577671669807
2022-01-19,-0.02102497474395537,-0.016477101806013472,-0.023918772634707763,0.0038908786597433576,0.004282279018465784,-0.006481514034651248,-0.01916988621574478,-0.015469147349258305,-0.015205818521282,0.004526206386279208,0.0022471415979539167,-0.032274302577581016,0.03362471879131079,-0.0338278969185718,0.0033189374130886407,0.0004105794977031785,-0.010383613677922066
2022-01-20,-0.010347123374868317,-0.02963230963415675,-0.02881352578227747,-0.014857636407715646,-0.014974776035316828,-0.01338849271874265,-0.028107662697533953,-0.008527583738530686,0.00906475976258947,-0.009480773396948083,-0.005703258572642311,-0.03658191936413102,0.005399513161892466,0.0006227038828787723,0.0010380386638870753,0.0021879163913904875,-0.011068108934530585
2022-01-21,-0.012764912537219009,-0.05950180896147472,-0.02645520507274446,-0.018142088891149433,-0.0025061476925964943,-0.02217433293745097,-0.0013730802857891966,-0.017472601332313986,-0.02450551024482195,-0.042298469228766455,-0.018468262190718954,-0.032132277445532265,0.003827205230890085,-0.05256606712507206,-0.0039526561324558784,-0.015012589705930557,-0.0196306717818463
2022-01-24,-0.0048642634525757344,0.01332698348311534,0.015659238075452553,-0.008236798774967413,0.015136808644158783,0.003471305704891403,0.04213683758081421,-0.0008958837884863735,-0.015939970603183085,0.018273531168952584,0.0011483234828741917,-8.568379882067934e-05,-0.008117240524074143,-0.014726129872195681,0.0023853802590509954,0.00859063755639422,0.004246817336248876
2022-01-25,-0.011384767031533016,-0.031533745543573244,-0.01373742249446186,0.019752937791758907,-0.023685951225944413,-0.029578567964639757,-0.013276154273575425,0.010900182045499696,-0.03050775692371044,-0.027728356101260676,-0.026588135007904468,-0.044840260837946566,-0.010911212403970971,-0.012473124842489969,-0.011746383882173861,0.02940006712393739,-0.012208918047380002
2022-01-26,-0.0005634644905243569,-0.007954330670553511,0.04302226268328724,0.010345671901629494,0.012884624489383656,0.018103710453998945,-0.004735434653851733,0.00948632606154498,0.017416507755523725,-0.018390742460803078,0.02849281868754927,0.02006818601671312,-0.008712679082303554,0.02069905258271132,0.003480302632028476,-0.010143209784971186,-0.0025088395269426966
2022-01-27,-0.0029428082556283153,0.005508645722495764,-0.026583185706870682,-0.009368344503495996,-0.001965106498827862,-0.0017641178500674703,-0.0023791718554034835,-0.01764484260356214,0.017031281951984667,3.389843236956125e-05,0.010549126465572822,-0.03636034972132429,0.006196961425546155,-0.11554175561970448,0.006914884411373112,0.012808520976207216,-0.004937989270898391
2022-01-28,0.06977746528264284,0.031084056738273746,0.032804148992742865,0.008797147361111257,0.020538153092657163,0.03368854420507894,0.0283646503612367,0.008946511879466712,0.09123336191368558,0.02399541750449452,0.028081699407593863,0.040831049614325154,0.008609240312588362,0.020805692766870276,0.009662071520633697,0.002129901266421541,0.0248352880217102
2022-01-31,0.026125654886027583,0.03886361030218932,0.04602754660600206,0.005886077837309989,0.025790347254479817,0.014641755502663,0.0012004795285631698,0.01357345485345629,0.010117539180474422,0.038281693388737104,0.008823754808480855,0.07206676537603718,-0.00031171385546135966,0.10677611383930952,0.013968342570743308,0.0090332501827608,0.018011069865302654
2022-02-01,-0.0009725437121006486,0.010830762802234384,0.011674791655127414,0.017338532711738797,0.006493441890472296,0.017298176951656696,0.004686579638731203,0.017159929614358527,0.014700374788901627,0.018323579592720796,-0.007138845928495674,0.00620757399420091,-0.004425060992416574,-0.0058395266373975074,-0.008802983786879048,0.06411242249385318,0.006757158905493776
2022-02-02,0.007044088206748622,-0.0038427158906232384,0.018069284848983402,-0.001065127619184758,0.02676973262628679,0.07523764963016277,0.013642768697953223,-0.008005096797125355,0.011962434132245514,0.012539206998211316,0.015222071799808612,0.024515077953090714,0.017904006495003566,-0.02747919159891432,0.02427351483026352,-0.0025980565057707183,0.009713959575312403
2022-02-03,-0.0167197465631701,-0.0781276325178123,-0.037419353870069005,-0.009810090927341086,0.0010359723699822077,-0.033175704010754425,-0.0238676870301181,-0.008269918230021989,-0.01683698597615102,-0.26390095602134367,-0.038952013309875744,-0.05126383844575144,0.009471160275173363,-0.016032495024879134,0.018737806471861518,-0.011659314329171666,-0.023504848240003873
2022-02-04,-0.001679077513822791,0.13535901735711864,0.0160282163081078,0.03984469459140638,-0.0038330205764139924,0.001418682949932304,-0.014089322493204826,0.025958351484197895,-0.020175802810090238,-0.0028179982227967137,0.01556835722155192,0.015491916528865834,-0.015901080838475412,0.03611110968421327,-0.01145734796843123,0.021711745139844307,0.00470202304236178
2022-02-07,-0.004234673418220591,0.0018777353189827206,-0.004287052559779347,0.004763915337834046,-0.007464825886524196,-0.028556843097763296,-0.006450594788154462,0.003342791194758332,-0.015881637794560866,-0.05137275119579243,-0.01631041457475524,0.016818109200975817,-0.007490868164210185,-0.01730718642133755,0.001096859550283602,0.01203755853938926,-0.0032093376878992164
2022-02-08,0.018466659693521237,0.022021627828944013,0.021424955295910486,0.017934482738807933,0.010195788782940918,0.001422312973796025,0.011445570423271878,0.018814914619689427,-0.004679271914547312,-0.021030772013934662,0.0119952654873563,0.015367175680596645,-0.002245562481588248,0.0161571905234128,0.020074661597877075,-0.025852399203789456,0.00822803131076566
2022-02-09,0.008293833484877666,-0.0013877341505965646,0.018526516679909566,-0.0020250790288822706,0.014736801435313529,0.015731855587602928,0.008106221829328408,0.004167842825624879,0.01869807369671239,0.05368335333968055,0.021834749420197586,0.06360529295410422,-0.002250406611849054,0.010845920427172029,0.009505071647844865,-0.004787287719695388,0.014636031630174795
2022-02-10,-0.02359896325907007,-0.013561706274733853,-0.032682222155608565,-0.004667158788461689,-0.019571391299034624,-0.02098984482485855,-0.025468449804107784,-0.004150544010548041,-0.018302350963397718,-0.016939599696162877,-0.028372940184945072,-0.03299002536274043,-0.015225557171737014,-0.029452771017468238,-0.022846780958254098,-0.00962019178949991,-0.017965558532598513
2022-02-11,-0.020218461423032075,-0.03591110674363196,-0.030336986244323905,-0.023037716914099504,-0.0169920313444879,-0.031290498781397336,-0.013517834887122215,-0.013016879325928876,-0.012340101730546005,-0.03735699090595013,-0.024274375343427135,-0.07260691489212123,-0.005599284285635497,-0.04925102969626416,-0.017648819108810998,0.025178868022018408,-0.019718644398575402
2022-02-14,0.0014231410203122685,0.012221683270054351,0.008998856317990356,-0.010434065478416188,-0.00610215556110183,0.009260110517731901,0.0036256589544059192,-0.009290599334612626,0.011872091177768329,-0.008426217287074267,-0.00013544334176240902,0.013278275964263342,0.0028796002889368566,0.01832566437213501,-0.007801152753101781,-0.015334796919312721,-0.003269376558786119
2022-02-15,0.02315257810716398,0.008658352201907249,0.04180900732745374,0.007802641110391306,0.014529301546795104,0.0079876568110675,0.004835476436620745,0.01462384479834733,0.019724299585611282,0.015158433110047165,0.01854221411756707,0.09181181732987875,0.0005102568367671978,0.053290764282768466,0.00807329440514959,-0.012534855598353434,0.01612676245231137
2022-02-16,-0.0013888705044839966,0.010159039538768955,-0.00922379808088103,-0.002301708603531738,-0.002957468364790161,0.008267947865088887,-0.008973317756209909,0.0018097050496541645,0.0036430078046230108,-0.02018113483659545,-0.001167149716263638,0.0006037872920339193,0.007588539829536778,0.0010407532409399955,0.003805750257606988,0.004616223259573449,0.0011209736704980156
2022-02-17,-0.021269335995671046,-0.021808901106176726,-0.030491959051221817,-0.03376704080102533,0.0050936634781422185,-0.037745623028193065,-0.006141504594362024,-0.02303227553212961,-0.02410356137668157,-0.04077764394983452,-0.029281883846873913,-0.07559128565275608,0.011454916579352048,-0.05094269900666093,-0.020227159624603086,-0.0015313745282516944,-0.02136148377871039
2022-02-18,-0.00935570491811133,-0.013261957754408193,0.001709978609264251,-0.0023874589699890425,-0.004543638477924827,-0.016115995730395016,-0.003075171539141386,0.00468853082762144,-0.010034880045471484,-0.007462316691440929,-0.009631070071742909,-0.035295783656167146,0.0005002133648823737,-0.022103035296720752,-0.005378930436470308,-0.011121300108111076,-0.006475056622974318
2022-02-22,-0.01781219350373464,-0.015753494788264932,-0.004362225232601213,-0.00870317244910268,-0.020461676966517905,-0.004520512430849166,-0.0885054971711563,-0.0017745078356840027,-0.004486892098353845,-0.01979045071921981,-0.000729127894170456,-0.010659145790717695,-0.012320081421091866,-0.04136624223452856,-0.011329434020336815,-0.011634033105242803,-0.010731577205280063
2022-02-23,-0.025864092503672165,-0.03575624663287669,-0.021248100364915312,-0.01712045038312715,-0.0137798351317856,-0.01714386889097852,-0.024417239185995254,-0.020939031673782527,-0.01916974642553826,-0.017963150772154268,-0.02589384706350173,-0.04288155934606852,-0.012473546683669623,-0.06997917599526948,-0.006248625654611928,0.004054513371942736,-0.017738842297410296
2022-02-24,0.016680082104227445,0.04509522427819257,0.026203470003963725,-0.026350988459135416,0.020837654398348393,0.039995768115376196,0.015528991259776914,-0.02784308438015881,0.02256178365393291,0.04610743406263573,0.051093806835454725,0.06079434767536385,-0.026930363869350882,0.04807345500262783,-0.008115466312546227,-0.012635121593431275,0.015049415408884936
2022-02-25,0.012965340032441208,0.01605793012842116,0.013810316293348723,0.032568693640355306,0.023557007565101706,0.013328159628790859,0.010886271858534968,0.02365949313240434,-0.0007851063757902121,0.013872728065353446,0.009233496197984747,0.017222483710706893,0.04269924469817821,0.011364031324829549,0.04356325834841246,0.026912832060173475,0.022063808924999817
2022-02-28,0.001638019339671004,-0.0014662630028149382,-0.000969351719336875,-0.018214044334880608,0.0034010174951026872,0.0044438183702295575,-0.0025894398539574315,-0.04169755914505413,-0.02240642644696289,0.0026130922528513345,0.0049779105945195745,0.0094380550505746,-0.014851310890014124,0.07477746853358713,0.00025227585280185316,0.0074509400354809685,-0.002558582594179848
2022-03-01,-0.01162802092783699,-0.015765550251120253,-0.029483817970056836,-0.039140153359095375,0.007087109401111569,-0.007371206510575989,0.013994944945405097,-0.03772919915085293,-0.045285780990592106,-0.0357293966670611,-0.012851850509725482,-0.037235843387373846,-0.01654984897251155,-0.006962143345558558,0.0007984890868468764,0.00956424215187357,-0.01523038652895059
2022-03-02,0.020588010410078406,0.0060241839623909055,0.02746768789862375,0.016246988430421938,0.009695421053937503,0.0038043717591624837,0.022232303943440668,0.020740052985717128,-0.001132045156093886,0.02270373958737082,0.017765541380543093,0.031823587191867064,0.0031311317358126978,0.01795529711451649,0.01917059176994873,0.017177978947821693,0.018396396653263425
2022-03-03,-0.0019812209511149703,-0.027319556126581324,-0.012256913477641573,-0.010710445563576476,0.009564671549990189,-0.004993635428283905,-0.009194396745155653,-0.007107793583021715,-0.009009500769818102,-0.02469852529014871,-0.01422406245707697,-0.020891674200013033,0.003706203945182285,-0.04614210448825773,0.0024929538620908076,0.006333157250292043,-0.004978563729343799
2022-03-04,-0.018408140320032018,-0.0152637929917393,0.0300551298017937,-0.03624378150294716,-0.01416407545667453,-0.014884552746952995,-0.0003083350179681199,-0.028129378426525187,-0.030000682573995685,-0.014337030981101617,-0.02047880563753479,-0.03280755694747006,0.005053206376395947,-0.0011915196265851469,0.0247847448639269,0.037635522816301004,-0.008124489965618431
2022-03-07,-0.023717245230991058,-0.05622045424233624,-0.04243355210389543,-0.06373630365891547,0.005747250523645331,-0.04190828080294684,-0.004595108935601666,-0.03861604185382972,-0.05393641969963403,-0.06293121993753847,-0.03777676574984756,-0.06906191146569685,-0.014825153317507667,-0.04021280504200253,-0.02362385995385108,0.036032985260850525,-0.02947939060702054
2022-03-08,-0.011676323601386929,-0.010465446730283379,0.009199339860215039,0.006520397809376188,-0.009763525352637803,0.005744546245443294,-0.018682037039574828,-0.0070427374141790455,0.004505891399163353,0.015042529563823015,-0.010971256369101012,0.007587121696501331,-0.03958419297513616,0.02463394210323222,-0.02754317078614066,0.0075758460654848925,-0.00758149448914025
2022-03-09,0.0349975056488554,0.024001199930983708,0.03658284238172471,0.06348814474063791,0.008197134276287432,0.049687612375903356,0.007495985131260818,0.04006230379059361,0.04390302150092795,0.043144575026941245,0.045858356295334746,0.06972211017011021,0.013488635822034079,0.04193357517885765,0.025577582676871158,-0.056846723616800876,0.02681056846906138
2022-03-10,-0.027186291147359043,0.05412515560997311,-0.015560511079122263,-0.009015586657234897,0.009608752540020138,-0.0074238529619417015,0.0023328568089571178,-0.011840514824094761,-0.010788587928598492,-0.016574248635016553,-0.010086706069424856,-0.015468727791039472,-0.02574423102752621,-0.024063755330148706,0.012088861574543586,0.031042474985113477,-0.004515491075977818
2022-03-11,-0.023908851320002422,-0.008806846762653975,-0.016810404506336085,-0.008359812306703462,-0.009948912433347723,-0.019323605319221393,-0.003616970584456758,-0.02252379326121534,0.0006161343576607248,-0.03893246649346871,-0.019328445143422024,-0.0246270735982983,-0.011867079907744271,-0.0512345859010529,-0.014531049122214257,-0.005154563018119562,-0.012714995432634879
2022-03-14,-0.026562223627551118,-0.025229488143872714,-0.01739215520405968,0.021571729452176225,-0.0027870518921162546,-0.030180054921255306,0.004955790727627196,0.009930908119150539,0.011699920797196173,-0.005223621876607076,-0.012961059954651466,-0.03484189244043168,0.012777477433680406,-0.036436802368687404,0.010458440252927526,-0.035798472064024534,-0.007308354048195853
2022-03-15,0.02967770166397843,0.038867730338306705,0.043959263862343834,0.007281710611904524,0.03112445143978504,0.025780034605138225,0.03197635498059492,0.017745868906931417,0.01950781164173465,0.028934297557437816,0.03874272418261837,0.07702782912142259,0.0359877532797106,0.046348355546253384,0.02047474436592922,-0.05691267975950132,0.021990619316372362
2022-03-16,0.029014941065407474,0.038933563723705156,0.024225647424336305,0.031325297544605,0.001972864799355989,0.03159862183300399,0.00721384826768956,0.044686141463651685,0.028895526435907648,0.06040721967030582,0.025213155917692243,0.06629524678476573,-0.003393989872403025,0.047812040425278646,0.0007028348303497189,-0.003755325892589645,0.02217408521839448
2022-03-17,0.0064540999426150325,0.027007748989816838,-0.007329815515690785,0.005373943707816853,0.017298864454330154,0.004190482386489336,0.01646958902653517,0.012644641413699143,0.005105955732392031,0.020674629276251855,0.0028195827355406156,0.011022195791943634,0.00313813671844021,0.037335010469022656,0.017581135598826902,0.026647422612344096,0.012510935070344287
2022-03-18,0.02091890477084446,0.025512151358369817,0.01284291844766261,-0.003021176657186264,0.01548502746677749,0.017083803486463767,0.013021918191760795,-0.0003570751333321631,0.010535758655585648,0.04161877923609891,0.017647687852982763,0.06811756029589211,-0.0005322565802816648,0.03876779427650434,-0.001774954515386007,-0.003925147007178609,0.010952680919142255
2022-03-21,0.008537652346758406,0.0014945523217748669,-0.008279612830529248,-0.0013986900432135796,-0.010367788435534098,-0.00017618717402545503,-0.03336868110902058,-0.003211637508241605,-0.012882225799083491,-0.023095757108269055,-0.004227319357791082,0.01062267530112071,0.0037961634323557814,0.017417963888751054,0.003042630530811552,0.04487124208239757,-0.00029216211104565737
2022-03-22,0.020800669703778585,0.02103830044237709,0.016714005089039086,0.03127916894949845,0.007002143769358815,0.02767416799018596,0.0010932698029688659,0.021267178322316616,0.011430132542915583,0.024398099282304964,0.01637935986657557,-0.007855212566453273,0.007696301322775323,0.07905243778179138,-0.00460925620468533,-0.004379795443776868,0.011701262555496639
2022-03-23,0.008233895724816476,-0.008981816492546923,-0.019563653886672805,-0.024671682821729934,-0.009652611784719656,-0.011385687512709297,-0.03845564654321698,-0.019913085787651608,-0.021028406737123806,-0.014724166820982432,-0.015030143202337531,-0.03355433421886411,-0.006979041335401837,0.005161136057840299,-0.004135973428036066,0.015762465719503904,-0.012878563457789816
2022-03-24,0.022677863042845026,0.0014779010051912955,0.045130078675330365,-0.00046433677084933844,0.007382246402938941,0.023840049223560422,-0.004005883595217585,0.006510475516911862,0.02095390130770758,0.028623683728622673,0.01539286130912787,0.09815060529283781,0.0017237894400543574,0.014823128420135223,0.020328586792162984,0.003007693593791494,0.015074528359794837
2022-03-25,0.0037339227426411714,0.006868294014676479,0.00389508482490597,0.01532398705653959,-0.004299902601359151,0.0007133637386211866,-0.016150475891464122,0.008742214508736357,-0.0009443457587944293,0.010247223217484835,-0.0013811296945368534,-0.016269950033537706,0.011583351591722524,-0.003234937980317265,-0.0008373868635379589,0.02182751722748777,0.004883585845532945
2022-03-28,0.005036657110859766,0.025592678900108856,0.006376381546082666,-0.0041161402941601866,0.017095133940716156,-0.001535096643481726,0.011587472872665483,-0.00739823436198106,0.00421155818981922,0.007979508950737735,0.023116478820336628,0.019030728113786477,0.006870560101153833,0.0803450783611821,0.000331352136900831,-0.028051760853098573,0.007113048209397066
2022-03-29,0.01913418455079552,0.00192027764251268,0.01357300241705861,-0.002525960429000218,0.008439299572742254,0.00742263617649086,0.010913844087026225,0.0022005655778229993,0.048674573998667814,0.028042379274176188,0.015159531926088654,0.015486234014774558,0.010267788951172196,0.007079858095940583,-0.004812973334227255,-0.00531339571453926,0.01237079932919638
2022-03-30,-0.006649289948339354,-0.01780118433038691,-0.0161816193913652,-0.010128751046643458,0.011386227721190023,-0.0039785509090101145,-0.0291144303119244,-0.004533231616346001,-0.014446918871474534,-0.008744414208207485,-0.004914383725683091,-0.03371033599117512,-0.0068830750323061185,-0.00507475414515135,0.01975598850533311,0.017118210229069675,-0.0061747265531498785
2022-03-31,-0.01777585226029499,-0.019864567358571672,-0.0022341336261967326,-0.04139526919586334,-0.0010753625328967509,-0.02022718868462836,-0.029598843957176935,-0.030026999713682057,-0.013416606425683764,-0.024094879192468333,-0.01768316377925827,-0.014590045111985028,-0.01029842268489245,-0.014981813142339484,-0.020832407492308747,-0.01420391135978627,-0.015391406973952582
2022-04-01,-0.0017181704950508525,0.003450973226124532,-0.00428793696821006,-0.00776327145247957,-0.0004861990512236014,0.0077876691626916905,0.008552434622806526,-0.0074090698463777915,0.01843984683106492,0.011198151179394378,0.003600460746269629,-0.021036591300947594,0.014986636309315626,0.006486599368272561,0.005137539600923446,0.006417300056088315,0.0028341163863456753
2022-04-04,0.0236934889566478,0.029264484561530857,0.012552294430898003,-0.0017115313874943583,-0.0007646367126018516,0.020128398054152008,0.012222918171685082,0.004434374605079672,0.008077740656804,0.040204598337382214,0.017936702452251208,0.024258793848535243,-0.006512112444768237,0.05611341298759176,-0.005013923083308058,0.00048112968161007075,0.008566516619834763
2022-04-05,-0.01894213232157027,-0.025492089193307588,-0.03265354512081775,-0.01689948384874862,0.0003307625510551304,-0.016650219575919945,-0.00235599707848011,-0.011637597979646364,-0.009784613003661957,-0.0087648140315858,-0.012985296008968139,-0.05222943280799064,0.00350464682021312,-0.047308971544201106,0.015176097482109574,-0.005170650393519827,-0.012631288272977326
2022-04-06,-0.018450542967306416,-0.032300120131985244,-0.01973526063205988,-0.010961353731792522,0.016460106571209776,-0.028757272809387002,-0.020731006091442183,-0.013874040068018512,-0.02689084896016536,-0.03683581150612436,-0.036605907401458304,-0.05877142566614646,0.014292979606212786,-0.041694894294368345,0.027020170424716383,0.01112025177055731,-0.009999212037218985
2022-04-07,0.0018039196724222162,-0.0061194323502751224,0.001744015228996254,-0.007808881830323688,0.039774656299372824,-0.0048295923461516566,0.014102047972302856,-0.00304211238932528,-0.00994168086125169,-0.0015675024133550153,0.006243807477225527,-0.008153528807905985,0.012944123147930142,0.010996816105212748,0.00977904433652843,0.016736696199648016,0.005038866533062292
2022-04-08,-0.011909088600137507,-0.021066740550443774,-0.026614722860667128,0.00710846395532827,-0.01317302596728287,-0.019140818438506457,0.027613455085233385,0.018307923963819528,0.007781352723549295,-0.0027807234691530347,-0.014600016021019901,-0.044985067384227806,0.007805494198526386,-0.03004944796541842,0.01677975209014071,0.021046213681828574,-0.0026740031721671498
2022-04-11,-0.025515434518065594,-0.021613947156313595,-0.010885769798051337,-0.002016518181292337,-0.025614871324285304,-0.03349158700635846,-0.014110721714745922,-0.0036707065192403965,-0.013909785308871658,-0.02640214326020618,-0.03943147771089883,-0.05199179479720062,-0.0038101683363158667,-0.048328086073804455,-0.015605111036538943,-0.03443098808959355,-0.017092358783741712
2022-04-12,0.01152308733693852,-0.002213363562407644,0.007681484250466886,-0.010608881500276612,-0.005661315738232586,-0.00860869010535592,-0.0014014943071953834,-0.010977499803221047,-0.004519533715502622,-0.010717998727667988,-0.011217812564064844,-0.018843721464988916,-0.003009699709580982,0.011291813566499442,-0.0069406625353530815,0.020870472250395844,-0.0037051279895482514
2022-04-13,0.016342487125681426,0.03152445706895657,0.012767827273366006,-0.008935190817892735,0.01673671542866817,0.01706521782309678,0.013483659724639718,-0.03223335356018686,0.027009839829098103,0.00396935305551005,0.01971194737261439,0.03250530236591698,0.0028302365575105792,0.03588835603591267,0.006164709923774048,0.014135611234112444,0.011453769837527883
2022-04-14,-0.029988080517773352,-0.024652684274885983,-0.031542359382564444,-0.03220005973619289,-0.0011844829169186388,-0.02435809941514233,-0.019006578073168745,-0.00926954422945514,0.007546050171662211,-0.0223731005634924,-0.027084070861829068,-0.0425615206848603,-0.005581474919661544,-0.03655231880843268,-0.0040597109529932895,0.011749706690659112,-0.01245186627814343
2022-04-18,-0.0013310247177126255,0.007109164667870926,0.022044198883213184,0.03406973726599127,-0.014007613586657586,0.007468735954153205,-0.014153334829302922,0.01855395983798558,-0.0028503486420028423,0.002807189457910253,0.002465421504517895,0.024696415845060216,-0.00952247639192727,0.019583733431163042,-0.0013836480820265118,0.008197597136837098,0.0004111859625799408
2022-04-19,0.014115130055327274,0.03488883060861969,0.018959908301254158,0.018532913591748024,0.0209236144114735,0.01826871790845641,0.025282142765709503,0.020706541008056023,0.01981500765161881,0.031028842974935467,0.017040022943088484,0.019051742535608485,0.014962248810998613,0.023758093445249484,0.00677818845332645,-0.008921338055339234,0.016142678181212178
2022-04-20,-0.0010154284713130846,-0.026041044919075107,0.00016728145796607308,0.0022743821412307685,0.015530977306290383,-0.015145199314694602,0.023846810095653703,0.003508502976660388,0.003902560403975075,-0.07772296556687297,0.003715211128599627,-0.032255301750572896,0.026598130083739457,-0.04955503671370076,0.015454330696171636,0.0022790529700433826,-0.0007416205442333235
2022-04-21,-0.00484374883700156,-0.037026427673936824,-0.00834843963932097,-0.01891067004381297,-0.019535282151937672,-0.025191267968472597,-0.015168011314531493,-0.0077520517782078135,-0.0023272138597376646,-0.06162051290858028,-0.019381222292774725,-0.060469389779056026,-0.0007802779044181474,0.03231684066245499,-0.015695317643659723,-0.010573162551101745,-0.014953565859499696
2022-04-22,-0.027821098672319078,-0.026608937569704394,-0.009751314631823438,-0.0346954905960839,-0.03386592548102896,-0.04149367703549256,-0.03302617247551498,-0.028722469014261898,-0.03638451966673606,-0.021055964951224526,-0.024144384109668793,-0.033096993631759886,-0.00836383454917533,-0.003697576672395231,-0.030701500146672944,-0.021831612004688306,-0.027439164067593502
2022-04-25,0.006737257997446511,0.011943186356370372,0.0015844025931097683,-0.007188506892505608,-0.006104720231536409,0.028741515842010346,0.01609417269542046,-0.0003155109120619448,0.009738592499771936,0.015642788200934232,0.024413375474498844,0.01983093060035901,0.008062214028699444,-0.006994645387893739,0.006392502942637268,-0.03371298391503197,0.005797601662988816
2022-04-26,-0.03732817143543288,-0.0457507730510871,-0.04730562054306742,-0.022525997907860695,-0.025430705526386377,-0.03594584906745746,-0.016331120425297496,-0.02958111265460872,-0.02958252600865352,-0.03230122611573183,-0.03740361838413342,-0.05597427645077313,-0.016979354119451173,-0.12184121881948873,-0.020008694221881784,0.00036456692821795755,-0.02896082129741029
2022-04-27,-0.0014666992004450652,-0.008781047317448887,-0.0009462379664326726,-0.00548693144137391,0.0005779700265922116,-0.03670867943641842,0.005467249371489569,-0.013006053106413229,0.050739791753870556,-0.033158388540138084,0.04810893013432582,-0.019853037042581456,-0.002690972321919727,0.005807678470473254,5.822827638590766e-05,0.028557552415142018,0.002811835649914496
2022-04-28,0.045155247715630065,0.04653418536434306,0.03467128098508976,0.015448287023522411,0.015943773515860293,0.0369920424888428,0.033687303199638974,0.01581295504838498,0.04773602998175597,0.17593598377233488,0.022632342895131163,0.07423285957081216,0.02541404211936471,-0.004537702888526063,0.0206498138039104,0.03024579622635315,0.025259379763915568
2022-04-29,-0.0366046754195094,-0.140494377749234,-0.04240511525330182,-0.030698370898318394,-0.05387900100473664,-0.03723336465721039,-0.03643841895784761,-0.03226851113038531,-0.04078330460402779,-0.025567485658022804,-0.0418117948146719,-0.06243059497582237,-0.01750217161451728,-0.007692220213591394,-0.030262282801303386,-0.02236247190988827,-0.03695563184577433
2022-05-02,0.001966372891767376,0.0017580913238786078,0.03961121962132208,0.01289229164468031,-0.00520954980512045,0.021676523020363048,0.021870818325344876,0.009132117487675728,-0.011943564859761446,0.05317507309227154,0.025043505993302073,0.05316230172964942,-0.013515872694227382,0.03695628471433299,-0.014551102973323737,0.01360710718865521,0.006019370212813735
2022-05-03,0.009622661302357116,-0.0019799044812061073,0.008363095920353336,0.027393349596939176,-0.0016445255054378105,0.006441768841400686,-0.0065478086904535715,0.02141954743870178,-0.003481341396818216,0.004262758491548446,-0.009456639081990459,0.003532573421975105,-0.013701159741348001,0.006988279761963367,-0.0030527983345987053,0.020599319170523378,0.00458412398272201
2022-05-04,0.04100828714054683,0.01348046853293483,0.03869754927416014,0.04012964140919095,0.030961010013742296,0.04199117746852332,0.0339388257895501,0.03308144520313472,0.029989460623022435,0.05367163878849257,0.029100856518611495,0.037343020333811205,0.007361850620725363,0.04769864576468552,0.01601207370653035,0.03980051270302476,0.030452963588745385
2022-05-05,-0.05571618296786285,-0.07561036490424522,-0.03921074238399347,-0.02796470523328809,-0.0497950761542586,-0.04707541191441267,-0.051378114116604756,-0.025019602894919446,-0.04111020403470145,-0.06772299707451912,-0.043554650655168725,-0.07327604311678748,-0.018429105904964493,-0.08328615317548016,-0.02541273660529919,-0.015158082676208662,-0.035542907935894874
2022-05-06,0.00472726637542098,-0.014041240035030156,0.00018957474322767176,-0.0023978181746534544,-0.026985420432957707,-0.006514738789905938,-0.016047667467752214,-0.0016139404945220148,-0.017686973344559154,-0.021653539676540712,-0.009446564398205792,-0.008968427533475043,0.009970181806084222,-0.008737180698190294,0.009904714728173447,0.015280632243574788,-0.0059687924705978945
2022-05-09,-0.03318933409249614,-0.05213354825727934,-0.029615439290041734,-0.028838265188466106,-0.008999388266766384,-0.027953312125096108,0.009242499990877118,-0.0150340658798499,-0.05511062785697973,-0.037100556386942984,-0.03694526480620919,-0.09236976554190968,-0.002499997058952763,-0.09072948807249681,-0.026420126857839787,-0.07885255972204142,-0.03201746313252685
2022-05-10,0.016112073398537374,0.0006434445934944133,0.032810915903975335,-0.016772011228176842,0.00527234702536683,0.016744902829606056,-0.019762705613402987,-0.024372300007115433,-0.008109989217395253,0.0073389811129853655,0.018595165199946306,0.03805316418310878,-0.005269520270911432,0.016427173986372612,0.003268652722931309,0.006630081744542604,0.002310748360335513
2022-05-11,-0.0518414071437312,-0.03203225709010704,-0.024561803923626946,-0.005313457315179182,-0.0246879030305992,-0.0069277104385702115,-0.028163263518244275,-0.00630824994890522,0.0016597767082695558,-0.045079674510562384,-0.03320962145051465,-0.054844938090346185,-0.014083596198530612,-0.08254582843646041,-0.0038113323767202667,0.02081886846845804,-0.015886186484367015
2022-05-12,-0.026893912118358787,0.014790404884573283,0.007864558449142134,-0.014056698916437904,-0.005929473691764997,-0.006676751173753437,0.02378434991365075,-0.0008464159532456383,-0.014208205545851671,0.01324577820534456,-0.01995762269094703,-0.027360144198863567,-0.004062545778936166,-0.008174386751047313,-0.015118776034225956,0.004539701341767399,-0.001044019819425257
2022-05-13,0.03191618630878401,0.05727556035084924,0.029165205542586392,0.002851481271152645,0.022810304790874092,0.02841522140703412,0.021885433920765918,0.008895285891619586,0.03598557663397628,0.03859011992850814,0.02259637556946248,0.09465204622200041,0.010724299370618695,0.05712909369145702,0.01378438532504811,0.02966371473064955,0.02390786562999936
2022-05-16,-0.010672064867972675,-0.01985316173972196,-0.009468879775962336,-0.010235869570347722,-0.005509947866384701,-0.01383442775213084,-0.00013502934422338075,-0.0069693721014340015,-0.009224528978597712,0.007149441641581156,0.001455257638038443,-0.02496321765500764,0.00976426617641346,-0.05875856161837267,0.007869742598488383,0.023520151624648822,-0.004057692538639857
2022-05-17,0.02542256271789456,0.04113327357999652,0.04372962345160003,0.03389819868056576,-0.008209765721382656,0.017720258099703567,0.01675735226917352,0.03314718919666859,0.027689341829609804,0.012897421829111133,0.020344422440075283,0.05288473670300253,-0.0028364110774049545,0.05141017778952928,0.006765856734369358,0.01275459613679808,0.020570645454524916
2022-05-18,-0.05641918838917692,-0.07156196640827217,-0.06179383468745825,-0.030841988972985068,-0.12451326832561183,-0.03926665133302076,-0.05240083556199304,-0.017105966519786686,-0.008735268629853299,-0.051228839525855885,-0.04552976304507228,-0.06816311685472154,-0.06232248295895726,-0.06801379812405906,-0.042941438397835374,-0.015850786655481564,-0.040311731030376
2022-05-19,-0.024641285970007587,0.0019278532990965047,-0.042694242155228546,-0.012327780957257728,-0.015067609362316103,-0.013543334976082178,0.009047047755297077,-0.014822313409131427,-0.010955735171625736,-0.004941713643731971,-0.0036997337126069008,0.010981268243642317,-0.02302793943463166,-0.0005494634476534976,0.01521046281723426,0.0054054485287615694,-0.006124371910852022
2022-05-20,0.0017470480317742787,0.0025345295167615856,-0.005529128837943098,-0.017126399027988293,-0.015368885158093093,-0.01337160882920474,-0.0019807791064485603,-0.008198628951489373,0.01191992126724184,0.011762074056462124,-0.0022912493576581205,-0.025111252100238346,0.0006353250624904216,-0.06416505716141863,0.015003794773789991,0.007899788647496964,0.000436363804530826
2022-05-23,0.04011914085612678,-0.0003160506951839226,-0.030983519117927072,0.059361874832444705,0.03133777411884142,0.023689805148880527,-0.0040393057498753215,0.06187135296357704,0.03643862325575875,0.013899021193566119,0.03203210751609009,0.012220172326313561,0.02299167188904261,0.01656871415985961,0.013073146892402354,0.022098957668485353,0.018709976502433445
2022-05-24,-0.019215708412537946,-0.03214110432537598,-0.0041038224812350865,-0.006132868347892284,0.019162646153997098,-0.04949401073722792,0.006607917626495707,0.014125221151164435,-0.022213806806293035,-0.07618620458148628,-0.003951818939660345,-0.04402882608001968,0.017786920647773652,-0.06925464690507588,0.011136397600731707,0.005432017755405472,-0.007633675001764484
2022-05-25,0.0011398695669546655,0.025696475417555487,0.014174189311984664,0.0053294982008080805,0.00548302055507599,-0.0015571387441377649,0.01962321185797289,0.006964305329650644,0.011946399550278208,0.01406659273858768,0.011170183846628268,0.05082326807945914,-0.016392190242979665,0.04877737911795821,0.001065200391927812,0.020126928416054124,0.00883497120373078
2022-05-26,0.023199532542111934,0.04029499229486544,0.03579554722532552,0.023158385987170682,0.056531260268148475,0.018784625919286313,0.03147453392062749,0.017290118059669624,0.014879909338938901,0.042430693644469164,0.012875071874733468,0.0516055882331754,0.008745844859114671,0.07427138936829314,0.008311695475424763,0.0035306581317693375,0.01998130326747649
2022-05-27,0.040756401995700076,0.036632083603781895,0.05923799677449293,0.009544466657284367,0.012409033315656126,0.041969379776743754,0.01865895630345915,0.01413760639734818,0.02254969304656207,0.018264293916384178,0.027604415714505448,0.0537782718129336,0.015292267007995797,0.07333306253742577,0.009716744413239775,0.009830518500674623,0.024549175680534496
2022-05-31,-0.005345901861119273,0.04397010379074828,-0.0054004566067547,0.004862659249678103,-0.009643943614390804,0.012870035067057417,-0.0185115045563089,0.0073133336772983615,0.00025175742532002054,-0.007635914049330617,-0.005013898893650781,-0.007389340692201651,-0.005648155834715007,-0.001803563389055185,-0.020370253513763426,-0.016292835586282806,-0.0056108820316777
2022-06-01,-0.0008734693800862559,0.012266042992872705,-0.011221695541281163,-0.014247609045887955,-0.019797524015944812,0.0011426297173595668,-0.012165582288402144,-0.017545183141812082,-0.0022635053103441383,-0.025821116044931314,0.0020232659997061475,-0.01885186247907855,-0.015147265615128247,-0.02359349020027357,-0.008514930288275768,0.019166583337854703,-0.008088546561055288
2022-06-02,0.01681153812039282,0.03145034300738625,0.00543927549537826,0.006582750418190786,0.06700362485963574,0.03275482996374546,0.029206725778522458,0.016088116445896805,0.016860049521089104,0.05417720504428103,0.007928946788128721,0.06943227792936169,0.010779830255075673,0.04677398003874078,-0.0005887427599279293,-0.0017375428578065844,0.019043274830473633
2022-06-03,-0.03855575657245813,-0.025185068024527135,-0.02326887216790885,-0.013896651566874363,-0.023297292023217175,-0.026198249520109407,-0.0025825846454793355,-0.01393949974465647,-0.014487376073582747,-0.040631555165304145,-0.016607222686599532,-0.04450787064267403,-0.008967022694825966,-0.09219359988526965,-0.013509316020571593,0.014538927759146336,-0.016411477531530605
2022-06-06,0.005227580963812706,0.01994280728922404,-0.0037101073958966113,-0.0011050601502101687,-0.007937020012195428,0.019901098846524468,-0.0039004696437004993,-0.0033034998635854684,0.006483835688959827,0.018188536662546495,-0.004703407609742305,0.00352584598001604,-0.00390705765680377,0.0160472016783606,0.009411051127290904,-0.002523303325700277,0.003044831155079697
2022-06-07,0.017585792651811483,-0.014344105316090427,0.020953939276883604,0.0055322224040790235,-0.001460343827462407,0.0028163321734826496,-0.0069764294865020116,0.002620931084091893,0.010773746987635002,0.007207132381906067,0.013953497067452192,0.007452164172796927,0.011148108318608463,0.0025460558898939833,0.01411725421816179,0.04583173133792218,0.00959210287790424
2022-06-08,-0.005043137568731759,-0.014796745486375773,-0.013316059361336618,-0.012654956837044762,-0.008033458404654858,0.0003797932410321003,-0.014050331372924774,-0.015914682669655345,-0.0046427637882227035,0.00506008989275486,-0.007669643441553742,-0.014480507064083104,-0.012454228674394274,0.012474516432601446,-0.007181710295751542,0.011802465368341064,-0.010872053411268734
2022-06-09,-0.035955721119452666,-0.04150848957443054,-0.016166692303162034,-0.03845054083770583,0.008675346649768212,-0.020124679425139957,0.00783131010757221,-0.02101553964947922,-0.03678953031967325,-0.06428000116271759,-0.020783292449030877,-0.032174981811655456,-0.01805527243411198,-0.008930555308462429,-0.008307360943801134,-0.021608198379500343,-0.023782849718506416
2022-06-10,-0.03862850734676082,-0.05596211721574329,-0.026877786026542894,-0.03882930948348995,-0.01851486829731508,-0.03199357112280099,-0.03541679272077558,-0.04596601231269293,-0.04083113325144527,-0.045815130788592895,-0.04456370909029672,-0.05950784437461887,-0.003789644853396279,-0.031190911234383223,-0.009807375016179232,-0.01827400114825628,-0.028995617164243925
2022-06-13,-0.038285076204887414,-0.05453719355874542,-0.04369367234986621,-0.03466995418233931,-0.023871669168321508,-0.04290155424649289,-0.02102042785976377,-0.029778528827566153,-0.04483927376753849,-0.06441888342364077,-0.042412718950076034,-0.07817846520357097,-0.0267701118299406,-0.07102153990705962,-0.030807022516911253,-0.04588912886722252,-0.037968248802861315
2022-06-14,0.00667240302402794,-0.013118555361940287,0.004926296397740115,-0.017489151085002375,0.005638352395719526,0.003036016826845067,-0.01585683740977606,-0.016639231018490297,0.007506078042553543,-0.0032264862982374076,0.009205045000577172,0.012078977379623712,-0.031198023647943884,0.023887157055640484,-0.016925592968920156,0.002608239046123506,-0.0030134052147905432
2022-06-15,0.020111559901862863,0.052389802934770247,0.012573099898062878,0.01875403643675888,0.008773014851233274,0.028571175426829853,0.0038039032150871677,0.011835902810328758,0.010088902816222989,0.03432495524727197,0.02973531122633699,0.04363473511676341,-0.009937207786468782,0.05482367080362738,0.005587119943656349,-0.012591133305023594,0.014256352482426626
2022-06-16,-0.0396512371972052,-0.037243378610853584,-0.056065202502438294,-0.006240129914541481,-0.015322852508616092,-0.033990927899625434,-0.022414656479812334,-0.017156394656848928,-0.05104659817173862,-0.050073973368861324,-0.026970108424501982,-0.05602963107490089,0.00611290841433787,-0.08540769912654234,-0.014243048418147941,-0.036884684043033356,-0.03309600536176205
2022-06-17,0.011533135943024186,0.02469609751257895,0.0029568969333013673,0.002197730258391317,-0.0112226134173542,0.010468325590604177,-0.009982764344487749,-0.003526248681324118,0.006185612988465428,0.01784072463986819,0.01093999452516381,0.017883495454723564,-0.007200845100050923,0.017174980283869212,-0.008835957635083047,-0.0576650679444386,0.0021557994962608795
2022-06-21,0.03276047127822812,0.023159471438541024,0.018643010575219776,0.029135265696372592,0.036759117720026824,0.041071088165694825,-0.0056517268611046,0.02477212545925367,0.021597028684959163,-0.04085759318225579,0.02459129161499085,0.04319902049491442,0.0302962217830558,0.0935443480214786,0.06251388463938401,0.06223899759882534,0.025173567421589604
2022-06-22,-0.003826942346475515,0.0024843268523027096,-0.015225268993979024,-0.007610283766404824,-0.006802033947400421,-0.0005064553938842753,-0.0008173148339607472,-0.005611605113536866,-0.003938062149095423,-0.007640813569510407,-0.002404079980892093,-0.012435029894925842,0.015619199276323492,-0.004007805884153504,0.01948698339770849,-0.039571698499068164,-0.0018130792557691233
2022-06-23,0.021573721905509657,0.0320330939965241,0.0009677990719922924,-0.01595072892816307,0.03269863081741642,0.006767491028080608,0.0239423500884568,-0.010939467447695916,0.0019293147636090247,0.0186076318146573,0.022636510290777734,-0.008251948438341872,0.027437012188298304,-0.004306310889948484,0.02068703242250436,-0.030161607019844716,0.009802594910701456
2022-06-24,0.024517174067003156,0.03575237064906034,0.0251922023839819,0.007169498692567888,0.019726221970950863,0.05107729652751125,0.027521630409115927,0.029845583191319802,0.04337659908035074,0.07187394952859028,0.03415003159467789,0.05553156297949169,0.014406064773535343,0.04524889345059324,-0.008343090508445505,0.019833241776589405,0.03179403472199582
2022-06-27,0.0,-0.027820692849391482,-0.00663942355160152,0.0012376983479336356,-0.005408927173887301,-0.018152164089735634,-0.0010954206232525188,-0.008012376095963503,-0.00505293324660383,-0.003937422754355602,-0.010496784043902863,-0.01500621638461852,-0.007620437423024762,-0.0032016505127857586,0.020216147289166653,0.02451112925899035,-0.0038197728578244217
2022-06-28,-0.029789619306425652,-0.05140434227234392,-0.014355834904248521,-0.002781879287169886,-0.02727563441481551,-0.03303024320320136,-0.04435956456029533,-0.004811797939691442,-0.0320529462483774,-0.05197955332621074,-0.03174924755560038,-0.0525817545510231,-0.016265295628622445,-0.0500435578248114,0.005497841251822511,0.027743478040136216,-0.02043273856483374
2022-06-29,0.013023687889981206,0.014152668728781626,-0.01613003255225076,-0.012399017632336418,0.002624777361722508,-0.002731942104267304,0.013770184012739772,-0.004489902736341311,0.013509844055439535,0.020288742470912835,0.014738017597640152,-0.027531074723668225,0.009083248071576788,-0.01793718238090891,0.014298566934245693,-0.03693986810778893,-0.0008144626901884777
2022-06-30,-0.018027743161067145,-0.024880638358707907,-0.009379971399318232,-0.022912851268045764,0.020092141161411003,-0.024516304495185715,0.001460377398930568,-0.023330134967369354,-0.022040359194825054,-0.016408449476551845,-0.013179137244577643,-0.024642830145891637,0.011181285095139604,-0.017579227799377373,-0.004033339268907921,-0.02814350728608861,-0.008124322253949212
2022-07-01,0.01616440952655629,0.03154127203651247,-0.016405663302445195,0.013812972661567668,0.013520252182925852,-0.0020694331725608084,0.01753752142622278,0.01278748013940989,0.00874859835771069,-0.007565768817250906,0.010707335717373923,-0.04195532771416999,0.01613459601898737,0.012429131666979787,0.007340111207490896,0.022302804920626862,0.010576566954378475
2022-07-05,0.01893065358192203,0.035962053023039786,-0.003222773906704113,-0.010139472946268047,0.005146458205308457,0.04161863629030793,0.016661988011408946,-0.0038036361562225895,0.0032049477751918687,0.0509903288294018,0.012597373792030853,0.03036574562162153,-0.009650226808248563,0.025535704813974602,-0.02350226395999999,-0.031296411951436065,0.0018884000192527228
2022-07-06,0.009607087927199665,0.007312791463036872,0.013248002910896561,-0.008322630241937246,0.008991133036733157,0.011557062064989854,-0.0005287277983988536,-0.006482061106735548,0.0028504110933378346,0.009394266674389362,0.012782985758207577,0.01109326273529776,0.00932999196942741,-0.005720802000385383,0.01989160562506398,-0.01804054953961398,0.003377470850826958
2022-07-07,0.02399930341329659,0.01749322109655349,0.03300803765622362,0.028405630871251253,0.004668826967182849,0.036754173184244454,0.010966967609757683,0.025292735848693182,0.013732281668496382,0.01425458246039324,0.008226677995423426,0.04811617233455179,-0.000342699501086674,0.055279044880592876,-0.0017658824609194657,0.03194058108688291,0.014977081361334355
2022-07-08,0.004714692223868333,-0.006791033294013538,0.000300921333564963,-0.0021973023831169947,0.013314428397426248,0.004802952245969161,-0.0007671041898267283,-0.003138064809220298,-0.0031163646968408454,-0.007607908541262032,-0.0027571334656872892,-0.001261014527627058,-0.006712242280190073,0.02543516968760029,0.008262152459184824,0.001629213848968858,-0.0008226040935420675
2022-07-11,-0.014757837509206895,-0.03280250030721621,-0.031743181927634034,-0.010380780883406437,-0.005263962546452894,-0.030807670043154323,-0.0002795315605218507,-0.013116563117077651,0.0034975149261391447,-0.04681646828715269,-0.011768574672293752,-0.043313512732118364,0.0070335927740987625,-0.06548005948146851,-0.0032392643040404234,-0.005111729122463715,-0.011423440398081852
2022-07-12,0.006833819249486339,-0.022639810105564928,-0.0030859278413787328,-0.0031785455645433336,-0.016696749661450405,-0.014315751000946952,-0.004434510011623427,0.0009746699638397693,-0.004102245026759599,0.002394330734986294,-0.040981586424967076,-0.004619953536964427,-0.00883334338654218,-0.005433611636988744,-0.00489404467018173,-0.01331139230275169,-0.008849027204599347
2022-07-13,-0.002536647175544804,0.010803884746268588,0.0007478707301145082,-0.01658156722172177,0.0033635956337780826,-0.023390490131244723,0.007225265502305067,-0.009383068716068421,0.0015796310269442504,0.0013473760845967853,-0.003744831537667359,0.00543683294727848,0.006563200847569561,0.017033448479672808,-0.025621107780381513,0.004023390254183079,-0.0052516052200881624
2022-07-14,0.020482538318396415,0.002083294604712016,0.006040812792994954,-0.02302215753694703,0.04006337201673871,-0.008854694048188727,0.00800833107063359,-0.0349386504339706,0.005133352195388241,-0.033274139333496544,0.0053813710797621095,0.013716745791724883,-0.0029513188126248924,0.005371861218914864,0.002374129124123936,-0.020037656481718846,-0.002428414110415722
2022-07-15,0.0114499519273632,0.02639434033114041,0.020262352513871873,0.07036192852792711,0.021506390372870055,0.012775456747391445,0.01012199273815706,0.04583315938306187,0.023197937773918653,0.04207527177661774,0.010390473273748091,0.025370938881694505,-0.0013767803942245083,0.0073572315408600986,0.054375696336950385,0.016839068652344302,0.01910496945801321
2022-07-18,-0.020643005767142508,0.0018493974357440823,-0.006876072591596283,0.0003099840719364977,-0.01271637813807558,-0.0245801656594824,0.0021888868738644263,-0.010269981710147147,-0.004690892906619393,0.015361365303766084,-0.009621507633331028,0.02150739173994709,-0.0121322100729786,0.001999426810217919,-0.01959406952984022,0.018452770665230434,-0.00825701560701586
2022-07-19,0.026721849313049884,0.03911741266419111,0.03653330216046946,0.03378796095760772,0.007611749538638746,0.043841159783558625,0.023135750884209605,0.024778655821126927,0.028307516836376,0.05112701624036475,0.020767238782457564,0.055338236246772476,0.00509407098427328,0.020716718219316865,0.027109691504549005,0.025203240813791217,0.027019129858521396
2022-07-20,0.013509833148081851,0.03857539627705431,0.0054419609709723815,0.0003000729697275606,0.007631164297375648,0.0007908580617472794,0.008237979600992151,-0.00017472110460203805,0.0026144361917079806,0.04158617063541503,0.010557221687861995,0.04796357992254863,-0.017286869463964183,0.008023464466653252,-0.026206745917273788,0.010989151396288976,0.006373470687463856
2022-07-21,0.015094123945918803,0.01515028639903937,0.011548117592623308,0.008692804555031408,0.010034662863718458,0.003862956883669888,0.008931701942827441,0.006809959150086087,0.01655599981112399,0.00043698462648311676,0.00979912764141111,0.013646402983896078,0.0009456289853022604,0.09780470722853529,0.005755818324553408,-0.01669638568327736,0.01018302248759917
2022-07-22,-0.008110643174003673,-0.017732481209791984,-0.009967381942230125,-0.006537907314599689,0.0004909356796514164,-0.05632313537668954,0.005212814967102686,-0.004855996856053757,-0.00876272352477414,-0.0758857635435004,-0.016915932142055556,-0.04049876020099674,0.015983494739896242,0.0019752262198982073,-0.0020096755487508666,-0.007635430958428446,-0.009278225673044815
2022-07-25,-0.0073983876157012185,-0.010455798059483823,0.0011509845386072914,0.008973959562091904,-0.0010948770344542114,-0.003614618426824201,-0.0014350620290114469,0.004008187396952412,0.0009594661293801376,-0.015478298710632,-0.005876378886622069,-0.0170332210903803,0.006782405314752049,-0.013994935471540293,0.015458052653408716,0.03330268764862909,0.0012150984431567036
2022-07-26,-0.008826246004333904,-0.052253606265046715,-0.003936647108219615,-0.02016003054383031,-0.032524532232994785,-0.02316058000228227,-0.026033063883403762,-0.015622094545995502,-0.008512228561719404,-0.04500455613608678,-0.026774326259083492,-0.028841544481679193,0.0019446090342354339,-0.0356637312112531,0.004004181419394959,-0.00388982497031487,-0.01183103047595413
2022-07-27,0.03423463622112144,0.0536538959419941,0.032675090143243324,0.01633895184652623,0.020276277613487492,0.07655683245919054,0.0024486400216185977,0.016046567777053156,0.005830826987138771,0.0655358688635761,0.06685178640547962,0.07602963464858403,0.009495866649064544,0.061655036992220635,0.0056810311613721964,0.021644716847525114,0.025966230227239206
2022-07-28,0.003571777861695491,0.010829110898360028,0.011027113746636008,-0.008038172221579543,0.02832700083189099,0.010260084549286619,0.0024085160557509866,-0.0037314245976700633,0.026743149546529343,-0.052246984393516716,0.02854076759246693,0.010904897179682793,0.016616667338180457,0.02212352234272652,0.012868825209798818,0.01168478570010878,0.012542531503856535
2022-07-29,0.03279314774703912,0.10361464095050721,0.0035044947334506027,0.014706028965242757,0.009549080505781626,0.018385566777880502,0.004371907193171376,0.0047904335133699405,0.003801828634293347,-0.010079562105833162,0.015664996357796612,0.009953412721562582,-0.06179942396615179,0.05784976985791013,0.0015701565424088848,0.046308325216329216,0.014578623376506616
2022-08-01,-0.006153594059540302,0.0032604850044939404,0.0016621096724191986,-0.0029578637731545454,0.010179166416565799,-0.012551511826424111,0.01621603709891839,-0.009968639690818293,-0.0091862728917107,0.005216791856021752,-0.00972410959734582,0.015305650766244794,0.02872329489054115,0.00042631152414229767,-0.012833495549584684,-0.025275908445666406,-0.0029610571317527645
2022-08-02,-0.009287302373799045,-0.009084834427092181,-0.009620291422356875,-0.01987530783826763,-0.0061264877855887745,0.0023505502899103803,-0.016709327797910234,-0.01558549470964743,-0.004364603272462908,0.0016257920836548756,-0.011474343457937852,0.004609471185496039,-0.006647860255504678,0.011134400598203698,0.00014959210250631294,-0.00433969069224549,-0.006597382096664606
2022-08-03,0.0382475215675544,0.039952299225118226,0.029235232146055168,0.018159771539949077,0.00653234509594669,0.025623290938766363,0.018821844625952044,0.010495586631365184,0.014669976775047333,0.053748700168156915,0.027836207488552756,0.019810098741147808,0.020641071317844206,0.02265568716125621,0.009692469736664489,-0.03242257535169313,0.015659204528670756
2022-08-04,-0.0019261076428205293,0.021860686341448332,0.011083732876814079,-0.007134449810925481,-0.006818850438808921,0.0009316499878686546,0.0026115726086857194,-0.011002371856152493,0.005478255904353135,0.010485777104824345,0.004177493561670742,0.01704338059522348,-0.0015874797446165934,0.004023022853486102,-0.012762378273976194,-0.04207860129337726,-0.0006754075316787178
2022-08-05,-0.0013889940399937073,-0.012414983387324718,-0.0024601465505550424,0.01676667052820613,-0.004804137130393515,-0.006092006428521701,0.008203885635067687,0.030259813047436523,0.004043976574343855,-0.020284873378199286,-0.0026089005066355364,-0.011761726856049037,0.00048393414278558033,-0.0663030068235908,0.0024543239584864374,0.014451129890923564,-0.0016902399468030627
2022-08-08,-0.0029031733830954254,-0.009872154542052702,-0.010717359009677185,-0.0138399459604448,0.0022747405876641924,-0.0014471686275043805,0.007361949447659999,-0.012180372703466946,-0.014964411945877387,0.0187898748325519,-0.009154925356501531,-0.06298382203829667,0.0038005332269186454,0.007819434052879659,0.00287838424911091,0.005652904866582986,-0.0011610836005752079
2022-08-09,0.0003034806549198077,-0.011333489631663474,-0.023334932920340945,0.01283959027548387,-0.011219391706100645,-0.005711870723510426,-0.02166861379542151,0.009007230935703214,-0.01595887007546226,-0.01010270209533215,0.007063387670359189,-0.03973459380625832,-0.002340537744023763,-0.024412625864385085,0.0012297417977467084,0.01843717974875858,-0.003970697159106362
2022-08-10,0.026194523163459493,0.0352608325167747,0.03305160700200882,0.03390331290888904,0.007465024603013681,0.026322659685694028,0.02087101258329871,0.02608770671971472,0.01973811010787041,0.058209093480168006,0.024300295041163933,0.05917097575480357,0.009452967682859637,0.03890581776676605,0.0008563144967892455,0.00949352893210742,0.021003864767169977
2022-08-11,-0.004431456262333433,-0.014366830308238487,-0.009047790044335313,0.023951909597325294,-0.014115921230589135,-0.007184717060424672,-0.0028563773642182877,0.014781580311967302,-0.007923453275561765,-0.004765989871463816,-0.007400642240391608,-0.008565009636018472,-0.007108707790312585,-0.026249292544206493,-0.009038172897509966,0.028928048496565717,0.0
2022-08-12,0.021425523557099924,0.020691152408548463,0.023467737160867808,0.01086076363253441,0.009413757756863372,0.023897743474586175,0.013518338334280955,0.016564229809846287,0.01052554986119536,0.016958616591592923,0.01703707626121931,0.04274911064235187,0.009706619560559737,0.046750143628413676,0.020343032350558676,0.008691793412075155,0.016929026508347933
2022-08-15,0.006333433098464569,-0.0025775713556979163,0.0013076047758933118,-0.0013772831504227367,0.015896715170620412,0.0032873972471199053,-0.0008893714864557367,0.002702001320088687,0.01603285618997874,0.002160857192230692,0.005344254200612797,0.017264400844667183,0.012885929159373255,0.03096359891583922,0.0017289749958475653,-0.017872287853491375,0.004120843381633321
2022-08-16,-0.0009237680815373794,0.0111747882760318,-0.013077842082752533,0.010758431745384822,0.013321320533273173,-0.0031128479151897315,0.0405898293053546,0.009554057142686867,-0.0019447506554307603,-0.007850194868174065,-0.002589762397351869,-0.008039337689622394,0.009221989865518587,-0.008912075793144236,0.0027172741304590797,-0.009315479172891217,0.0019587371130016518
2022-08-17,0.008784538724069701,-0.01851079360669594,-0.023674450438837757,-0.006277396968922155,0.005967144417613035,-0.017666296673899184,-0.0049480490505797725,-0.008412177454648395,-0.010911633941174781,-0.025742547809931016,-0.0026361801103306215,-0.028815096167866372,-0.004602028717985873,-0.008372333511224461,-0.0020508458670062124,0.008090808431050034,-0.00709806504281596
2022-08-18,-0.002291693072585921,0.0014074379989574837,0.03687409376965456,-0.003570462524775553,0.0083403837600311,0.005186099337641359,-0.0016886752079873224,-0.007749373549485572,0.00571286041020036,-0.0010866928893059624,-0.0039474580097880185,0.02388898318037791,0.0035512538237372215,-0.0037062197211366055,0.0004035365514838407,0.023644354316576965,0.00290645023737901
2022-08-19,-0.015101759479925425,-0.02860159688639219,-0.017942499965130754,-0.02205052515921202,-0.011462365886923398,-0.024631790351648974,-0.011961325519237898,-0.024745280692558214,-0.008618764753694386,-0.038360132571908734,-0.013853849335379365,-0.0492195065909542,-0.0002670644558349089,-0.020481852686155544,0.005686023372357019,-0.003178530361320542,-0.013438084023930541
2022-08-22,-0.023029603080358618,-0.036243902638259384,-0.03588420636444101,-0.02142054037680885,-0.016338138848503103,-0.025339227277061727,-0.028352057421552113,-0.016521874913759005,-0.0247543766140369,-0.02923327725465119,-0.02935550737027781,-0.045660979856353534,-0.002671357983114797,-0.022764022407583906,-0.006839288955314382,-0.0007442606420344777,-0.02082248832684086
2022-08-23,-0.002028935805856169,0.003002506326521548,0.0019480424321851597,-0.008928468273483703,-0.0062332224249780355,-0.0033262734217881507,-0.017007543952980098,-0.009856921476668501,-0.013371229603533319,-0.011898108084243186,-0.004716369145999266,0.008629832545294258,-0.01928629443731744,0.0225584954757323,-0.016104471987874347,0.042442481590726056,-0.0024192194457333116
2022-08-24,0.0017939808264761936,0.001347163157822573,0.0020007677471460816,0.0031968743454067194,0.0021214868860002234,-0.001493051924382871,0.003942542488369227,0.0024239025606094255,-0.003461778575209906,0.01334482629046363,-0.0023513929089815644,0.0023863079162222967,-0.004301875362762386,0.002170125887066332,0.0012322442616399254,0.005918297014427809,0.003201166675714351
2022-08-25,0.014922636349399943,0.026008936084948253,0.03633861834611318,0.017960451383460807,0.013898919465500592,0.026035732126161282,0.005420314695196771,0.02374789555813006,0.014600709870689732,0.03381117281146895,0.011095341906119938,0.04012313771564524,-0.0008228963199516937,-0.003455684406709514,0.009525230190039702,0.005173536273007429,0.0141174791147054
2022-08-26,-0.037699045632128225,-0.04756700784791723,-0.05320564487880708,-0.031588162829467636,-0.03440676683919364,-0.05409343275721501,-0.03770406220396172,-0.03272885149616156,-0.03687572414424278,-0.041474136678478546,-0.03858695566672521,-0.09227926265914888,-0.023404224335241808,-0.026953121859416895,-0.022748594204991424,-0.012312172128097099,-0.03384892804666684
2022-08-29,-0.013690315727809876,-0.007342307563037775,-0.012824955376576352,-0.0038199903599285268,-0.0014287059385004186,-0.008337937150751373,-0.005971306803465692,-0.002441869710089417,-0.007862602702266575,-0.01613288648559119,-0.01066806833286349,-0.02822893829205031,-0.004216671883724432,-0.01135058160727187,0.000982537963407415,0.022989719435722922,-0.006612302115078572
2022-08-30,-0.01530548529234621,-0.008167020675137082,-0.015150245596494583,0.005604879563960052,-0.013030604303406856,-0.0043867133490563814,-0.010866764850380517,0.00017498077747402085,-0.004675926393830632,-0.012628143340021603,-0.008520885639041631,-0.021074568257063664,-0.010657096980810854,-0.0249982267189629,-0.013081054669561554,-0.03805438240702741,-0.010977814587629808
2022-08-31,-0.010635039668317248,-0.015225659516225343,-0.014376290764608557,-0.01408060373898734,-0.003892264169783277,-0.0066090620844551085,-0.009546483978381315,-0.00594345190511314,-0.010493771333948687,0.036714120484660606,-0.005704148335024972,-0.02417903153827261,-0.015979285137399435,-0.007526203685978228,-0.006713486737839225,-0.007475762270387931,-0.007609109990590834
2022-09-01,0.004706903066394652,0.008282741023605045,-0.014225176087476754,0.002396061671765537,0.013541412198417646,0.014045432661265567,0.017162513853846928,0.0068583856682111755,0.002712979903635837,0.014914498313750357,-0.004092270286620736,-0.07665296621063944,0.012324015911608255,0.005623955563764049,0.008992141268903575,-0.01799335323189244,0.0031379043398653828
2022-09-02,-0.01361109678750061,-0.002425266463259912,0.016686560085435564,-0.0011951671417032017,-0.019010811061682675,-0.017222639123052663,-0.005011041776226022,-0.00698646597951158,-0.008270622108675352,-0.030478937744764845,-0.01666660449348456,-0.020807852998611875,-0.017760005071132956,-0.02507581222110289,-0.014599367490121362,0.01832304627581749,-0.010544394228683585
2022-09-06,-0.00821528295149554,-0.010979542799969155,-0.004038332120335997,-0.011067888409062032,-0.0004045034637143452,-0.009643048338833005,-0.008084881378527808,0.00026371275339798217,0.004712439172866789,-0.01110290278332593,-0.010974018063371616,-0.013336362511429445,-0.011154940335051822,0.015580556255471167,0.002575979458000921,-0.006695203276964823,-0.0037733467512739427
2022-09-07,0.009254092420645899,0.026722663554652915,0.01391005154169056,0.01542643757251283,0.020697754950588898,0.024716847595081193,0.027388344781335894,0.018990765272925758,0.014008902250904454,0.011669119660957517,0.019111552864014003,0.01879506493436489,0.015114630007095897,0.03381677109982606,0.007726755101219895,-0.008530862121034266,0.017965161787012907
2022-09-08,-0.009617887840882022,0.0026259778181887405,0.013462056013608725,0.03217147369511819,-0.0009820115310574806,-0.009776131195898374,0.008169086284741667,0.023295975322130236,0.004412256547977389,0.010412128137596621,0.0016661400411162042,0.020125378469675326,0.00130768340300369,0.01959815762903916,0.011175290462604348,0.00817947604364,0.006536286578678441
2022-09-09,0.018839498692813317,0.02657523304266962,0.020451957003208232,0.008369445468080938,0.014098926672144296,0.02094480800308962,-0.0004335567631208459,0.004805909262727948,0.017511459323149348,0.043749128906646284,0.02297692319953204,0.028377483882161325,0.015232714715843532,0.03602289482946186,-0.002890372815294695,0.016752592485585138,0.015535340159402278
2022-09-12,0.038508302974191944,0.023861278411006825,0.01274870659639915,0.009444922774824116,0.0054793830938888455,0.0018978965159750505,-0.0074390994201923855,0.011832048671892137,0.007652323276803097,-0.0011231304927930008,0.008280874838027197,0.008201808451773207,0.00814512253155053,0.01581694096302666,0.01317869872930788,0.011502539233624764,0.010747760125235706
2022-09-13,-0.058679629774136655,-0.0705752837581286,-0.048028496069812965,-0.036008150172771036,-0.05415946213738676,-0.058993420736951796,-0.06590711013337724,-0.034748794039411,-0.03835483236692094,-0.09369077473647147,-0.0549783561484144,-0.09472586709967423,-0.020694398448538376,-0.04037188096320543,-0.03254601601538354,-0.023358263081653674,-0.04348276686173691
2022-09-14,0.009555385971577124,0.01364140798846103,0.0140970283577313,-0.0038235464507417882,-0.004507192875582766,0.006518436665769567,-0.005720770394059382,-0.0023196902787993023,0.001259880936471891,-0.010840651444513738,0.0009126763526794424,-0.00022848310199474753,0.0023880541868892546,0.03587437200418364,-0.008152441476188543,0.024546238142945098,0.003815926378632817
2022-09-15,-0.018929889542179557,-0.0176585314552421,-0.020773319944822455,0.018895801223801634,-0.008858180818553385,-0.019904603095036832,-0.017369934580960478,0.015070539793442528,-0.02728238884466505,-0.01267565014252059,-0.02711908563880583,-0.015158539649132052,-0.00772494437368676,0.003767273730617582,0.025776482618105723,-0.029077404634998194,-0.011353295450330925
2022-09-16,-0.010960165033774505,-0.021777003694830932,0.0047185494589103705,-0.011300821731412114,0.0012710613042401508,-0.0010689847349039105,0.01631411239088032,-0.006702157805952846,-0.0057736415684134235,-0.0217989006795698,-0.002608166137015977,0.020806105398989194,0.006111609416611152,-0.0013168523341049454,-0.003614486590161947,-0.017083404927417334,-0.007628994002501055
2022-09-19,0.02508302980013144,0.009147615105472573,-0.001313361434273408,0.016705692888966617,0.00482012302478485,0.0026264551723684804,0.016125296555970392,0.009224359262968607,-0.003490659475013147,0.011825952878737,-0.0008988695855527418,0.013941379701283507,-0.0020971320554866724,0.018856110452001085,0.004855706606536447,-0.00010721082441467189,0.007754976139330294
2022-09-20,0.015665528876558588,-0.019813903001303146,-0.017495577501184467,-0.014990034146502906,-0.013917125436548994,-0.01872521774228797,-0.022288173375593412,-0.019719031058375247,-0.00242012234149358,-0.013038874235507092,-0.008465728479261192,-0.015393853119196832,-0.0035510361593407147,-0.0011000625419275156,-0.0014324778735810284,-0.008154294016043062,-0.011478473255775445
2022-09-21,-0.020267768139691,-0.02987152347123645,-0.013947932851532396,-0.029850573108213263,-0.01291232342046189,-0.018390298428792917,-0.009483324567136853,-0.028835460497401932,-0.027994952582898636,-0.02717502026507035,-0.01443575032272304,0.0064511925734394016,-0.012872795304525786,-0.025685948599634356,-0.020504733129456887,-0.01611881607120247,-0.017443835453324952
2022-09-22,-0.006375128872677549,-0.010376272544574294,-0.009395607912103143,-0.0196079880022062,-0.011965918313053714,0.00866239925471013,-0.008947696126561322,-0.011378785059984464,-0.02016419993524854,0.004925634902976039,0.00849540766711776,-0.05278646791727393,0.0035366440607547123,-0.040591728559117746,0.010506045672803666,-0.004178058060813283,-0.008399917045368355
2022-09-23,-0.015123714178044034,-0.03009120154088929,-0.018697117511923045,-0.023692218991020253,-0.042634004246812074,-0.013980448941865231,0.006687856606070408,-0.018613354952313865,-0.016021156902362277,-0.016874584786859548,-0.012698018678677925,-0.0035825425340929584,-0.00462509872548289,-0.04594757245188685,-0.007440214791505917,-0.05321841833337848,-0.016754735852951286
2022-09-26,0.0022601121557710435,0.012040804722097675,-0.01369822681264743,-0.022061169263753566,0.029802712619524385,-0.0057726759899341396,-0.016092191872068118,-0.02153197943391627,-0.011819549139879149,-0.028772793225533166,-0.001975510622312493,-0.023010419151726635,0.0009587094717842248,0.0024698479153155706,-0.010221845617380043,-0.020641316042247948,-0.009892619258844437
2022-09-27,0.006566238175291783,-0.006426381710496365,0.005386689062612193,-0.014824360091744704,-0.004164037863258141,-0.0068249981246347735,0.007915019089766995,-0.008802323216024699,-0.012512413385106114,-0.014446180002161135,-0.0043799448409357344,0.015129290526357808,-0.027485304259181498,0.02510775852537339,1.965514444779437e-05,0.020957162760068426,-0.002552777090559011
2022-09-28,-0.01265158020029844,0.0314657666190894,0.0026036028697542513,0.01635590654702712,0.020886469175212197,0.02615399231374793,0.05024383617578154,0.020217225730610355,0.012915177035167869,0.05364586483245515,0.019711563250253805,0.026020890437513877,0.0,0.017212112374233923,0.010956732562476645,0.03638900971653136,0.019676234941889748
2022-09-29,-0.04911933165105764,-0.027201076403397084,-0.03397306509519049,-0.013196065429739612,-0.019066493965516962,-0.02628698556957154,-0.013678800184682371,-0.0169459134371851,-0.011751238332274871,-0.036720443863147545,-0.01480896456508507,-0.04051486688978034,-0.02485210452293518,-0.06810050474193607,-0.009942845688139745,-0.0020254163459773045,-0.02088892473402415
2022-09-30,-0.030038796514248234,-0.015679468675155683,-0.013596170767468663,-0.015003394276872806,-0.014008910855861756,-0.01816870110479707,-0.008586860659695716,-0.01563698662970381,-0.008473513530870336,-0.005351579994575251,-0.019368501104288227,-0.006628476427955388,-0.019036552336544443,-0.011036096899372572,-0.007448455608110804,-0.015448942464333038,-0.015463560445650448
2022-10-03,0.030752403483999435,0.025486701357681163,0.0287607295835961,0.029470261599507053,0.0115611240661464,0.03125977204410413,0.028122245425451053,0.03090943195549256,0.021593754058333747,0.02159510464152614,0.03366255560953002,0.03072726662027203,0.01790092662963727,-0.08614516909902215,0.02073099013631663,0.052800466260154,0.026401309439801235
2022-10-04,0.025623018665428265,0.04496029692750958,0.050527829010510006,0.04149255736127211,0.01758316217672129,0.030413606248198333,0.020655547841719635,0.046783385927447574,0.0371454369059514,0.012048089931284256,0.03381226998688214,0.05234990642440018,0.012372712983873768,0.029042940273044104,0.014858999924100669,0.036444795120645246,0.030986512447314984
2022-10-05,0.0020531198841911014,-0.001156159830559278,0.010294565938040456,-0.014206168897037852,-0.011951569132024997,-0.0020659866313262887,0.0010012971088833034,-0.012346779647712802,0.009725372634368457,-0.009267201460915642,0.0012858068080463525,0.0031897274300169975,-0.006917897428563191,-0.034597517632881325,0.007454876128579757,0.04041139738697486,-0.0023282113022203843
2022-10-06,-0.006625638947451606,-0.00537407121029132,-0.010932462062387405,-0.01441115256448533,0.004518004472642723,-9.87499978211126e-05,0.0018630646882535906,-0.020382172525259756,-0.014750663774756645,0.0006476498480765258,-0.009670870754341032,-0.00598080711329585,-0.0210524148222333,-0.011129075632041241,-0.015064766883881475,0.02966099471451833,-0.01031566957041552
2022-10-07,-0.03671858105992498,-0.04771409266460691,-0.039666151537822825,-0.02256837155645086,-0.029720853240862932,-0.027016286794070532,-0.020902786399187967,-0.0199740659684583,-0.014236629261089262,-0.040411368234365086,-0.05085294967982246,-0.08027415116639991,-0.017473299012010335,-0.06324275500689214,-0.027507426901863363,-0.010092009235343924,-0.027893967986252766
2022-10-10,0.002355387533678366,-0.007768849586377025,-0.04947032709961929,-0.0029268419117930433,-0.003930534742154879,-0.008309761847432151,-0.006541906638357631,-0.009341513846588878,-0.010814410186305468,0.0025479236822649742,-0.021303081623698428,-0.033620535941970675,-0.004103953938929372,-0.0004931214719139376,-0.01186489389387202,-0.02167708819490799,-0.007635298351834741
2022-10-11,-0.010254806768035474,-0.012844190270001499,-0.01585549525363661,-0.029027836861332368,0.012245130494908052,-0.006948657309047257,0.0015223371329782243,-0.028859818518703673,-0.019638537147037116,-0.039240850143099304,-0.01675005998810697,-0.0071977977200209375,0.003797740722979004,-0.02897383620084637,0.0019042232179757868,-0.008498259276790487,-0.006333082957008518
2022-10-12,-0.004604728350163456,0.006149206372302096,-0.0004411986519344824,0.003023050691805196,-0.011948670211222479,0.003910281372722757,-0.008377872810947595,0.016182664615510545,-0.009333932975053916,-0.008090790808338522,0.0015083083112861218,-0.007422808233832345,0.0016098463620808356,0.003418039229395209,0.00030019412337645157,0.004387780964020704,-0.003298341040636088
2022-10-13,0.0336125953083406,-0.00327726077574253,0.017186872078420068,0.06128591364938507,0.0034521171819719143,0.015375104469600887,0.008234499922925576,0.055593326070294546,0.03733502674655442,0.021882164671889193,0.03760795837009079,0.039999890397155013,0.015108766734842405,0.020622332969329804,0.019901554234911023,0.03494863971919471,0.026391131762543596
2022-10-14,-0.03223992020338462,-0.05003107895219994,-0.024819194348037366,0.00031549282638598797,-0.028504864276115538,-0.025237253760178047,-0.02262822449665558,0.01664080147202518,-0.017927602610267712,-0.02709326027200809,-0.024248656906497135,-0.061287541353561736,-0.00973768448857637,-0.07545550981161053,0.006314981493130034,-0.026308016356717423,-0.02278895080856025
2022-10-17,0.02912270859106103,0.06445275295885255,0.019363199014037047,0.060567827144293096,0.02093916604859647,0.035314930237479114,0.017472823358950507,0.04199998877023425,0.021996149519980968,0.057431189146390116,0.03924574046295093,0.05887588611977246,0.018068436370354046,0.07005219876844393,0.01705217665841774,0.014416654997351008,0.025697196979114878
2022-10-18,0.009409363585417552,0.022585461588422673,-0.0012405531989407859,0.03747767091645926,0.019604878772196743,0.00800230311312422,0.013510673315286326,0.025720676023623268,0.018099041644533687,-0.009250637387005045,0.004083691703208325,0.006645478139079675,0.00808851875396166,0.003829479437051919,0.0006323120177575969,0.0017890338293653496,0.01174954169240583
2022-10-19,0.0007652111070661771,-0.01108629175628062,0.0010808300241664792,-0.02752305697493207,-0.0038878788088865246,-0.011312925487654502,-0.03357203692400401,-0.019606049973497797,-0.00872238021500249,0.0032377205142448684,-0.008469591441802593,0.007019159861589186,0.009270091056466923,0.008401793106927569,-0.0036193938978125173,0.029662757112967064,-0.007086377547298017
2022-10-20,-0.0032668619177100844,0.0015642678860967596,-0.011486277040329451,-0.006485633665475832,-0.014445432828176563,0.003412759145402955,-0.02188838679999694,-0.003261775498158981,-0.004970391586664902,-0.012759734058895633,-0.0013955648546098987,0.011866387143099066,-0.012880354342644007,-0.0664744863679374,0.0010763822469517237,0.0013486886288962552,-0.008385499649435801
2022-10-21,0.02705888144779145,0.03531453097461368,0.04515471551343708,0.037092148043400774,0.0291852265340784,0.011603377960763828,0.02252675751077904,0.052527475963284775,0.020554924250365758,-0.011556449620363174,0.025280667410362723,0.02230592871794057,0.012520839876003498,0.03454266549727758,0.024669582520965294,0.018570295698197015,0.024301533086685145
2022-10-24,0.014802841756248908,0.004190412347291339,0.015097787547129649,0.003433371894976167,0.03929481201204399,0.013744699339642619,0.028054894070251413,0.001227268713176466,0.01068214968054737,-0.0022304085812582253,0.021187681140101056,0.010669058573503865,0.00614389693778028,-0.014875967194030837,0.014745624556742554,0.006990306745649599,0.012236517165378213
2022-10-25,0.019337655504955364,0.006509754475742646,0.007776339771110807,0.009124528442140178,0.00420543489533487,0.019118251757626936,0.024712187526868545,0.002614776042089373,0.019011839650710183,0.06005217973461918,0.013791834347933296,0.05254387441479991,0.011517465193277898,0.05287573097725584,-0.002548147868640549,-0.006754133418310881,0.015968595664807017
2022-10-26,-0.019627281067243763,-0.040961814879887926,0.002412611689317945,0.008759691904698164,0.0007815108473565591,-0.09140507516826257,-0.0003788904480336308,0.011491506398679796,0.026010875224156793,-0.05592300661277816,-0.07715628512030448,-0.027524126193042564,0.007030435684383773,0.009981122376490958,0.0054609777396605885,0.011900289595134561,-0.007534131030411895
2022-10-27,-0.030465182811457603,-0.04063638620803933,-0.012533094659230803,0.004761808417442781,-0.004031676602569756,-0.02854723760494071,0.003136652456600997,0.003948043984736582,-0.0004382120520562971,-0.2455707665383733,-0.019756317126528256,0.021711885415232057,0.0007589554779217078,0.00200319154854367,-0.002522505917815998,0.003826681962571188,-0.005340058469816666
2022-10-28,0.07555252024060177,-0.06804249715805744,0.03842792437475362,0.008642125039028947,0.028859731409577538,0.04413346007807406,0.026076695695038676,0.011878053696199986,0.031624811614092696,0.01286485412032179,0.04022061698657109,0.04993923698113645,0.02532606966012385,0.015238384603380561,0.017423356675326573,0.029288608058372745,0.023790638753042437
2022-10-31,-0.015410476502046744,-0.009380148789788212,-0.005878609741676644,-0.0038694437627262435,-0.018341242398297708,-0.018485779932856383,-0.00843770952395273,-0.0015863248852264755,-0.003915463691863241,-0.06088693544822066,-0.015856154492621344,-0.024360107497453876,-0.004067604989873019,-0.004288512900427199,0.007093388440126747,0.0009936861914205952,-0.0072233716260243774
2022-11-01,-0.017542597582931307,-0.05515425020719422,-0.004722328407505749,0.004439646265755881,-0.0030707366946631787,-0.04274664593798361,-0.0002364343418587156,0.018032973352988257,0.015266120810826456,0.0218976386621601,-0.017059591703177057,0.0034081693481102793,0.0015594020153428811,0.0012306146011606955,-0.014122617436654439,0.00992707454127939,-0.004375895989271239
2022-11-02,-0.037305053398198784,-0.048248766657425834,-0.025368419188183777,-0.0030386869258026694,-0.032902668643896904,-0.03868703979833399,-0.024758392130392215,-0.009207861595730615,-0.04012719580838864,-0.0489496223014253,-0.03536820883690217,-0.023923863968466574,-0.014383309101330455,-0.05636033352596026,-0.007089022396007616,-0.0205523340244379,-0.025096109743018902
2022-11-03,-0.04240493688382685,-0.030612240672440172,-0.026116946655772133,-0.005541954929144555,0.005749580043255653,-0.04070366162809169,-0.02504069205704129,0.001811418392748232,-0.033300091412853505,-0.01800298279091206,-0.02657882442583015,0.0152809338413471,-0.006844974924704816,0.0015350350619269815,0.0003311987299485786,0.013593709658636932,-0.010296786835549354
2022-11-04,-0.001947489829384308,0.01881299269611514,0.04768980362665021,0.025076736131111055,0.00024676734129047695,0.03775623928209337,0.008987428758689076,0.027358255027610356,0.029756970326510812,0.021144977193018333,0.033325455027034545,0.05476502153961227,0.01825343061747864,-0.03641259777431871,-0.010007205916346407,0.010890885768302105,0.014393364354466254
2022-11-07,0.003902020239330506,-0.00494619214148917,0.021319692585143102,0.005979686487325608,0.004399467835726645,0.02206041970812156,0.021969547960550617,0.005280292581980595,0.021233395160904056,0.06531554363799108,0.029269595185471342,0.010242965195827347,0.015322460141604877,-0.05007952633400592,0.012728330122665055,0.01184235130327349,0.009565295723429568
2022-11-08,0.004175293186460705,-0.006075283660437414,0.014498256353939754,0.0027022091894852718,0.008617600985314944,0.004633246759654819,0.0029973429502794247,0.0006089912724591695,0.0019068216566260343,-0.0025847258272333473,0.004388479968492787,0.0210474080808416,0.0022713889579049074,-0.02932818513088775,0.014733378463926305,0.003168044965935035,0.005395425140815924
2022-11-09,-0.033189846463608785,-0.042676192754212194,-0.026217969178646605,-0.015898637099877377,-0.005662040101202526,-0.017772629256861183,-0.015078959417614723,-0.013008633176429751,-0.031036122044597714,0.0518296735243835,-0.01905007826633065,-0.056567386516418905,-0.002412295331310488,-0.07166757185130745,-0.02240299108033983,-0.044736945045853016,-0.020602098030660487
2022-11-10,0.08897444242753183,0.12177847617944293,0.07902529609516873,0.04408539572589443,0.0472680642681671,0.07581312323499367,0.0870097274511028,0.04115902159590368,0.06852747323681396,0.1024932732003605,0.08226799280423225,0.1432925948047441,0.03443731778636616,0.07393437216942544,0.0064921817681709015,0.014692212603512722,0.05495425870250825
2022-11-11,0.01926900881133231,0.0430508514990382,0.02274117272298204,0.007343440084820907,0.0045603906140785355,0.026293456548545313,0.010394681311345133,0.0016287750295767012,0.005989184161634409,0.010279706976913383,0.016997438032920975,0.03663487878505678,-0.0014877291780287516,0.027527264924482875,-0.040594096707099236,0.03122192458591244,0.00967854724178463
2022-11-14,-0.009485838185754769,-0.022819754250081425,-0.009399891939020577,-0.016922855787302016,-0.011232666358942045,-0.007364440287707885,-0.02546532414635383,-0.010273563609059622,0.00023590018117713996,0.01061763595068621,-0.022500128233586603,-0.001959926085193908,7.12222354417591e-05,-0.02561618738169713,-0.015955474040604045,0.002919380646829728,-0.008506715425707467
2022-11-15,0.011869318415660857,0.004569038353104293,0.021823233501841344,-0.0015889900381955702,0.032942344767283194,0.028631130213310874,0.01632365002683378,-0.007243507372056035,0.012199029367450542,0.02503936183779687,0.0017387156504580226,0.022767764744544117,-0.0034755143134239663,0.018172303095892017,-0.02090502242575276,0.006703498304241995,0.008529009934220122
2022-11-16,-0.008331266964953232,-0.018394983322363,-0.02419829172554222,-0.00901838714188341,-0.004483006827032288,0.004164932449474801,0.00955344998795371,0.0013536927102100194,-0.002183276214504426,-0.03288345509948287,0.0018234344839491712,-0.04536186348899651,0.008897460067749385,-0.03857627852399581,0.016918122297481242,-0.010689469405578356,-0.007628760646934407
2022-11-17,0.012971444001974586,-0.02337318995330062,0.0007425414871962133,-0.005085896800283929,-0.005323121068759318,-0.004956954908764133,-0.01101917504602945,-0.004356852259863708,-0.004347291465069625,-0.01572023317972704,-0.00020675934362857085,-0.014644851063477349,-0.006138168062412186,-0.020062058831236462,0.007409348838682384,0.0013283624868396515,-0.0030597840625889994
2022-11-18,0.003781915208476594,-0.007485493894513584,0.005955642557120111,0.0005380707383217942,0.0045079593753021285,-0.009455152539985967,0.005586987443215952,0.00980839440092307,0.007091280095370633,0.005383672209162693,-0.0019034326627725973,-0.01709513636530302,0.012067999366256466,-0.016269016527425406,0.028506891877425167,-0.008667790172115386,0.0045402175272475365
2022-11-21,-0.021680077521721075,-0.017845764989037338,0.004425820244521539,0.003226688243404885,-0.000573064336763629,-0.018782556801294925,0.011495006874573832,-0.005902337353825615,-0.015828076812305802,-0.01954501760058802,0.0034409902269192383,-0.005970483143936778,0.012695403369724634,-0.06837231343190053,-0.024169612109412042,-0.009903672577324607,-0.003635858481126353
2022-11-22,0.01466090361866268,0.008003437930963697,0.02436999859350486,0.0048245765797920726,0.016393946579438934,0.015167187471605725,0.02557002303313549,0.014956534216304274,0.019837238051172212,0.014382139014150086,0.012311314488782976,0.047071814607596574,0.008588540640071862,0.012152311933396831,0.011407799541644836,0.028926681916336072,0.013456860042819985
2022-11-23,0.0059265134200776615,0.009978544373689724,0.006772953241385826,0.0032008673832411016,0.004774963896672757,0.014528546008778509,-0.010373199581053538,0.010663506172022386,0.010668094997699162,0.007178597180169666,0.010407112987358857,0.029991165725348212,0.0056996183789803645,0.07821783885404354,0.012655500045343215,-0.004992106400286689,0.00630173504273035
2022-11-25,-0.019593611775524433,-0.0076489282090407285,-0.006989593901224445,0.0023928805182220625,-0.001553156033524572,-0.01015648116846768,0.015147242759063095,0.0019048310372073995,0.007600963407546457,-0.007394724613194348,-0.0003636127278338064,-0.015073577100519153,0.0018436256172251753,-0.0018558752377418886,0.014932734993492014,-0.003520747423802928,-0.0002237318198082816
2022-11-28,-0.026264345560299995,0.00578089353348199,-0.014530752247997936,-0.022280934915529738,-0.005134138598683835,-0.01446727052454233,-0.022856771568326884,-0.017478307785923852,-0.019072757137231555,-0.02360669660577064,-0.023152539068812872,-0.027227859907454133,-0.0008174699624381443,0.0003281065208000644,-0.009951194350227621,-0.030032723576111975,-0.015957241884676288
2022-11-29,-0.0211482341781859,-0.016285245651894598,-0.0015704537444169997,0.0037980583897561093,-0.0036917796680159265,-0.008953780683033319,-0.009281409004559538,0.016449808557498224,-0.004236866498010361,0.006251171949074541,-0.0059148841405985975,-0.011878449288762138,-0.007640340494826314,-0.011425739989130657,-0.008022358500011206,0.006647913396340854,-0.0017174625827576229
2022-11-30,0.0485939660429453,0.04457912603558589,0.05684833417438662,0.022972846529138335,0.019453436472016472,0.06093079975666993,0.0316180990128041,0.011862681564091204,0.03867339853575591,0.07893299482523952,0.06162371533289779,0.08237920294735224,0.025295881737136927,0.07670184691003823,0.03742426406337307,0.007237055856285535,0.03150074457273688
2022-12-01,0.0018913659500137125,-0.010772746070691896,-0.0005083709634684519,-0.02870051354322889,-0.06562835618779173,0.0,0.009506465665346964,-0.014039698909982579,0.012345704833366833,0.019813660002200084,-0.0017637643334555975,0.012527454823361817,0.0006032661560182451,0.0,-0.01980787653773508,-0.004849978181517667,-0.0007359941671210013
2022-12-02,-0.0033715257869556536,-0.01434557849824114,-0.01806610036371792,-0.012859046740902769,-0.0185169665762398,-0.005446160422649449,0.0028128781948115744,-0.00792705199575472,-0.002051104146024607,0.025323849511919017,0.0012957002406510654,-0.015115506483732943,0.009112131032415594,0.0008217959148295595,0.0016812226074844894,-0.008483804987911236,-0.0011534996980420154
2022-12-05,-0.007982892424708732,-0.033145598727553405,-0.018787110166571308,-0.04462307987155545,-0.01187000037163477,-0.009557906363513724,-0.024116591424808043,-0.028040795252770145,-0.011025854486255038,-0.008583720091079883,-0.01890051248773794,-0.015761677124445983,-0.010092313704636147,-0.06368676805520912,-0.00208881689605811,-0.027398529077863776,-0.017989558075796608
2022-12-06,-0.02537001436716191,-0.03032636052572657,-0.00908341435514426,-0.04264580415486263,-0.015348028567648941,-0.025130704032628626,-0.008216567522486229,0.0016747728976560516,-0.02403885487528934,-0.06787536034370856,-0.0203037624551774,-0.037507603696488534,0.001274552664582318,-0.01441485156488942,0.007999500155508432,-0.027796077395747187,-0.014414663780892512
2022-12-07,-0.013784775164210838,0.0023795930251859776,-0.01392098196985403,-0.00787873702092834,0.001683405562362239,-0.021035050782186926,0.008505320429286423,-0.000683946277630465,-0.0003166385091053492,-0.0016650535401591116,-0.0030597087463728467,0.008319369986697689,0.006431026641123605,-0.032143331123685615,0.006656512809287696,-0.002213710019865367,-0.0017011048759580927
2022-12-08,0.012132598190863764,0.021365582288144003,0.024262135626279324,-0.00916320361067513,-0.0011411215832489718,-0.012955745924164819,0.012306516971652304,0.01049429136187352,0.010794061402270572,0.012288255716127905,0.012399150927708158,0.065074181530135,0.0071883594479900115,-0.003447430865732959,0.00922803200276645,0.007428591107267346,0.007833743894413159
2022-12-09,-0.0034349395734030175,-0.01394579034322141,0.025683670686625026,-0.0018494489405472825,0.0033234488706093135,-0.009390559828366785,-0.011138810071626648,-0.005418575867202402,-0.006663710284971258,0.004942354189459985,-0.008003217175717059,-0.00978515647153888,-0.0026435876303506634,0.0323454827685834,-0.015915024946598466,-0.00842735493035418,-0.007469972051694418
2022-12-12,0.016389932855632727,0.01638799835988136,0.021864356645146188,0.010809132195211957,0.009647805306802981,0.005170596306610431,0.0234024283900367,0.015511629744234146,0.02677533351081407,-0.01026755840649507,0.028889293771003244,0.03141016822383724,0.01027061826015907,-0.0627198857086465,0.012352056231770048,0.024628134956294456,0.014417167118014884
2022-12-13,0.006782609497304248,0.02142456926150338,0.025888044024650503,0.0006110416589566459,0.0010662772066458714,0.024863306024058174,0.01497043390518682,-0.0009686773710024799,-0.002847903714111477,0.04742404545719392,0.017464648881452494,0.030624451979851974,-0.0015085113657058447,-0.04093677795344208,-0.013996439810389338,0.010934207313023414,0.007569680125074862
2022-12-14,-0.015535835116353702,-0.009838858835905628,0.005953965702153452,-0.01435115115614638,-0.009586468626164857,-0.005855832646124326,0.0016221263776448058,-0.004997085207219865,0.0010079876345632233,0.0119849937243659,0.0011676356524328302,-0.02202302308034121,0.003941093661329331,-0.025784367661833008,0.0002600054013561781,-0.00736607538951306,-0.006393533567042975
2022-12-15,-0.04685437097964784,-0.034177820705733164,-0.02861930247965838,-0.01579916133117676,-0.040556691024447256,-0.04428307974534684,-0.017485061242165423,-0.024810544450604044,-0.03149545554847033,-0.04474049238078104,-0.031918220762080174,-0.040851139678081405,-0.011319077191738525,0.005548438139381551,-0.019837848143621217,-0.009581195809765242,-0.024461534653188677
2022-12-16,-0.014578597986794728,-0.006670394101153776,-0.003745294589297732,-0.002203399408036155,-0.005302637596985682,-0.0066036125197062034,-0.013003482937547162,-0.006226203117287832,-0.0011840472241089195,0.028239418891118584,-0.017348665357933224,-0.02247511809255287,-0.004433923462945799,-0.047187179094365206,-0.007542251127797384,-0.007018019553772903,-0.011806161963126671
2022-12-19,-0.015909862421979337,-0.033462353983410575,-0.0030471870366095555,0.011356382767512496,-0.006111264847844744,-0.020163790342910493,-0.01858716633646218,0.005955594875191927,-0.013243192368857737,-0.0414469518552214,-0.017327976180138482,-0.019129794978574255,-0.000265861394748268,-0.00239632976495896,-0.00019131575440300974,0.004489042417597178,-0.00847950341448922
2022-12-20,-0.0005286639907391422,0.0031795134041781026,-0.010207040070894902,0.004055031858022362,-0.0017660328508594114,0.006557798815827409,-0.007846863989316888,0.004844008683883461,0.0049520634325732615,0.02279875342878901,0.005614493252153352,-0.010397433179201165,0.0003988981437392791,-0.08053641461716088,-0.006474088285719826,0.014452729182053314,0.001368152824098967
2022-12-21,0.02380960464683657,0.018546709195681466,0.03163493682891416,0.015222040766299516,0.009261249580768904,0.006290818518810193,0.014356514620923022,0.01124792816954634,0.007989619951255023,0.022802998197136937,0.010876694504217577,0.025862640967275086,0.009171874159037863,-0.0016690545895901021,0.014090297204590208,0.012840938785140477,0.014952532972216881
2022-12-22,-0.023772762347620158,-0.034343619255829294,-0.014503977642396637,-0.00887397576643556,-0.007250135703062988,-0.020316939833502357,-0.010145405829640297,-0.011349756190675797,-0.012062885275907265,-0.022044169811013314,-0.02552874861352683,-0.07042015591327866,0.0023050009219354184,-0.08882756559936855,-0.0008529433511911266,-0.02017404419251534,-0.014266186411699744
2022-12-23,-0.002797927570386549,0.01742450254827599,-0.001193282473232693,0.002470014497980344,0.008589270302281848,0.016750231986390363,0.008256357590177954,0.004745124198473727,0.006090354860093017,0.007855273678401442,0.0022669616430168738,-0.008670514475336732,0.0028255250706137325,-0.017550833466474902,0.008005968238870453,0.026445229913454105,0.0057523218631843065
2022-12-27,-0.013878768920588369,-0.025923742926365456,0.0020093080630880777,0.0018476127772721895,-0.008970203534872878,-0.02062096086880527,0.0025727533669155367,0.0035037717138233226,0.007450772312453946,-0.009827254069045499,-0.007414098764031096,-0.07135352271641471,0.008714540090324574,-0.1140885333144338,0.0012800448309961965,0.0138939596660419,-0.00394339394872012
2022-12-28,-0.03068494978257874,-0.01469172937442731,-0.015626701713817526,0.007377963404261223,-0.01201732566496927,-0.015676760419419122,-0.011954243204393977,0.005465591008026571,-0.012162249097310673,-0.010780216209053228,-0.010254972229125081,-0.006019415861120203,-0.012926270840783904,0.03308891531476843,-0.00665436513421469,-0.016426328428619685,-0.012427892270957086
2022-12-29,0.028324297886485716,0.02884381103830358,0.023711148168004792,0.011291039513506407,0.00781491452237626,0.028249202007137875,0.014823029643868724,0.0057374675265478015,0.0183069468848307,0.04013144692619375,0.027629736995989918,0.04039612617562849,0.004145811334389959,0.0808269069678893,0.002706076477649866,0.007565943483157644,0.018000191835721102
2022-12-30,0.002468844860485042,-0.002138278742257471,0.0023663707558803093,-0.0006037309526807366,-6.588747644831194e-05,-0.002487229040517458,-0.01420078880022102,0.006605692404218377,-0.0013785186566065422,0.0006652239533007087,-0.004937439756784845,0.0007534790551977366,-0.006750279670623471,0.011164017515666869,0.0005662800432459925,0.010073468544248732,-0.002634071978537933
2023-01-03,-0.037404721202974556,0.021666663033621747,-0.010104833121366563,0.011775317284176356,-0.007053698209623205,0.010087246988959464,0.0001584977086652728,0.007606182934929651,-0.0026745612550359565,0.036563122534600145,-0.0010007266522413794,-0.020460046978923674,6.62456843922854e-05,-0.12242248574195735,-0.021766215777855424,-0.034360896737711366,-0.0042098398281795735
2023-01-04,0.01031435078823928,-0.007923564525679994,0.012213695445726813,0.01880034387891638,0.007236175377292264,-0.011669603216067137,0.012091771477519275,0.009325095994976218,0.024077211433979784,0.021083786196598453,-0.04374336666669931,0.03031792582675452,0.004354225005611445,0.05124885285593783,-0.027263693676989886,0.00291046914389681,0.007720073575164799
2023-01-05,-0.01060473360378178,-0.023725589118479662,-0.009317672770271623,-0.0020501979359729416,-0.013952047228613762,-0.021344189909678124,-0.013323659756129813,-0.0002214204264920916,-0.009516950734843044,-0.003375931428703738,-0.02963767064840306,-0.032815703786302386,-0.012415592245266227,-0.029039097760312105,-0.028820561848749593,0.022374058865715973,-0.01141334304878816
2023-01-06,0.03679402731151349,0.035611152390083056,0.06019628819664247,0.009979574611176378,0.0725914383519799,0.013225007312496873,0.006529826106212111,0.019135238858371872,0.046896277224362404,0.024263652128568847,0.011785351222019846,0.0416402244826819,0.023812834299537622,0.024651090365942707,8.171717658855826e-05,0.012086822322155077,0.02293214732427029
2023-01-09,0.004088952109902788,0.01486987397850048,-0.01961166808818038,-0.015111964520606258,-0.008532286452982762,0.007785526133162968,0.0008819855971742285,-0.004132104378406165,0.008975485100667813,-0.004230381792045379,0.009736260835741195,0.05175317927007472,-0.012214149747244551,0.059349011404278285,0.00012236838079981993,-0.018637538281360055,-0.0005669978612621307
2023-01-10,0.004456401385071418,0.028731709234134817,-0.003397439803230151,0.006786577895191437,0.005535171027028163,0.004544454186913294,0.008873021219265809,0.008953968606556728,0.00010782799478881167,0.02718770883804078,0.0076171301435492555,0.01798059796501783,-0.000986542619009212,-0.007681374256751861,-0.008284641391039904,0.014934987917432307,0.007012956674418813
2023-01-11,0.021112320931163886,0.058083825879343465,0.005583275890581163,0.007619993257959701,0.006044795209923404,0.03506010358117684,0.02610482237663625,0.0074312916755507885,0.018463009958889387,-0.0007519202677982451,0.030238192327929125,0.005782799072529432,-0.008098006577016092,0.036769060182475055,0.015226132423202143,0.011626944787052063,0.012647874110394142
2023-01-12,-0.0005994164565924498,0.0018929468094222024,0.006572878944993699,0.0026179020759253824,-0.0038816307142737205,-0.00426155285923091,0.0026446103937383114,-0.0010026231256005103,0.005160723714217719,0.02874582377742696,0.01162152306389519,0.03187307281383922,-0.005641578212932874,0.0027592625752506095,0.004600903820601188,0.01661129971822861,0.0036407614053926007
2023-01-13,0.010119216794284513,0.029915043601747016,-0.005052277923209392,0.022048447775196767,0.005845365408497338,0.01086383933485724,0.004062239276826585,0.02523489534264045,-0.011295267590588631,0.0019746488757572678,0.0030186695307223843,0.02349944992184194,0.007142412177247426,-0.009388119582672827,-0.012306539653964776,-0.000618210147521725,0.0038795589256046537
2023-01-17,0.008756519115555417,-0.02109661268732821,0.0004147599983930217,-0.020153540858127927,0.0031323532784441888,-0.00901015770613145,-0.011110871345015871,-0.015453441643209387,-0.0013844493457184637,-0.011826450863374305,0.004681859028949686,0.04751780629758029,-0.0029164915789918755,0.07426473736900463,-0.009171400753792858,-0.001944361653958837,-0.0018319424804318363
2023-01-18,-0.0053702133865660695,-0.006142675153973931,-0.008545858782729843,-0.02317498599280199,-0.014996616663573659,-0.0018621011142629929,-0.011723825503186958,-0.030042626889446367,-0.016213468696810063,-0.017287411560539367,-0.01888932419617062,-0.01835948361384032,-0.026787887792487197,-0.020609982513142944,-0.018223766883583625,-0.020543727718647986,-0.015788009741999787
2023-01-19,0.00044378623662399974,-0.01864654092151996,-0.01927600589608547,-0.014531301145625286,-0.020814797955763353,0.02118094930215153,-0.039575065739675286,-0.013326440501287506,-0.0026563816071545343,0.023530562805846422,-0.016453921572524788,-0.035219140525299175,-0.021148349058380256,-0.012501946153228194,0.017050174021636444,0.006418901067068994,-0.007279926607129394
2023-01-20,0.019220679646713146,0.03810845093076898,0.013422804053611292,0.018657768365476057,0.022620315060885687,0.05341199199556601,0.01325257626887355,0.002448827339336379,0.02266660362826456,0.02365026485664834,0.03574367062813355,0.06406224055899523,0.003861774541964902,0.0491468120625187,0.004872463635390734,0.01823576217472689,0.018629237789514086
2023-01-23,0.023500414889651378,0.002776315095798454,0.019009111013840174,0.013884547184478624,0.026035607512299608,0.01805756449600726,0.0015237455134828881,0.016212630039885045,0.006085997722242054,0.0279832448255819,0.009824299742309917,0.07590099216325674,-0.013429378353969623,0.07742468874848996,-0.0018696197845883278,-0.0052050682105563295,0.011998501330101607
2023-01-24,0.010063287408607957,-0.012305137300550828,0.0058456875141224,0.00728434323456395,-0.0010149414039807292,-0.020943967572539246,0.007005372236547069,0.008596340881972697,0.003803796539355142,-0.0009074226226755133,-0.002226000708466125,0.0037513689248658277,0.005458996989463172,0.0009739087975544347,0.011918158883436725,0.009311656493536491,-0.0010732730755692588
2023-01-25,-0.0047009228296864825,0.008928577793566816,0.0011111532424423753,0.008678380381070383,-0.002499483743276021,-0.02538383269980171,-0.0013536732317623867,0.004839094797136845,0.006263060452478708,-0.01145737058207874,-0.005908040685419724,0.0030104135572472934,-0.0007051533864316228,0.003752820129427681,0.0018307977974032497,-0.005271803761335736,0.00037466886269310606
2023-01-26,0.014803524274288105,0.02099198301215366,0.022025640356643006,0.013478461659000018,0.015115773224083418,0.02415443571339604,-0.010874482873174829,0.0061819841362602546,-0.013468042136641212,0.04098928702045912,0.030713466023731373,0.024789332420614985,-0.004022002829990545,0.10967259156647335,-4.0582409947087505e-05,0.040190869346725444,0.010990426168752343
2023-01-27,0.013684124339235382,0.03043737760442866,-0.012680066022514147,0.0031126428958718755,0.010013929132753452,0.01897056396174568,0.009177668593204347,0.002428753099875891,-0.008509169221664226,0.03014263723509969,0.0006452929367228855,0.028431474543533453,-0.0041089324840906105,0.11000180416824756,-0.01305648024292827,-0.018257586216159916,0.002297649499777066
2023-01-30,-0.02007794486077208,-0.01652968356145279,-0.0161424200127932,-0.004231300048487818,-1.971139983536485e-05,-0.024454024428960497,-0.007736153133503398,-0.008480737288453777,-0.00778010276749308,-0.030842243223573984,-0.021961697226595356,-0.05907186722327806,0.003129962017837107,-0.06318150994943417,-0.0005347713462839909,-0.01773203678409374,-0.012546867141284945
2023-01-31,0.009020871895582205,0.025658817736008643,0.006122655534066546,0.005099229562250285,0.015617485670414322,0.01959973153246941,0.03159998486509452,0.005965735790101068,-0.0014009467482318794,0.01298785021379456,0.021012664322771046,0.019569842097150625,0.009715537749800385,0.03936155894904236,0.027583828934498955,0.021574435489421173,0.014703584063502584
2023-02-01,0.007900682410708626,0.019586971068148662,0.030324205533750037,0.012401325336030444,0.013244989031922172,0.016086632413037538,0.01209243727361864,-0.0026437415001577813,0.009389981297851513,0.027857986649645117,0.01993468358420669,0.07196603930645962,0.005689117016229206,0.047280928205116535,-0.0043871904835369735,-0.010947220694726756,0.010627548743866067
2023-02-02,0.03706270074151807,0.07379935352944922,0.005010499576495464,0.0058462627302473535,0.012417452531905848,0.0727869985771743,0.03566106582951267,-0.004656103003485512,0.002299028174638007,0.23282400731902553,0.04688424416250303,0.0365752855066781,-0.007123656589536509,0.03781489703913388,-0.05265579327430603,-0.031288117066139765,0.014557158359842282
2023-02-03,0.024399824919623114,-0.08431497620839845,-0.013454020296818081,0.008303326127948818,-0.016487409509812423,-0.027473569467824754,-0.02439757047888158,0.01547392096264022,-0.0027472127592145235,-0.011866349141050447,-0.023620584573391,-0.028052790477436806,0.0030951983754896606,0.009082654784473565,0.0025274312284209177,0.006927565681287273,-0.010629227637591443
2023-02-06,-0.01792872840226134,-0.011703250716856073,0.006157811169047456,-0.0016470577040021972,0.0015345982572947392,-0.01794239400460751,-0.006727040832294362,0.005882860869236506,-0.0025139509599604315,-0.002519516657427001,-0.006115795540240665,-0.00052129080688601,-0.008484699589494049,0.025160537355481072,0.006821625928297825,-0.0016975867997246485,-0.006111326429691033
2023-02-07,0.019244705462733602,-0.0006850625818668465,0.021869246997614944,0.010998197264248999,0.001823317757429388,0.046064197918955996,-0.012360568375486158,0.012190132885066207,0.005603842901178213,0.029882623269021025,0.04202232587798771,0.0514011305081854,-0.009759534572146844,0.010525791279409002,0.003450991277318627,0.02855087589299088,0.01307857408505253
2023-02-08,-0.017652737028562404,-0.02017429777965274,-0.02073390355198934,-0.007343056807788351,-0.02462606501791942,-0.07683019432771576,-0.013560979591787148,-0.00703108094269389,-0.012557915617335103,-0.04274064072712025,-0.0031020650887111367,0.001443159120089632,-0.010355697999441138,0.022763049555982517,0.013294787215805126,-0.008701717703250011,-0.010934731267761788
2023-02-09,-0.00691162346838281,-0.01809100582487666,-0.003822504451233777,-0.021369783215405058,-0.006311797358688254,-0.04387639096981255,-0.016334852095957086,-0.015563615525266972,0.00018888925915061527,-0.030038834365900824,-0.011660214282342096,0.005944538562674628,-0.010969091542854303,0.029956849516678652,0.005194171512331813,0.0037746025388891713,-0.0086690656436611
2023-02-10,0.0024562472299844984,-0.006412838631079665,-0.010276789182646628,-0.003919254257951699,-0.001278582169922493,-0.00463115638777567,0.0031376851000404216,0.004415107439817323,-0.009691721633161565,-0.021189400377225498,-0.0019723613384937666,-0.047991987901505606,0.008829095083246363,-0.05030873801899527,0.017540680980212775,0.04215138534552465,0.0023335733220701815
2023-02-13,0.01880659465400525,0.019772567289289666,0.01326590522537563,0.0019675696090240002,0.01292052459142945,0.00042292134524579694,0.02208249125895323,0.01084817675121763,0.010904153994421018,0.030318807558407324,0.03124306705932156,0.024594548634860214,0.013091032815245152,-0.011427700782035255,0.002225629800467477,-0.003889812195526199,0.011738969109093889
2023-02-14,-0.004224857004337279,0.0016073541414833858,0.0019797001584251905,-0.0008417205365108815,-0.0063779197112773245,0.0007401041638313011,-0.015763745990372113,0.0044188779168437,-0.002346102507211567,0.00027865426943463056,0.0031328986839016526,0.05429598789459722,-0.005639889927733677,0.0750616556523096,-0.005087347926062247,-0.011714791993075124,-0.0004601793730594217
2023-02-15,0.013903492832626707,0.014643999584324163,0.008932284507741972,-0.001684511668884281,0.016016964563532632,0.023869766553683114,0.0070973812465007224,0.004189880667724966,-0.0008648951472836064,-0.012926161694136407,-0.007993257572487256,-0.009011437344204287,-0.0022977820284931783,0.02384709913101113,-0.0032060223743247684,-0.003006349260824659,0.003247435438476831
2023-02-16,-0.010429493909034582,-0.02975486385196624,-0.011765930930503044,-0.007874009351183986,-0.01404323725785006,-0.014751440745086164,0.0017149563439982085,-0.013768950112450273,-0.005654158383042063,-0.026642569150478468,-0.026622362608677452,-0.03347407861992624,-0.013097247258051836,-0.05694553722096751,-0.007938825540998118,-0.002929284740636473,-0.013768870040682946
2023-02-17,-0.0075464507061441255,-0.009679109147912035,-0.0082425551190064,0.001983949892163661,0.006705106413899209,-0.012145298341833533,-0.010241465812549921,0.002961305803496961,-0.01746700428559156,0.002551539812174264,-0.015601933759464282,-0.02790639271764017,0.02092736536108486,0.031033480898909227,0.024068845996110477,-0.03845150982673151,-0.002498229824391407
2023-02-21,-0.026679918933273594,-0.02695468312187932,-0.023590115636442532,-0.02347930894910233,-0.011310945451782017,-0.027133011050680333,-0.07060848396954478,-0.018349319165559153,-0.01431621359338342,-0.004627477609194353,-0.02088651038446432,-0.03427148348127673,-0.0007141526169727186,-0.05251789433835996,-0.015568542097660232,-0.0009885123624389092,-0.02006083794596547
2023-02-22,0.002896007761017394,0.012793392483054111,-0.009234086032814504,-0.006663020680560017,-0.00866963418903599,-0.0015252648528244483,0.0027071246263743465,-0.007663222349431953,-0.002781233957728113,-0.005578878143582489,-0.004590933412283227,0.0047929719346961885,0.0042171312891921,0.017682553475729224,-0.004925580229860449,-0.012953000523248326,-0.0013781106329142645
2023-02-23,0.003290610988692322,0.000313172345862478,0.01324264019625132,-0.0008749244919522559,-0.008544625542530548,-0.008292442024701807,0.010158657535224158,0.008011127206393853,0.0015776356605061714,0.005376355672214617,0.012961637506287094,0.1402137147163547,-0.0032030020883019317,0.006024129792842503,0.00572724853371831,0.009204263133424151,0.0053191497836062585
2023-02-24,-0.01800535822368088,-0.024212061179431754,-0.010363157821359215,-0.001459263580237069,-0.009186229647437982,-0.01936400120570414,-0.008853753670678088,0.009021140250548898,-0.006778555274617792,-0.009590767769611541,-0.021784334592052312,-0.01597349823007954,-0.005640696168211057,-0.025684180003413215,-0.014968960025973588,9.027540593242733e-05,-0.010682168483688637
2023-02-27,0.0082475311378849,0.0027807715104863906,0.013327620894020287,0.0,-0.0032335139510454303,0.008302658768900573,-0.002190938503062956,0.008727786205054544,0.006683175489666571,-0.004988539767956546,0.003771827598894717,0.009232917917073813,-0.0008616453197248797,0.0546017865369246,-0.0020852474781212216,-0.001805875678416058,0.0034057983550801474
2023-02-28,-0.003447715966586329,0.005012811540044737,0.015099424329506617,0.002631031795258254,-0.005851915070001046,0.0021139998022428053,0.0017904024149457687,0.00837108570462286,-0.0005344576920517374,0.03185093790064042,-0.0029581163297328628,-0.012127173283156378,-0.01135564257809929,-0.009247209573726933,-0.0152694092165786,-0.005789302406030039,-0.0036958827011026596
2023-03-01,-0.014246061292643164,-0.02186145722806776,-0.0012115283034118685,-0.004664941994139693,-0.011379840113072692,0.003331136020064518,-0.019390331890331902,-0.005580889044476067,-0.005038126765713913,-0.0086888066037214,-0.012629304425077148,-0.022312070959668695,0.0007268719062165641,-0.014291975817664837,-0.0015128161640156623,0.008916396487297806,-0.0038360180786372045
2023-03-02,0.004128959775662189,-0.00043399062951077205,0.008558538272348537,-0.01267683561619326,0.014665473234715565,0.018149699911100603,0.007668813108259842,-0.010382257022842345,0.005855736052934324,0.006400616387155056,0.0196531955783521,0.02713883497072933,0.01649013447165637,-0.05853928157947319,0.005218660950929044,0.00459925647372228,0.007777340707954883
2023-03-03,0.03509032262440992,0.030066258059702422,0.05697804201228207,0.020005804710606423,-0.021474526839825536,0.01793469810030701,0.018531384465249268,0.01835965020385344,0.016677276952888676,0.061422247866890656,0.016646097004318294,0.02470619788265105,0.0072893845940562585,0.03609219282314147,0.0018003904861316755,0.01265703561841236,0.016037808501885298
2023-03-06,0.018539502797959573,-0.012118034851298809,0.0002529092285386003,-0.002049057833113377,0.01645400893321436,0.015803454087030433,-0.0008042863784809562,-0.005847096137136187,0.015020977696529547,-0.0018893814011514687,0.0061890221196096995,-0.014064336007706735,-0.004256918609684357,-0.020122331071529054,0.004638760008247811,0.008864420513453819,0.0006926926074641848
2023-03-07,-0.01449671093209548,-0.0021333007812499583,-0.012276454764964195,-0.03197418663103768,0.004285165169111593,-0.013350141983587749,-0.025183669696176136,-0.02940777132628103,-0.019050026315762802,-0.002109269851252482,-0.010589102676188511,-0.011125314406653986,-0.019878952280981355,-0.03147407730028162,-0.01435155465397131,-0.019330461082416095,-0.015328764731996847
2023-03-08,0.0083774171276354,0.003955051898638651,0.01137336841216463,-0.01333324469851438,0.0018344767926810057,0.004155145865808008,0.009978763092920229,-0.005915681102186654,-0.002528130034065934,0.0024931367537723848,-0.0017705036531929785,0.03834597868105849,0.0001455408495352195,-0.03041929843714275,-0.006921585814378295,-0.014604326155963965,0.0016321239620269434
2023-03-09,-0.014914821586247129,-0.017781071140368643,-0.015405143524780729,-0.06203932337178186,-0.013414655968134848,-0.020477377836008115,-0.011973007615474485,-0.054136173131793086,-0.012784620522811263,-0.01773269278949574,-0.005439428522144851,-0.030809374166405612,-0.007341193931829748,-0.04989011995084991,-0.012091004594536492,-0.00772880124435027,-0.018449755751432595
2023-03-10,-0.013878784492847851,-0.0164769283801236,-0.01235298223247372,-0.00884089042223335,-0.017475895761289384,-0.01830609521787374,-0.005868074983468641,0.02539503191818482,-0.02068052285406563,-0.011998339737476882,-0.014782801725075068,-0.02009732011295906,0.004539800685922524,0.0030071956856769777,-0.006324704693295158,-0.012370440347064582,-0.014429469691367824
2023-03-13,0.013266063291396346,0.01873687738723384,0.0026674150959924425,-0.05814325769049378,0.0018254292706285646,0.0052963654196973575,0.000733798891135562,-0.017957265350986296,-0.006914221241143714,0.007743204516740931,0.021440811122592773,4.355677654910295e-05,0.006924501726728982,0.005996271168666301,0.00727742139695442,-0.01150492775727463,-0.0014253418977794308
2023-03-14,0.014089143743286403,0.0265065123894086,0.025937802060752135,0.008768891247267208,0.02101703012451961,0.03139064643022982,-0.0033160508226787178,0.025676170192408643,0.023527179814893495,0.0725263653399213,0.027055676316108723,0.047766320424769804,0.012378945444000866,0.050320947926932424,0.0019408682240120712,0.0037544719965503237,0.01653024784085222
2023-03-15,0.002621481840119122,0.01391230747297123,-0.01015069211787789,-0.009388065241617838,0.007760606047433116,0.022773337185715503,0.008404275467315703,-0.0472441226289243,-0.013434755573718982,0.019224776316255188,0.01783050416786902,0.006857025357094981,0.014157869898473896,-0.015333393227232373,0.0018297987117703585,-0.04974737153922637,-0.006254313557236824
2023-03-16,0.018694107469333643,0.03991688242309577,0.01670815962459038,0.016847816622388434,0.0032946564671962886,0.04380388715768535,-0.004305762629491339,0.019413799943542864,-0.00022983770963336259,0.036308520911364495,0.04053657349738948,0.05419353222235723,0.007474053071912179,0.020393505108375454,0.014158904076309708,-0.005805992620301681,0.017545094403511596
2023-03-17,-0.005454012125407526,-0.010895681300578386,-0.00868810890666094,-0.03969613476473999,-0.00043124386560489114,0.012958547222999384,0.005789373986945012,-0.037782128916999835,0.004770317958229686,-0.045478978271860426,0.011694299476173287,0.007204036616309084,0.0002796515013439027,-0.02172378153438792,-0.005338765240575527,-0.011778832912504478,-0.011692665372922795
2023-03-20,0.015483831700821904,-0.012531560404374087,0.020191176737467842,-0.0025161718372255226,0.004599225394303907,-0.003936260656766111,0.003016753036708897,0.010571409237770224,-0.0009723961863978836,0.011246864830090075,-0.025766560070086264,0.006802853850469637,0.01539232502006116,0.017320796272765726,0.01588920713310693,0.026141808809947875,0.009615623224506376
2023-03-21,0.011944004342881342,0.029679680207260972,-0.0036927844334685433,0.03027007937774462,0.003188279907193614,0.03655391860197632,0.0005876087579252953,0.02682104910197025,0.015029156339603222,0.021990874608476485,0.00569363920614685,0.011544257224005205,-0.007234904712921542,0.07819919143822474,0.00658342647035548,0.04480237168399137,0.01313049066684524
2023-03-22,-0.009103287887449962,-0.018984232685839597,-0.009155785592631971,-0.03322819644095942,-0.006784060726167218,-0.014773009928606196,-0.023563644333775446,-0.02581402932954746,-0.009983986337620099,-0.011624587458369584,-0.005442248896676105,0.01026754145805131,-0.0006247286040670375,-0.03254381959196684,-0.009539843811837367,-0.022888742647914517,-0.017046457739754883
2023-03-23,0.006969363218224167,0.00010133876939955044,0.013171287959724554,-0.024240323515848594,0.0004922803910871743,0.02157286636307676,0.004600092124489974,-0.0026732593342390087,0.009514817788129903,0.02237134658949902,0.01972153470021687,0.027316116723069994,-0.001389052656546208,0.0055977366381618765,-0.011797452808871456,-0.01128208725275337,0.0027033152633748614
2023-03-24,0.008305742078654088,-0.005875816395847999,-0.00478703346517384,0.00630323710807934,0.015396805584857676,-0.0015149876184775701,-0.003134843897028561,-0.015215989791845796,-0.007732040853470679,0.008468708052290497,0.01048038277683827,-0.015152051259477828,0.020376880895162763,-0.009416281069083654,0.012938586642183392,0.0011604985671329615,0.0065619734699224885
2023-03-27,-0.012293450432012243,-0.0009171134251457769,-0.014665923853885765,0.049742305072177695,-0.004139062449129316,-0.02826262846301353,-0.00618345612668092,0.028660633002664415,0.008503238638222443,-0.01538760339800005,-0.01493402009081124,-0.009261097481075842,-0.0052480344257680445,0.007352522816861606,0.01241625218197484,0.02192597341884661,0.0018699450388477423
2023-03-28,-0.003980272170260646,-0.00815996577200262,-0.003413896496285096,-0.012987127004735477,-0.013077405593991065,-0.01395663731971819,-0.0015995725482705891,0.0030352287975217163,-0.0008177525759818227,-0.010648878866834521,-0.004160661790287845,-0.0045605466093994185,0.0028091606475437736,-0.013659325116185062,-0.019340111193307696,0.012476479512730343,-0.002244627550960554
2023-03-29,0.019790871652602515,0.0309543624265336,0.0012805859179936263,0.019559047080910608,0.008423003797136674,0.003563292728393286,0.009044920570932646,0.0020174259795746607,0.014675672340719759,0.023270952766009323,0.01918381066081576,0.021734086498324867,0.0030746480560606138,0.024789906342217005,-0.01267516331401597,0.01717679217558543,0.014534801683436571
2023-03-30,0.009889679969655951,0.0174563591022443,0.013189409714305933,-0.01290544769789681,0.0012426385451125288,-0.004931411798207885,0.007057914457305969,-0.003020077821876521,-0.0007509551671917025,0.012125590988997459,0.012620001126716351,0.014786454663531234,0.004359409273749781,0.007220929756684091,0.007436989371766067,0.004864069142812122,0.005855273832256813
2023-03-31,0.015644355828962953,0.012647067799287592,0.012291962070395623,0.010600681114788735,0.010966752478430708,0.02814954534538261,0.03420264492448055,0.012116525269414868,0.011551494666774742,0.01972681209659788,0.014961849752084255,0.014388494223911641,0.008409638703906097,0.06237201971890638,0.005382347442069557,0.0015528930030195287,0.014094634102164383
2023-04-03,0.007701549257071338,-0.008519675143944028,0.0014496235591212603,-0.0003498239482306875,0.0003222241592866215,0.006073302029873329,0.00884387433893652,-0.0011511151705903,0.008420271041206462,0.005331627583699872,-0.003711432626616218,0.006768238232089496,0.00551478879080558,-0.061168427796826186,0.04570554386529668,0.05900041923419219,0.0038104255356297134
2023-04-04,-0.003249524786665847,0.015037527888523972,-0.012545259439773138,-0.02133590018038012,0.0014081590073993233,0.003449666236891691,-0.009303740079129708,-0.013368136510752193,-0.007012976485688327,0.007744057968297247,-0.0001740602671738145,-0.018308630735752174,0.0048156586691592285,-0.011244043709844997,-0.0019022292514824235,-0.009558300137563203,-0.005548026329459943
2023-04-05,-0.011290384176711021,-0.027417013542964663,-0.008511888170573467,-0.012151560747728607,-0.0012054875030873546,-0.0023872252435581665,-0.0213247021702182,0.0014911373117567628,0.0012662439888559973,-0.015089511614054252,-0.009888973847884563,-0.020835561338363395,0.006856138569103054,-0.036660076287605925,0.03239744463741423,0.01712759734175129,-0.0026181499057400526
2023-04-06,0.005495893025244669,0.009495540049077267,-0.010127006054816756,0.007235847720753696,-0.022428646861904933,0.0378097552332497,-0.00020820162617019022,-0.0010971435527757922,-0.0063773392378357885,0.021846183333477542,0.025532634649210628,0.005803354613223455,0.006346736721698276,-0.002479553165553039,0.00703024559274712,-0.016582609587206587,0.003900793993492746
2023-04-10,-0.01597237008583907,0.0010778033801970288,0.007628710351020196,0.003591969999951372,0.01615278027695166,-0.01826214466581655,0.008870239242668054,0.003294855375532313,-0.003679525334379874,-0.006247258531995925,-0.007578722156597606,0.020046663923446673,-0.008277529611996348,-0.0029720256079851515,0.004621642448577878,-0.004432882313938458,0.0010262663274738237
2023-04-11,-0.007591138377732509,-0.022022120390757682,-0.009276595051493475,0.027558869071615533,0.009760621018588322,-0.010240646785901975,0.008929372594526752,0.004926084065575598,0.011079084826346675,-0.0041909021655128775,-0.022668531135922154,-0.014866411676120461,-0.0019871612480586442,0.012357047570192181,0.011238794516953643,0.007071912099901656,0.0002686959905615627
2023-04-12,-0.004353194893233603,-0.020916697119598093,-0.007834819567872464,-0.008011054359527314,-0.01865035784399005,-0.006739494713016603,-0.011335333345800058,-0.00015543616748425748,-0.006453773618915415,0.0007014113154415469,0.0023333610681466332,-0.024807706670756824,0.0027214478141455167,-0.03346003653646468,0.00042223993475998256,-0.001040373961208707,-0.004075980399724566
2023-04-13,0.03410370725565559,0.046713683014299345,0.012226291707613024,0.0028090878476680903,0.017451821670223522,0.02666280551559841,0.0058875663299748915,0.003813091220709941,0.021753498009615457,0.029672912764291626,0.022399707626257648,-0.0012078986267204384,0.004633621168013358,0.029688716127604264,0.009669946869405921,0.004686085109882665,0.013282627438786054
2023-04-14,-0.002113924757729979,0.001074224694457282,-0.007529073811029852,0.03361340737399243,-0.013236080420828022,0.013404129764804207,0.00013699853666748751,0.07550972173365866,0.007520668563431254,0.005173672690484743,-0.0127656513034069,0.011147675227450193,-0.005073517834100594,-0.004841279860318459,-0.027440220861773335,0.002418757201077426,-0.002442729523639109
2023-04-17,0.0001207573903523329,0.0022436418178335416,0.012622231713636856,0.028794096875038866,0.005373551399779908,-0.02663718002615023,0.010986023810754864,0.007929205670377026,0.0008860773383663201,-0.011874190809952778,0.009295844516330698,0.009118694340001676,0.0003310335384854035,0.011026990735853115,-0.01258334779540038,-0.011632940623701016,0.003588299094701597
2023-04-18,0.00750477402093952,-0.004282604839014548,0.007905968672009545,0.006256106881926904,0.005992780465448044,-0.013871998204495584,0.01201754346153372,0.011227860731523043,-0.0011803074779468403,-0.004431920555540536,-0.0014887374968552969,0.024627879104425654,0.0010591516889089103,-0.014595786064655836,-0.001721459336291642,0.019529101735233034,0.000652182948624791
2023-04-19,0.006968290547996636,0.019550341547772243,0.003447771662605792,-0.016361262559557832,-0.0017509816733650707,-0.0030620903984226455,-0.0068239514164673,-0.001272929001277734,0.0012890541326233684,-0.010051136818403417,0.00027735218377022974,0.009542185666195024,0.0001986039311896448,-0.020183393575926356,-0.03623546227777419,-0.003163887551999589,-0.00016881873006779902
2023-04-20,-0.005846451714923817,-0.0046980391066805405,-0.0023325709805619432,-0.005322739053335135,0.019252860838602448,0.010654570855759049,0.0055910977679440865,-0.0029032913058703036,0.005901485993209832,-0.012192858069929091,-0.008112192969764176,-0.029608735919042783,0.0036659807755825558,-0.09745828230593856,0.0025915304095365244,-0.007978100044810033,-0.005457332013611316
2023-04-21,-0.009780725732187912,0.03034391291745231,-0.00018961015214058463,-0.0010032941674681384,0.0015229683631543534,0.0011397320552797297,0.004923370369774194,-0.00191756625607431,0.000639920821872586,-0.0008447460101003168,-0.0012230822762773208,0.0005534386655718926,0.03460408395753434,0.012822849668400638,-0.007467247760125528,0.0031996002532097556,0.0007769970779105684
2023-04-24,0.001878580795702911,-0.007011967150520215,0.002591141699004984,-0.0036826000049693386,0.01001287395478645,0.005312670234651318,0.005332677397266394,0.0013517607259161402,-0.001359137445651637,-0.000469716155175548,-0.01396317926588675,-0.0028395028705453518,0.001793905429188447,-0.015325895028073244,0.010582499925473554,0.018877559990915227,0.0010432480284783274
2023-04-25,-0.009435720156171001,-0.03427172037496595,-0.01973065436857302,-0.03091403340375609,-0.016131548901284876,-0.020005743699140988,-0.01760408177158912,-0.021743512402220166,-0.0165453347625365,-0.024625184169336678,-0.022535775892679966,-0.02962052646964164,0.00025564992573778866,-0.011565701922588656,0.006094876968511631,-0.014213123639014169,-0.015873771387309388
2023-04-26,-6.109847118784817e-05,0.023496184744855597,-0.009372792942766384,-0.013869545853449905,-0.016912753760855215,-0.001348137356491641,-0.027874041171539354,-0.01772353981352226,-0.00480272364643064,0.008913324768305309,0.07243459990389645,0.02724739306594537,-0.011573543555032928,-0.04306963495243776,-0.018234723125993613,-0.009183046371088466,-0.004235648969413641
2023-04-27,0.028395242678690424,0.046103983455159314,0.0036027605778456984,0.015822854845498835,0.013362679530225519,0.03741204301540724,0.02034217101058733,0.013458457378619837,0.018840590109051147,0.13925516802122684,0.032027711917956614,0.010016450711247238,0.012226739115964502,0.041886194740853755,0.015571010205079228,0.011953322373194686,0.019908032901795547
2023-04-28,0.007540942237137305,-0.039792412663683385,0.013082032184817516,0.013499369292809593,0.0038900554193430636,-0.0023236167542756148,0.022488337479031006,0.008683129190061534,0.017020374372507918,0.007377648129905046,0.00797178937698706,0.019209583904882255,-0.0005753166111296393,0.025719427270091355,0.003302949974703262,0.012924676963903536,0.008535292437293673
2023-05-01,-0.0005301867867099075,-0.032242712137328766,0.018276174027053393,-0.008196729920542878,-0.01913666751336418,-0.001304304670904588,-0.009449589766315492,0.021411973563349118,-0.00044733551051279186,0.011900749848516856,-0.005532762044365813,0.041839282347119644,0.0012152217990271108,-0.015093395194377579,0.007336019416670947,-0.03101235084902998,-0.0010098640626099442
2023-05-02,-0.006191347124347102,0.015482549283793778,-0.04014421458896367,-0.030303109459594246,0.0024716461639324727,-0.017537280174484304,-0.011488082881066064,-0.01614748338138261,-0.010082716270347736,-0.016202012183243908,-0.0004910599346096278,-0.0242131524422039,-0.0008943998732579006,-0.00939259874721976,-0.004660051534550291,-0.039853353584421325,-0.011239158733060806
2023-05-03,-0.006467579289394898,0.00019303553981586674,0.0014043765390387986,-0.010653312034378137,-0.009599520168325992,0.0008545372879111834,-0.004077763521495137,-0.02116307819687624,-0.003005095711627437,-0.009237466498223879,-0.003307046916508405,-0.014462898977194327,-0.0012784274230839276,0.0018713932775662467,-0.008005897519850147,-0.01970935407917651,-0.006864103725123583
2023-05-04,-0.009913356949934116,0.0033767339022539034,-0.004957553107550305,-0.031227690945271447,0.002658111794330731,-0.006830388494161288,-0.025010256232313788,-0.013678520321188103,0.003254053693372505,-0.014808272812004364,0.003318019763536295,-0.008632360968542585,-0.004608562954266371,0.003673471985857102,-0.004413223354203355,-0.017511479450380008,-0.007082770109091641
2023-05-05,0.04692699939813849,0.015961573674128537,0.03271269523378195,0.02667657810935431,0.01778369185812534,0.008405739998900152,0.013543349796536708,0.019534564186909797,0.022705811233681983,-0.0031688784552191818,0.017157372528568304,0.04056286740930992,0.0033438051541008207,0.05496278398315546,0.014365436462957959,0.024896327309652078,0.01851240195878301
2023-05-08,-0.0004033631595159459,0.0016089169321718,-0.001682283741670676,-0.0007217495890725623,0.0,0.020839108443183374,-0.005835251112929374,0.0024136881061955773,0.002209513948784325,0.0021049336730376567,-0.006438212643727792,0.016422757290274648,-0.004678539858848918,0.010172855182730478,-0.0033584010587376367,0.003956580491250028,0.00026665274768444824
2023-05-09,-0.00997128877819975,0.00746481056277859,-0.016771023113832162,-0.001083443352231317,0.003466474445826373,-0.003897087947465905,0.009203724827230086,-0.00481528026269884,-0.006666289749744259,0.0004287445241868415,-0.005345764504612438,-0.019896367112510194,-0.010238406301176117,-0.015367597024416146,-0.004547166237222178,0.00027502597937711926,-0.004385532715064144
2023-05-10,0.010421054015280484,0.03348339526223332,0.012546224153013874,-0.01229207093714657,-0.002256405001737849,0.0409874269811743,-0.005334337115521559,0.000513182661353806,-0.0010446364817038312,-0.001242753839796662,0.017296237782226775,0.010990182798229275,0.0020818069991692667,-0.0036062703657255835,-0.0006321248743365038,-0.012827607200453839,0.004672375355157632
2023-05-11,0.001094855063359379,0.01805969525073481,0.0022355816244097326,0.002562222042283846,0.004463108685188066,0.04313203377069774,-0.004636051619942405,-0.003150672278980804,0.002221920973456193,0.011626872902530172,-0.007044222853015092,-0.010628501474144847,0.0023374047873476744,0.021003967520705658,-0.0026730559746350746,-0.01809909627614159,-0.0017438485367499146
2023-05-12,-0.005417642023513247,-0.01711533396079623,0.005544237650756401,-0.010952802333827338,0.004343434585682537,0.008063841271233496,0.009663095366235774,-0.014332917038358595,-0.0038340753599023225,-0.00839722866691095,-0.003676152799303667,-0.008328023502505832,0.010168936906265857,-0.023826162598143963,0.005053583375943305,-9.457880930041629e-05,-0.001310324621318082
2023-05-15,-0.002897553059085567,0.008525256609829501,0.013705246906897228,0.02067172921951732,-0.0040271703766356914,-0.00850990814344088,-0.006644358200050049,0.008426575806239178,0.0039013614679048736,0.021598799580381467,0.0015858468215221855,0.021630093473769874,0.00032070029187170057,-0.009703474612936969,-0.00889609913608902,0.0019069907175448542,0.0034500413284199727
2023-05-16,0.0,0.01978421437062372,0.0025631970253316982,-0.010488189562557482,-0.011732117872234715,0.02574884473380723,-0.02152209150427531,-0.006729109026667679,-0.008267955698272877,-0.000167509995438464,0.00736795084406805,0.008980159230144391,-0.0017306220601696065,0.001021930644472091,-0.014665365565282973,-0.02426951630140961,-0.006682622012526895
2023-05-17,0.003603274019537972,0.018518504813616277,0.02499074738124496,0.044224999014616184,-0.0023177913099137193,0.011128744440950467,0.03563211974113778,0.030747200832518917,0.017778259434413135,0.015367177608422544,0.009451328428163652,0.03303331972842982,-0.004238033335438152,0.04407876621166107,0.010610336761814443,0.022434715511965964,0.012138907549200662
2023-05-18,0.013666193273282667,0.022943736154795724,0.031073637461235704,-0.003500047613105184,0.006262624530357641,0.01646810282338418,0.009473656310632128,0.007584083476345205,0.012971485755277623,0.017980069809211185,0.01439478768255209,0.049704959097213175,-0.016442970958514658,0.01742780840135616,-0.011509635335846036,0.009063162286257365,0.009633380404200143
2023-05-19,0.0006285240334127362,-0.01608126535201726,0.006416713443637034,-0.01264497480100224,-0.0031721095501470176,-0.0005699411402940724,-0.014500821695873078,-0.0022940129810788967,-0.016453094914089417,-0.004901670609004927,-0.0005648632962472755,-0.01306888830476316,0.004196037007482056,0.018373000232992265,-0.0008555612351666131,0.004632655413504327,-0.0014550811587962231
2023-05-22,-0.005481053624197263,-0.010666648290490577,-0.005686720472449225,0.00818219353095806,-0.009365179613787245,0.018654284579281644,-0.0007561072862953822,-0.008262599662245629,-0.0026973998793143883,0.010910330356838971,0.00892128682638127,-0.0028146148956305073,-0.02618011904926143,0.04846228354123516,0.003759266845018816,-0.012139787284713432,0.00040600377899302487
2023-05-23,-0.015154815602284155,-0.00017393506729301844,0.011984474151517821,0.008468604916307854,-0.0142313828420495,-0.019912046246413073,0.014724760955792116,-0.010432763308279802,-0.02803437482588922,-0.0063628445027356095,-0.01843197398340224,-0.0156531202760386,-0.010793898844795202,-0.01641335799687571,-0.0024551310661968806,0.013622800502264498,-0.01122287584739845
2023-05-24,0.0016319015875481124,0.015305697616548875,-0.010153013602132277,-0.016794764578032972,-0.004351655978446112,-0.013544456819921225,-0.01301935768980933,-0.009151308946981684,-0.014046652194679599,0.010010536062583952,-0.004472702878677293,-0.004888034585239565,-0.008268476113958312,-0.015449266889003499,0.00289928578128551,0.011184106382086778,-0.007244811654143812
2023-05-25,0.0066924959653142935,-0.01498929336188437,0.0725057959330242,0.002490807491056568,0.007850655470122314,0.02134002603929397,-0.014943230350116576,0.0024383568653971732,0.004179042932711763,0.013964113050107141,0.038458123473555705,0.24369624559874103,-0.0064239909568691855,0.008583965973816943,-0.006509661878511208,-0.017938479118620232,0.008659866718847997
2023-05-26,0.014104678591560615,0.04443478791610045,0.11516217965226105,0.004969892583304825,0.0425649638450305,0.009151300471880175,0.021202922069961883,0.009360965670694332,0.011701333985708162,0.037002106666204515,0.021385575998823514,0.025434561457826632,6.909380456643355e-05,0.047162123329924865,0.007996647486906205,-0.006530132426703417,0.012950697135186262
2023-05-30,0.01065965296175908,0.01290486257498391,-0.011553450745325322,-0.0017660235350553943,0.0015180121097526644,-0.007543551822067784,-0.0014683094073754122,0.0037973412112259908,-0.018350682975738497,0.001831484003980366,-0.005046872693502902,0.029913296582623206,-0.015268452249194486,0.041362559242642094,-0.0034681436185570735,-0.008859945554461235,0.0003809317565162118
2023-05-31,-0.00028213848252178764,-0.00887721353399118,0.005750655801193938,-0.016631339570548187,0.006948391933872422,-0.006468811732286639,-0.023630045376629605,-0.012730858948030166,-0.006748335704259367,0.008380253183405184,-0.00851424971507897,-0.05676744627206587,-0.004748987444263442,0.013770078361723614,0.015400687795367629,-0.017877651919288806,-0.0055450793423552636
2023-06-01,0.016022477770422983,0.01816217265513176,-0.02229070273003131,0.007617012141095447,0.002032988241943423,0.0069178354466696845,0.017428291072917323,0.013779064450197387,0.01605400199930762,0.02980518961139733,0.012759252522713593,0.05117066363422351,0.010245736846085762,0.017604137329555458,0.013114721026630471,0.011548277392882333,0.009500920490133735
2023-06-02,0.004775647149585005,0.01205508998453797,0.027913202785754043,0.03347713877184555,-1.9464929480461635e-05,0.007678714522075358,0.026179712074051453,0.021005995143053235,0.007684300329900751,0.0,0.008478989695694272,-0.011139016865819196,0.017782295794687597,0.031081326211682914,0.01205343945060977,0.023219892758803873,0.014461021169695165
2023-06-05,-0.007571192665123294,0.008450728786783213,-0.011945722160341954,-0.005921176564187336,0.011041835211519357,0.010748413804312573,-0.009596442790989923,-0.00982415703537165,-0.008589052499487826,-0.0044752978214881445,0.0016102318947204264,-0.003966497666437752,-0.0039584507448512385,0.017011727666879306,-0.002782211541181856,-0.004444092987609949,-0.0019159841964562219
2023-06-06,-0.0020604915389039746,0.010454888481148839,-0.01533106646766913,0.02417663161030492,-0.0038398486381479024,0.010316591212568893,0.009894012894350102,0.0017973644626760876,0.025477678266665693,-0.000994766520314605,-0.006727382779062929,-0.01319874225103379,-0.00993551156529282,0.017002881015874438,-0.021317153935242916,0.008167855823244752,0.002177280852198482
2023-06-07,-0.00775613333127656,-0.04249267220189956,0.003329186850850263,0.00855275257431165,-0.009742984276402855,-0.03778188177235087,0.01925689030139166,0.00968874944662601,-0.022554802996355927,-0.027736906588012644,-0.030868051218862047,-0.03040110923019501,0.002145461647187208,0.014730512862447087,-0.011157429563508847,0.022421051831121863,-0.0034577713294253742
2023-06-08,0.015465116440654736,0.024911297199049942,0.014596838026443848,-0.00848022332245979,0.017330804331505245,-0.002938708496884268,-0.0020216555063290453,0.00028398111853356056,-0.010231885502917093,0.0037178851364569887,0.005813700189494231,0.027618539544284948,0.011326138431603683,0.045820870777622646,0.016800359620799066,-0.003132603156802194,0.006048758569785262
2023-06-09,0.002159698273447308,-0.006599595129369917,0.0005223265539904265,0.001368457112271626,-0.005402993955631152,0.0007368582235813825,-0.012421701229619053,0.001989948151651433,0.0044342275063264935,0.0013983200414140473,0.004703900219255264,0.00675170249764423,0.0008192953660250968,0.0406199151040636,0.006915137384739589,-0.007394577069142483,0.0017943575058525507
2023-06-12,0.01563885521084374,0.025439515368102628,0.06306089775148571,-0.004783054488018079,0.0071332516589459605,0.011535591095511055,0.011804157096731771,-7.080547830129458e-05,0.016494319598730156,0.02302318719280838,0.015483866301257976,0.018364629316293346,-0.007846419312843245,0.02221770896144215,-0.002086636442270917,-0.009032399146462256,0.009071807001725496
2023-06-13,-0.0026116758211169877,0.0007111003199982147,-0.004956981848450948,0.009268830292134433,0.0020157240214622174,0.0015367863173170182,-0.002592531243913232,0.007233802472927264,-0.010471563955435026,0.0009962411087154344,0.0073527523571188524,0.03900498972873545,-0.0024072180322026737,0.035544128242966044,-0.002598473756145414,0.0001879841089307277,0.006592737621393008
2023-06-14,0.003491352709610762,-0.001894879884926648,0.04119270172096723,-0.00952380952380949,0.009922850522850135,-0.0012921402858985243,-0.0012329356982272444,-0.0037318139302442432,0.00910124023092651,0.007481758004725503,0.009123808481801055,0.048145177493122304,0.00937543912178107,-0.007421371317580694,-0.0640125442924725,-0.012025594495508773,0.001190868252467725
2023-06-15,0.011198692947094413,0.005458016543269828,-0.003102944945792774,0.008585199759053141,0.003755795599787337,0.011482201428544947,0.007707344698374641,0.011308171607894435,0.011420622202218844,0.03102271985027083,0.03189690278161539,-0.008000647062197386,0.01386431585586112,-0.0034659239799892383,0.017271477355494724,0.006941732479864626,0.012397802964948301
2023-06-16,-0.005859857275108626,-0.012744888197649074,-0.01734154380920827,-0.006128702545700082,-0.010450313975707948,-0.012471083726974808,-0.005429908516151438,0.0011880054536292928,-0.006622028641031452,-0.002945171184122408,-0.016575995911551566,0.0009141598200892442,0.007342365795558026,0.01813214052015355,-0.015883623233576505,-0.00717726455592993,-0.0034062540908776917
2023-06-20,0.0004865715522008873,0.002310948445805039,-9.226621989499861e-05,-0.010962658062732333,-0.007542977319893951,-0.003480979102302051,0.00342879796874751,-0.005095753929970193,-0.0050725826954645115,0.0118505885978617,-0.012502426868470695,0.026140817816541873,-0.00922815709693936,0.05338912722001776,0.02377377911689793,-0.022923944556990983,-0.005188327743195331
2023-06-21,-0.005675326450016449,-0.00755284590127181,-0.01826437340983522,-0.01039162075973854,-0.0001538967698256899,-0.020714794868104236,-0.0023554639374249176,-0.0014732155426964155,0.004057384365165451,-0.009460679755671442,-0.013282003766731942,-0.01741695638140428,0.008639380416892495,-0.054618400747766804,0.015679788862430488,0.011195434882853572,-0.005123635971026608
2023-06-22,0.01652541277222208,0.04261789623803569,-0.00617005847735741,-0.02135103575725039,0.008813759720838865,0.021567838623043567,0.0015962940497802336,-0.01925225879161807,0.004413357033003162,0.011503953948831303,0.018437292599106314,-0.0004647126563693815,0.0034128386080629625,0.019848894111198723,0.00482439920977451,-0.005487552561171616,0.003609753920654768
2023-06-23,-0.0017113121108387475,-0.006300361919969633,-0.024073209813382346,-0.007510621588048494,0.0004581500587068632,-0.006577334711320271,-0.0012285402942783241,-0.005230217566338569,0.005320222105055006,0.013514497486729837,-0.013805874019545694,-0.01896563120949346,-0.009936805791631698,-0.030270888067223778,-0.004279281339842456,-0.008712527359568956,-0.0075600250367043875
2023-06-26,-0.007552906581757113,-0.01546431587167707,-0.0006323452503462779,0.012252252701273614,-0.0019450683090184162,-0.032695806667617955,0.02353643087136681,0.0024489160402776378,-0.0062924913325914655,-0.03553508470833033,-0.01916302201348241,-0.037361650648759626,0.00101037639476953,-0.060600166336257755,0.00431873141942507,0.018457099326319337,-0.0040857458942883396
2023-06-27,0.015059056857500863,0.014529104045574393,0.03258135074877755,0.005340015037890167,0.013201576975723661,-8.457433063835396e-05,0.019000074022975877,7.161504957720055e-05,0.011578674423024848,0.03081131534520476,0.018167963510744123,0.03061625608858276,0.009487929832436848,0.03800042956291749,0.00730601181679269,0.002492906960757768,0.010963342542120502
2023-06-28,0.006327807236134575,-0.001083754432466999,-0.0005421855063977299,-0.006019866040496646,0.004657614477863836,0.01563432215281324,-0.02304431104759752,-0.00438192267988502,-0.0040861185012478485,-0.006131269614206736,0.003825990764561471,-0.018124971626032105,-0.00019969225938409885,0.0240996896954786,-0.016806330492766697,0.008130234019726457,0.0005043174733758704
2023-06-29,0.0017964832701578004,-0.008834406537251538,0.01725377052154342,0.021018845899258842,-0.002083388820613097,-0.00898650680761659,0.004273789444294129,0.034923017967495085,0.019567127850548927,-0.013179785501966634,-0.002382245975022901,-0.007174623765370258,-0.004067144679983148,0.004917303362650394,0.004194343795401956,0.012333977380247108,0.003941455589723031
2023-06-30,0.023102642523534778,0.019233769000189582,0.0056343708039259255,0.001046648680320006,0.0125826689355919,0.005037818816918671,0.009161214316262933,0.014014003172313494,0.014522499148276857,0.019358750728617924,0.01638582637111541,0.03625485962779318,0.015798552943694588,0.016582481606492783,0.008815480566165323,0.005154592943373837,0.011800671732868473
2023-07-03,-0.0077848256173265185,-0.0010739443770555468,0.010386956865388708,0.017776267249023814,0.004940684254410632,0.001670855471836541,-0.0019958725977572422,0.008044369592169476,0.0016781175611169097,-0.0033452806111112787,-0.007488334325317925,0.0026239146774709177,0.005008561850195159,0.06895373445427366,-0.005742409901904777,0.0019580922024309277,0.0011505449628081976
2023-07-05,-0.005871388600094951,0.0012287180203460757,-0.01663561420351445,-0.004109589613614406,0.0001663855324911534,0.015429536260580301,0.0025160357221361007,-0.006661642427361003,0.001954523900422167,0.029193678202105833,0.0004735246706721874,-0.0022633196849497494,-0.0017049021666487585,0.009506123909958086,-0.013936626320759204,-0.005118215023575345,-0.0014871166494442312
2023-07-06,0.002508754001656399,-0.015493205988729275,-0.016081396514127766,-0.02751025027313081,-0.00694863054473005,-0.01347028196818767,-0.028249770844051225,-0.009886526507538074,-0.0025876669028289667,-0.008084975022974783,0.00922669348887073,-0.0050569761182662765,-0.0016420424364240738,-0.021028045208104085,-0.003947189495306813,-0.03732121198723648,-0.00783091832199101
2023-07-07,-0.005891205101572483,0.011062622017709689,-0.0014740794530869739,0.008840278250767941,-0.022926332922014625,-0.005245119999999992,0.0026156823772793825,0.007890247585303545,-0.011344594678013187,-0.0050001278737790145,-0.01186741665969493,0.009500476288658577,-0.020988308944348444,-0.007630056425625198,-0.016575788020104176,0.002331956766503218,-0.0025247204446168237
2023-07-10,-0.010855841068905692,-0.020419182854096718,0.03658697753098439,0.004556499979503581,0.003732926673150727,-0.025359960033571327,0.02466905998755453,0.005612035557069905,0.008953305922608124,0.012287963843636174,-0.015983775969820035,-0.00759946710051651,0.0004032052358347027,-0.01756370459810941,0.0031847634804915703,0.01483136539586849,0.0025311107917804776
2023-07-11,-0.002809989534494184,0.012978852839820476,0.0049218566925273155,0.012561061603237444,0.004990359648606724,0.005925324878931493,0.010893510392943284,0.015638894145208138,0.014381929041319408,0.014246904903639113,0.001928791517778583,0.005334053265052097,-0.00523988303789602,0.000667717084456676,-0.00034543894166350064,0.01222661493762045,0.006368633838707449
2023-07-12,0.008985576174575849,0.01568569880112225,0.008956292808635968,0.011716058712270216,0.015784310277886737,0.015280763973888556,0.012306147360144903,0.004951759563897262,0.007265075266266852,0.03704430970173278,0.014227002286445689,0.035302602156455976,0.005199864937432519,0.008154422401772665,-0.024174222759880237,0.004906928093078244,0.008046023914814349
2023-07-13,0.004057501164587585,0.026758409161619312,0.00046081912813811243,0.01055861847614148,0.0008365108735814974,0.04717062230706359,-0.009196166689263374,0.0048598846619485325,-0.0003245136500193979,0.01315698235013274,0.016192155719772394,0.04726433158708576,0.000672147076919094,0.02172875427149612,-0.008744752755274865,-0.018311480608399378,0.007936871259026868
2023-07-14,0.00078711443976065,0.002829408900884234,-0.001999267489917411,-0.018874284435282718,0.015321685148882436,0.007065917080450568,0.006039283723324296,0.006045610460374329,0.004868127200015282,-0.014485744973465886,0.007529047171451975,-0.011048975110247272,0.007384613772848159,0.012522529912772917,0.07240641148047078,-0.034436654973305614,-0.0006228175365400324
2023-07-17,0.01730557098867913,-0.008315972513331604,0.024499913529717032,0.009962247582104844,0.011450622723789605,-0.006139213402786781,-0.0014217216084451145,0.02410354677404114,-0.0007701345404381721,0.00566579284286961,0.0014193893851006667,0.021816995724873944,-0.007064097293426719,0.03198521516746822,0.00814298316791251,0.004359019511628981,0.003472095835932665
2023-07-18,-0.0013401953927499877,-0.005465676406731013,-0.007601672466628573,0.04421761789227041,0.0011395916740037926,-0.007140035786515564,0.0022464571740146155,0.0018256332190431657,-0.010044677171997418,0.0046034790987941054,0.03979991910980485,0.022233712555411067,0.0018792612043243562,0.010193509901870401,0.03288709821210545,-0.004537512560879531,0.007430646345600644
2023-07-19,0.007071735610136409,0.019046892602732513,-0.002280184023237264,0.02703586553660231,0.0009390614786590756,-0.01397872337121675,0.008586770619282813,0.003839572193631957,0.0002762616043656685,0.012690558039281985,-0.012267522077681225,-0.00878009101201127,0.006833342389863217,-0.007090702250741598,0.0074001172281861205,0.0069362015082061745,0.002223824019935705
2023-07-20,-0.010097422338435358,-0.03989357175040831,-0.014455867437289549,0.0050745323552399135,0.0051434149357507675,-0.023191013161135587,-0.0012205640914535465,0.012317571627533441,-0.0005272981384659703,-0.04268862225079095,-0.023121441963188882,-0.0330733588604587,0.008108536059353133,-0.09737009860008494,0.0010720224558822267,0.017614864015532916,-0.006634587196892805
2023-07-21,-0.006161611064734784,0.00030773533446226686,0.009467373838800475,0.009151119984945222,0.0016157273684993534,0.006879191839252119,0.004324862306342991,-0.007684627174182945,-0.0014320594613393967,-0.027303866943106714,-0.008937000485700675,-0.026603808079757707,0.015741168498522917,-0.010954754468143868,0.004541334998954705,0.0046416524411445614,0.0
2023-07-24,0.004220107644608229,-0.009230745755709147,0.0053970288307885195,0.020950500051962306,0.010880986646356172,0.012581332148360103,0.014478836449455912,0.01968369589434049,0.018365344283998386,-0.009005866580334532,0.0038978457535474575,0.006838522591704699,0.0032040130543411482,0.03476659075024635,0.00424474364897387,0.01568955989403964,0.004467279311363814
2023-07-25,0.004513576987327683,0.002562125956798944,0.01819024428532745,-0.015313688882077847,0.002234397636054375,0.00559528953282995,6.14143331467698e-05,-0.0074684139553207185,-0.00867121333138432,0.009807686430559404,0.01700925771304118,0.0239173895308058,0.002346429228721192,-0.014048906614123058,0.004423082946043655,0.0015163055487776855,0.002730134015489938
2023-07-26,0.004544903807552458,-0.007589335934878205,-0.027124550573941586,0.008086901195194507,0.0017337662293992473,0.05776954315608429,0.013717521801248633,0.005994108580805069,0.0028159439236481454,0.013923546404568388,-0.037637736805401056,-0.004969675170143684,0.0010405328839273587,-0.0035057022016762307,-0.005734579992591526,-0.005582867018247839,0.00015365955697754785
2023-07-27,-0.006581054699751787,0.0007803832093540297,0.0004927299826458231,-0.014193088840949164,-0.007665473958737734,0.001005434029600849,0.00036406838141944675,-0.011029364198642089,-0.019656410199677787,0.04400959850863706,-0.020872044436079706,0.009856793534451347,-0.011887688052962697,-0.032683938680391544,-0.005452719076525336,0.003140359615440902,-0.006630003406138729
2023-07-28,0.013507796381055703,0.030877245332297854,0.0070057732319912525,-0.0015649771072044905,0.0026519468338728203,0.024575124664909742,0.0050346433285559655,0.005704276682965581,-0.0039037799545463825,0.044175841314906705,0.023131301789426573,0.018518315215728,0.028269024793936115,0.04196157931177735,-0.004592020265397623,-0.011952339047507143,0.009790530310178625
2023-07-31,0.0031663266691077663,0.011118568090654923,-0.0012668818687177064,0.0031347326773885076,-0.00470417667461609,0.0010559387801345466,0.007454075801686333,0.0066919794575128755,0.0033591657675691167,-0.021138012109131354,-0.0072404856145740215,-0.00044911443615480717,-0.0007032987914827871,0.00371562162326855,0.006879889773166115,0.02956985424472558,0.0019038683048338
2023-08-01,-0.004275974277645589,-0.014886223394710907,0.023757880591392055,-0.01187487438661583,-0.00927452140432361,-0.008815422082886548,-0.005301936321721046,-0.00493818242125077,0.007076202531804299,0.012900066419315959,0.0012504533194184209,-0.004750824740364701,-0.00031996262968769784,-0.023781870118334214,-0.003219011017114526,-0.005781241221673117,-0.002861526129373293
2023-08-02,-0.015489961866453905,-0.026425663778747666,-0.030108655364699644,-0.013598955819619674,-0.005616897269286936,-0.024097507763295556,-0.01075082848340414,-0.011324460786218404,-0.01775520543351561,-0.026029674493608157,-0.026283130743678607,-0.04812180714437919,0.002176152797560782,-0.02665954157355066,0.00011884003003759247,-0.012474292381959629,-0.01391085009308668
2023-08-03,-0.007321750512588321,0.005459768439170398,-0.008203568831083974,0.007053477360034588,0.00966792278323858,0.0005453619208044547,0.004109557225895788,0.006113208429174399,0.007666421946965762,-0.003563207332440088,-0.002564825031507123,0.005556975534509956,0.0026182979227331593,0.020502958173047814,0.00011888928258119158,0.017380483342257724,-0.002865840981526091
2023-08-04,-0.04801999634843668,0.08269337801006271,-0.0037627334533228973,-0.003502101895740406,-0.010131394953897588,-0.002646986728381595,-0.010368262747827317,-0.0021106382313852423,-0.004223791489832984,-0.007854646359388595,0.0034286873122288952,0.003706502875389095,-0.010955540150045295,-0.02105509239416581,-0.0042188638513913634,0.002800713959879575,-0.004522776047293786
2023-08-07,-0.017253690133348543,0.01898684357254843,0.017478527367723595,0.018530352641857206,0.011539192895695605,0.026695707528384682,0.008393864463709377,0.004742885208642411,0.01410510950588817,0.018762244878784973,0.007108253534888975,0.016495190821523842,0.010561652864500726,-0.009493435973824349,0.015933059805720573,-0.0020481878429721156,0.008728613141826047
2023-08-08,0.005311668945345405,-0.016031491771390738,-0.01549499980497504,-0.01913422277085186,-0.004101039707557708,-0.000988392235557134,-0.004131767196439373,-0.005613682478308291,-0.009272615086063918,-0.012383068108767659,-0.012298955575202442,-0.016579700380066176,0.00108332759449703,-0.006959634206558429,-0.009554861247998536,0.004944090786827671,-0.004348808487297018
2023-08-09,-0.0089544344111816,-0.01493494570121734,-0.03672046924476213,-0.013111706564927106,0.006437586611296231,-0.013241951539584407,0.001220250029934311,-0.013407646818898056,0.0012206786501534062,-0.023765317088288884,-0.011715805649432975,-0.04724164880894588,-0.0012732085235254154,-0.03007606967809695,-0.007413174987951021,0.016986907271004714,-0.006685150866331924
2023-08-10,-0.001234636917507248,0.005150463718840648,-0.009203765061245428,0.0025924847206924007,0.003198204586621012,0.0002314530735414433,0.0036258219057212493,-0.0014955507600022955,0.008814609238675386,0.0017364519793396926,0.0021722455813102393,-0.00390081209878812,-0.004971555151500828,0.013006292021680244,0.0027285234779170775,0.005111334098911735,0.0003589579192881942
2023-08-11,0.00033756929282269255,-0.0010825194798443905,-0.015588965453020798,0.01131218432502834,0.002618012226491606,-0.0010024151138973147,0.005191262404905528,0.005795762710001817,-0.005438847451336271,-0.013410001736859356,-0.005945462160893755,-0.03616610812826704,0.005829248223991446,-0.01096438608281991,0.00899744931528379,0.01552860109588683,-0.000583185640786632
2023-08-14,0.009393144190605884,0.015605834874352187,0.02933367625397687,-0.01150540363168151,-0.0026469610867911886,0.013661761461823962,-0.0035035638653255763,0.0020719833142492927,0.0091141866822122,0.015084086761693927,0.009438956428729162,0.07093370220777118,-0.00783358900754516,-0.011910156448968756,0.00574783072508156,0.0008047073370049951,0.0055201285694388424
2023-08-15,-0.011200157721101944,-0.020630355012962953,-0.013558103786485032,-0.03200766607841843,-0.005271753755403896,-0.011802557648109113,0.0066374916289695385,-0.02545703916956421,-0.010361692808501188,-0.013847556639720371,-0.006727579023666941,0.004274229869946078,-0.006418750640257542,-0.028361644764614224,-0.00829847641388104,-0.02567334659802334,-0.0116488506795005
2023-08-16,-0.004959059683851241,-0.018885675014943426,-0.01131130193899077,-0.021710054347826135,0.0009668595394918267,-0.008321763482233013,0.0026797366263155986,-0.004243423141658931,-0.00020291414176765166,-0.025368466229708897,-0.0024286850372168267,-0.010332283427078925,-0.010207510448571155,-0.03159340830287438,-0.006177427881444819,-0.016826830804414494,-0.007338283149802116
2023-08-17,-0.014555196639236545,-0.008069975106044458,-0.007071046410234372,-0.0003414481847344719,-0.021357676230433276,0.009479249888188601,-0.017265915492628237,-0.010386780084262748,-0.004437423362611437,-0.03126153551840616,-0.01098620297653663,-0.003265472522161028,-0.007179566117913483,-0.028280162722535862,-0.01906423301535365,0.019371899851398533,-0.007619872862359989
2023-08-18,0.002815883183749035,-0.005672447612115605,-0.00152333330633736,-0.005805976599232876,-0.003966318138454272,-0.018934487967401048,0.00027507775683366376,0.002287524841892541,-0.0011459936364833778,-0.006454329985853269,-0.0012623579149517727,-0.001038302521140122,0.0028267750467305675,-0.017014851321818125,0.009069563282902315,0.015129027325906153,0.0004813567949450981
2023-08-21,0.007736961003885101,0.01095925117625085,0.047587952650419485,0.0013739585524832343,-0.0031745064820639657,0.007139430274911485,-0.01011091421193644,0.003423617849419136,0.002626259504867834,0.023477428112005594,0.01706283257965846,0.08471335670303781,-0.005047569418375253,0.073274828918382,-0.0015247823829966922,-0.012086585663877436,0.006506270905756173
2023-08-22,0.007904908140659028,-0.0031926989840012077,-0.01080750595434865,-0.024356605109201013,-0.008910090895732359,0.005530992330025963,0.001295983962499081,-0.02073869171032927,0.011800616999106062,-0.00793360206225735,0.0018017879035208129,-0.027657758986589287,0.00039496828918705873,0.008258403978685713,-0.010729822990253712,-0.00561121535433462,-0.0027087283621961555
2023-08-23,0.021948819360164462,0.009459994580714559,0.02429309362846155,0.00035158168130711154,0.0046248296268682765,0.02548800314437316,0.004961908705962692,0.006763184141217682,0.008093873955852038,0.023087491601401222,0.014079332807958922,0.03170731014116335,0.009352722651930323,0.01573823118710882,-0.0058902247934603524,-0.008788255103352904,0.011137906637940898
2023-08-24,-0.026170536045095782,-0.027154721211281152,-0.025234384657396358,0.005975216912427639,-0.015059685657334065,-0.01956644095096527,-0.010733330592097912,-0.0009502063724352583,-0.008452618507977738,-0.025455329332611853,-0.021498363235724183,0.0009973911456135909,-0.0046330298824366345,-0.02879341090367582,-0.0027377803690441516,-0.007466036317439473,-0.013858995566344734
2023-08-25,0.012643199837985675,0.010770617478674804,-0.003089576601006394,-0.004192801943284863,0.004325728098823811,0.0007705994683395723,0.0008370297029305362,-0.001222263290598713,0.013126389229221047,-0.004359104940454661,0.009407048016246256,-0.024277533004346874,0.006555719539142801,0.037167463490241914,0.002089678764405578,0.017865422355534788,0.00704974612201581
2023-08-28,0.008846247138645458,-0.0009004586682715976,0.010870853384749246,0.009123022421530402,0.004082121267952488,0.008700299538884071,0.009446895177634751,0.0034681005679217947,0.011293425094474507,0.016672534750772572,0.002229213799274543,0.01775392772136586,0.001563028490000118,0.0009640428763089126,0.004416108780207262,0.008406573430924436,0.006341370940729396
2023-08-29,0.021810121353460277,0.013294308852149106,0.03350450291403795,0.014255733174067142,0.012271813179471902,0.027173550150003223,0.010647113852355172,0.008132411920654059,0.010332739901510513,0.026631021285484557,0.014550517559575926,0.041614079794675574,0.0005853916577960305,0.07687791972402569,0.0031550903506993855,0.005954431975484287,0.014454709615564498
2023-08-30,0.019172346559952036,0.0011860029483812262,0.0026405598457974744,-0.004456599129696204,-0.0009395494030570717,0.009734784835995436,0.01020514473896772,-0.0040332425965387,0.0054902383704464874,-0.00969825096939192,0.00115708441565876,0.00983939913299281,0.0011048012769672155,-0.0010887269121663268,-0.002637936497251636,0.00974416813773149,0.004118844515145437
2023-08-31,0.0011723757243924382,0.021766395374215985,0.03430532126297203,-0.004513880741851772,0.012945791763532721,0.002134132163901681,-0.0009983406197302536,-0.01235157414068555,-0.0030683667454504127,0.0026772516812356706,-0.003132712787873637,0.0018471316997850096,0.0019477321147931548,0.004593198535678855,-0.03041500958210064,0.0027958482866328183,-0.0014634498389939354
2023-09-01,0.008463254120429475,0.0007970481467276525,-0.05457845249076032,0.010812584587648555,-0.009157396149447772,-0.0037452375858278986,0.008416631872465219,0.003348644539773016,0.007100519012022799,0.0016559230041501838,0.002746092279722445,-0.017141075946478845,0.0011013320749073685,-0.05064318329763218,-0.0007135535092299694,0.020955088275240286,0.0018651750863321048
2023-09-05,0.0012667591601926986,-0.006154002858205887,-0.0004011106456626168,-0.01138705850481958,0.0008816925243417817,0.0008108619921955995,-0.01591193992107076,-0.011034148929101595,-0.00979374805510591,0.012720009547498634,0.014878242569802413,0.0008040388135828191,-0.013397257341001612,0.046855214011356505,0.009596053266818227,8.81967900876468e-05,-0.004321904582325065
2023-09-06,-0.035793416795775856,-0.013914209970579572,0.00011475229271917797,-0.009075168027831593,0.0035983014540625913,-0.009648856801272032,-0.005430552205215822,-0.0016527633978211664,0.004082611158220617,-0.003264944474750342,-0.0020085818093035224,-0.03054945167277845,-0.0019680694428740875,-0.017817428513501543,-0.008048907035725916,0.00863205392136468,-0.006722467929330622
2023-09-07,-0.02924924555734909,0.018395430569861038,-0.017471606809432827,-0.009158138863031962,0.003530229425587672,0.005949653139852629,0.007423395794144527,-0.008554005628166328,0.0034851631593435517,-0.0016713577195494045,-0.008922134178000918,-0.01742431222872476,0.009530828062022767,-0.0017068620153485314,0.016500896835990986,-0.00489040874117852,-0.00307017234147422
2023-09-08,0.003491671428142107,0.0027565441218631026,0.0006067014301620599,0.008176409606547974,0.0046844210727952085,0.008280590771253538,0.000882962526398412,0.0007651121389145032,0.0005305886282838124,-0.0026112962252626826,0.013215774075502562,-0.014467821370453882,-0.004297165410526604,-0.01188916230408743,-0.004472656916312823,0.014567744059005072,0.0015060268699220725
2023-09-11,0.006622587065090002,0.035231212663680456,0.001854105189776023,0.004231265860401123,0.01377034902696006,0.003959631486538662,-0.0010343992716416173,0.004380443568797743,0.0044596186974592555,0.0324615886297166,0.010979255072960381,-0.008645647558315317,0.01190081607587734,0.10092549928477124,-0.0028911469709902438,-0.01254213565571416,0.006576678573984696
2023-09-12,-0.01706069482584638,-0.013067856717097759,-0.017017100112594274,0.017205124345955225,1.7766009211106493e-05,-0.011539765773251442,-0.006364802495817612,0.01301381628396392,-0.0010079773101977496,-0.019183436969841927,-0.018257779204723268,-0.006817452502664412,-0.017576822464479558,-0.022296863386701782,0.001084747799792618,0.029169523198606218,-0.00548552145126191
2023-09-13,-0.011854682270999839,0.025632022130484877,0.009958237122257296,-0.0031066457444864914,0.00173605905090235,0.01012287904935616,-0.001225904825333024,0.00047850205683408475,7.211346366542415e-05,0.01127113528876933,0.012930924809205546,0.013706379801031288,0.006972535706301741,0.014281354305895722,-0.00012503780019534894,-0.008936925235736637,0.001165879451936247
2023-09-14,0.00878256533030064,-0.0008975138235036706,0.021936267851975444,0.011080328346898094,0.008950365875603383,0.010167403245143758,0.011507397273129438,0.019397452605178334,-0.007110201551879691,0.021831665888475404,0.00785546048747987,0.0021105353554324857,0.010973992045082426,0.017471511114000693,0.007835995771692916,0.01786319983628104,0.008622414933880052
2023-09-15,-0.004154096678802621,-0.029919857618376344,-0.02289940719267103,-0.01232877128705856,-0.014891232292408518,-0.005068881662119384,-0.024967488770805457,-0.0029481302234066753,0.002346650942048445,-0.03660333107081959,-0.02503691588035728,-0.03687940197719086,-0.008399596176472124,-0.005977372284481253,0.006410309633506639,-0.015355975280068046,-0.012048156524025466
2023-09-18,0.016913422085323093,-0.0029204620264398073,-0.001972553579701719,-0.0027740115385058717,0.01143163742166986,0.005895299604346871,-0.012881001396181202,0.0020832284825038627,0.006806480442141716,0.007458840788285626,-0.003512752571900535,0.001503299407001446,0.0037791025365614406,-0.033200974462619715,-0.00131514557154222,0.008054897644413694,0.0005863770587200001
2023-09-19,0.006180886741719682,-0.016788047695762587,-0.0009410352853000958,-0.003824674470271572,0.002896371131036579,-0.0012302822518881484,-0.008352891914410354,-0.0012741317942873698,-0.008630512328509199,0.00832924842659133,-0.001246190479738507,-0.010144129289202497,-0.0029209891160990598,0.004598918977371191,-0.011109801328914592,-0.002635118864860675,-0.0020739071662191355
2023-09-20,-0.019992260415903185,-0.01700219075536713,-0.0166116005958884,-0.003490562975699829,-0.0009209890032568779,-0.031150226195258646,-0.01191951405657532,-0.004230114152326658,-0.007278790388435152,-0.01770078115768725,-0.023976769441427792,-0.02943474483981967,-0.0008463577748235585,-0.014671683535119606,0.023863157733526652,-0.00792652458179366,-0.009193391153001995
2023-09-21,-0.008889270511193037,-0.04405345369833069,-0.02674052139510663,-0.017512959269092132,-0.015518952181952428,-0.02467474348081633,-0.013189165360044108,-0.007821875893393782,-0.017441131033614332,-0.013147863860525688,-0.003865668924042942,-0.028930658921797248,-0.008666412025008507,-0.026238620989897266,0.018308218981161195,-0.014089235084088658,-0.016528248251498456
2023-09-22,0.004944321625115711,-0.0016238050792075631,0.02563180941746679,-0.01461680655529507,0.0063232279093694554,-0.0014565538440504122,-0.0033576350336531613,-0.009582996824345491,-0.002826332101379725,0.011327763286844927,-0.007886636328917396,0.014457590707415369,-0.0036805918165705442,-0.042315182614647506,0.009897388815415242,0.0015685184649751882,-0.002248479390479563
2023-09-25,0.0073803463303465655,0.01665124873434287,0.0058017587166059315,-0.0014472596429484508,5.3768948601984334e-05,0.006602650691945655,0.0024855584160041744,0.004940809213697772,0.0006712310583598669,0.005851359020183189,0.0016719457912841573,0.014707845245216733,-0.006069419969974232,0.008616467528091087,0.008259300126460811,0.011223253321598348,0.0042050832310160935
2023-09-26,-0.023398517489216175,-0.040298626825268746,-0.021225662049494942,-0.015579695024716345,-0.010132015480096901,-0.019373029283570875,-0.01288757399190077,-0.010379107724642567,-0.017664969987301826,-0.006216023836842499,-0.017005873220841794,-0.007365717792467086,-0.008894096723556455,-0.011619945391094011,-0.009465500156968343,0.001548751844775209,-0.014691247848383826
2023-09-27,-0.008897391951367628,0.0,0.0007595041491359478,0.0036807007504242595,0.019115253437999025,0.015322302627464479,-0.002379865520910518,0.005864978088808259,0.00025294833371947156,-0.0040808497542136335,0.002082519680780326,0.013289968200217883,-0.013260359293978063,-0.014828753029631048,-0.003403018205289987,0.03255716270129527,0.00039908348667294646
2023-09-28,0.0015255768966591088,0.0,0.018596848257248944,0.010634274385064701,0.00905004386111563,0.013559082096462172,0.005533168119255194,0.01241597216518553,0.010013126535676431,0.02089059525841841,0.002717673599959003,0.014622642611774594,-0.006786977361795676,0.02444908475181906,0.012645789226429116,-0.006073212000021977,0.005797557091754335
2023-09-29,0.003046506113975278,0.009049050319664742,-0.0017068162902134087,-0.006531243842764711,-0.0064542185493898785,-0.010959159743914815,-0.004382469272543488,-0.017413175864473662,-0.008837351495685097,-0.012337090393069738,0.006727282964354542,0.009515301722438751,-0.0032800811344338987,0.015585665483353939,-0.011586084778579697,-0.015819736609931634,-0.002427083093670679
2023-10-02,0.014835750872458142,0.01840783446134786,0.005261411118860693,-0.02483557547533799,0.011239713857086997,0.02529415883590258,-0.007711220467964464,-0.008619399900214653,-0.00015156582489717074,0.022017821401302262,0.019160695147008244,0.029495026611031427,-0.0045934490802470584,0.005515166158101437,0.02058764581975625,-0.016584650851303118,-0.00039766326192292034
2023-10-03,-0.007769910795863755,-0.03661366636292884,-0.024097315221405347,-0.029588078250007643,-0.01097477980990258,-0.012968451448231222,-0.02631486077311851,-0.007372906650092381,-0.012100628722555462,-0.019164306088039318,-0.026134110589224213,-0.028248093956876885,0.002066232934275547,-0.020151062008054166,-0.009911252607539889,0.0017297491149954602,-0.013386096970267047
2023-10-04,0.007308567552071432,0.018280939360016735,0.011020659829434676,0.0011579778751020786,0.01196394266358447,0.021218737407632693,0.0015414914808562497,0.004484643794480325,0.006904339996213205,0.015418376469639172,0.017773265026752805,0.01204154428388926,0.003299466742756385,0.05934371052307452,0.0022572828301952175,-0.037382279166547905,0.007281997910619564
2023-10-05,0.007197989426334983,-0.008188983586829512,6.079582013995832e-05,0.004626009716105717,-0.0039873882728453935,-0.0012569594880945667,-0.002359761715701625,0.004216512283202967,0.0025687829356435543,-0.002585132581319094,0.0012541258492764218,0.014690782164086702,-0.014866275340757684,-0.00425032873937603,0.010986584600283678,-0.022511351466513174,-0.0003767914785974824
2023-10-06,0.01475056387518281,0.015878056641289273,0.02597536158946201,0.00038361603471681605,-0.02105295530542295,0.018582864372897134,0.0038395357609990466,0.015395443106035023,0.00956357768114291,0.03490918300904666,0.024736916320211355,0.024033282253394184,0.0020166727943056184,0.001845841218459432,0.016620580865056578,-0.01669876428583872,0.011872813641442548
2023-10-09,0.00845116367299581,0.0023444468936362206,0.012564140915331867,0.009206117180553308,0.0025827543504945982,0.006105492249934841,0.008673942159250103,-0.0022744455063263835,-0.008116130714772574,0.009288982893151054,0.007822592438258669,-0.010685739609981315,-0.0050662314018457,-0.003300907210654902,0.003239410133344167,0.034991036283009924,0.006402272724946867
2023-10-10,-0.0033521877197549843,0.009511938819224852,0.002956017889773843,0.026605858037637597,0.0055818347838441085,-0.0026007764788333887,0.01306903138922344,0.006078610331312406,0.014262475247284634,0.010931058997621035,-0.0043356665598025534,0.011596241103268401,0.00990507318946321,0.015211543440507347,-0.0043116826396276675,-0.004237206469402621,0.005204781094568567
2023-10-11,0.007903960055173798,0.01814956889912689,0.018813851706308116,0.0003701981041555058,0.006102291165885676,0.01803564768967303,-0.003910366254800679,0.0034329608715193416,-0.0013986817386061334,0.01858062769069524,0.012271946508523479,0.0220097115077591,-0.012294493022168118,-0.002389822071472425,-0.00020965482026769067,-0.03585329002344595,0.004096352843450335
2023-10-12,0.005061172055659924,0.0037927633547389927,0.035492195033073326,-0.004441181224307256,-0.003076692919055546,-0.011241510346193029,-0.01687636296097139,-0.002326549120609589,0.00022522983364892113,-0.011164763219838947,-0.003790317521017661,0.0029695803344347294,0.002237719961038165,-0.015665976919941982,0.0026900906714684147,-0.00018780577054355874,-0.006096469686584172
2023-10-13,-0.010292763128696869,-0.019194502454286222,-0.024757246597574945,-0.005204492188012555,0.005427438239505644,-0.011585155389169932,-0.0037538722782857192,0.015019588126876204,-0.00467626854504799,-0.02921384211239819,-0.01035745875169558,-0.03161139057350071,0.009559235986953407,-0.02993780718577166,0.02637311036145218,0.03193390847993416,-0.004980900502325691
2023-10-16,-0.0007267911893039658,0.021265196921155027,0.02195479187906635,0.008594931928458838,0.009526392177917398,0.012667497825008756,0.018532428296119674,-0.0010133952286666137,0.007863773800166118,0.020528052541002317,0.01498173271236558,0.013946091592150767,0.009537715579076345,0.01115006015531006,-0.0025399103020325997,0.0007280375829963326,0.010521471064535604
2023-10-17,-0.008784707989040186,-0.008147882355257097,-0.020131298363277428,0.023342156312620377,0.0036698468248896887,0.004457156334921386,-0.004674962714655173,-0.0021644841801877757,0.001520591042041275,0.008874456326875224,-0.001743784908936452,-0.04679465553161222,0.0013005900040683471,0.0036626021631882555,-0.0025649758137931133,0.013096794288218305,-4.5941728749832045e-05
2023-10-18,-0.007394857458522197,-0.025405007278304192,0.0029737767922399794,-0.011223779964776415,0.000522394081985178,-0.012596687684803598,-0.01926066666884685,-0.010980639055220176,-0.02130581963927425,-0.02169771278792887,-0.005872399088731828,-0.039646821232982465,0.025775905674255473,-0.04775363208267347,-0.0010995063978731512,0.014004973740072257,-0.01332508168533808
2023-10-19,-0.002160947382067069,0.002107149015711185,-0.02164531006205961,-0.012815782843642709,-0.015679264994015174,-0.0015222523540028288,-0.01195567978984946,-0.004249303090456902,-0.013580460341334533,-0.013124244868011004,0.0036653822895857946,-0.0022512512555072917,-0.005627279157878418,-0.09300310180733784,-0.008263875711518542,0.0006197623287103049,-0.008786277102911466
2023-10-20,-0.014704324688141202,-0.02515573116103942,-0.01636265963597916,-0.024109895579177865,-0.022453019048600642,-0.015607901217482123,-0.0012550883556553538,-0.016105749592176144,-0.008920494494063291,-0.013298683089674412,-0.0140345243716683,-0.01695938250918383,-0.0013492203734549735,-0.036890623300491754,-0.008652647599272423,-0.017164984792327087,-0.012288110789299367
2023-10-23,0.0006940789799430025,0.011104892625885654,0.010062848847186556,-0.028126201544800833,-0.0011575167343619297,0.006637158108126595,-0.0046786210401433825,-0.013641103283531963,-0.001925017087126557,0.01736583733958197,0.008112140706964421,0.038369509808704905,0.0006754674033850883,0.0004245310418349302,-0.010360128440439098,-0.014674324921088111,-0.001733236749181355
2023-10-24,0.002543488255511983,0.015802781594350668,0.021908622457262883,-0.003911014075769437,-0.000814704057262805,0.016923089052528706,-0.006174124129102676,0.0012057064675017326,0.008444781164666182,-0.004649493614371836,0.003674080261869328,0.016009326390353795,0.011812267070936855,0.02093550737020089,0.006576499818385262,-0.009684817167713411,0.00753941521290602
2023-10-25,-0.013491728046529872,-0.055771610960691276,-0.03572765753796925,0.003141048613352293,-0.00335245178831034,-0.09509396175563334,-0.008400439071936772,-0.005454404908874055,-0.001550743732257831,-0.04165735468915133,0.030678088055138053,-0.043148496837116856,0.004669810785336459,-0.018935922882932887,0.009923942179716372,0.0018452130424906343,-0.014352072525783743
2023-10-26,-0.024605611352544687,-0.01499299533713827,-0.02692947806262669,0.022309292916278256,-0.00434555372296852,-0.026510647691063927,-0.010429831658817168,0.0025642121166806753,-0.05622425613747273,-0.037325253646975254,-0.03751420837455288,-0.03477835424308051,-0.005311922071203012,-0.031352997455599385,-0.003489380489965388,-0.009116795560490498,-0.011974779900140509
2023-10-27,0.007969338829701078,0.06832816082460003,0.014042906870155969,-0.03637054322629241,-0.008345334473865096,-0.0008997130498751282,-0.005539619746148583,-0.03601887354880973,-0.0013989460065434445,0.02906212196024205,0.005855457848379819,0.004314867170926107,-0.01762358681160614,0.00748448962886572,-0.0070028962360992875,-0.019052006860637127,-0.004532828050272775
2023-10-30,0.012305266473982224,0.03890722509168976,0.0034471968480100923,0.020659396564532972,0.021821922760963952,0.01874437408914198,0.01815825558083417,0.012749587367071546,0.022907039784809013,0.019984465295470155,0.02274035704559707,0.016321036366864883,0.014270056997329084,-0.04794984223383958,0.010158812261711558,0.0031264313022243417,0.0119559025316065
2023-10-31,0.0028189044112991724,0.002863308000901066,0.00014264286577447827,0.02530170800426923,-0.004397395361727341,-0.003053199188728817,0.011404131874700907,0.011934185283114074,0.01055267180533348,-0.004592555046997737,0.0023718003628270257,-0.009256382687291675,0.005158935898358363,0.017632730628176496,0.010509830688979704,-0.0002832926778977285,0.00628021243503829
2023-11-01,0.018738665965577272,0.02937864429857373,0.013751568521690904,0.0022779179347611755,0.007892104610446316,0.019100636051824882,0.0068140973196417765,-0.0008627443691875403,0.003905911002187956,0.035117842696537505,0.023542645866215572,0.0378863690675042,-0.002799629469301901,0.023999240251476817,-0.007394289137537036,-0.001983922600661936,0.010664703954101018
2023-11-02,0.020693235581957126,0.007810272439553012,0.021525423791113774,0.04621224381141342,0.0003419343079578141,0.00822461647474082,0.027561841353262784,0.017849312153807695,0.012889819039056283,-0.0031424501868086985,0.006501598630268113,0.027902811790736948,0.012231950317297624,0.06248172039245192,0.008521437932780485,0.03284730018727755,0.01916443955790892
2023-11-03,-0.0051811887376459476,0.0038386235328597973,0.013060953665872788,0.02896439556298369,0.008867386643986341,0.012628416049459412,0.003666718035987726,0.011172345514557369,0.008779878355757775,0.011998705012146615,0.012861642936556672,0.034455151194346945,-0.00904654163673202,0.006635907937775798,-0.009754836583677484,-0.012189531349004912,0.009123406826067049
2023-11-06,0.01460527124549138,0.008225103459209127,-0.002095689943378831,-0.0031667673471131863,0.01590317081072179,0.00890791628211618,-0.003517892843735493,0.0075525476962643445,0.0002849150476567086,0.0038140904884811366,0.010572551357167725,0.01657599096197382,0.005797251816621607,-0.0031369449915676917,0.0048218930221868295,-0.017721207231109037,0.0023004642678985388
2023-11-07,0.014450445743148244,0.02125376487729147,0.019288430305379523,-0.006000634838628116,0.002544682865547321,0.005527822539332927,0.0006788809011386565,-0.0004859911312431464,0.007017801918531852,0.009563318645561703,0.011219439286570099,0.004458926985748457,-0.002318658034788701,0.013271256198382764,0.008191728415807287,-0.015679554971764764,0.0028460630973889955
2023-11-08,0.0058851053174111545,-0.004414580990635519,0.01482490079092269,-0.009588160316464478,-0.006809586032189507,0.006642654131691517,0.0039013273246237823,0.004930295215052283,0.002134425713895771,0.003011000397604713,0.007405535264871865,0.013469737094135681,-0.0038517372683480877,-0.00031502415940676265,-0.0020452311416926383,-0.012283097926893083,0.0007322768521034195
2023-11-09,-0.0026245302586699326,-0.010416636461610618,0.00027433046248392934,-0.01290785697056751,-0.007243611934533933,-0.01213600837364992,-0.02720338085986873,-0.002971290059996856,-0.00446500785267856,0.0024077772309707424,-0.006910857829582562,0.008073041846208051,0.0022666897512408912,-0.054612601186257326,0.004229346298404657,0.00029149214226187325,-0.0077987506832694065
2023-11-10,0.023219920520842097,0.021052569890351647,0.05062653430060826,0.00544859742688919,0.024588605314899148,0.018043770805297843,0.01292248915869787,0.014831398408105212,0.016548114785985613,0.02564347644186249,0.024896944277804645,0.029499437629748826,0.007050210382095745,0.022240205086035525,0.004100265661173719,0.0076730281352648255,0.015604951231044328
2023-11-13,-0.008583477487563274,-0.006756765374750118,-0.011059766301945051,0.0007225476702921174,0.0019231402271613351,-0.0037709919557118443,-0.012071699126446345,-0.004439152268348678,-7.600592987144772e-05,0.0012775738584533958,-0.008088426228822776,0.005896358564432491,0.006934805113985476,0.04220830689495392,0.002512809877987854,0.010505847131829338,-0.0009532731539124706
2023-11-14,0.01428559759714898,0.02251214528584833,0.027488736631229083,0.0548736097723066,0.021738617892035794,0.011582993607576864,0.05401450192184232,0.01824672492786661,0.0083681765989152,0.021628684126533626,0.009790455657842756,0.021308096646490693,-0.0022302641678050295,0.06123998273248876,-0.003888746035928259,0.0038504228009399455,0.01940064597965363
2023-11-15,0.003040887924482538,-0.017832688951265996,0.0025080710360732006,0.013689405185572934,0.010122062140609511,0.007483731918025205,0.015018518288317129,0.0087577636013223,-0.0020620675981189995,-0.010704274463646413,0.00040601658918060224,-0.015466348108909234,-0.004601450173819299,0.022871793909364557,-0.003793077341984974,-0.0060408000264143835,0.002117160560007436
2023-11-16,0.009042082727491074,-0.0025837648398919777,-0.016250024709397404,-0.0027009617047201173,-0.030497205245134773,0.01715942644691615,-0.0056783960310683446,0.011419696624720643,0.0006803745622996349,0.004448482230917206,0.017583336817369455,0.012109373353007324,0.009311804238397503,-0.038090924639652135,0.002618683278887035,-0.011576500924559308,0.0012231900864485556
2023-11-17,-0.00010522455333761283,0.016453061783939793,0.018946480568566848,0.014895009467120746,-0.0024713571290498892,-0.01183073397235379,0.0027083464485364583,0.009046049166415937,0.008058426096305471,0.0025432247983774303,-0.016800882319885413,-0.0036782188407133987,-0.011516088388774826,0.0030395424675642158,-0.0065394086503478555,0.024399833031169882,0.0012436636477388685
2023-11-20,0.009278112020888685,0.0065436854591447435,0.018389446596276615,0.001000639461904651,0.00632421708956965,0.006947025380809935,0.002994368118614865,0.0030754188025337026,0.010242314215626935,0.014714788891617037,0.020521883722947942,0.022536391261374078,-0.005295608520023087,0.005548455120893081,-0.002218672525765353,-0.004382529635786114,0.007697751864449431
2023-11-21,-0.004230666713973541,-0.015260459261028925,-0.014572355629584255,-0.01166274841087478,0.006026056366496446,0.005284282815818386,-0.009247700452676422,-0.002087566428126797,0.011251305544117907,-0.008795013224428438,-0.011578039529765438,-0.009224665431713519,-0.004392117368673398,0.023769060694616817,0.008390959217572824,-0.00038281806694639986,-0.002179377339521449
2023-11-22,0.0035143700788355936,0.019527539517508297,-0.009376405901719842,-0.0010114352989151199,0.008180903656292315,0.011097467210676726,0.01264176489201585,0.0023536076778902792,0.0033744252505021333,0.013383536566570875,0.01281252472464689,-0.024587515865656218,0.009424675500382174,-0.028980059381488954,0.007727959570394072,-0.004307902344086734,0.0038607208900307555
2023-11-24,-0.007004286095571022,0.0002044767086364363,0.007067821085507742,0.003374977917126376,0.0038705109706620444,-0.012997419299404234,0.004851268322150659,0.001369289174520505,0.005288370933031583,-0.009546161377642082,-0.0011116032990214908,-0.01929546963597839,0.0023837541209759117,0.00529435207219775,0.006142388068588467,0.005384151719099561,0.0006154583767550292
2023-11-27,-0.0009477517106192268,0.006746559883569869,-0.029247831238650934,-0.005718062008771563,0.005986113693361883,-0.0020484902717801123,0.000708218532919247,-0.002279408968383745,-0.008557516497174733,-0.010436897614444218,0.0031263912042858166,0.009753743133454007,-0.0009248522060302244,0.0026757481035388775,-0.006415580055365133,-0.005833461479678115,-0.0018010342637182486
2023-11-28,0.003214245425350759,-0.00473835354015173,-0.0040938984391831745,-0.0010148568159318305,-0.0015129002329293817,0.005791569106446959,0.007783022856644228,0.0022846165438230592,9.782653001155772e-05,0.01281748878400868,0.010802899501334728,-0.008726877734221095,0.006942494216180206,0.04506946504203557,-0.005629244400682798,-0.0005771705143914341,0.0009900900490733555
2023-11-29,-0.005409699534394186,-0.0048288883967405605,-0.005832854826549494,0.026413697490035748,-0.01033667345103173,-0.01610782114791931,-0.0007389034249002391,0.005080327423585107,0.0019803406022806946,-0.020029971981609274,-0.010060142012585205,0.006670947776184377,-0.0076168504159100925,-0.010457205813430348,-0.010267752023666032,-0.015014312427999,-0.0007035792957470477
2023-11-30,0.003062765587447558,-0.001571972217158657,-0.01604969445398552,0.013967303410141296,0.008301103396015197,-0.01822373195462057,0.007941589956175887,0.011404877493039978,0.009784810696778168,-0.01520154589922551,0.00015827617623065393,-0.02845875796635411,0.01581413390076092,-0.016629792613843564,0.033627362985049425,0.00390841912945894,0.003937541380099718
2023-12-01,0.0067913823915943805,0.006434406632690459,0.004612588380991545,0.01541510295998938,0.005921813407614218,-0.005055477426504473,0.019554234435540607,0.004869369389167932,0.0012806806107283908,-0.00712241292015825,-0.011612248768158806,-0.00010691633617143648,-0.0056018320341229,-0.005206597761023168,-0.0071312292795328025,0.0024333811554906326,0.005916031742231542
2023-12-04,-0.009464836522281028,-0.014894936132684111,-0.006483800233586412,-0.004522058317358635,0.0047463775249565465,-0.01964188628986685,0.013766157491851727,0.007332337487100604,-0.014793846768197394,-0.014777385562183554,-0.014338727216836045,-0.026836339540884824,-0.003930523494291238,-0.01360800559009756,0.002047053677522559,-0.005437475464967423,-0.005249363936772666
2023-12-05,0.021063335636354763,0.014084566393959497,-0.011742815128491957,-0.007787156973134812,0.010465944775893021,0.01330541016035447,-0.0016048973698394864,-0.0001268313036622004,0.0011268175235437106,-0.005405970151546979,0.00915627087130022,0.023293807447140713,-0.03485474646674247,0.013328802806870987,0.0036112283111402466,-0.019427827758702998,-0.00019711475426964498
2023-12-06,-0.005687013876540026,-0.016067541747663228,-0.010382011072050723,-0.001635043179929574,0.0034359714462484092,-0.007405120898196449,0.008068093320847014,-0.010508336883242375,0.004135096122252158,-0.0026390854208633296,-0.009985859795049734,-0.02282798268422115,-0.0007494359542883355,0.002722829646282676,-0.0013266555375199829,-0.013241695408025,-0.004029786906304289
2023-12-07,0.010139382876792835,0.016329923474831087,0.0206055908594458,0.004258205499661605,0.005794914012478447,0.05314545472604526,0.000184144834924016,0.0030708503255691966,0.006749932712052598,0.028791944892382793,0.005829783621026596,0.02402040783459003,-0.0010227643885348803,0.01366087788429815,-0.0022928587569185366,-0.006961937775659233,0.007630274164991624
2023-12-08,0.0074122896631589885,0.0036764247561378305,0.02389784431752462,0.009784725721431853,-0.000278205353361094,-0.014167554028788665,0.0009196704551863721,0.011033915466885924,-0.002396187201331168,0.01886169644987734,0.008841986787701428,0.019529638615799705,-0.009214960971569042,0.0049455858525417895,0.002735811547244893,0.011481384956447904,0.004299202041733841
2023-12-11,-0.012927301196162033,-0.010378502226973785,0.08995020362942285,-0.003553008884913833,0.021415166586805423,-0.012593783127897606,0.014886522948011294,0.0036587659771598613,0.008612959540346576,-0.022449379917612977,-0.007829346255919023,-0.018502903511908864,0.0046160508651404975,-0.01681426716823431,-0.011077332673400275,0.0007030582499822913,0.003889643534969567
2023-12-12,0.00792007526830285,0.010898597193382598,0.04181722617562822,-0.003565742637956726,0.00904066854126162,-0.005776728514406249,0.005643796596622952,0.008925453028736818,0.01212392147194441,0.027484129182540062,0.008295115314715495,0.022090124222926333,0.0008228464896489207,-0.011387381846063915,0.0037521858641067496,-0.015759871287131966,0.004567196302854626
2023-12-13,0.016691780451307592,0.009221593773735215,0.01623637679358514,0.04229031200918376,0.01985690921662009,0.0003773911931768126,0.030612252748742907,0.0033639119415593832,0.009340451405015049,0.001555754632484696,-2.6721906279614238e-05,0.00904394027249622,0.01808960915744451,0.009619842336358264,0.006028752763871825,0.008873081599016563,0.013790166744447552
2023-12-14,0.000757461697997952,-0.00954043404920335,0.015417298282902836,0.05930073062627428,-0.017476553199676337,-0.004752314635491639,0.02449046702822688,0.01819194706154703,-0.014410794920926562,-0.004690034244126173,-0.022544625535010798,0.005448305547051779,-0.02638311516928915,0.04914543063053567,-0.026903005718313167,0.026890498380778727,0.0032093504740717815
2023-12-15,-0.0027258089220307813,0.01729753821347546,0.021012428200016586,-0.01001760265038576,0.044452880542976914,0.0050023438655217856,0.006224916955716697,0.007561533223076067,2.3822530848205403e-05,0.005252461263962838,0.013117371856844029,0.011168408616434755,-0.004838742608231694,0.009758999874367902,-0.0058401438225031965,-0.0066944180920957,-0.001646472636431029
2023-12-18,-0.008503204732649428,0.027338841569267247,0.015277784041063391,-0.005059604356104308,0.034030652725515864,0.024132781953474902,-0.009011214956147429,0.006052009684528681,0.014000012980388776,0.028962165444529342,0.005179030403233531,0.024279099448414776,0.015351379196728132,-0.005601570686174839,-0.008604365422668514,0.007433268142879479,0.005625069629568102
2023-12-19,0.005360149624044963,-0.0018174467759756174,-0.0019005719277606081,0.002393042075720997,-0.005137869944517037,0.0062588800018112956,0.0035915716494292482,0.013355178472780116,0.0024504789202153265,0.016655974840411814,0.0016369385766124012,-0.009445600772434504,0.0,0.0203903496997484,-0.00476685114116604,0.013182398256819772,0.006080803646176358
2023-12-20,-0.010713902200633174,-0.01085895208954335,-0.025623428621387778,-0.01581605526592811,-0.02469966349795616,0.012367558153467462,-0.009685539880515792,-0.011279382211035083,-0.014149171931339799,-0.0030826359576656692,-0.007072929304479225,-0.03009830065814112,-0.015461684407293896,-0.03918825045959673,-0.015475972952621597,-0.016700777790811028,-0.013857245040514887
2023-12-21,-0.0007701050302776347,0.011306871390431628,0.015228982805016944,0.006670537162341006,0.006293389391700099,0.01503523680461849,0.0008892990015145763,0.005703933238711656,0.009512400512768249,0.01377138738525674,0.007878781851641703,0.018270308410472724,0.0024322593029790784,0.029780693649462897,0.007656055338060241,0.004542459583320113,0.009481843457521899
2023-12-22,-0.0055474313490041505,-0.0027300973670256745,-0.004710464900599898,0.006927779616886287,0.009681933547677657,0.007620254680736016,-0.0010890569428022578,-0.0005969134801199205,0.0015587601393953765,-0.0019769430414928735,0.0027840837999522083,-0.0032659970749381317,0.007070552978352573,-0.007701401626197146,0.000827138651285031,0.0017694675195616405,0.0020096912129099476
2023-12-26,-0.002840942542438274,-6.514474615582078e-05,0.008832790241310784,0.012862720880938205,0.004496637483506927,0.0002118839054396915,0.0020653970070312333,0.00591389743500792,-0.001013899204923674,0.004074766017053255,0.0002135784284298392,0.009195079574066733,0.004542975072472588,0.01611622781987765,-0.000537867206373166,0.002256885587779145,0.004222463912075813
2023-12-27,0.0005181371954527947,-0.0004563413242133496,-0.005053612782395134,-0.0005906629858091206,0.010885246159304085,-0.008126144813371483,-0.002232871017114002,0.005998032174002521,0.0016286650884722587,0.008454746209515696,-0.001574587560485452,0.0028005576640073304,0.000822169969975084,0.018822405072142834,0.005307121219727318,-0.004699558800259629,0.001808142188798767
2023-12-28,0.0022261822187084057,0.0002609139551152939,-0.0033389160906380777,0.001182024149531724,-0.0055488935391891925,-0.0009973384229062798,-0.0033568937731739412,0.0053130017668880924,0.004618638596440183,0.0013693705515853694,0.0032345393325448057,0.0021247133926998174,-0.0022594122670732686,-0.03159428430420175,0.004036008058894369,-0.014459958865824407,0.0003778813039254647
2023-12-29,-0.005424192199570799,-0.009388462612883952,-0.005488133361786662,-0.006198359311336943,-0.0045543630615720865,-0.0038508112149778784,-0.002331937534923001,-0.001174573050939931,0.0004456926574396558,-0.01216794435599855,0.0020252516419938527,0.0,0.005558168506318628,-0.018563856087399966,0.0029911507026998407,-0.0020959467505110574,-0.002895033485756149
2024-01-02,-0.035786505168165395,-0.013228970207501023,-0.027654861612462,0.00683113357447418,-0.014286176401514417,-0.010881160844990134,-0.004241844500531,0.011640334313170131,-0.010832057046406662,-0.02166910644921305,-0.013748637062766633,-0.02734143388805277,0.01501308278703517,-0.0002414583049958896,0.024445759504475806,0.023804691270217004,-0.005596340916772191
2024-01-03,-0.007487710004818182,-0.00973782115920796,-0.02469199254660559,-0.010914724710093804,-0.009160003137526518,0.005428050815359242,-0.01976346211045077,-0.004358577456442081,-0.007395329720645383,-0.005255616622454995,-0.0007279857793485167,-0.01243573553273436,-0.006050790030204256,-0.04013364984377277,0.0049876248584419525,0.008401823652636642,-0.008166714160769972
2024-01-04,-0.012700175948264336,-0.026267891590348702,-0.009040308118853924,0.008052669446522609,0.005677071168477044,-0.018211845590304643,0.000975470382390542,0.006636232018471633,0.00238798796496531,0.007692902665672241,-0.007177601317396531,0.009018707640056967,0.0054789493342135565,-0.0021807686270334248,0.006254242803741983,-0.008719307184497982,-0.003221191985123606
2024-01-05,-0.00401299936097177,0.00463442024626004,0.00025726362537770164,0.01863908961924654,0.011814506798785818,-0.004839132382903566,0.012847344795636761,0.005017139604173604,-0.0008336649436169186,0.013914536951580292,-0.0005163501770061307,0.02289671813574179,-0.008274498192454072,-0.001849229589212631,-0.014740760909185524,0.003029711008368352,0.0013696561926046513
2024-01-08,0.02417501046738746,0.026576703830634596,0.02436906876005618,-0.007842112917079813,0.008658452138818662,0.022913191886046347,0.014550581210314606,-0.0014511375497258117,0.007689276958452673,0.019065290909206833,0.018871509519471363,0.06428077110431385,0.008614878383535807,0.012463646412957496,-0.0016004047109106079,-0.016661971241684226,0.014276040837532644
2024-01-09,-0.0022634513615695795,0.015224607114340927,0.00710802257692178,-0.01551516472289205,0.008296966527118643,0.01519735163635838,-0.00500078377571378,-0.007906025488131685,0.0014692946560286302,-0.0034295126589338754,0.00293582046494012,0.01697523086252617,0.004102616031714579,-0.02283214932024613,0.003448161556656837,-0.012385921067582517,-0.0015170810317232108
2024-01-10,0.005671382294295313,0.015590940651907248,-0.001773761448185085,-0.0008919944126278834,0.008363553553844216,0.009436053205771122,0.030647941328846295,0.002109533521328588,0.013416780449680088,0.03648269885186339,0.018574240504357187,0.022769996012232285,0.004286474409471497,-0.004341182513256769,-0.0013560728206621908,-0.00983236117570141,0.005655463240181957
2024-01-11,-0.003222702864578819,0.009432101662268044,0.017962853054110273,-0.013392933718831546,0.001218810352301869,-0.0014056887550734087,-0.000756926465420138,-0.004210092800239762,-0.0036191443582175298,-0.0021594559959308146,0.0048592259142747896,0.008684377425675072,0.003801418822381386,-0.028725319101363445,0.003794338960159571,-0.0002027189534596907,-0.0004405746263793642
2024-01-12,0.001778316834361915,-0.0036086969005325598,0.007000035393477155,-0.010557989710947902,0.014341220318901726,0.00401167382583556,-0.0022999125927157804,-0.007339991782382316,0.005577582020683813,0.013038561288345685,0.009983573566930914,-0.002042921329461933,0.0005980912910421576,-0.036660513098772496,-0.033668119449156486,0.012972498905791996,0.0006927304984909455
2024-01-16,-0.012317093771314958,-0.009442449238027617,0.006572501569660938,-0.020731732242605938,-0.002561276163503323,-0.0011213972620662815,0.007646782312053624,-0.006270409290245582,-0.0017479617946621895,-0.018772192691005385,0.004633730171923478,0.03056123129540622,-0.005378325094064773,0.004659894354722027,-0.004525178139153541,-0.02261118522450134,-0.0036713180393894707
2024-01-17,-0.00517363670617188,-0.009467203666572499,-0.010126204231775127,-0.009962688980258871,0.003961848676777402,-0.007158457339819457,-0.007616556950423403,-0.005357419445450429,-0.002171023272085848,0.002476541308889635,-0.0020499191420783047,-0.005835239081790955,0.0010012170418436384,-0.019826295019533036,0.011152707674446649,-0.00726801273139277,-0.005558677730028827
2024-01-18,0.032570864230674346,0.011798781932089941,0.036460365719171994,-0.0022012412385199465,0.004560276392850948,0.014207900757369218,0.006184947534610963,0.001974872965591956,0.007720540991685398,0.021065794945614114,0.01129731705817738,0.018803636934132673,-0.005765130147930897,-0.017026203279914,-0.01638276889249224,-0.0018559660376601395,0.00889281314630641
2024-01-19,0.01553288749357673,0.011986946826648914,0.05882454847329455,0.01544293401429564,0.011144804432134725,0.02021185756452848,0.012601410586553063,0.017262061707573162,0.014069569356611744,0.019461284913613097,0.01218686223271126,0.041746174054376084,-0.003847688641081315,0.0014630807600990448,-0.024751230485104747,0.0015495705410746297,0.012466208788504352
2024-01-22,0.012163267767581587,-0.003604979862209201,0.007678349309496069,0.010241944670145386,-0.00353957830347984,-0.0026643644406914024,-0.01578344432486034,-0.001174381938910729,0.006799895082252316,-0.00435511977821601,-0.005418008369365901,0.0027399308056157423,0.0019651079836564556,-0.015976244642273096,0.01872676206849344,-0.0013408158501255762,0.002114359096323737
2024-01-23,0.006653376120471233,0.008011406531487353,0.004760227495737901,0.006758781454426099,-0.007104659296984006,0.007192403588429874,-0.01656885035649769,-0.006583861179090378,-0.002251486476607667,0.008958185795724383,0.006027512182700034,0.003671261881022847,0.04139054843908796,0.0016283349277841364,0.004931918976713412,0.011257936539448288,0.002916456305388726
2024-01-24,-0.0034839196514865334,0.005447960655367012,0.02247408612737778,0.006408435342710295,-0.0015707341030148925,0.011289346152036472,-0.010006359029470113,0.008935399979038694,-0.00013670203872895303,0.014278150127043476,0.009175309914203122,0.024869171860586903,-0.012079554943810078,-0.006263735117226887,-0.004442225836803093,0.017260702511034953,0.0010932238054224275
2024-01-25,-0.0016967729162542522,0.005609771850602074,-0.019037239563240327,0.012431621108246471,-0.009628274652986546,0.021317967110219715,0.010654600219265342,0.01431086086871769,-0.004330941727601956,0.006347430230298157,0.00573811528072099,0.004155635448841233,0.02300808900739315,-0.12125293136804816,-0.038637661008044666,0.0254015221697097,0.005438889100780608
2024-01-26,-0.009012718789370933,0.008684596622424712,-0.020422729122897887,0.0011980144210035348,0.010266113864050741,0.002107141168740112,0.012337106694977784,-0.003816413852743339,0.003960625893062009,0.0024418594835782237,-0.0023217014172178807,-0.009510310383130549,0.0033416133101189516,0.0033948152034783963,0.01986232016570133,0.00851869088185575,-0.0012705392525373949
2024-01-29,-0.003585843267526423,0.01344896590822775,0.010698196302260321,0.005384284808403139,0.010380202218802426,0.008673390221845878,0.0011259332533708477,0.0026120983752639937,0.0046746250793952004,0.017455649213798274,0.014334284397612862,0.0234961821768378,0.00012820948960667877,0.04190991910385411,0.0026628204476033535,0.0012620591647110047,0.007919405851761763
2024-01-30,-0.019245861652906204,-0.014014601164705653,-0.0078914670057324,0.03510881366060303,0.009697353403957276,-0.013354048432912324,0.003935883893722458,0.020494433791902633,0.010463546220828235,-0.0023938905100276964,-0.002757990700512525,0.004946807672091769,0.008516717497851323,0.0034567835721344142,-0.0018431176478844735,0.016678107084691973,-0.0007734772234796461
2024-01-31,-0.019357562444007437,-0.023899390262627773,-0.02330811894321061,-0.02242040930712852,-0.008362651520108622,-0.0750032964031293,-0.011593465246883872,-0.010835713354052645,0.009074728057591352,-0.024796228058653114,-0.026946433467528452,-0.019864879588954887,-0.0022221547000496056,-0.02244377647032403,0.01614332700946708,-0.019456520178958048,-0.016317261186643006
2024-02-01,0.013340374337045047,0.026288672108771616,0.016957640413020725,-0.0135255091461427,0.015305789413246895,0.007566000174919818,0.0201440479186481,-0.0036132763922271938,0.02602244358400818,0.011893101350588742,0.015594425587640348,0.02437959961793923,0.01298176089392733,0.008382761388752824,-0.008988865712151406,-0.004085147427369096,0.013088157742291884
2024-02-02,-0.005404943796662676,0.07866649218561839,0.020274699289618336,-0.0023843041649898034,0.007097286771969191,0.008642528476245248,-0.007887208776218513,0.005756134762990639,-0.0007377805144095362,0.2031764503949156,0.018425922289464935,0.04970880129178612,-0.0068475099526537075,-0.0050301649114266045,0.006092918462541785,-0.004102064076907386,0.010527325128161236
2024-02-05,0.009846579405989653,-0.008730574595861018,0.015322586092566315,-0.014341092177343695,0.00236799537518273,0.00913061501401402,-0.00585086567246651,-0.0013162759219239595,-0.008293828951463689,-0.03280075494432633,-0.013545178954034509,0.04794439069586054,0.0007591630036176689,-0.03645365318513305,-0.014248498661725173,-0.004118799892291469,-0.0036411786690189185
2024-02-06,0.008631873811831836,-0.00681113075414308,-0.016450724365982494,0.001515538454725851,-0.0005202412311104965,0.00292297979797973,0.0031256829338848213,0.0034383680255034577,0.008188082844703848,-0.010208689657506653,-0.00039436322479324826,-0.015995509568811128,0.004740463695950492,0.0223130928940527,0.015329307424000849,0.006893165003601931,0.0029033349273559494
2024-02-07,0.0005811275452909381,0.008158468416245013,0.028143708409847035,0.00423731636670488,0.012647904653016795,0.009993153678838684,0.018077167566807217,0.0018846223886657132,0.00306184107769103,0.03270136779964239,0.021110384453041142,0.027497928309552,0.0010064766723694163,0.01339813963135228,0.017075766644228496,-0.0002933314881793381,0.008340404110168675
2024-02-08,-0.00575487944540809,-0.004046223223746481,0.014080529594000524,-0.0018083647257480795,0.006085087289814384,0.002542205835221134,0.002839911863159017,-0.003591237896530486,-0.007901815175462068,0.0008731882391104229,0.00014467089354019969,-0.006533666546915118,-0.003016594578289733,0.010555473441792307,0.0013475387240058367,0.01711999825885835,0.0004416126987571989
2024-02-09,0.004094051540636912,0.02714319777292107,0.006809055483165016,-0.0015097107646497854,-0.0010493742854796873,0.02117758450213314,-0.0015671622592651202,0.0012014542630989222,-0.0008292300045533718,-0.004021347803725428,0.015551591684406896,0.035783902510835075,-0.007690292844075075,0.021154303741671487,-0.003595562098615779,-0.021160041933662277,0.005779472605553337
2024-02-12,-0.009001875967817763,-0.012095159915523457,-0.01436758795488069,0.016631322675350946,-0.001368635095068016,-0.009865825556611307,0.006333374041619821,0.004456762176910489,0.0018125725774535972,0.0016877592257091845,-0.012578752531183457,0.0015940772247500234,-0.0019693153612070358,-0.028103539988478476,-0.0011191109475231498,0.013756446639067832,-0.0004389436551084369
2024-02-13,-0.011274455811445483,-0.021469171561243172,-0.010553398742078834,-0.025877438387051477,-0.0112953907606399,-0.016200152125552925,-0.021507767414755574,-0.008703588916902705,0.0038150571458981375,-0.018724654831209553,-0.02152888056310054,-0.0016608524328545204,-0.005346375244086543,-0.021846598116614713,-0.0015262139953750031,-0.008608817638289135,-0.013773153053739606
2024-02-14,-0.004809763883033669,0.013875689909627953,0.008444877845419807,0.011603149542403601,0.01110245876393523,0.005512064745284206,0.0017898310212405288,0.010157339121096731,0.01027244359306323,0.02860106360775072,0.00966559628572794,0.024567406006626546,-0.004095513461615852,0.025486372853585015,0.0001742012549863503,-0.004933904598649508,0.009087731761496132
2024-02-15,-0.001574831828310197,-0.006901349311422389,0.0022579286494794903,0.028372920221317877,0.003226295292156678,-0.021721443890878822,0.007955719619251234,0.021814381258099536,0.013091298197490886,0.02271392931484728,-0.007155339015668227,-0.01680672355711721,0.008867141998391892,0.06221180550417671,0.0076217437795333964,0.028659353503425633,0.006899762297126744
2024-02-16,-0.00843017248231459,-0.0017079419299743659,-0.01548533543563213,0.0005871398056471744,-0.0007177579822826852,-0.01575948418376616,0.003517462847436592,-0.004670002970762255,-0.006683917102423886,-0.022126738465508056,-0.006149093912590886,-0.0006193446713507189,0.0031844289804270343,-0.0024943876658132247,0.0012863102795988013,0.0,-0.004979936480471903
2024-02-20,-0.004114016200731818,-0.01433539469369316,-0.015198882553759008,-0.003813230037953863,0.002348113534029972,0.004269884909933186,0.0006071084305385721,0.003909869475580141,-0.03499024080151514,-0.0033170670011825054,-0.003143111096964857,-0.04353206345935701,0.006348843704738538,-0.030957752117438453,-0.000939516773318605,-0.009447714446227384,-0.005505390227666274
2024-02-21,0.004186084619642427,0.00903755380828164,0.0007337359647154873,-0.0076562421184183105,-0.003679162243344747,0.010133252918645752,0.004302507431792613,0.006509978773822089,0.016159262649167117,-0.006832813163329177,-0.001514417359178788,-0.028508784704746937,0.011923424256579773,0.00521268473502845,0.0017462835476635963,0.020438050157519205,0.0009058154054089051
2024-02-22,0.011243989647854669,0.035530017339574504,0.06309856780721179,-0.002670780993226929,0.015739436913814187,0.010803162174696235,0.01980050418691981,0.011995598855660372,0.02725203875641391,0.03867276917890261,0.02354662241846861,0.16400875416319427,0.0009976399530138291,0.013554445406056326,0.008678899459912737,-0.000858386215365492,0.020695462329564096
2024-02-23,-0.01003428839380216,0.0023485144793740087,-0.006537223237061518,0.00922367446297545,0.0048067027685403385,-0.0009021295592486211,0.0016698819942002618,0.00502533106028058,0.003944372111020389,-0.004319897609162848,-0.0031823395550447664,0.0035524470712213763,0.0029271498914538174,-0.027556873210526134,0.001405405288025241,-0.0087819984117119,0.0006897094827567063
2024-02-26,-0.0074512574671237175,-0.0014858549486425066,0.009842795487285283,-0.009139375835474195,0.01005509123125603,-0.04438725976266289,-0.0009679869085714721,-0.003424071987899069,0.0023023636858314767,-0.004731095832453569,-0.00682348291307755,0.0034891210126926087,-0.005030099369721985,0.03870392576202142,-0.0036414924372502044,0.003948382968096409,-0.0036626145760114692
2024-02-27,0.008114510036356437,-0.006810521779339163,-0.009853657059741394,0.019934692631313533,-0.0008584085553479115,0.0095222726322306,0.010656534520878447,0.0004906608407682089,0.0005057410311024579,0.01102258069408446,-0.00014724156469314575,-0.004943743228798425,-0.005742077613423824,0.0016549741281637331,-0.022653009516182876,-0.002110276175116499,0.0018576928651132807
2024-02-28,-0.006625592413069592,-0.0021896371944472026,-0.005253756827969802,0.0008750808384383468,0.0043639952682839045,-0.018001112761039995,0.005458562231056563,0.0050697210897112654,0.00863616523957611,-0.006221132412116859,0.0005890529918566312,-0.013189064762269331,0.004708127911601467,0.01156560160219966,-0.029488543992624683,0.0027876350992277477,-0.0013216253351332474
2024-02-29,-0.003693017819555,0.02078996747858297,0.008585243420809796,0.013208291989494692,-0.005441507807384394,0.015251542283509556,0.00794464655619409,0.009111458443068932,-0.008541301386968625,0.01262340761351921,0.014519751760697197,0.01865737768775544,-0.006935165382655484,-0.0007918650199801869,-0.009392170257441323,0.001917216189663229,0.0035951134229530446
2024-03-01,-0.006030324134496778,0.00825982552183624,0.07587912517751927,-0.004924907706911785,0.007460685504997677,-0.009533461217481332,0.010089219735855748,-0.004138389108965912,0.003938885470438747,0.02483005860169163,0.004496502620530807,0.04003186925615476,-0.0005664275273340458,0.003764585340074067,-0.008245680035366965,0.012629025863982513,0.009388186952518307
2024-03-04,-0.025381353494087766,-0.003591063770984282,0.0022083913070438665,0.02328983581724997,0.01299645157396645,-0.027636011667439675,-0.010612581230343587,0.007501723257840931,-0.01707829545420747,-0.00818223048744715,-0.001395844342224728,0.03595084532893211,0.0044694208329898455,-0.07155546804023882,-0.015647614321563807,-0.013983345372275857,-0.0010724008699941612
2024-03-05,-0.02844093754087962,-0.01948421375262155,-0.04243883331793985,0.006827782401042093,0.0010142795396943516,-0.00509932912059341,-0.005047750045682253,0.010017091101636177,-0.002070472104613752,-0.01599800451658051,-0.029572016790831546,0.008576600923413391,-0.0015038383216352535,-0.03933237971984138,-0.018096204734113885,0.012265326144301758,-0.009994100865434286
2024-03-06,-0.005878139091754497,-0.0035033346396604603,0.005399567909060821,0.0008478815202930257,0.017487918780277,-0.009572789027355144,0.0032960703884226117,0.005197659837900215,0.008726933362446454,0.011974308008699142,-0.0013907908973449512,0.03182726487444909,0.0015689785380035293,-0.02323786698783792,-0.001162281898466233,0.01069661229195229,0.005067164703662641
2024-03-07,-0.0007094929335867972,0.019076784751165476,0.04222977561252561,0.005928683892094444,0.01597187876995032,0.02267887638629995,-0.0023579947457395,-0.008758550068936,-0.008609016851255924,0.03245372392651813,0.01753350151044164,0.044746207409572136,0.006580366580438479,0.011951969472048907,0.013076438668653267,0.005619592757701408,0.009926369838117344
2024-03-08,0.010236604570175833,-0.008313545751684748,-0.0698574751201958,-0.0008420587192341511,-0.07641406419074126,0.007664731082289267,-0.008498016810771891,0.001862947557262462,0.0036787960888631233,-0.01218301724436055,-0.00713690232098374,-0.055476817519700794,-0.0016809132823133455,-0.018527834714126334,-0.0006918485842608568,0.009406761604272784,-0.006002128739280188
2024-03-11,0.011831587650356967,-0.019332758891648982,-0.011920042689620103,0.008146016738815653,-0.015822094624273975,0.016690320265949632,-0.004901603195384574,0.0003720146268468838,-0.0002130720490259863,-0.044193978059308026,-0.004185096153480283,-0.020039382133585804,0.00748343712074484,0.013858834181150304,0.026396863802572446,0.005905042125196047,-0.0008599007169424189
2024-03-12,0.002778604451858069,0.019946455814511488,-0.0009590233660808911,0.0019505332627713923,0.03192915336972035,0.0060288007961868395,0.008128640455175029,0.008231973326634723,0.00790774825835272,0.03341676479051592,0.026599553326698055,0.07157192010527513,0.0023521331523401745,-0.0012938683737420131,0.0004089170166194922,-0.0064207460782508274,0.010757428722661277
2024-03-13,-0.012122610357340524,0.0066708374081581034,-0.026325836932846403,0.0033369934565397052,-0.0036370058741340694,0.009314028520750472,0.011881176161512297,0.008112141392676797,0.00579441223588395,-0.008364278756792243,-0.00043349183367047406,-0.011151990614794549,0.0022851457644816886,-0.04539820808488959,-0.0027587222490642604,0.011170529493272685,-0.0015674125360567448
2024-03-14,0.010927212533784925,0.012403729449981915,0.00349793963013334,-0.010809351412478185,-0.0030644508261058467,0.023678328341715238,-0.009815418261161168,-0.017818032534935302,0.008136974334647551,-0.007546845592484419,0.024379762620805545,-0.032391498738073676,-0.004929213684568112,-0.04118477639544138,0.002049208621844878,0.017712101550408255,-0.00197697834505961
2024-03-15,-0.00219651665998577,-0.024223786467438835,-0.0212077662646597,-0.00784518624605779,-0.008634484867383718,-0.013417136224355475,-0.005436073844431122,0.012395553337970044,-0.007612518538093527,-0.015716785039075698,-0.020695197764306728,-0.001216808993710461,-0.000743034801841902,0.006584660456730784,0.003721813643436933,-0.0017943132896739433,-0.006866420883276492
2024-03-18,0.006372353400492692,0.00034398325434925603,0.0014083432624205638,0.016944234963290672,0.008144453006388996,0.046040569801463205,-0.0035368609426719155,0.012401596076416332,0.006430861085692241,0.02660602026777492,0.0021611542508812587,0.007035830664184006,-0.001053258860604367,0.06254200201423088,-0.0076810500305273255,0.009256876071433107,0.005943107186217711
2024-03-19,0.013585214356201636,0.00813845829732096,0.0006224015366445013,0.0005553749802025276,0.0008612202237150424,-0.004401517503319408,0.02016633882765584,0.005865180595959529,0.010670425697788533,-0.001488952656926501,0.009800823245743162,0.010660972530261992,0.0038458360770254885,-0.014269250195585559,0.012873454729157352,0.007034796861175252,0.005557012075976031
2024-03-20,0.014709239488679415,0.012791359170393646,0.03507562485032589,0.019983394327796278,0.011677739107835317,0.011630577012720744,0.013178436519096781,0.013107004164530478,0.00834725465826014,0.01870056449293589,0.009064590193736066,0.01089500914520558,0.0009886270434542599,0.025332688257929448,0.001844675110948657,-0.0008843407551744065,0.009249414155006352
2024-03-21,-0.040857639868262075,0.0,0.05642656800353962,0.02068037398702116,0.002484005662324984,-0.007664505675457289,0.028068927525202403,0.013904968487665537,0.0012294270536474805,0.004431172720153365,0.009735926604458767,0.01176236669389552,-0.0008024292069658268,-0.016167575308454918,-0.005139347860831367,0.00442511547451363,0.0033046922281123603
2024-03-22,0.005310309812506686,0.0040415450203241665,0.004057599890819885,-0.012263555995763453,-0.010450390581594915,0.02147694278728096,-0.012449506697888801,-0.012257462633067595,-0.014264077117276064,0.0035843160688917575,-0.0014671811725022188,0.03121353870649113,-0.0012357025499681873,-0.01151490226146512,-0.0032947118812740595,0.0,-0.0018959405749968683
2024-03-25,-0.008300425432743563,0.004696213001679439,-0.0013963167911370533,-0.005128177072824203,-0.005225741569912956,-0.0046428149708068744,-0.017346520689446865,-0.009154642327833917,-0.011688536399920846,-0.012873440933801161,-0.013714580737459015,0.007561802430080977,-0.009093191971168424,0.010536808713131895,-0.008549898950282242,0.010221227137071631,-0.0027625841068303902
2024-03-26,-0.006672473018964897,-0.007845994154095037,-0.01486398230706032,0.006239854481387752,2.7229538603457115e-05,0.003998059671752596,-0.009334689302176624,0.004670968212413529,0.0015964523109321949,-0.014174247077609281,-0.0028615369948334912,-0.025694228842098044,0.0022472339744177283,0.029195349264770964,0.013233828740333742,-0.007501028271584165,-0.001847104647271114
2024-03-27,0.02121260272616654,0.008581036192426339,-0.009583379768394518,0.01941249978836912,0.0015050022166600563,0.0013274136270451375,0.015687139888902912,0.0193635245623085,0.0024119675791012263,-0.004093730449556965,-0.0005216725430285951,-0.024967326319845107,0.01283092449024048,0.012157391142962881,0.0016045427625006603,0.010370044139454304,0.008403666337695626
2024-03-28,-0.010559250057317726,0.0030584610251771505,0.005065515190418646,0.0029091447276377025,0.000751075688867564,0.0003976248488015699,-0.0059344613971920035,0.003909271460601715,0.007574012500290106,-0.016765835195896583,-0.001684675046980555,0.0011745536218363828,-0.0022138883556378497,-0.022465709302040393,0.0032447461645943587,0.011046227057190938,-0.00019104216060938928
2024-04-01,-0.008455681926342051,0.003270852211551434,0.01874883355388346,-0.010548441614589454,-0.015546608325846867,0.030212875968761654,-0.040589219754079586,-0.0067898667184279615,-0.006582635536247494,0.01188263278095203,0.009150954709707282,7.74682857340725e-05,-0.010292760943290569,-0.003242460249155976,-0.010106893116730964,0.0064521575944442855,-0.0017396144931319801
2024-04-02,-0.006998782765317624,-0.0015472110151306673,-0.008516803287413333,-0.0058635783494506155,-0.013781849188081674,-0.005981444914199718,-0.013667379832902893,-0.000402181247450506,0.0021530863115792886,0.012252033368085335,-0.007372166162526228,-0.010081500967349388,-6.21832664035038e-05,-0.049024062767074494,-0.06444774816630083,0.01957436810058444,-0.00635807877156469
2024-04-03,0.0047973840071102725,0.009519072430478781,0.018263244996026717,0.003753279391240927,-0.00788689527363251,0.0023292890819137657,-0.008539950874594915,-0.002816002760746339,-0.004192580594912454,0.018839105472388873,-0.002349246073568012,-0.0054553953800574595,-0.027526945853782125,0.01050231020055925,0.003492278726887399,0.00016767605204148772,0.0010983762358010019
2024-04-04,-0.004892358412541542,-0.013212014767422509,-0.033531236988458724,-0.01388897292680491,-0.0011480057732980997,-0.028337057601899196,-0.006168210865702073,-0.007608374681428498,-0.016023544504960907,0.008248841245744876,-0.00611242287504532,-0.03438488224194369,-0.0044829586280685785,0.016213301154368365,-0.009483525123136216,0.003520538842764598,-0.01220608883160823
2024-04-05,0.004501804904474271,0.028166707356770848,0.01664517112074182,0.005146233731115224,0.01254116878164524,0.013087015781080069,0.0005311378684824675,0.009199934219998873,0.015709665323727418,0.03213803582119246,0.01828269676750094,0.02448063563549918,0.004181456109230597,-0.036292482565110196,0.0007904678153725087,0.013782162819270916,0.010446805235956091
2024-04-08,-0.006663480189762594,0.0006483768975988902,-0.0024859592026601485,0.010509548887592812,-0.0026760561313026177,0.01541007160591712,0.011680165188402647,0.005216583336314029,0.004952947451382528,-0.015341173961254229,-0.0021854832358374487,-0.009942320145310712,-0.00038452267125432815,0.04899940648952894,0.000570639174181542,-0.0067562013917696895,0.00055942439481238
2024-04-09,0.0072425075201734135,0.002591909504893186,-0.0015120389208725937,0.00613314745276039,0.009525208659630024,0.011301063953680579,-0.0017400278552267556,-0.006700878997937143,-0.013970957783287163,-0.004525535862867525,0.003980363076158122,-0.02041722412656055,0.003973566394163575,0.02254601255405486,0.008157824213921305,0.0052259499516422725,0.001156747418819215
2024-04-10,-0.011139197354009922,0.0015080453603608657,-0.008777678688625445,-0.02862444932319763,0.005552346005107234,-0.002937372220136014,-0.030048123003670102,-0.008521440412965764,-0.006332575086186898,0.005668324055385199,-0.007084626280470019,0.019741523109134684,0.003702169994971083,-0.028946236061948905,-0.02103448781270245,0.0084172656866921,-0.010013180940996791
2024-04-11,0.04327099221943298,0.016671181255133227,0.0454412358773475,-0.008185584743260255,0.013521005447238554,0.020942777485943198,-0.009099786709977131,-0.00020468322971745057,-0.001833161867346611,0.006405734216359926,0.011033385528579576,0.04109656798062322,-0.008903461248838118,0.01653476762638495,-0.018509102267947553,-0.0033551563619714786,0.007547051052606779
2024-04-12,0.008626543049840452,-0.015445639364236818,-0.02776938888889513,-0.015405703834413198,-0.00142014833557913,-0.010538974269900026,-0.012954447376620992,-0.06467773537542221,-0.0062564742346084,-0.021522997526706056,-0.014091069045934934,-0.026816494153395598,-0.003272615984261762,-0.020332204625772565,-0.0057050334018240445,-0.011659314566208279,-0.013803124651875054
2024-04-15,-0.021863487604515508,-0.013485250630092094,-0.024835158457931494,0.0044704215601867325,-0.017817293118284172,-0.018195472965234605,-0.014407844672540526,0.00054703231733777,-0.012011698999055964,-0.02279725394287846,-0.01957798361841734,-0.02477706527262913,0.0007724468357457326,-0.05594859487563397,0.014640303369460206,-0.005732372240035644,-0.012528214617281708
2024-04-16,-0.01916729958155461,-0.001633742516860992,0.014015737875626266,-0.03532671903038964,-0.003216102750570826,-0.0029706737918626658,-0.009173597609359763,-0.01142761245051993,6.533536926189853e-05,-0.0009396687495827338,0.0022723175621155445,0.01644155242906087,0.003216488912881843,-0.027062145360474688,0.05219570300687293,-0.008272020921686107,-0.0018237876641724604
2024-04-17,-0.008147370518539754,-0.011128128209780819,-0.03493445799612449,0.015859220055416623,-0.001089263865564738,0.006930086560861692,-0.005973046751398869,-0.003982454703991833,0.0007392588909536091,-0.011185400894556885,-0.006609031154421685,-0.03866618185272974,0.006476381989729774,-0.010565868854054306,0.021540317779698004,-0.0005055969341639655,-0.00591828116126103
2024-04-18,-0.005714423849696004,-0.011363622972558218,-0.018430906798264313,0.015327909021006558,-0.005509124433492496,0.0034735317984500025,0.00018021551401958824,0.006497112676438599,-0.011865223041899409,0.015440035642367622,-0.018380878379600785,0.007568340791158645,0.008573208755666695,-0.03550983840996058,0.02962476543133885,-0.0009272713622684448,-0.0020576033010342165
2024-04-19,-0.012212491644835954,-0.02561096030926935,-0.04311383379331302,0.03354774065658184,-0.0024463146732095487,-0.012306949426465374,0.007419847731454432,0.025103410702806528,0.0015173688164056287,-0.04131132256980119,-0.012739046388500541,-0.10004599571343753,0.005404036139491586,-0.0192088959161848,0.016120009834390103,0.011474949701112624,-0.008728316044251838
2024-04-22,0.005090833962959396,0.014888568814227066,0.016393896153719334,0.020557091768799607,0.008386207984280691,0.014212218367200657,0.002236506847200781,0.01942962253409286,0.0029864098581737775,0.001372028261191316,0.00461012503270708,0.04354329145310332,0.015176488109018393,-0.03400203941675628,-0.01975532245898637,0.005672316923453158,0.009208994074733745
2024-04-23,0.006391604582624222,0.01303389727631088,0.020196671992694926,0.016962457172507994,0.010091224531963539,0.012669747713734747,0.008598340474607946,0.014413204838658045,0.01328969586797224,0.029829992886392986,0.01648557751951696,0.03653260753850174,0.0059798619832887034,0.018514534090260826,-0.010280484029769887,0.0038984843992397877,0.01186666829700056
2024-04-24,0.012702207198832971,-0.016430862529557833,0.006107984174915204,-0.0013029362521425059,0.0016744050093846496,0.005497404348904444,-0.017669587683937005,0.0048921885627410955,-0.0006915055808250914,-0.005240905223189207,0.003655736498730633,-0.03331592552917306,0.006811041846519039,0.12061109407252757,0.0023037420745832815,0.0001652515828127754,-0.0004746710965192191
2024-04-25,0.005147504861309882,-0.016535467634067658,0.029916685489112194,-0.01069938514395019,-0.0012038423870504023,-0.019669603679576486,-0.003092999862639667,0.001501954843706299,-0.000843318177519703,-0.1056130022441708,-0.024495175748030174,0.03708711710820145,-0.0003074231081587886,0.04965143743002587,0.013462008110195711,0.0023130729627203195,-0.0037988637149392046
2024-04-26,-0.0034728919028212957,0.034260361668536854,0.03835693739166257,-0.002110056310103081,0.010140504206722634,0.1022437485636074,0.009368046204935254,0.0006207182951458723,0.0006709878354314025,0.004327360107942324,0.01824376959862395,0.0617558925834103,-0.00775151170175814,-0.011105884774887609,0.003017034610032887,-0.0277755087005771,0.00947396486246821
2024-04-29,0.024808031789288698,0.007460258507441919,-0.004054783447975163,-0.007401601158840365,-0.003908549146556806,-0.03373079134259205,0.005103069998241283,-0.001085379493383165,-0.011504777199900507,-0.02407011946938109,-0.010016772482537406,0.00025074521006618333,0.002293938578062704,0.1530691710339953,-0.012758650286344042,0.014242125895671753,0.003541475525250082
2024-04-30,-0.018271059641661314,-0.03293549122868411,-0.028649009042388096,-0.01438109472356619,-0.004722384970428761,-0.020282866409472744,-0.007660287790904441,-0.007967798970468842,-0.01290742105166054,-0.005663006849650376,-0.032119373720055466,-0.01544036286835937,0.009526218448427048,-0.05550118063944742,-0.010899215169309473,-0.011451113068971619,-0.015841282670762236
2024-05-01,-0.006046915480641957,0.02285714285714291,-0.04415212732205798,-0.001621106862900512,-0.0009406690826931907,0.0066346170283559935,-0.006732119496336231,0.0006259950744200715,-0.02023490051692356,0.02096827612133767,0.014409304054801453,-0.0388997932611127,0.0012253657111636063,-0.017950640048260635,0.0008476498367091523,-0.01893961481339368,-0.003247250283211378
2024-05-02,0.022031866341349682,0.031955314082140474,-0.0034518483347029116,-0.0018943623037820378,0.01415092169804577,0.016843654058594115,0.010723878082863125,-0.0010424259215757736,-0.002194240749880949,0.005669717612904579,0.007343019915767357,0.033429428508553904,0.0026928350393871092,0.0001110562423569661,0.018301662635664462,0.0018098430654507336,0.009353540801278815
2024-05-03,0.059816202772792426,0.008066292135759712,0.031923871312203866,0.010032708842163895,0.015646255132100606,0.0037211697920622733,0.02181610944197021,-0.006000347755651836,0.005622254394712867,0.023274610531794027,0.02216975366275542,0.034631802441990045,0.0037842018279667933,0.006555235656792835,-0.0010548301183196385,-0.0020647350490238248,0.012395303265201774
2024-05-06,-0.009106643307953521,0.013371946429286963,0.025193579224501494,0.011811838533521302,0.016870632515360917,0.005142281934721771,-0.0016332564042530473,0.007821176813258779,0.01305283632548293,0.030356806277654913,0.01691833497365125,0.03774113708976001,-0.00012152067562021251,0.019703030064167848,0.003919159325228794,0.006465577014796553,0.010326716773067401
2024-05-07,0.0037970943576084437,0.0003179520909595279,-0.005494958320304222,0.003980068864555264,0.019644379770250353,0.018738725522654764,-0.004674293553787345,-0.0013021850023920978,0.008211567716477797,0.005497168058625546,-0.01015632119530252,-0.0172128393981682,0.00802712216210888,-0.03761635178001177,0.013309530945620818,-0.004967840572646209,0.0011036256640795106
2024-05-08,0.0018640399519542772,-0.004026247769404412,0.017082119898925274,-0.003435564573752048,-0.010242232340350932,-0.010919592702208658,-0.005459660845228753,0.020339093410055797,0.003774272729317074,0.009311599231601297,0.002931504600117263,-0.0015681475291076108,-0.0041625951585545495,-0.017378079862311324,0.004491439099976846,-0.00017223468115867835,9.651429083668006e-05
2024-05-09,0.0100141053934526,0.007978723404255428,-0.01486378662605048,0.015115162515636493,0.020473855000311847,0.0034243588120259627,0.02541101968983628,0.009455754287685414,0.0015833274281731313,0.005967048237391026,0.00433587038505201,-0.018415646363664884,0.005876149412154641,-0.01573946875450305,0.00759131651509426,0.01971600034411014,0.005761787139557439
2024-05-10,-0.006889922515251001,-0.01065965315282813,0.02077854477951635,0.004441062557570374,0.01046154764663143,-0.007707844036149547,-0.002907147315511782,0.006430258620737872,0.003271118693806807,0.0016405465466582392,0.005869220997712032,0.012743933675981367,0.00487852557231272,-0.02035238689978358,0.011399730134949326,-0.004052765595829788,0.0012883115513229182
2024-05-13,0.017645345277726765,-0.004853789332504466,0.0035341460411968395,-0.00624198987873148,-0.0152948047651571,0.0029054413395659395,-0.015789550631338356,-0.00020128505199146218,0.0017069424392714971,-0.017198653534651998,-0.002459502991805196,0.005796943406677579,-0.005873588334551094,0.020300339194899042,-0.0020867048150712275,-0.0004238809731235138,0.00013419604270126229
2024-05-14,0.00617333992319935,0.002679959159411549,0.031790441956775606,0.007327993878984529,0.003547620805068208,0.0070947642868322,-0.0013491436287227376,0.013988795890610195,-0.00777697793450105,0.008205029041959078,0.006864655799141417,0.010586404139516059,-0.0006632077181669693,0.03292805679333921,0.004182012881455144,0.0060703914685305005,0.004588206588452826
2024-05-15,0.012218060750564863,-0.005773249525686364,0.04068010303868186,0.01091182103275301,0.011749485611028287,0.012739077129247711,0.023994175156552444,0.002977596057826215,0.008366235910802766,0.020536129386599766,0.017483881396288092,0.03583765822988405,0.0045246805101128995,-0.02005067585133169,0.007141656300626575,0.007733571906677117,0.01238307980169906
2024-05-16,0.0006324895065528136,-0.012688857146349708,-0.016739005922521866,0.007967237505105862,0.007661641140370046,0.009680564713867579,-0.017036016053179504,0.0017811601829738066,0.0018995771145917661,-0.01725712886128261,-0.004939983280527915,-0.002863672538024886,0.008107606730246353,0.004885285464054867,0.007187649521128936,-0.005987527498366063,-0.002057589921140024
2024-05-17,0.00015796173684434756,0.005826891232250109,-0.011924998539331266,0.0017848203627401915,0.0034548930341502526,0.010793632916387796,0.004317993716189461,0.011458542336693966,0.00305096046395259,-0.002789387431707868,-0.0018526558753652056,-0.019924091840831548,-0.0013105961904997798,0.014985188920464187,0.006445866097412045,0.015016565156110273,0.0014376100246351609
2024-05-20,0.006162204804045501,-0.006280474722663021,0.013430624420582626,-0.011962370798697441,-0.003530897264441779,0.004884671267945784,-0.01856419677704324,-0.044972839756681315,-0.001325272562584856,-0.006505483045093796,0.012208187804987114,0.02488150240709519,-0.001968521430714798,-0.014144086952910362,-0.014105205297468615,-0.008107667742040636,0.0011520877070487767
2024-05-21,0.006857203420906011,-0.0021248741632045043,-0.010487849555152362,0.02138074189345862,0.009999948795793356,0.005256662919314481,-0.004943399741939136,0.020145282033545486,-0.0012182867288773602,-0.008979631122866372,0.008698905078640795,0.006393662713110704,0.006215981191020736,0.06659050790792542,0.012218931248856313,-0.006909928090224615,0.0024525591543151926
2024-05-22,-0.007538330789967351,-0.00010914012742568868,-0.004974077982153657,0.002774243608399063,0.0011611203505546008,-0.008265523000045016,-0.016540213967329742,-0.006064680124033717,-0.005619777508460322,0.006779658553315526,0.0034495690681999314,-0.00457088147318141,-0.0032075034738304753,-0.03478030697150003,-0.004202055644775493,-0.020110270311712752,-0.0028791949096557135
2024-05-23,-0.02105811141307523,-0.011358061353112014,0.0007542163237055366,-0.014839030836387934,-0.006883912221487654,-0.016044811635698264,-0.011192124321178443,-0.007009171208072873,-0.011631418381346514,-0.004275550996204469,-0.008176129706745527,0.09319652639212017,-0.013825189888110434,-0.03536724832380789,-0.00866978368864213,-0.01705918517534688,-0.007304383559806116
2024-05-24,0.016588098099212356,-0.0016570176564539851,0.010442896952086445,0.013530832450336261,0.016814465242387167,0.008297307671421894,-0.005475669025664764,0.019246407394391207,-6.644132552213744e-05,0.02670797280807169,0.007400415313059128,0.025722657827069284,-0.0009667850208177065,0.03165649721483632,-0.016756046283821213,-0.0007928827512946324,0.006616389864486871
2024-05-28,5.272292904012765e-05,0.007745471073219212,0.0032744732357146145,-0.009571834761338383,0.0042483002885918,0.008057532213831431,0.011073362915472895,-0.006028801805585293,-0.01352013909672134,0.0035549214468855173,0.0003719728601139227,0.0698044047643287,-0.013427782352495754,-0.01389201861667555,-0.008835631519255371,0.012696119736666844,0.0006990618721574027
2024-05-29,0.0015790169923834974,-0.0007136405620595809,-0.015420066283381662,-0.015259394134320758,-0.008177848418597478,-0.0028346178621538876,-0.008487978472997315,-0.006967284036952126,-0.005864018476402166,-0.011585440778748124,-0.0026724039386780696,0.008112323468385085,-0.008951038487007179,-0.0031683030189180172,-0.03764287285775103,-0.01070884379983883,-0.007002799472209831
2024-05-30,0.005255065184347485,-0.014833517662161122,-0.019120154892818486,-0.0023244752275976,0.010935957562415721,-0.02154617822940741,0.017055015169048948,0.006158134757558109,-0.0008362784288232783,-0.015410118053011845,-0.033786173675635967,-0.037665991165928836,0.005753105975233819,0.014756744473008343,-0.006333651313533251,0.003168323836002074,-0.00663365178480535
2024-05-31,0.005018708526608462,-0.016060700229647673,-0.02604686606538742,0.035205984340366925,-0.006684531724361342,0.002265959529839545,0.01728526706500655,0.01655556835865557,0.011241771110851007,-0.00047113703942291973,0.001109379522180154,-0.007846120677357793,0.012055705998695876,-0.003971091681523098,0.028485374867296853,0.028686696845547255,0.00910820568878834
2024-06-03,0.009258687321009873,0.01076849847083472,-0.005005383963052945,-0.002750755767115809,0.006791122338955624,0.003884072122531279,-0.02048551426430545,-0.003997481220403776,-0.008678733869671329,0.02283474503239913,-0.0038784140644304577,0.04895418552075581,0.0006684721837069141,-0.0100517100545634,0.004178827080291159,-0.023963875535977897,0.000815187095192238
2024-06-04,0.0016492260157763283,0.00560726713319748,0.006747617863802846,-0.005015006551538748,0.014716946025641331,0.0035803310137119126,0.0007621852718762145,-0.013180044055592144,0.003565112154425343,-0.0010471033195302848,0.006166578668989953,0.0124957568881785,0.014333481280795812,-0.008622094682395387,0.016182723708248803,-0.015552666015290928,0.0011181234521697725
2024-06-05,0.007820885579215675,0.010817455564965828,0.06181925723067638,0.007056517242353344,0.008351459205856226,0.009321581009919422,0.006092741934318191,-0.009540100765221715,0.004249456067408897,0.03788351332586615,0.019083327133988304,0.05155564005152802,-0.005748011597563107,0.0013159908560766986,-0.004688495328996067,0.003994042006040699,0.01188524546639158
2024-06-06,-0.007096504540139326,0.020520748266509736,-0.008364851525919592,-0.006506595013891392,0.009996413945041693,0.00752533226147456,0.0025434875645546917,-0.001774286778990164,0.0045224117379283335,-0.002625895658178501,0.001202847182293798,-0.011777231707791436,0.014573796715903864,0.01680001395089281,-0.0023850620532370748,0.007514154951056451,-1.9124777863921416e-05
2024-06-07,0.012391998741810406,-0.003783767287795614,0.003832272410798865,0.008109525343593216,0.0034890861650520577,-0.012844528161583657,-0.012292398163673779,0.015438481882348087,0.002473905758205497,-0.0016202715423653258,-0.0015781714248910284,-0.0009090070619799384,-0.00836935453099441,-0.0025851787543875737,-0.022374030778733123,-0.010704515946284632,-0.0012156127876774558
2024-06-10,-0.01914782970326545,0.014975553234585881,0.024050118358947437,-0.0027653426017875127,0.0032640651398614384,0.004303878743047829,0.016909735264184933,-0.0017004318172805233,-0.001200609001987707,0.019555332202452647,0.009484359961694055,0.007461410032599147,0.0017358121759583067,-0.020791089307163446,0.00878343121139058,0.002926833233032111,0.0030897844926982554
2024-06-11,0.07264919938302095,0.0009087895389929823,0.01427325567284865,-0.020418231030736145,0.0011433691010265257,0.009199395253459253,0.0095020290692156,-0.026301289287093854,-0.00046752944942241026,0.009689655793732266,0.011241702297197342,-0.007143976801426533,0.0007766698638833613,-0.018010183238054034,0.002464767715070648,-0.008047482027787711,0.0024084120171274925
2024-06-12,0.02857841452639609,-0.0018159287809064173,0.023599657046280198,0.014153140505697381,-0.0017661922750421555,0.006624439163712248,0.02508048456390588,-0.014560595203189863,-0.013450706310651706,0.0026996638486591618,0.019367658789254394,0.035480915005085434,-0.013732915002150459,0.03884911216309472,-0.006348027481322904,-0.011054593373278077,0.008213121742199014
2024-06-13,0.005491091819456395,-0.016373254687715777,0.12268738481729624,-0.003806106771063078,-0.0021820756742683134,-0.014792692161487486,0.010867779728265026,0.011121002519071554,0.004514613715246085,-0.00931533295225051,0.001179018301965984,0.03522350586111456,0.007446462687953348,0.029217711832219218,0.00857890948527773,-0.008023161128528189,0.00201346169948291
2024-06-14,-0.008168316086218264,-0.0009247574783878276,0.033383143081811006,-0.0005093393128547952,0.011478149669532867,0.009305752498755426,-0.0029896359831521613,0.0006195445423708978,-0.00083152387089791,0.0011119793671192646,0.002241976343973384,0.017514309546002416,0.002283456190374844,-0.024442410719736185,-0.0003619493868806112,-0.008451484539799825,0.00060838793748208
2024-06-17,0.01967140793885047,0.002177904217078641,0.0540795453263212,0.006880490809552553,0.014304422652049675,0.002545424411996011,0.007669292749053813,0.006192585655478311,0.007826719667645365,0.004899258052044164,0.013105338688577772,-0.0068244815978718565,0.004256997606103985,0.052974598199923895,-0.011696534591090879,-0.0068736598654531855,0.007959143210358066
2024-06-18,-0.01098448570082644,-0.006791263808433312,-0.014407843951527832,0.012148996630455544,0.003272237901803754,-0.012130594678820161,0.012503483598822918,0.010360135582432983,0.0044631321436867655,-0.01409306518674458,-0.004527547444026614,0.035119908748398876,0.0063283396014002236,-0.013764414198944475,-0.016720116989759504,0.009412931753685516,0.0025403946221722595
2024-06-20,-0.02151284596824654,0.017996874289478493,-0.03770289104000346,0.0,-0.009543480483422684,0.006910888341564059,-0.001215231931939842,0.00847719526684787,0.005332193821966591,0.0044244690538899345,-0.0014338855948875517,-0.03540342529530249,-0.005280131288226242,-0.017797215597047833,0.007213291535409727,0.02157618823222296,-0.0027166351101386432
2024-06-21,-0.010444442132493403,0.01601287280926522,-0.043774741512998205,-0.012503014128297352,-0.016383636907732146,0.018888265804126947,0.006677318776007413,-0.01192940432088796,0.005171071357370272,-0.013793083212922053,0.009154068772737167,-0.03219157823178165,0.0035188282406879434,0.00793075466503601,-0.003983250169083963,-0.00877030044237459,-0.0013405883086473613
2024-06-24,0.003132753077057071,-0.0185635417434159,-0.036996938944132474,0.013420977895560071,-0.0001768854454609059,-0.002282566127522312,-0.01382796590699753,0.013143275791883902,0.004638846086359338,0.008347191601114856,-0.004691125222367587,-0.06684050260859442,0.001129174959104251,-0.0023495584322592578,0.015313305536809318,0.02970390517127197,-0.00325056244808819
2024-06-25,0.004468122748529035,0.004149318226444709,-0.007172405339979315,-0.015991901095604666,0.00866580116009219,0.026838668349633332,-0.035795735669805095,-0.004072855952415244,-0.002866694978871931,0.023430991920453614,0.007326805497775313,0.0675641337987074,-0.009498250426279498,0.026125557150967316,-0.011184112781548405,0.0028057202099183165,0.0038506664663484624
2024-06-26,0.019993195769326233,0.03901472799901873,0.007091358448549023,-0.009649661948351929,0.0015546958228525032,-0.000815094536112948,0.010345229973789172,-0.003231226192996539,-0.007176600880651973,0.004935246697167495,0.0026833173634057683,0.00245862585357437,0.003596058982282546,0.04814512260377568,-0.0009494318785064904,0.00034967227098192666,0.0012481747070434146
2024-06-27,0.003986018283196113,0.0218997235669518,-0.0033541993016656946,0.006410199271758454,-0.007259302691352998,0.008320612841797637,-0.0009655336060852004,0.00881317210557886,-0.021287337139678342,0.01255051074046154,0.0015259253404957818,-0.01906649308806485,-0.004956796151699083,0.0053470646120412635,0.004958228378775464,0.0042827784668462154,0.0015764451725310824
2024-06-28,-0.016254177309504847,-0.023249966952787915,0.011892737424495925,0.01324851172518704,-0.0007405542447124214,-0.01758277254374163,0.00805308684370365,0.015514442088346847,-0.0035911787336149192,-0.02952469604369845,-0.013028562363253005,-0.0036292532735672234,-0.010202772287549622,0.002330091774560339,0.046912250411417,0.0019148513125302191,-0.003935080387388323
2024-07-01,0.029104511033273717,0.02043982896891161,0.021967984756042336,0.006034685185987154,-0.005082552758808534,0.004611658261293394,-0.023384927150750134,0.015771795237113917,-0.008047144798512318,0.0009122710769196019,0.021881600722047256,0.006151847049260972,-0.013339887332714406,0.060541719385108106,-0.028688734238608404,-0.0013899258343116339,0.0020583364338566668
2024-07-02,0.016240087336547804,0.014198798656638534,0.010165735154520794,0.022994164227442937,0.016188440987097596,0.012295738535254674,-0.0036288099564043552,0.016451733443415106,0.01608748929327075,0.009550579276710991,0.005583107395781273,-0.013113498816108793,0.007251646943858381,0.10197271435359379,0.00725772422762172,-0.006784978648001094,0.006729529859446748
2024-07-03,0.00581096748887866,-0.012050018310546862,0.043282639108684684,-0.0007327398835182963,0.0038400815338104355,0.003131062345271829,-0.003970578208132514,-0.0006704088074551695,0.00793892134252494,0.0009028773618067198,0.003244279374086112,0.045732433292933194,-0.0004269206594788022,0.06542422054051067,-0.016759033751234886,0.005079776634294708,0.004462703393916412
2024-07-05,0.02162035137552132,0.012196992290986808,-0.014983703551898375,-0.011980563132152122,0.026673262095851635,0.025723923610101007,0.002817241407427895,-0.013250457386393633,0.002922854095601224,0.058730188894378754,0.01473615868520306,-0.019098846283052695,0.00842345787037635,0.02082067005771515,-0.00383760553784962,-0.01211225119647319,0.005766317246512331
2024-07-08,0.006538838756969811,-0.0035500335693359197,0.024980831330989384,0.0051967456016088764,-0.005453380976726652,-0.008237376305409438,0.015004034867686089,0.0018555679324729901,-0.00723044275856688,-0.01961437420300305,-0.0028230910672429887,0.018834770646837473,0.00792917682855765,0.005645666924397386,0.002725370949502759,-0.010496689831136274,0.001153935021513286
2024-07-09,0.0037748600122362586,0.0002509059834530092,-0.007188451847521815,0.019694652316394556,0.0068228484437116155,-0.00026443036297474354,-0.007390981073000069,0.01199006409830261,-0.00197495130216907,0.0012847167261611503,-0.01437039782636751,0.02480531652385487,-0.00516464838913111,0.03712336538398886,0.005660589304077979,-0.0110536087304125,0.0009726293809735331
2024-07-10,0.018803656053349105,0.002257434315787954,0.006565481187139177,0.007725877507545942,-0.002864026748768067,0.01164150758185456,0.021032851090409865,0.0008187102975905081,-0.024870682678521328,0.008849086419924435,0.014601607643475178,0.02686861008800734,0.006881670023104469,0.003545241645880992,0.01792296541130578,0.008833616551249257,0.009895078223380871
2024-07-11,-0.02322094765420679,-0.023724863074531144,-0.022204536022069732,0.0016768628978609534,-0.04265460874675986,-0.02934394003544083,0.027921716363545457,-0.0016842899094097197,0.0064107502554469065,-0.04112678334425013,-0.024772063039553482,-0.05566675869685256,-0.007553911684576198,-0.08444127539962887,0.006847160653784767,0.01188350527637061,-0.008622602452155292
2024-07-12,0.013050940650754628,-0.0028710461411536325,-0.003095107505731054,-0.005261776946198449,-0.004358740022621044,-0.0026945996291015684,0.016902550694910534,-0.012099283590675358,0.008455191022782138,-0.026974804307025035,-0.002529251275925737,0.014442860797427182,0.0064637749426039726,0.029871787680814776,0.014216072155292858,0.00017652971122106287,0.006307676998422274
2024-07-15,0.01674327222480776,-0.009100746683474936,0.007955689159273804,0.007213207744125372,0.006916606651261592,0.00788898875569144,-0.003641391559723428,0.024934030934605333,0.008838766326878522,-0.005432369404562043,0.0009040538722755453,-0.006190225165778829,-0.012184358916162097,0.01776579679334911,0.0075069920236401355,0.01712724367665719,0.0027501770468092435
2024-07-16,0.0017918461953678744,0.0015566783408964557,-0.011900423775331181,0.05347341587413723,0.0024036978673560583,-0.013992461975009918,0.02973841711338121,0.016996031530120526,-0.0010585138305229114,-0.012838467090441341,-0.00978061809248143,-0.016194442896070194,0.014400342205418415,0.015516142251486675,0.06500172424689654,0.00720431607280525,0.005929978265895919
2024-07-17,-0.025295992645505083,-0.02637038381521739,-0.07911216405257127,-0.0033989283842119633,-0.005277696444556668,-0.015767671301685993,0.007504360489033024,0.015213911086106702,0.017202861708701667,-0.05675912610586564,-0.013347573271159763,-0.06623930371966558,0.014914640241618926,-0.031415644041518975,0.0444732064128579,0.013788298674449084,-0.014021167193897233
2024-07-18,-0.02053482830165987,-0.022242286163404512,0.029106308423975324,-0.022055567501808593,-0.008165118059656917,-0.018395765276119302,-0.015622942536479334,-0.031770235895935306,-0.005408239262559511,0.030000729536129755,-0.007102364544118944,0.02627339091175851,-0.005901756187766338,0.002937608561525362,-0.015594459435371633,0.009860674117379009,-0.007684862819965055
2024-07-19,0.0005800142070586656,-0.0033741230867346816,-0.01974828832568498,-0.002557485091593259,-0.0014773582172956656,-0.00016869718328427208,-0.007429972753079661,-0.0009523739840335832,-0.011209741094808767,0.001975405362190097,-0.007402712774646214,-0.026096147822870064,0.003147546956099534,-0.040243947162209914,0.001754249847198075,-0.022979896743285932,-0.006640624165367481
2024-07-22,-0.0015603501353654847,-0.003167158934036185,0.02357796787051658,-0.013986071940156553,0.011084248273302455,0.02257111781691834,-0.00030270752158978453,0.002383354126277215,0.009578720948024921,0.022252967782769195,0.01333759095512832,0.04757056779724467,0.001726506932337557,0.05146320115237035,-0.012028342914811807,-0.006892402545950471,0.010310034623385755
2024-07-23,0.004688434492966964,0.021144894800451786,0.016826004633147207,0.002600412143611841,0.005534437849305407,0.0006604281718218807,-0.009993243842255972,0.00023775381468493784,-0.0138856841712518,0.0026467121284021733,0.004312033431148166,-0.007689870594477566,-0.009687992810364365,-0.020396762498772203,-0.006857404031423542,-0.0161359126115872,-0.001568507401275232
2024-07-24,-0.02875438057123425,-0.029934025650088625,-0.07589908859997618,-0.0051874282247103,-0.024985000379051825,-0.05038766205522427,-0.02588830312733681,-0.008272671078887073,-0.020986210804881722,-0.05610929156529121,-0.03585475982907782,-0.06803166280664974,0.008282439918792406,-0.12334604589403697,0.009104042631969955,0.014108051460907323,-0.02266270575652518
2024-07-25,-0.004804571583463035,-0.005419431054668911,-0.01374374129630429,-0.012088120754242149,-0.017897930133211615,-0.03099125234498834,0.008506650739592114,0.00038368356515317004,-0.006590357192783003,-0.017039817260801504,-0.024481163567583786,-0.01724293083727646,-0.006547667609094199,0.01972310939623889,-0.00012504476737729142,0.02104153817679788,-0.0052103261236523535
2024-07-26,0.002161080490800771,0.014734466536293178,0.01587825213664873,-0.00023997793567798187,0.0034485696620571993,-0.001673714222660161,0.017606006156693832,0.017108203096239505,0.019972057776831198,0.027105713751374383,0.016419617747634563,0.006946890265278505,0.013241488726866146,-0.0020431189477511102,0.017938682579243137,-0.0008515039768569599,0.011199798871120326
2024-07-29,0.0012846189331516822,0.003835599716395466,-0.009298940919334031,-0.013918932831571862,-0.0024949773964996202,0.01514955623524461,0.006008202114085259,-0.006549093902403658,0.007120422020970185,2.1402218007393614e-05,0.0034331272726482176,-0.013001919506821835,0.004848800231927131,0.055959976710561854,-0.005212832059558581,-0.01048326744808159,0.0005877768667053029
2024-07-30,0.0025659416091308174,-0.008133134602594794,-0.044601313394818654,0.0046239934856269205,-0.006780647696712383,0.004482929540558178,0.005585191244365406,0.02058323222592784,0.01393610435510051,-0.005411023434136908,-0.008928307343028519,-0.07043634413141497,-0.04843147291089189,-0.04084450985365373,0.016903312598398612,0.01782955252710705,-0.005066355012665835
2024-07-31,0.01499079202358744,0.029002194810164417,0.11956518102690139,-0.023497968173668338,0.014777189345048791,0.007340420984627727,0.012290672673456848,-0.011106403173020807,0.03633922147411295,0.025129941761169672,-0.010805876575568196,0.12812088814639755,-0.005813395546574007,0.04244907202543402,-0.00029503748910963967,0.003554002332464945,0.016254345324341557
2024-08-01,-0.01675070299286463,-0.015563100170141508,-0.08501367792772185,-0.020094245830011515,-0.006216536703627873,-0.00454695809380834,-0.026021324841661864,-0.02274429585810933,-0.0028034890013477476,0.048248900878489875,-0.0029640415771339246,-0.06674058429188934,0.03066691727790727,-0.06554059651757449,-0.005883574399108804,-0.013829113063870246,-0.014160823774459486
2024-08-02,0.006869402003010894,-0.0878470841762542,-0.02176583003935917,-0.0486075774668171,0.00635341741734341,-0.02401024555131759,-0.008784645960488446,-0.042412124913805416,-0.0008434311336817935,-0.019287142453395356,-0.02066599843685124,-0.01776401850429077,0.0264952453196019,-0.042377581921705376,0.029784906402519074,-0.0005984785571188089,-0.01861849639663793
2024-08-05,-0.04816706683318961,-0.04097671157906757,-0.012098355313356568,-0.024747171974775384,-0.02463265607030607,-0.04446175698082466,-0.015249131870893828,-0.02129147978673729,-0.043331349253335816,-0.025422981826726088,-0.03265692023407152,-0.06357785004308714,-0.011876735599732458,-0.04232673647438423,-0.03368754574877275,-0.018052660924792185,-0.029123572531683073
2024-08-06,-0.009748133872972131,0.005651399696776416,0.012950312096035255,0.0073668320638866636,0.018769588048096697,-0.0060283125777707,0.011142481211230182,0.02791168402697619,0.014253285935719617,0.03859326438030597,0.011286948441826095,0.037829804820452395,0.00017848172235601645,0.008849529684359148,-0.002824840959000152,-0.005315055267889668,0.009219460937309965
2024-08-07,0.01249825233223767,0.0051874985158653075,-0.05315438671372252,0.0102925183490028,-0.008055130405706934,0.004106534938822959,-0.03252241811161383,0.00029947579606415253,0.003435212130930454,-0.010463674976274095,-0.0029528403510109547,-0.05122294615551881,0.011481899662622919,-0.044258397676563366,-0.003993870080060247,0.013314736214520728,-0.006683824760812862
2024-08-08,0.01663325523502701,0.018615215947435537,0.06949445250559605,0.024396841161906435,0.035949697308763406,0.019441073015521004,0.017348133614960792,0.018263493126674746,0.012760126282658657,0.042358693175200024,0.010691898917124076,0.06126769899587825,0.0049993648173292105,0.036921162045623124,0.00028246151072397474,0.01910438306413398,0.023117259811273883
2024-08-09,0.013735943013186036,0.00687575011257735,0.01729082708428975,0.0018318820466047825,0.018464948514572033,0.010121727618933152,0.0008613698550519189,0.008526935725578166,0.0026340013175065735,0.015972278386924055,0.00826934838773119,-0.0020958003935360736,-0.001931288824349675,0.005833854775063374,-0.013209969522130605,0.008143127797595628,0.0044096889243268045
2024-08-12,0.007129915572734458,-0.000838620987187122,0.0024281934117742487,-0.0028735996928882512,0.010106014161713972,-0.008431647826306787,-0.008117401164956184,0.0018950625762201856,-0.002386274179983161,-0.0035149701336522066,0.0019456651774651945,0.04076372359555047,-0.02187169578181536,-0.012549972534179665,0.011686749867855895,0.0012621645923229785,0.0005251929973488778
2024-08-13,0.017193106533082814,0.020563504874259175,0.05073358220310187,0.007597667628225224,0.0014475756096457015,0.011522498546109095,0.012318926688641652,0.008487206804546288,0.008053667375417017,0.024401517082393465,0.017698790801984332,0.06530909122477935,0.002877485039542771,0.05235706137163754,0.01583248400296222,-0.009579845522491581,0.016445855256847608
2024-08-14,0.002033564916830377,-0.0007636117446156998,0.009797575684960425,0.00910038578034933,-0.00243980338360128,-0.023087257714383802,0.015968237748434033,0.011060955280220774,0.0017416180408371673,-0.0033676832381748234,0.006883870382012214,0.01670405119179308,0.00902637481293933,-0.0310349655555765,0.009455923191428184,0.009248273894483239,0.00315461391953753
2024-08-15,0.013530670403128386,0.04403286281963403,0.05352280318307612,0.005668713702170258,0.016969638619148242,0.005799296075403859,0.012399530157896521,0.006231020911029006,0.018580425937538614,0.02006595110954823,0.01182370095453833,0.040481020449361305,-0.005213383331788779,0.06336276788880446,-0.00010346695822904817,0.006186441783293972,0.017140311879359382
2024-08-16,0.005918539170478576,-0.002984395462729106,-0.0024679553189234094,0.007942597591958034,-0.0077049728003970586,0.010291204255403752,0.005526722860770272,0.011439269058260093,0.0003627381140975938,-0.018442990191210318,-0.00608022110746298,0.013999525490356213,-0.00017853673245504798,0.009246267550119258,-0.0033298721213889104,-0.004716533160067815,0.0022420534476683684
2024-08-19,-0.0007078706006025115,0.006551472258579993,0.01200822998497486,0.008388313357166055,0.0020215409452897237,0.022766399326487052,0.002789543950148632,0.006916851682167158,-0.004052187555960818,0.003526597464338588,0.007312353052892906,0.04350641179044534,0.0031568078275172606,0.030538618603692225,0.001904155749034464,0.003046358116425729,0.009561341222614317
2024-08-20,0.0027446359566873912,0.003703308593809629,-0.010494377807390598,-0.024703766214276945,0.004413459046503032,0.003059866128783728,0.011568011513642729,-0.00431643892333522,0.004582614509585525,-0.004817907434758295,0.00775751111303391,-0.02115397351537729,0.011815696204426018,-0.007273684933137958,0.003231021463439454,-0.033324809280197876,-0.001626127499857244
2024-08-21,-0.00048558810016496867,0.006876093995775934,-0.0010245223632315836,0.0015507336375035763,0.005957500633317903,-0.007955357334770152,0.008685750609284115,0.0003728580939512671,-0.002387445555765755,0.016004536726407226,-0.0015536994376922353,0.00982318860330178,-0.0014670525187051586,0.009814554993405888,-0.004443305914212492,-0.006371234493931066,0.003436537356839686
2024-08-22,-0.00825975372355503,-0.022097583221652117,-0.020750266927421546,0.012645293804977475,-0.004379265131012722,-0.012360718995031439,-0.013766807596695574,0.009459555811145437,0.0017520850830379242,-0.006035667999062966,-0.02025283672186695,-0.03704281405545151,-5.869795347823725e-05,-0.056478704568676985,0.0011243940320473378,0.00772952639297686,-0.007848486746525829
2024-08-23,0.01028823135323842,0.005166572293719973,0.024762937178495426,0.01350658486910139,0.0018803127287909671,0.011111212154138794,0.02799986423720524,0.007755129511480607,-0.005076552103410403,-0.007388206589356905,0.002983982166974153,0.04549852546677102,-0.005759681286586549,0.04585589810206048,0.010004870494275675,0.013858545761482821,0.010625422082696234
2024-08-26,0.0014987496777545406,-0.00869856159361615,-0.04051464643986591,0.0037716534087817166,0.015127119102995357,0.0032604419399053786,-0.003940472378286652,0.0039393214092309226,0.004716669087025727,-0.013030185878995293,-0.007917573921783272,-0.022493487724259964,0.0069752734555466045,-0.0322712435275504,0.004482298123591466,0.021406511679180174,-0.0023838106519552538
2024-08-27,0.003741537148065799,-0.013561281383547064,0.011088851316995774,-0.006262568108124755,0.018363988394010988,-0.008907132535843854,-0.0024859301292888825,0.004608122533055425,0.013549687455651105,-0.0038761911610882827,0.00084644786165744,0.014550097372846515,-0.006457341309200393,-0.018760845523390857,0.00037470159074337595,-0.009510882423593658,0.0013730160726774798
2024-08-28,-0.0067533889585027485,-0.013401063602498708,-0.019889723972113638,0.007058247369861714,-0.022939873836540725,-0.011112356520451505,-0.0013129030874414749,0.005041397288152005,-0.006715817081156983,-0.004469418172167949,-0.00782923627468235,-0.020966493397957753,-0.0011226537109890744,-0.01653843794670573,0.0020259773023609817,-0.009857269293948145,-0.00580537629529454
2024-08-29,0.014570147518526255,0.007728290643119529,-0.007902489129854695,0.005506854372966163,-0.00159902318044014,-0.006570412764726807,-0.009124313422916197,0.004157609429128906,0.019075885464172382,0.002786314065877482,0.0061374409254055795,-0.06384849501829348,0.0057376439652698785,0.002575935743848623,0.005148581707414612,0.013817358820101378,8.972368777704354e-05
2024-08-30,-0.0034379420213555,0.037067191865004956,0.03753294051461231,0.014438783076421435,0.006485189365464716,0.009889905860322123,0.0039230672103125475,0.011655629681059265,0.005282838487113084,0.005962757002532015,0.009730938647879439,0.015137384638691964,0.008880730367987644,0.03795812428442069,-0.002316000831958376,-0.0016083802646759127,0.009546033305428026
2024-09-03,-0.027205085262059447,-0.012605042016806678,-0.061601875158149855,-0.0012269828030464502,-0.015475484413504326,-0.036846751448937676,-0.010203615814947442,-0.020017830821434046,-0.002524115521523651,-0.018319106121746365,-0.018459057226799302,-0.0952501222715415,0.01737211963939722,-0.016393416920415627,0.014368051053004427,-0.02094282999100394,-0.020579066434597282
2024-09-04,-0.008618896369079754,-0.016567365497562103,0.008704753659799946,-0.004914057617420253,0.013032659441645222,-0.005782775804601403,-0.0001918105267169068,-0.004403161474778039,0.0021157007639638348,0.0019148755882187896,-0.0013188702495748883,-0.01657403938551716,0.00790742721510096,0.04183284569452206,0.009186816276723242,-0.012211039513969957,-0.002046930695922655
2024-09-05,0.006927784195030373,0.026308183871355473,-0.008434870321318177,-0.008888965186414466,-0.004539335639838438,0.005049422363671008,-0.007733042334712059,-0.007750797659693109,-0.011963468634921037,0.00803519307143885,-0.001247236263507312,0.009415386813313109,-0.00244469302963346,0.04904058305110959,-0.014383035413378487,-0.007802897196215963,-0.002432183743636296
2024-09-06,-0.0070150191128633965,-0.03653943460735232,-0.10352060315320011,-0.028084278028132736,-0.010496845655547538,-0.04019340697804674,-0.004974418838662675,-0.02375588411529117,-0.0025976489239525336,-0.03209752584946235,-0.01638140498052698,-0.04085441362222908,0.0006840475865124152,-0.0844593239607937,0.0023341868284703082,-0.0046832402388161665,-0.0168301197560371
2024-09-09,0.000407625218283858,0.023396899008788496,0.027883281212532474,0.018317877648327263,0.02259670479350362,-0.013335860860639315,0.01519225851885686,0.020474406530653244,0.023040484386069426,0.009035232613347377,0.010007426910876749,0.035398157176229184,0.002676539981713244,0.026289605928169646,-0.004657607726771373,0.021040541211183594,0.011196301836637002
2024-09-10,-0.003621496171023364,0.023660258265018275,0.05247823063205703,-0.004813723038402884,-0.0024540762706428687,-0.0003361959836954975,0.014636643946267958,-0.05188877651286261,0.0019093032980028735,0.0,0.020901203834266413,0.015309480463665981,0.009826169862552803,0.04577608406578748,0.008298365332103153,-0.036431569788375806,0.004355637692474268
2024-09-11,0.011585218732412583,0.02768031821904482,0.06787669650984274,-0.007128315575492428,0.006832274882021316,0.016816793582068,-0.0010246763358944255,0.008124108352357995,0.0003277919799977713,0.013946195415994955,0.021342305977211096,0.08149859410070914,-0.021767192911039346,0.008666077418469476,-0.015491826933594077,-0.009926114871880776,0.010258979551575731
2024-09-12,0.0004941221516820971,0.013440254011034547,0.039742265337406435,-0.00564098729655782,0.016248456274179368,0.023352864988893662,0.010634601554224021,-0.003039985293322167,0.008050274933962598,0.026903518595823517,0.009360761897993397,0.019161757492669462,-0.0025873828220570605,0.007364189890953776,-0.002255313880360932,0.013762375050285103,0.008423324342266225
2024-09-13,-0.0012121022593580832,-0.0027272433520638684,0.01902034341507597,-0.0033523401153685572,0.001059940021104877,0.017906828378684514,0.014849308424035756,-0.011035868736038124,0.002540149449945517,-0.0018643368213406841,0.008407536433042706,-0.00033579805174355215,0.0035165222783459793,0.0020886633855721204,0.010026990679013359,-0.0007192226888949049,0.0052227427586593045
2024-09-16,-0.0277752892986316,-0.008579580976924128,-0.02188563151075762,0.011642981863342117,-0.008875504308309079,0.0038103586394637734,0.005315932356430242,0.01732573500519874,0.008817071097532825,0.017476664829946698,0.0017417029986466215,-0.019479497102624754,0.018152588751157994,-0.015241628421408637,-0.005200803685402544,0.014035080167250635,0.0014769710945610193
2024-09-17,0.0021725978156694747,0.010763186217390919,-0.00945007268414999,0.011508982983203131,-0.011675639199950849,0.007971845058947435,0.003219873514669791,0.006687246406521519,0.006590174136380744,0.005700711060634189,0.008832990456999479,-0.010190017911494986,-0.007673280791519077,0.004806404196833203,-0.01897675736961446,0.013042251492254131,0.0004084500463605867
2024-09-18,0.017989831142146695,-0.0024080275860086653,-0.004924028900677779,0.0017698633796461305,-0.005293953442322752,0.003075499024985051,0.0020091310114556116,-0.008219918058548714,-0.012435384268826954,0.003039285515972434,-0.00997359252639618,-0.019205864529660666,-0.011143984220907344,-0.0029402649901351108,0.004654374411346529,0.0035033427443502685,-0.0029658209827364557
2024-09-19,0.03706554450161237,0.01845197970580159,0.03897228665070562,0.03154974341458505,0.009209975829844952,0.014579711468960976,0.016483960080708515,0.014214865344762462,-0.0035369628112328355,0.03931581172178511,0.018291199674174807,0.03969310402977677,-0.0136844869442877,0.07359155565707187,-0.0061655856592804925,0.012393023705279393,0.017064400195903495
2024-09-20,-0.002927467278191598,0.009111555436973395,0.021980834913211122,-0.014680639081949942,0.0069275357079889854,0.008942972083255007,-0.0012297249640289554,0.0028980785640058127,-0.0005477099912376548,0.0040242696845949055,-0.007796029330063181,-0.01586488828663346,0.015623326813396732,-0.02324531900421767,-0.0035870567010174437,-0.006293173449440581,-0.0017286083761041127
2024-09-23,-0.0075810177480352126,0.011899784481557152,0.010753944565670137,-0.009932946737488457,0.01113592957192755,-0.010636370070830736,0.005386529699589193,0.0016580390459468575,0.008929708624018096,0.005451236117839597,-0.004043467469920237,0.002241375635002596,-0.0025831080144439467,0.04931794333683115,-0.00276529403139536,0.018131427355439156,0.0024988883773886528
2024-09-24,0.003974083121234928,0.0004126358007008335,0.010986331982507425,-0.010534244785911584,-0.016945047986931083,0.002718522442781479,0.022196143507305033,0.0007094225220594108,-0.019571992980094377,-0.0019135154008405042,-0.010011252702325502,0.03965249620648037,-0.0030498073245238677,0.017080017089843746,0.0031043643388404263,-0.002641416768056626,0.002861370368871796
2024-09-25,-0.004398236710047909,-0.007372694808574054,0.00388932620655158,-0.0050696557851162005,0.0076313197644073405,-0.0049294018446228716,-0.009309571870034561,-0.006616484129255085,0.004185413760216861,0.00884025762166285,0.006850402037011483,0.021841607602330004,-0.005657130203840954,0.010815214909361437,0.0019471157256880645,-0.019478918027434955,-0.0022056278051612033
2024-09-26,0.005080272590998636,-0.007115748848874004,0.01464210565849422,0.006878979006484709,-0.007683690768507057,0.007678498864155836,-0.0005793844187100827,-0.0019505800350168023,0.003718375722159273,-0.0008270040210509588,-0.0018514906595675784,0.004291127054844246,0.005515002438186478,-0.01089404681602335,-0.0026028010557607173,-0.017164719608635526,0.00396481933425763
2024-09-27,0.0011866621200995464,-0.016687603998192135,-0.030321757127222737,-0.0030363260752421795,-0.017549615525847884,0.007497096384211366,0.007133635040469821,0.00343214353453547,0.00482435756299493,-0.0008452782528024505,-0.007627889982062097,-0.021283418873466742,0.0019630440562095064,0.024545630573566513,0.012247417492116774,0.026773044731836837,-0.0014504185719401708
2024-09-30,0.022871896939143932,-0.008724793206352333,-0.0011002059969674738,0.007106404410393452,0.001016265661416993,0.011588931775520672,0.014191791085300887,0.0017102021081594199,0.0003240601089478101,0.00895372665850025,0.00532701309788286,0.0003294839267040661,-0.002016749450493238,0.004492104223754234,0.00486386150898821,0.01208766134691408,0.0040072655540939195
2024-10-01,-0.02914149559779322,-0.006440170323887107,-0.029159335515823614,-0.011592681113634873,-0.01031006421822278,0.006873552270825423,0.009501537120627068,-0.01811631512224765,0.005224795606409094,0.007039940739725692,-0.02233324854950569,-0.03656123532430222,-0.0009239564217836671,-0.013798172234708361,-0.0023603533647517105,0.023118946878968094,-0.00895843905001259
2024-10-02,0.00251968313788975,-0.0019986515757441925,0.019048189705714202,0.0002548792310752557,0.0013107262063176695,-0.006766842234272041,0.005402714586391522,0.0012074479837980157,-0.0016317888188505103,-0.006348905343187217,-0.008462322568485448,0.015811952570665477,-0.0064723107080594255,-0.03488095932262847,0.015446669105467103,0.013257791227206495,0.00042191288239945557
2024-10-03,-0.004894554315228561,-0.015154729791167831,0.007207229862987274,0.0005099287030232436,-0.0032554982949437594,0.0,0.0007780886802433162,-0.009937672019840416,-0.00121081833061365,0.017387903436480556,-0.0014144115935521562,0.0336558340544193,-0.01047011319576252,-0.03357160254966751,0.0007427682638267985,0.008722815722946642,-0.0018280990057641944
2024-10-04,0.005007295634022579,0.02500542770436165,0.027633969977547634,0.02191085905542578,0.008496403109370387,0.007235043251498485,-0.007823501644007136,0.03549362829009706,0.005515517188708019,0.022599111837145358,-0.0011523300962043015,0.016849806882573315,-0.007288870565386851,0.03914235030998814,-0.002614704983052829,0.018355357902253733,0.009087290320370034
2024-10-07,-0.022530811449934074,-0.03061493551686767,-0.008831448412949805,-0.003739823365265682,-0.010780077309627711,-0.02442237613611664,-0.0007346432533554825,-0.0013730162471375928,-0.01285919618306508,-0.01872663643294914,-0.01567087461412342,0.022414347489346342,-0.01042164090796771,-0.03698816351676526,-0.012922925319850287,0.004325900657026871,-0.00904038305219601
2024-10-08,0.01840397503545277,0.010619458719785868,0.032270889916869105,-0.0007507724293263074,0.01926537857149646,0.008590025847802663,0.014997786590320361,-0.0008533683190705688,0.01172404452856135,0.013868376948581895,0.012623914764468447,0.04047909787905857,0.006223174367565365,0.015238957526229946,-0.00339300460131875,-0.026561410831375754,0.009457535807176232
2024-10-09,0.016698410148072496,0.013408477078997505,0.028882922977875536,0.006511386522532803,0.020978769120524765,-0.015330321032883676,0.004563270097853511,0.012669132793405646,0.007151561183772248,-0.004014336724933343,0.0066311073383991115,-0.0018060906052390635,0.006600739527906185,-0.014110416966225725,0.016575569059599893,0.0004096320042237256,0.006926622939449567
2024-10-10,-0.00217829532764513,0.007992632403596822,-0.00139817212303317,-0.005473961427780671,-0.0170167523195478,0.001359177251020638,-0.01468502344348488,-0.0027176523945684483,-0.0038605113030292237,-0.0113122397327724,-0.003880672654846151,0.016283535816011607,-0.0018904443214261546,-0.009458613360014412,0.010960420650115932,0.00860031734297717,-0.0017501256071009719
2024-10-11,-0.006505269871556085,0.011626110360002828,-0.022672358083369426,0.049537208237734554,-0.005147566294096739,0.007156912355973155,0.004732039273694033,0.044399420916906074,0.008513800042549313,0.010482679113999804,0.0011544181718339264,-7.404989400339179e-05,0.012666431187928096,-0.08782510719719305,0.0005854529130535635,0.003816752862758843,0.00598808963808839
2024-10-14,0.016479851320969408,-0.006779016992029097,0.00457361785123922,-0.0009535435669864034,0.0008211580283832287,0.01053676184184349,0.00854583021974542,-0.0036438384971260174,0.008760430495264204,0.0007965646242005242,0.006773646367653763,0.024258231781782547,0.008299747055503293,0.00624426350457119,0.01228994181227594,0.003802305162423192,0.008178626400423106
2024-10-15,0.011024606923183189,0.0007998782160802964,-0.0347211490267485,0.0054880150135414585,0.005450838263857172,0.0030310560761643845,0.0003851863199741956,0.004108761091252466,0.0011249505676003135,-0.007028973368861213,-0.0009544653094449851,-0.04686030858135559,0.006144713360253906,0.0018707960177875016,-0.08111982729898426,-0.03006124950585798,-0.007769884595343557
2024-10-16,-0.008851873299070001,-0.004262363692000948,0.004773405569987954,0.015661970708104267,-0.00808166322777304,-0.0018132491482001356,0.007290905408289694,0.0056207710830238344,0.013485024351381103,-0.01617009854992968,-0.0062568488192664695,0.031307000823282305,-0.006856085112500909,0.008015641700267029,0.027054321819968363,0.002575925394373124,0.004346414969082613
2024-10-17,0.0015963668536167486,0.0034244710350397334,0.026637186592316953,-0.0046727570752284064,-0.0023553447515503034,-0.013502013165688553,-0.007190435987032506,0.0034877204829411035,-0.0006030874423056387,0.00024286006288432027,0.0014419776658172179,0.008915366605102282,-0.000580242597885694,-0.001987992760882462,-0.009293981953298669,-0.0025693070510942606,8.586898669693532e-05
2024-10-18,0.012276591034842577,0.007785456851548744,-0.009034328953258841,-0.00657286675496449,0.004823336663625,0.0030074504310968475,-0.0014436151069883163,0.004233095477451876,0.00502189116798335,-0.0007974412205736803,0.0034554971499873854,0.007814153808149982,4.087557493281935e-05,-0.0008601676940163117,0.006324725978634982,-0.0028251294124881365,0.0038465364627249254
2024-10-21,0.006297776590833637,0.0004233124965837831,0.0005559335392524289,-0.013232524871728879,-0.003136331848813567,0.003977608648729758,-0.020722917746814007,-0.010515936242171509,-0.002575912866688901,-0.0022724165956780062,0.001482678583688779,0.0413768716114995,-0.010158765399609138,-0.008382378207102636,0.0032653744991533173,0.0005833449340058028,-0.0016421837079351187
2024-10-22,-0.002621726418916004,0.003332044214411578,-0.0033890701992889127,0.012931031647043012,0.00757802228742066,0.00652141908726489,-0.01119573574182775,0.005022300840830329,-0.003863954935325653,0.011909789534198412,0.020846372859553153,-0.0008350544426394269,0.0009437434318562143,-0.004021041161846095,-0.002817418804081706,0.005163235378691455,-0.0005311320001563091
2024-10-23,-0.02162299136382817,-0.026304640562205495,-0.032723874659331575,0.0009456537643506291,0.0063570812886801775,-0.014290791473630327,-0.0054996718756810115,-0.003167878070934993,0.001383939375175114,-0.03147720534477938,-0.00680689194567019,-0.028066056113190352,-0.000707140214958768,-0.019819274670942355,-0.009160036072138111,-0.0035625794838154423,-0.009137393474173527
2024-10-24,-0.0008234225171580567,0.009041189476714617,-0.012448835344567089,0.007321707305791403,-0.006394813802248489,-0.00036875237241840164,0.007606808220029571,0.007027398750721892,-0.00605374549737514,0.007255861885663073,0.00030615608054640475,0.006090621829225151,0.00023578784819799914,0.21919035070290427,-0.006783136319704064,-0.005653950863345858,0.00216283965753461
2024-10-25,0.003643268242678799,0.007779788122410869,0.00962935553799893,-0.0178195138690338,-0.0024624403918890314,0.01567134814384752,-0.009362195091098258,-0.011867739879620198,-0.006384429910994638,0.009633930914918043,0.008052051491876488,0.008047823837125767,-0.008253676356866357,0.03343823359841336,0.006686847546816255,-0.0008361813398598539,-0.0003456112875298567
2024-10-28,0.008599403758935198,0.002981406341556969,-0.00566455901785512,0.017426534188604403,-0.00029172779370378876,0.008773323365995678,0.009977209228488881,0.014349402451090176,0.0016754186293121975,0.008565206116306179,-0.003643555489108219,-0.00720635321192431,0.006420254927637314,-0.024815158866218545,0.0012043888190995666,-0.004937665369945887,0.003091567186586097
2024-10-29,0.001156832527322127,0.012951868195294036,0.041971642395148834,-0.0021116536280273435,-0.004455801305738749,0.017754265032409844,-0.019409844090027772,-0.01152998018036333,-0.0037977056499703954,0.026152107653203638,0.01256490000771926,0.00519489153067787,-0.012581254920948859,-0.01139012091242797,-0.005502137214905667,-0.01362501693469309,0.0016183584206801438
2024-10-30,-0.015277945140216187,0.009956473710913016,-0.014505656884058915,-0.005172784035482159,-0.008906537287964866,0.028170695708619853,-0.006454568983877529,0.006774343979220276,0.014636183912589251,-0.0024948522692155306,0.001342706606411781,-0.01352213379359879,-0.006041792248465239,-0.007590942139718337,0.0014766198873068515,-0.005030642409486363,-0.003025192542508992
2024-10-31,-0.01820946779757926,-0.03284388507953562,-0.03889258046988664,-0.011581149538179791,-0.0055853455716802225,-0.019202130423007002,0.0031336591877479947,-0.011095776110315314,-0.027448499483223254,-0.04092575716927105,-0.060527584045039884,-0.04722259345840463,-0.005897918837352578,-0.029897037679701755,0.002735558446007369,0.0007714027707901305,-0.019603186811778084
2024-11-01,-0.013279576633726808,0.06185621865256041,-0.0050067546038244926,-0.001434761566146192,0.004913942061417043,0.0010519541861717663,-0.0029461115448156106,0.004596322703111166,0.016993871860271348,-0.0007401866164197246,0.009892832949546904,0.01988552909136465,-0.0004842321606387534,-0.003482130697311625,0.005420826342386942,-0.015670595594074688,0.004220505791672879
2024-11-04,-0.004037619928580649,-0.01086239567545566,-0.002190390412620813,-0.010296950012222528,0.009985082414571744,-0.011967964736893433,0.007590674622959037,-0.01417423897886716,-0.00492036380608174,-0.01142520916631351,-0.004654227169943459,0.004800611282045342,-0.00012114040457478215,-0.024660613282231236,-0.017249490113133592,0.031840006482188876,-0.0021537911009257282
2024-11-05,0.006486146430856987,0.0190009257528736,0.0317412165945925,0.01330762408148467,0.004627195244983229,0.002954492978774814,0.011426422977165451,0.007780478806112656,-3.952112297778143e-05,0.02095656521774769,0.007344569495994158,0.02837188006311142,0.004119083016372649,0.03541429020427711,0.016602093714612964,0.0029508155720769924,0.012091721844619041
2024-11-06,-0.0032669132617464403,0.038045094425516846,0.03249004435718472,0.08428833788769774,0.010200266926995383,0.039884441633538215,-0.02929338019402339,0.11544540041375595,0.03079752103520539,-0.0006637995152047882,0.021192830591739265,0.04074054961579221,-0.02841455281961025,0.14751032444224466,0.05230756013232085,0.017148571526633072,0.0248654387602123
2024-11-07,0.021372158348508474,0.01429333510169939,0.023725911183652526,-0.01409378664067329,0.016324812391219634,0.024021323016469642,0.028503816215418087,-0.043228368188149124,-0.006236469920552823,0.03435036781738465,0.012494638143311976,0.02245731427796893,0.01465384706274886,0.02904379065700735,0.014680981480199362,0.0012398538985110008,0.0077320735914521155
2024-11-08,-0.0011882199008856897,-0.008902691496347037,-0.0009248813578454085,0.008041155539806999,0.032682984136787496,-0.013277970064771383,0.01617262046594936,0.002538189685727943,0.013284933966488888,-0.003988648894507896,-0.006793035749946275,-0.008396129412330366,0.026314263530421655,0.08187665372925301,0.017111169983052177,-0.00033036309332801217,0.004331804061520117
2024-11-11,-0.012028568491752822,-0.006436720074140534,-0.025756806424006684,0.021050296322405293,-0.011570278234687037,0.01121388684904323,0.0058882088561493795,0.009747733642558432,0.010214244470876377,-0.010469411561280562,-0.01072090031708961,-0.0160538383468255,-0.010017339157068705,0.08959591143118995,0.015329518589992652,-0.005284395782913065,0.0009529240006855844
2024-11-12,0.0,0.010007771034946433,-0.015035560035285167,-0.004774357827366127,-0.0005358776252282205,0.007041852897375911,-0.012760540406914767,0.0011283441308946873,-0.0017921763287516157,0.0028292689692681616,0.012009237807212303,0.020859141581373475,-0.0011443404718067818,-0.06145717075892854,-0.016921423796462554,-0.0009960879321643246,-0.003106368733698628
2024-11-13,0.003969177879460384,0.024843245179395845,-0.014981323281306524,0.000217975657416547,0.0014478032766864768,-0.01508641399444477,0.017639137883450173,0.006678918679137169,-0.01377617166365519,-0.008241728304822171,0.0051296704522607595,-0.013621711980590812,0.004462100524755819,0.005327407385385952,-0.01431639797163764,0.00930622290461236,0.0004858996711121222
2024-11-14,0.013770440726684319,-0.012237320417028852,-0.018435239241611612,0.0006542122765680336,-0.010538334843086972,-0.018448164215659202,-0.010897281014937255,0.0029441050992409235,-0.00283592475612926,-0.004896666889940393,0.0039747028535792595,0.0033497970816067646,0.0030015091223820622,-0.05771559508909463,-0.020994664166608668,0.0006639749661612182,-0.006430349072980013
2024-11-15,-0.014109272936257633,-0.041942478231440816,-0.03251568868523658,0.01851845201327329,-0.018205674333929833,-0.017598962336664137,0.00606317951630353,0.014222428659641073,0.0028630994467018223,-0.03998878421245189,-0.027852687514071106,-0.03257020188730464,0.014723506682238652,0.030657525449785616,-0.0015510633224379289,-0.010368364590435108,-0.012808494734805276
2024-11-18,0.013422317237938408,-0.004491405455644082,0.00503521437731469,-0.0006417297083831652,0.013714492033704895,0.01629091321633891,0.005536789150678789,-0.0011413062671993268,-0.0004981299249876558,0.000577513235968663,0.0018313304023040988,-0.012889159570676711,0.007137013513933033,0.056186046847983784,-0.004356402184423458,0.008381674657721438,0.0040973288821755105
2024-11-19,0.001140207625073053,0.014427385751800914,-0.0019315346988075799,-0.0066352971497691815,0.011571392282949455,0.01608672624622698,-0.008868565884753266,-0.007917384083682255,-0.004160016230535746,0.012067061187149175,0.004882696659848973,0.04894766506293746,5.8520116152260826e-05,0.021432396454288627,-0.02145347323772262,-0.01396403091997378,0.0036555348431992485
2024-11-20,0.0031539897402841355,-0.00845508881471324,-0.01270027407338592,-0.007541441904884483,-0.0022254590029806565,-0.012014459264524713,-0.016715797206322436,-0.009502725869777184,-0.013321574391946922,0.007895384921174475,-0.005505301065138246,-0.007618509484174751,0.0007613590254016422,-0.011473991967350106,0.04072787362471586,0.014246061066224724,0.0003388209806600706
2024-11-21,-0.002096026598888745,-0.022180598835253806,0.004226540050140892,0.008684234071107522,0.029706554536674812,-0.0474484223409376,0.026124997926718407,0.016529666352826045,0.0049946805089609025,-0.004296932140415266,-0.004316700695480846,0.005346537802630502,0.010884164333202273,-0.006987644766217049,-0.005012526874104473,0.013380972061177276,0.005368199787983308
2024-11-22,0.0059074947256188,-0.006351495788949668,0.001769042990682701,0.011622899311401369,0.008747958088588526,-0.017121214782676142,0.02326715171339977,0.015484590466504189,0.011182328695848343,-0.007014824054270341,0.01000316086808084,-0.032181290733826806,0.020434124163231537,0.038040225983177356,-0.011079604198082516,-0.0011482354369807268,0.0030995004562939243
2024-11-25,0.013050869337808635,0.021966324768223133,0.0035925632117879136,0.010638438232708936,-0.003236434827607937,0.017540649154066168,0.020642865313793557,0.007000557509384331,0.01102024638954835,0.010677064126276559,0.00429255077116264,-0.04177512506117165,0.006296845073871404,-0.039624464821427674,0.02531863980999649,-0.014943700620211775,0.003391965367223193
2024-11-26,0.009404412856080846,0.03181932866326265,-0.00048537391916025907,0.005263061352173137,0.011041727231857035,0.008768338151423194,0.001982882355288318,-0.0012785307622769082,0.0035700771904170203,0.014917342561481028,0.02196804811714448,0.006616762922426966,0.010823584837692968,-0.001063189566898104,0.0015845040867998872,-0.016670861896165512,0.005221569865871967
2024-11-27,-0.0005530293599838032,-0.010199148999145757,-0.03077586117224962,0.00041877805741075136,-0.01024185968436242,0.0006505512410666103,-0.0001871858990234454,-0.000720152655158568,0.007379704760701156,-0.007566943275436722,-0.011682570758886235,-0.011539759008744377,0.00027889429635385987,-0.015788061864523528,0.0026204192194838605,-0.002627796500714208,-0.0030301626777003987
2024-11-29,0.010215858861834626,0.010450052683389277,0.015093723018435146,-0.005442657420105634,0.010743125351138083,-0.0016545919275887666,0.004541261094506588,-0.0002801468341193658,0.0010519233662931171,0.008995081798671922,0.0011111968729209387,0.021501578112479436,-0.0005576330720247213,0.03685898787510977,0.0029915518147485276,0.0025496835028639975,0.006212115192164802
2024-12-02,0.009522507995701979,0.01356490130596999,0.027332119228637097,-0.009892526343433072,0.0032102270718628034,0.015034012203708924,-0.005056822377018433,-0.013895520313123577,-0.0029647050476121484,0.032229539120748774,0.017758471974710588,0.00274851607844373,0.0024545700531444226,0.034563659025395044,-0.0027532040294865334,-0.0009324862395083677,0.0017925188252010393
2024-12-03,0.012771867115465074,0.012956175029913197,0.009849176345696042,-0.004677004981374133,0.007333365384058821,-0.0008747008279028634,0.005597823638372912,-0.005807123689380744,-0.009748535969387517,0.035119517184807325,0.0005104523609420486,0.011758015314664139,-0.023817461228447745,-0.01587830229999254,-0.005406684096778469,-0.0015273839854614835,0.0004637510976623904
2024-12-04,0.0014835719328354369,0.02211394849472459,0.014332529747045575,-0.009611302906300634,0.00892934001681911,0.01768404937628043,-0.0033305851646828755,-0.005800309943043924,-0.009578396779629683,0.00021189573890856295,0.014424899761829701,0.034792614115262355,-0.0017671676096828737,0.018524782309774723,0.009186705763092329,-0.028809331953506434,0.006209516895420153
2024-12-05,0.00012343733817377078,0.010955259211262725,-0.0005276917802093939,0.013586339431227223,-0.008739359375343425,-0.00992137134011728,-0.003224910695483585,0.008545729295934779,0.006965360603148563,-0.007901876916653672,0.011887828155749514,-0.0004824033720910448,0.005253735572351204,0.03229681165351517,-0.05209661574375091,0.004375087594840288,-0.0016456048818965785
2024-12-06,-0.0008228350441831234,0.029381072944344444,0.053147147248314264,0.0002140246879105412,0.0105369796485979,0.011990304781118066,0.01132363204219966,0.007658492208718393,0.007241322233809466,0.024370726468633697,0.0021463353106123684,-0.018061557527088712,-0.012554544940119317,0.053397958017247005,-0.050693305922051346,-0.010541806589778213,0.0018957845501423876
2024-12-09,0.01610113369169741,-0.004140432746599476,-0.0032862241374091994,-0.01796796528115263,-0.004785424805425431,0.0049280767298589545,-0.005076897040438122,-0.014351622337862247,-0.010878544271904267,-0.016352257357720057,0.005523248278784365,-0.025484454955024938,-0.017432026001214074,0.0014644862094215227,0.023926088999586703,-0.005899424592122893,-0.005149871673707729
2024-12-10,0.004133754084307606,-0.004644181824783544,-0.039845876122515,-0.00348511383537653,0.005608195226655566,0.05588191413646082,-0.01535483458140674,-0.003896441123047767,0.01183968717432582,0.009371466487646973,-0.006031020616125038,-0.026943237740698733,0.008724242731585896,0.02873337295448497,0.008151657985322913,-0.0020372492959125355,-0.003109053573843834
2024-12-11,-0.005166118910869377,0.02319588240507109,0.06629421915638178,0.007213260708472946,0.0012984070904897838,0.05524637738708593,-0.002863308812573906,0.0027587346725110873,0.010283383690428138,0.02157191563656924,0.012767030965783244,0.03139105626775307,-0.009577340639324583,0.05930322291934931,-0.05601654172626547,-0.006656549013556945,0.007730680288764447
2024-12-12,0.005963782512502069,-0.0056023335225716675,-0.013864555288715774,0.0,-0.006333546770771359,-0.017604730594202977,-0.016517111013525376,-0.008212485801352032,-0.0038170744621833785,-0.002987336652424122,0.0012695853847182192,-0.014141057569672988,0.0012893576727934786,-0.015702575706076027,-0.033306572922003674,-0.0008936240401756779,-0.005152635491914692
2024-12-13,0.0006855351829142542,-0.006594726378065796,0.2443263959802946,-0.008897730226694378,0.0009712770284819872,-0.011148241503177614,0.0061772650531635165,-0.006583090200328656,-0.00640480709885527,-0.01655059339005982,-0.005093921964315906,-0.02249892284646804,0.0012291198363423295,0.04336284290396253,0.009151445984970197,-0.008764004586068075,-0.00019849097645252556
2024-12-16,0.01172765500272055,0.024048121869595374,0.1120994526472916,-0.004379157565321368,0.0035578727329352855,0.03603417919990881,-0.015036715275312806,-0.001500383278311479,0.0024763209065887803,0.00708239152507395,0.0096585839951282,-0.016759813374607524,0.00046767875596720465,0.06141250567967771,-0.04223008836797704,-0.02138214899577906,0.004269941433536983
2024-12-17,0.009719636279754917,-0.00764177579215608,-0.0390799390683545,-0.009236928693097668,-0.010867444062926834,-0.00630540617949904,-0.005453903797627224,-0.0050921497320304265,0.0013200658458660808,-0.007689350853262389,0.006355220428200248,-0.012196957906365435,-0.004732988107129632,0.036369912179738284,-0.026038117722832377,-0.0042407585327054464,-0.004120063778329963
2024-12-18,-0.021421793232994757,-0.045987410359975445,-0.06914209009841765,-0.034406176468575134,-0.017656477939195225,-0.03592255658464838,-0.035865542388471394,-0.03352081045761379,-0.020809406121150675,-0.03591962955827932,-0.037560945416245106,-0.011350475517570069,-0.00733875307953713,-0.0827949436951747,0.02924698867537523,-0.014720965256184493,-0.029803405042948095
2024-12-19,0.007014701156082603,0.012561168873593154,-0.023700896631339785,-0.002758602992121939,-0.010303195421491718,0.0005837960811672094,-0.02234530160537984,0.011242882267534116,0.006385090216965983,-0.0027125357970243513,-0.0008231275289592999,0.013730272168768431,0.0006506351427271184,-0.008997322180141931,-0.020951728521513835,-0.008550955899239487,-0.00030732566956681584
2024-12-20,0.0188159051263177,0.00729994595290151,0.01131362664261304,0.018211077550011945,-0.0007646072499341017,0.015383802772551025,0.019687321402386493,0.019917562801928357,0.00907754431316432,-0.017327999669378924,-0.0009838395940497957,0.030762327198130324,-0.006678837160842943,-0.034642491239586515,0.02223811651787022,0.0034119655905351376,0.012011163114825862
2024-12-23,0.0030648973816198577,0.0006224408269079884,0.05517714529599815,-0.006339074476393258,-0.004360355102226432,0.016822554514062338,-0.00038209704834812896,0.003324838978216782,0.0017611383075424314,0.02494655333759832,-0.003092014179101654,0.03689682542830064,0.00029747038343108656,0.022657123925894362,0.01241674336552534,0.004061609823229562,0.005988309811411963
2024-12-24,0.011477986769947268,0.017728630305015702,0.0315471757426633,0.011164373036470332,0.009379859911820665,0.0076041805795925566,0.0094025745937929,0.01644367435621219,0.012760863096688668,0.013169884115104447,0.009373750250214918,0.0039379690107321785,0.0049372665756881595,0.07357174228224572,-0.00047397114142566643,0.0009407204729807717,0.011115009681411214
2024-12-26,0.0031757399493077543,-0.00873171784917226,0.02369827350795095,0.003830492674089303,-0.0027950906329622383,-0.0026005836843037144,-0.002524365842995313,0.003425347053755967,0.0008212508130005514,-0.007239719627345154,-0.0027768708067557046,-0.0020682607691391297,0.007221507811449035,-0.017629994630971146,0.009978317354012889,0.0008458006791680628,6.665056372612277e-05
2024-12-27,-0.013242080576119974,-0.014534256804240364,-0.014713060000966394,-0.004713796159242611,-0.01719408855590232,-0.01451949445967382,-0.0057702086726565405,-0.00810229362795678,-0.007367216698597079,-0.005867338162875102,-0.017301618856345735,-0.020867599009374516,-0.003702403861066461,-0.04947922616674816,-0.0022694355517741682,-9.388192862003208e-05,-0.010526595756151558
2024-12-30,-0.013263384014205792,-0.010949707031249978,-0.02552217490314901,-0.009697851765319565,-0.0186122819724025,-0.007885286657793644,-0.008730824292200956,-0.007670921548855736,-0.012495511694508465,-0.014287908970595842,-0.0132395050091757,0.003503318393802912,-0.014392843239004582,-0.03301209257078741,-0.00429419355281746,-0.00676176768934289,-0.011411559325506193
2024-12-31,-0.007057959503977362,-0.008630834323407832,-0.015875734908754935,0.0009109187586331391,-0.006441064848741518,-0.0101444127991418,-0.0011299201787053903,0.0016296694375388387,0.0019409163433168342,-0.009691267731070208,-0.007838400913532162,-0.023274327048605215,0.0033515348156660796,-0.03251001941775111,-0.003820399945540731,0.01711410585527684,-0.0036382200814505383
2025-01-02,-0.026235867445677852,0.003783225458606987,0.0006038067050835316,0.0077361180232224935,-0.007050375985010016,0.0006867047534517834,-0.00136245555274217,0.001209635508330642,-0.007919177779251774,0.02344961884761876,-0.006927646782351582,0.029935137239935017,-0.009961229602941879,-0.06081615932376483,-0.0026687487200681703,-0.0024169380216534364,-0.0024568846664497768
2025-01-03,-0.002009491230185234,0.018027432561515733,0.0024571758035549784,0.011740782583714138,0.007441189182212371,0.012458381021009712,0.001853547970215974,0.013666734577358453,-0.001990809515181158,0.008994709048770089,0.011395760301242897,0.04453770523642908,-0.005121029871368976,0.08215567328200035,0.016828282596643485,0.005125302241145047,0.0125034288126733
2025-01-06,0.0067390424898656764,0.015254909370185477,0.01659854635020741,0.01316671383249668,0.006687867135872327,0.026487458500777272,0.0004881677194474854,-0.004875397783333679,-0.018087311159892816,0.04229022455324327,0.010629413793729503,0.03433231590814412,-0.02743289120532444,0.0014861742226248698,0.0013059887991924146,-0.001112493631265421,0.005760520095055899
2025-01-07,-0.011387742101819254,-0.02416414035082548,-0.032866598552513504,0.01497807802022244,-0.0014522710111519732,-0.007009712303547966,-0.013200847426107498,0.009632511883755912,-0.0010352482638292804,-0.01953347699446406,-0.012808248830128321,-0.06216958589699306,0.0043585212098185,-0.040603340073111505,0.0011291510408291128,0.009374338604237753,-0.011304137676379167
2025-01-08,0.0020229708795851398,9.006470850470016e-05,0.0029303105287408204,0.0028210703957265437,0.006511995481496946,-0.007877662870162672,0.007729855648578532,-0.0001644713250937846,0.009777080828605511,-0.011604006347006202,0.005184996642009443,-0.0002140125856826547,0.0049597727282215676,0.0014707807875757872,0.019970953308522832,-0.016735571210962807,0.0014610516487580938
2025-01-10,-0.024103803631356224,-0.014360970473526025,-0.02180451213642054,-0.023804373559848102,0.010319575927631774,-0.009848022145906299,0.0069473306835536874,-0.013408530771239158,-0.021274519267116876,0.008416191433767262,-0.013213583356015968,-0.02997634573012864,-0.021838389578914374,-0.0005064369418008585,-0.0073020301917638974,-0.003647290465348507,-0.015267383482807984
2025-01-13,-0.010344210560035871,-0.0021923619356289947,0.0043690144070189785,-0.001108358528805864,-0.013063793935985668,-0.00536340716985384,-0.0018210778935985328,0.018093292864784782,0.00047550251141847966,-0.012226636275217473,-0.00420102518222909,-0.01971899126324339,0.0017659179805278313,0.021710512074366584,0.03927476336168234,0.025811946243374795,0.0015504728649695654
2025-01-14,-0.00477816766457595,-0.003204303696411115,-0.0026189855746667767,0.01597867857988633,-0.008078351664341232,-0.007067656968420377,0.009250191582120815,0.01334904095008449,0.008140096706327649,-0.02314547490027974,-0.003643377309515916,-0.011033713698769154,0.005666158965413448,-0.017232432245921525,0.004804723109267828,0.003934510227077803,0.001376005543533898
2025-01-15,0.019676001745929206,0.025670516796895804,0.014686316577681824,0.028833536684606642,0.006835838536550565,0.03105555998884757,0.033886573325667246,0.019719603084763282,0.026187500846693634,0.03848567206555065,0.02559719617002787,0.0340014510010298,-0.0005634724728941221,0.08038151439752794,-0.0005885316945077879,0.01631418929050077,0.01818997001237177
2025-01-16,-0.040400196921681064,-0.012043887924316987,0.00618426279041473,-0.009766488308670662,-0.004060634809275543,-0.013500377460652135,0.007978543136786032,0.0076084767093334005,0.001512468033579184,-0.009430989555429092,-0.004058186351628801,-0.019597848307854715,0.005324172470932309,-0.03362756026209679,-0.06041365101994356,-0.0017038093946494248,-0.0019232490094934773
2025-01-17,0.007535239806619742,0.023928209424767255,0.03500288221998793,-0.002358566158475295,0.025485227462766158,0.016017814017358134,0.000122185511381101,0.019231498473968323,0.0029820537798419533,0.002404834267756506,0.010481105416596748,0.030995000714183707,0.003925142428395034,0.030641323404759335,-0.0016256466224550126,0.008983055532010065,0.010039955457300076
2025-01-21,-0.031915790534446264,0.021111818274402117,0.01208713929857086,0.0027940395500580806,0.004813436954786976,0.010459286851174365,0.022106534124444632,0.014932777736638148,0.006403608899025803,0.006021742862207358,-0.001235354439597991,0.02265626082364136,0.003661642854955849,-0.00569752092797482,0.02987681156486599,-0.007567733070024563,0.009153558329547007
2025-01-22,0.005344902711080568,0.018638063663626525,0.002496809792107424,-0.018645546819099135,-0.003197124827571729,0.0016156988162292496,-0.01990761716251943,-0.0007223105923760409,-0.0016665140257289268,0.011420064415833764,0.041306922688893355,0.04430897837857106,0.018674225300115976,-0.021128638710367298,-0.010038355143517919,-0.017403669106351605,0.005621517207538007
2025-01-23,-0.0007594393899229557,0.0017446222360446573,-0.0026150888671976347,0.0131032986684545,-0.0026887275681212186,-0.001965997562870414,0.010460842220021638,0.011832375002019946,0.013354018634909703,0.020769763239134376,0.0011428263548833861,0.0010197446051400938,0.008559015068688502,-0.006576523247056931,0.019337500224115844,0.005660498348001308,0.0054581247621705575
2025-01-24,-0.003934542081788894,-0.002421170970448472,0.01839520506544634,0.0028023871950391133,-0.00263222363735649,0.011263675023314823,0.0002654653773366267,-0.00417366659093088,-0.0013664185068300583,0.017346239251134543,-0.005932169504596629,-0.031245840060081465,-0.006194638879211123,-0.014064741844588391,0.00517203359738283,-0.013526982914036756,-0.002919429044870636
2025-01-27,0.03178017630617069,0.0024270472668348475,-0.17396812089616065,0.012252735972287265,0.027211447109151354,-0.041955886769282524,0.025018055834654884,0.003813507585281428,0.026523465757063436,0.019135463974009115,-0.02139347380525536,-0.16968167806555257,0.03375579494351233,-0.023193450212053546,0.020675637634470778,0.0138964853744461,-0.01414543941696822
2025-01-28,0.03654406292760615,0.011596277923593856,0.025874454160030425,-0.005309024637362159,-0.006816944373078004,0.018195059490452303,-0.014216158192664419,0.004852450359732474,-0.0005113927309255972,0.021898050649831413,0.029086854277586616,0.08925862815962637,-0.02045263592616109,0.0023668700890153715,-0.0019135885498114957,-0.019333779357568637,0.008592537247464227
2025-01-29,0.004616803388765245,-0.004534900692607424,-0.004870786677452887,-0.0019213599008405247,0.005580687850496924,0.0005632488627369536,-0.012916883177791383,-0.002096454549970206,0.0026308374961476755,0.0032029796172785563,-0.010890010086932689,-0.04101091481103758,0.0002406380195332236,-0.02258280870425211,-0.008073900467699624,0.005831245499073878,-0.004482967817447614
2025-01-30,-0.007394818286547089,-0.010250170242948609,0.045117512393072046,-0.0006416862104338117,0.015549453130160984,0.02794128137731322,0.0026123857757414104,0.006189648571336859,0.03135943879770586,0.015536117093928326,-0.06180907026770888,0.007679910628383135,0.0070985652752695305,0.028732954254456988,0.013882190068400524,0.008281910443746154,0.005367031374430953
2025-01-31,-0.006692131500525944,0.012955989149507907,0.02601320975443433,-0.008989793010619529,0.0008886474040747938,0.015681703634317534,-0.006079634022135183,-0.003467216329355649,-0.01869219604118244,0.0031733198008703223,0.00016868148564763707,-0.03674290229414623,-0.008482116123292194,0.010792463618949588,-0.005645487891087542,-0.025006839609532316,-0.005321845992555918
2025-02-03,-0.03385592906605628,-0.0010938846972727845,-0.01599863672613311,-0.0019438530862155856,0.026482850338566566,-0.013675120751274195,-0.00781596039048904,-0.001833183863992005,0.015339377576486957,0.012014180485627524,-0.009974453175673026,-0.02840008003298944,0.016687614614283586,-0.05170542044525339,0.01048863621560625,0.0024337538380005963,-0.006729584200247607
2025-02-04,0.021007846077986114,0.019543422733693472,0.021586387057657586,0.010820085336640695,0.015937015389741127,0.02559270409818981,0.0066786879989837455,0.00423539593672051,-0.008582456217386958,0.009649324254095148,0.0035286922269792687,0.017058054270649547,-0.0037330005681274203,0.022232065633156273,-0.004979969802116568,0.026799947029372273,0.006708340788422751
2025-02-05,-0.0014174923520661187,-0.024332807771026643,0.04302478357058703,0.008563561833411892,0.02057045816921077,-0.07292372731647956,0.005662330021591444,0.00929294387946844,0.012842006018713992,0.0009656398794488652,0.0022310953122097743,0.05208600258306184,0.005233968938951117,-0.035797094243459227,-0.010340222037424796,-0.0007274982468903346,0.0040544370591000245
2025-02-06,0.0032262424702766967,0.011263088803542765,-0.0027585927705982005,0.01337301612288,0.007776395249987411,0.0014111190738703705,0.0008217558500784872,0.023924949624926972,0.0015361486894946985,0.010101119777406575,0.006121463146774531,0.030841870427561036,-0.0007690935297864909,-0.010180622383618276,-0.01809891635194416,-0.013196279240515918,0.003475754900258421
2025-02-07,-0.023968861734399494,-0.04053095448794508,-0.028051545580134674,-0.007121877878079164,-0.005734256655212322,-0.03267224253324674,-0.01639473641083178,-0.003972566005561395,-0.007775416110938904,0.003553401857063321,-0.014597644858585945,0.009014495070850392,-0.0053885358526414295,-0.0339282217314959,-0.005678634522544135,0.004242396125522907,-0.009153706122005056
2025-02-10,0.0011874113389096497,0.017412199866636335,0.0452261788225663,-0.015400983864600759,0.01735001177796547,0.006096921437761527,0.01625054370797896,-0.017258754858345715,0.004868893542009145,0.004030712870106035,0.006028120324117703,0.02872785347741469,-0.002619431148598861,-0.030114441341470455,0.012029441374272531,0.01910191043800835,0.006791301139948969
2025-02-11,0.02183176471862147,-0.0016299428832775575,0.0,0.0025713121812673823,-0.0033713261599928046,-0.006167098119548964,0.005724769527613471,0.014573258928341604,-0.0013968683138085858,0.003345414423261195,-0.0018922772000771193,-0.005764662191115599,0.011341156946309994,-0.06338211812502892,0.0010311067337342994,0.00630792174787187,0.0007605024686467843
2025-02-12,0.018270152940516038,-0.01645472556041927,0.005573564049345947,-0.012395828684612531,0.006406202135748051,-0.00922741603337418,-0.022144230668825315,0.0016730088950542843,-0.00017725434859294786,0.007752209655352615,-0.005833073495336238,-0.012500112058635549,0.0008853430249422534,0.0243835913717656,-0.012211428786948475,-0.030086686129829676,-0.0032214924493656483
2025-02-13,0.01967323848251623,0.006290143220533118,-0.002327122115444724,0.0025969083226156098,0.011022169889866928,0.013779269057998977,0.012993059192992984,0.003158426592328789,0.003028731477409341,0.004383879895347942,0.0036670423823697007,0.031645565937127085,0.00849162802989989,0.05773971683431944,0.007167115742836128,0.007265960335198551,0.010557675894824925
2025-02-14,0.012710708047756869,-0.007336035409240549,-0.011704866804740477,0.013597991408575982,-0.004652418024665317,-0.004888949166022116,-0.007104250582901206,0.0009770494363676718,-0.0027370883151505154,0.01113141592232414,-0.0051395590136456,0.02631391612376488,-0.04753834792592104,-0.0002809633725618932,-0.014439381464879553,0.0010173015944709984,-4.9322114628491676e-05
2025-02-18,-0.0005315020933959191,-0.008877028355405714,-0.019352939338203368,-0.009156788528893012,-0.014759399016428865,-0.007881986871349556,-0.015115994058398474,0.012148065250005224,0.006817111034438161,-0.02755629730228415,0.0029626440393724085,0.003961115008531246,0.015593286491195624,-0.004861766535893763,-0.04351402081283229,0.01755357730663709,0.0029357727546190926
2025-02-19,0.0016361258388950528,-8.819331220011328e-05,0.0008752382297267935,-0.011175487140866802,0.00616463231401565,0.008162418465215815,-0.019538252607200768,-0.0025005448727035695,-0.00019339111207217208,-0.017588720518230905,0.012523124191825996,-0.0012196135405022623,0.006407663224196725,0.018214714280444966,0.020589925038529744,0.0014526944742234704,0.002355093722045787
2025-02-20,0.003920437993583548,-0.016546793977871843,-0.008700166877504523,-0.015431420907361715,-0.026079079115683967,-0.003832324278630117,-0.001997822699939089,-0.044583727885247226,-0.009182032409735474,-0.012688873689113644,0.005290676653677329,0.00632048692392817,0.00432461463272249,-0.01708454543992588,-0.016867546400422206,0.015412471382707515,-0.004160316560455679
2025-02-21,-0.0011389645779961155,-0.028266344731418536,-0.03563554799189683,-0.010816786589917582,0.0001933044869026901,-0.026549579694389314,-0.0236671045412834,-0.009595275571336215,-0.010243555121053904,-0.01624826672700963,-0.019032609065903983,-0.04053961017188068,0.018061020309535936,-0.046839747148427646,-0.07165323373916233,-0.011696350953522838,-0.01710423695213248
2025-02-24,0.006312383382871323,-0.017868663239768212,-0.04907162980389068,-0.007810713724838436,0.0005506692051924222,-0.0022820937282709286,-0.007474673248907826,-0.010974768837837434,0.0026725453575737745,-0.02255869024215973,-0.010313269594400487,-0.030870969884514432,0.0018210735353774155,-0.021521578674915554,-0.010505546579177683,0.005239762791756419,-0.004550335305200215
2025-02-25,-0.0002428315584860341,0.000423094048469963,-0.025922286085622748,-0.011695889491230682,0.019370402445471946,-0.021366833311968536,0.028424165501284904,-0.01507614561267645,0.008998266072220984,-0.015910035637072273,-0.015099014017730283,-0.028016637424763013,0.01237245580235613,-0.0838955952220366,0.019197462371457474,-0.013840171752666386,-0.004973157193789324
2025-02-26,-0.02704011939380868,0.007283848822975836,0.0513479919746338,0.0,-0.022441010707592857,-0.015334617127084726,-0.00714491072539869,0.005400074087961393,-0.004893271645530106,0.024638831551694995,0.004599247027225584,0.036721207580809656,-0.007819298308096911,-0.039630120487999076,-0.014435196704051578,-0.0024606619504277116,0.000504830913858223
2025-02-27,-0.01273091938670523,-0.02617215045770671,-0.07109981510833385,0.004096424304888213,-0.00994197264501051,-0.02448901512894075,-0.0005378081362664711,0.0010045972107886048,0.006324813318900224,-0.022947950165429054,-0.018012268326329628,-0.08478064840614363,0.003911289695978093,-0.030433204805490277,0.01072069875998638,0.006303726775243934,-0.015961973775748373
2025-02-28,0.019131868844441513,0.016958863624485065,0.008240566697169438,0.04487771744899849,0.02632833711260507,0.010563707114088272,0.01621954507436385,0.02161758609167208,0.02034269781990905,0.015131288146339017,0.01136219035479269,0.03970034289263946,0.010874092283003511,0.03912040539724382,0.013658820711644815,0.010712738547475675,0.015605535959651196
2025-03-03,-0.015754202507164528,-0.034200087377916355,-0.060472416847695776,-0.011713716742493885,-0.0016784213044369611,-0.019203692716806997,-0.017423090257568274,-0.015227612299613669,-0.0024118928429097686,-0.019679794776611748,-0.021411134937069587,-0.08693565785207769,0.010066704217078337,-0.02843203214376444,-0.016653957164798117,-0.0320668428257922,-0.01751996351713747
2025-03-04,-0.008822443665799096,-0.005950644792114046,0.0005871230158713825,-0.06343301898486986,-0.009533289059075245,0.023411855003839577,-0.02055471219461924,-0.03978972307546624,-0.03452642693914232,-0.022975336125660495,0.00030887307606852765,0.016920933409269034,-0.013725276553914423,-0.04429996705409467,0.016186634328792415,-0.0020415890843658024,-0.011836918364613869
2025-03-05,-0.000805297297409524,0.022374865016246748,0.0218691404273883,-0.008905300335385946,0.01049308788936365,0.012286476218473119,0.012235362068099498,0.005114861854253361,0.005818913777731138,0.02573435115321754,0.0319343726980823,0.011294118699767708,0.008257308820797116,0.025952056083059283,0.0028867002278922804,-0.01952757129253624,0.010747867543521084
2025-03-06,-0.0017391917687868963,-0.03676331176651382,-0.0633156979105195,-0.019626453640896102,-0.02016706272204638,-0.0038724000876863007,-0.011958014460368926,-0.019838690194454278,-0.015188833613516195,-0.04347499649079278,-0.010298646124613065,-0.057374294283181415,0.0002864486007971845,-0.056073068986891905,0.024664820002831433,0.02067521622338986,-0.01775115717303244
2025-03-07,0.015892618029543115,-0.007224698407026442,0.08643080741803066,0.004854428340839156,-0.0606943358957589,0.008761125390251978,-0.012914996416825586,-0.01727902865307196,-0.005547274239182665,-0.0036150751804002734,-0.00902021530087016,0.019173398134321173,0.0073857263242893545,-0.0029607088371812473,0.011810038202290762,0.01300867930003835,0.005604909012687731
2025-03-10,-0.04847960193409895,-0.02363867861413893,-0.05390849309408363,-0.03792278306829133,-0.031006559681252877,-0.04485773026417228,-0.005705904482609436,-0.0415222442742319,-0.017649204639520577,-0.04422518175208123,-0.033434225800414774,-0.05067001479365574,0.0017618717990095512,-0.1542620682219512,-0.022711493520248593,0.025499962860117575,-0.02663549477866589
2025-03-11,-0.029189374883390795,0.010537694677220655,0.030577399854639475,-0.00552348405817249,-0.004195194641736344,-0.011032774353331276,-0.017322809402343875,-0.013263260640524521,-0.021075348430415586,0.012909926012660833,0.0007629942463907025,0.016638669825216335,-0.0178146206909221,0.037947369642955975,0.012119410436499445,-0.023613561763594748,-0.008313009339123156
2025-03-12,-0.01747865727172493,0.011699491808345508,0.021779135787329817,0.007573839995041354,-0.0036647470121882186,0.018715095106594415,-0.009316578105650675,-0.005411672890409558,-0.002206194878643597,0.022865716517072476,0.007412191713445093,0.06427593235319273,-0.027437566748976683,0.0759389121683911,-0.010143242275753583,-0.0002749063304077204,0.005306540701307094
2025-03-13,-0.03364369240834908,-0.025139524437347016,-0.014776382805222643,-0.0060135848182323315,-0.03932776126806903,-0.026030802739644976,-0.041883991055125414,-0.011891040502944872,-0.009168037220331438,-0.04667830092866232,-0.011741172746800088,-0.0013824276228132648,0.0013066039807412277,-0.02986820819658198,0.0008521952505646802,-0.004215096493297987,-0.013330354409111678
2025-03-14,0.018170527863980768,0.02093969555611075,0.021843709916227416,0.03075374535954767,0.014933379024938409,0.016773204087066063,0.011691803260493794,0.032195006235390844,0.015024074601195592,0.02962973482855724,0.025846893632518464,0.05269073432087157,-0.0036775769285141147,0.038640532386444715,0.014807281927621707,0.029723052635732605,0.02065578719952188
2025-03-17,0.0023889813247655045,-0.01116439246854839,-0.005318521535106813,0.013450744645099322,0.014038839328846198,-0.007251320651442739,0.008027085241752996,0.00641024059243267,0.008244176411225768,-0.004443614840803689,0.0003603001506342629,-0.017588548274165672,0.010656684456691767,-0.04788383640805238,0.021221776114610735,0.016621941655139416,0.007711169521525729
2025-03-18,-0.006121524276716084,-0.014917738259935254,-0.029974352073207422,0.0050676017170543375,-0.02024847477184677,-0.022034212276003107,-0.012876488364810368,0.00444575858435492,-0.003383413771744226,-0.03726245454484778,-0.013326461969701775,-0.034301032935434295,-0.012075800019000216,-0.05335909096824687,0.009578790292128048,-0.0010548852495302352,-0.010808298306289488
2025-03-19,0.011989258640142442,0.014106347155876442,0.036571892841701814,0.013445282054605823,0.006681091033541975,0.020041102139196854,0.011013513735794955,0.017619285625504633,0.011128081436908133,0.0029192671527034086,0.011211926620843915,0.01810616124459119,0.005127987117935051,0.046824389357219776,-0.0011909326454970781,0.015575574409968818,0.010890731106491858
2025-03-20,-0.0052964532819913535,-0.003017266841301769,-0.02277159612082924,0.006396658234454788,-0.009568008234638437,-0.006650754846717621,0.00594184965618294,-0.0004181599677763881,0.0005409333690373774,0.0033214469828479753,-0.002526913475780157,0.008594302173557944,-0.006050971707154518,0.0016958954271570903,0.016096884624442254,0.004245683843442594,-0.0028916568888006644
2025-03-21,0.019476894134998757,0.006463245885351521,0.005878022039903952,-0.00023538039407311473,0.015479112031624442,0.007309576294013853,-0.012291804979597698,0.010961866082372707,-0.0012865219738935618,0.017491568850438677,0.011425892031657447,-0.007002445866722162,-0.005132791050946994,0.05269623506518384,0.01085469007561013,-0.0034513137563186858,0.00032989529509896975
2025-03-24,0.011270504380850088,0.03593082692897376,-0.0021392281094734233,0.014127609862586876,0.018454529069735326,0.022501385798063378,0.0359390095536003,0.026610925496824978,0.014896789472401473,0.03790347634061897,0.004651579309156606,0.03152089024812277,-0.006239222331539174,0.11933580126800525,-0.0006770594906915228,0.002597483868213457,0.017908465851977917
2025-03-25,0.013681856127698344,0.012053587883713357,-0.015634032051427105,0.004875726297979943,0.004557133625887166,0.017175491542742893,-0.007642088923080825,0.012376020758309236,0.0027405794835133612,0.01205473353157327,0.005291621870590513,-0.005930336599004327,-0.01690305209162668,0.03502280788451673,-0.00594394279790722,0.006822004068709697,0.0024038765740486134
2025-03-26,-0.009921848040083447,-0.022264360904062586,-0.04775309116301307,-0.010628435366163536,-0.0005483227996019302,-0.03224668871617531,0.003157969235845215,-0.000398145297231256,0.007172166744528363,-0.024476798314721493,-0.013133914466157526,-0.05741982797521206,0.022904479005287026,-0.05580626179068926,0.00929042371010147,0.014409516819328338,-0.011938349429337136
2025-03-27,0.010472665366113354,0.0011435177345771042,-0.04060912140839479,-0.006071840541949425,0.009679980319948545,-0.01708455306152512,0.0016568386995772233,-0.011592310227961922,0.01548077788249147,-0.013748400909237679,0.001564152436454025,-0.020481760016152317,0.01278675557932929,0.0039329829222258805,-0.004785772538149602,-0.003212933021485398,-0.0026556654593491436
2025-03-28,-0.026580411812665128,-0.04290822091507418,-0.016687020283197795,-0.030780149767919096,-0.00968307974176541,-0.04875491357391293,-0.01262655084552311,-0.021239671961866158,-0.030417767327765022,-0.042882252807807,-0.030160297350906418,-0.015794679642164855,-0.004030664533243189,-0.03507493471452938,0.0006204632361495044,-0.0013571954131982311,-0.020138263417040614
2025-03-31,0.019412677172281345,-0.012764667384211892,-0.009992984751705736,0.01163628075672496,0.017339780686195905,0.0020085624902963506,0.02328636747333679,0.010088546629981598,0.013891802179067936,-0.0006587833985735037,-0.009002027323099293,-0.011762547281853997,0.014223571204107666,-0.016657121359109794,0.014940772457195495,0.010192732632372303,0.006712770962271408
2025-04-01,0.004771951175297495,0.010038913682617334,0.006510299677317866,-0.005751124651260708,0.00911422271821083,0.01571392569412966,-0.0026466789598266205,-0.006685781055773998,0.0007115654036295993,0.01672551262639077,0.018114392684444258,0.016331473515639905,0.0008215564576172785,0.035885119854736525,-0.0012028773940137016,0.0009250526117905444,0.0028243703251151775
2025-04-02,0.00313635061160511,0.01998228846583383,0.021184437504315312,0.00867672733405156,0.011190267815764932,-0.0001910302296327382,0.014691365509674092,0.008864927192202332,-0.0020600944123333464,-0.0035323870347052644,-0.0001306914500899259,0.002451132358445518,-0.006214845662034452,0.05326685079977622,0.0001529661930428361,-0.0031083176935123857,0.006328429720374507
2025-04-03,-0.09245610910922164,-0.08979129298487254,-0.10506130098960731,-0.1106330988364932,0.002072245098992953,-0.04024444069867483,-0.04038927185290209,-0.06968524506426743,-0.03074662291392871,-0.08958265238562169,-0.02363022395558223,-0.07806546119881197,0.017050141554132647,-0.05474611137253549,0.032951019979685414,-0.05258278529803051,-0.049280731244662146
2025-04-04,-0.07288740460316123,-0.041533565999713695,-0.05012668593559366,-0.07603449073581992,-0.05232244963245425,-0.03397035080053734,-0.005647550083691555,-0.07483831932353868,-0.07686360905082268,-0.050581175312042315,-0.03556586475610224,-0.07357569976228395,-0.05011891299516713,-0.10419786826814681,-0.02847667094189288,-0.07195594828903784,-0.0585430179907348
2025-04-07,-0.03673428915114274,0.024912248577988017,0.05366051797274207,0.03460320199308309,-0.009110972821887886,0.007898368212827522,-0.0350099281479439,0.01978322715912495,-0.008677511177758501,0.02282399019929615,-0.005502388142521575,0.035309042518029354,-0.021496252083007983,-0.025644236634809525,-0.0006667818689888305,-0.013417542400240956,-0.001781215858176255
2025-04-08,-0.049818101062165554,-0.026246667744515673,0.012261556909508142,-0.015458364764516896,0.0006827544407550512,-0.013969251339965072,-0.018359655392189755,0.011331759216443915,-0.011533998945962853,-0.011234776760179588,-0.009221500865753463,-0.013723836894194541,-0.011483424096342731,-0.048994783337158565,0.05408809315919294,-0.021080314725812066,-0.015662717811204874
2025-04-09,0.15328841216885225,0.11977031526306248,0.18663081307493257,0.06051968444827449,0.062107281099128775,0.09682091804709847,0.06010625490626742,0.08055518909809045,0.07569492898307995,0.14755605026208785,0.10133685003898307,0.18722739080517248,0.02481226765342548,0.22689989839624536,0.045960762078002704,0.04991570650288679,0.10501933848666689
2025-04-10,-0.042393860583427534,-0.05170070417193329,-0.06940316023105508,-0.03499338659070583,-0.0009117424541866814,-0.037111714025853226,-0.004980474455172024,-0.03085254065959353,-0.0312166249617829,-0.06739839460695884,-0.02340645096000371,-0.059127094359630594,0.007639167740702391,-0.07274069589492627,0.02748498875818628,-0.05548204478142327,-0.04381893947325921
2025-04-11,0.04059456922966587,0.020141230945248445,0.05594893783221688,0.002789434833001314,-0.0009333567043242619,0.02826856821888679,0.0006786317742761838,0.04002454674607048,0.0208474684288964,-0.0049790492260044505,0.018618049206384546,0.031235475484746367,0.020481804325906516,-0.00035656236159631316,0.008529520011255842,0.03212246885408798,0.01784269663448823
2025-04-14,0.022053973727107268,-0.014875318183769082,-0.019676870788475354,0.02002789119800319,0.01651439701983226,0.012282124400411876,0.009438890121014287,-0.006265862623403118,0.005316429800628075,-0.022242004196604603,-0.0016475979191296064,-0.00198325974958824,0.01330064427123312,0.00015856900364230597,-0.020701660676505473,0.002423838900220243,0.009701418706801856
2025-04-15,-0.0018762965785447117,-0.013891933050343641,0.0033079234733299767,0.03599678883411195,-0.002450761208483976,-0.017350924668599332,-0.00865069501492588,-0.006773969760920262,0.00960072225748454,-0.018739961865158805,-0.005363371950434126,0.013458597316427623,-0.0039023817340775313,0.0069744183248166,-0.005910686077460703,-0.002804900102019059,-0.002800946751292277
2025-04-16,-0.03893343751718448,-0.029288905919567454,-0.024252582603422113,-0.017373021433117586,-0.009386611835627612,-0.01906473365903394,-0.022930695846746785,-0.015098876925615623,-0.0076347218800163485,-0.0368347025319804,-0.03660599498751338,-0.06871653075105577,-0.012346417089460826,-0.049427403598542585,0.0024846317761835213,0.010572311802448331,-0.022227846390724837
2025-04-17,0.013949632775603904,-0.009866352335440198,-0.020731813882946537,0.002143033178467535,0.0276414584069129,-0.014152435080827086,0.026214675805874554,0.010234770318884312,0.007596076758899173,-0.0016523619471565665,-0.010306485683395428,-0.028710907318566514,0.025482304425645363,-0.0007452201709629014,-0.22379670022922027,0.026202121233735776,0.0014266710298758145
2025-04-21,-0.019392881061038092,-0.030647084568839134,-0.027954839337506643,-0.013098086508851692,-0.036933137514161385,-0.02308824452330871,-0.022982089326208377,-0.012803964810816137,-0.01548338037992636,-0.03354071650271029,-0.023546708713903963,-0.04512753792589119,-0.02254483257190676,-0.05746362595919796,-0.06337677087155114,-0.014683918955360475,-0.02380272645010273
2025-04-22,0.03406515943944233,0.03502262189247651,0.020275482052956706,0.037919870927171084,0.02240621800992515,0.02573316390095659,0.02170647040398177,0.028822212550100534,0.035360920768870985,0.0322287675076498,0.021441371323706937,0.020431290587480166,0.012850701285900934,0.04602198338770602,0.004349590633223155,0.028001980544587246,0.02601788486974521
2025-04-23,0.024331588268553084,0.042845673527805994,0.04322448475640783,0.011221239027624286,-0.0034618729587629904,0.025615693880437274,0.005614746665983716,0.022454267660646288,0.005082209308060692,0.03995767227598268,0.02063681888653135,0.03862876540643456,-0.012806901415472471,0.0536622440095611,0.0018259764021049119,-0.008587308367352442,0.015495305634686263
2025-04-24,0.018426141911106475,0.03289029336584037,0.06353505110753965,0.02141942729253632,-0.00036896911348560657,0.025297695848903512,0.009034225832188048,0.015609405593180137,0.0102827579462057,0.02475640718275618,0.03448266536748945,0.03621837862543753,-0.037410166499324715,0.0349764859229853,-0.008669074601477589,0.01173505018287635,0.021049069381725127
2025-04-25,0.0043671931022537525,0.013133978209558528,0.02211003373541165,0.00277908789277026,0.0017221982190338547,0.01682573591280634,-0.005727945491267428,-0.004455477002182628,-0.0036977812969344326,0.026484096748532693,0.011748048639614872,0.043033140084287824,0.009339946833910151,0.09803091011549903,-0.013223340046148113,-0.000552278743373491,0.007225181113781787
2025-04-28,0.004109481906493517,-0.006825802991833552,0.0008319660131945739,0.0022675331449846237,0.0014122306816131136,-0.008335396004527151,-0.0018456785358903494,-0.0013549544051105755,0.001893264788521476,0.0045132932397624614,-0.0017608499685202172,-0.02053876282396694,0.005154711481812235,0.0032637046356942534,0.003248669834070128,0.000552583923728589,0.00038138168625501123
2025-04-29,0.005091803132489137,-0.0016515586767922308,-0.006754274148609629,0.0052790704998297855,0.01344865933027517,-0.0028018196108319238,0.005827589864324967,0.005756059943142544,0.00971017965881904,0.008549491822060773,0.007362745725530306,0.002667158495072375,0.002533120737647554,0.021512501019458785,-0.02564291699504706,-0.0024853625926806178,0.006299284234733804
2025-04-30,0.0061076408542186655,-0.015849304820837684,0.00680020459470887,-0.002750595388485211,0.002823466362385618,-0.008491555638777348,0.0041503328153424945,0.0,0.015527763310130949,-0.009811719536728103,0.0030960706928484516,-0.0009172754071639089,0.0019106051505011212,-0.03379788089732105,0.00540040192399438,-0.0251938605595885,0.0003970648080848793
2025-05-01,0.0038588679064202047,0.031341496782804956,0.025250787988016832,0.007271738797438365,0.004565108395673034,0.015742996838836065,-0.006075008856873176,0.0092796907496151,-0.0026092464942333304,0.04227680614415097,0.07625359238228668,0.024697047472598488,-0.01593172812563437,-0.005812356915055328,-0.026152050890477452,0.0014200212758284092,0.007086819871739536
2025-05-02,-0.03736171359938467,-0.0011566836184702112,0.031976817453000406,0.022404764976097002,0.010583883059597454,0.016925027537876725,0.01735974455660827,0.022763174694462318,0.023343019753939043,0.043358339214103925,0.023225235422526413,0.025893782641135843,0.003375424031297758,0.023848576584252656,-0.001896698029634769,0.0040650442654952545,0.014844159530811085
2025-05-05,-0.03145849867088735,-0.01910722026349243,-0.014339011700060689,0.0012174013886931956,0.0065357009355324625,0.0010974542140516075,-0.007653735957321994,0.00019805398234029603,0.0030926874117809255,0.0037686341437024318,0.0020446601193089275,-0.005938878725994412,-0.010528123635048736,-0.024198258752220814,0.012227318138388954,-0.02768106301895301,-0.0057343194259684704
2025-05-06,-0.0019106182615660217,-0.007190832051464091,-0.00313871999844606,-0.006809196027217523,-0.004325545092619509,-0.005968022825131869,-0.006496689575352321,-0.013105820102915167,-0.003795999569412234,-0.01995756758378997,-0.006557093604503628,-0.002459991037756515,0.0026442080573978455,-0.017519458684867262,-0.025444025965665196,0.013944087466581268,-0.008358391135077414
2025-05-07,-0.011384846084720346,0.019998985551532122,0.02358943302522154,0.0022035872230878883,-0.0033151885217056476,-0.07259696094321877,0.009377282407757814,0.0005616929835725593,0.013130855967851351,0.01617536252806273,9.233172295664005e-05,0.031002240373568135,0.00025112357154655207,0.003159597232260225,-0.008745025952768937,-0.0009549985745396228,0.004205552130898571
2025-05-08,0.0063184946335548275,0.01785806262143419,0.014452338947258392,0.01636941369025169,0.000555999965238696,0.019157189586151313,0.005816699798501412,0.01635995483773245,0.0013948568812867101,0.0020107481803635086,0.011122679830935178,0.0026482832637049203,-0.004017745365772374,0.031134624811778533,-0.014089892022214223,0.013956637169998398,0.0069677939758885366
2025-05-09,0.005266076204561099,0.0051020185245573835,0.0020695503988199526,0.004567298637763395,0.0003771823277507469,-0.009917138167518713,-0.005892611409992976,-0.0015386175187587225,0.00268029106592671,-0.009230553310473177,0.0012779564795986076,-0.006134529777721109,-0.00624010600145064,0.04718770485146129,-0.012734976113541241,0.011690265320599025,-0.0012741318546691804
2025-05-12,0.06314614951132236,0.08070031092964336,0.06426524363247665,0.03756887853571689,0.007995254030322085,0.03738134268518012,0.038267351570490105,0.027540611436334794,0.016935145207432667,0.07922480024680323,0.02400115527343516,0.054436403651941134,0.020550464225065346,0.06745790403815088,-0.0049653768400532705,0.017239923294676274,0.03304739524694744
2025-05-13,0.010152329556051276,0.01308471882441209,0.048921338175371254,0.02121764979285068,-0.016847887924411387,0.006752453956481386,-0.007939611446892814,0.01138251958188663,-0.0029051447127392827,0.025960749197821098,-0.00026709275849456926,0.05634139137390681,-0.013486608340013362,0.049280740626853614,-0.17787457975566634,0.0027481297141354055,0.00660390698601776
2025-05-14,-0.0028177566784739483,-0.005298742220089303,-0.0012907872831562361,0.010388582492187659,-0.0074973176384729445,0.036607611715333555,-0.002114534967446735,0.00999965555596427,-0.005740715424732534,0.0050758373024153425,0.00846058410505357,0.04163775685974369,-0.004472947454343901,0.04073991993646375,-0.01082272574418619,-0.008952869044711709,0.0012780408102288643
2025-05-15,-0.004144526899852674,-0.024161720956264898,0.0022402386836897215,-0.008046519280940245,0.019091546745348076,-0.008526401477741863,0.015611118892312703,0.006964165697890934,0.015559653147708463,-0.023477219996407728,0.0022560766944148547,-0.0037682543319644823,0.02778123700342805,-0.013978329078298546,-0.10928229773414688,0.010140409731145494,0.004884346213138491
2025-05-16,-0.0008985807760553133,0.002047074000553817,-0.017322910084201282,0.006985012527140455,0.015200784043883253,0.013600990696819304,0.005678473540940088,0.0002617245273319746,0.0018549786578119232,-0.005497873027711209,0.0025158653272328024,0.004227575282001572,0.005356736657167627,0.0208856061756566,0.0640059169300966,-0.0035917753802243713,0.006334031066959067
2025-05-19,-0.011739103087880398,0.0027725440652370814,0.008836064761415185,0.0017901837318496927,0.008295707565896704,0.0021058913583602568,-0.003676717263838003,-0.010016405327326283,0.00536619380788772,0.00014052810480902345,0.010126049267301873,0.0012555280882564634,0.00912553458418719,-0.022544186527114873,0.08214870495385584,-0.015898057145843913,0.001093839786922457
2025-05-20,-0.009196227967492532,-0.010137739138364021,0.004552752607285049,-0.001786984700908989,0.0023976180749087916,-0.015371580386330574,-0.006141682250402347,0.0030201783792127568,-0.009038093805862624,-0.005199668969564586,-0.0015254082315715456,-0.008777675999028678,0.005280011988120004,0.005057180873010214,0.01801246901080611,-0.014276316370250508,-0.0033621824491902874
2025-05-21,-0.023059077289488417,-0.014455883280997672,-0.008416849202342314,-0.032221918559354745,-0.011110704442026775,0.02793020956055048,-0.01646993323626078,-0.017464567683463383,-0.019910157490307223,-0.0025113560727479944,-0.012222577672636903,-0.01919937581841491,-0.0012677949175937675,-0.026758222357769146,-0.05783931534358733,-0.01229153476802547,-0.016850696938976673
2025-05-22,-0.003612269504163268,0.00984492359983613,0.0034823821212282002,0.0013873181543808677,-0.006993192342428456,0.013704296695649765,-0.0127008398136772,-0.0014173302889515238,0.001053463147271616,0.001683682697573241,0.005060016987625149,0.007814890951064912,-0.0024178906137121148,0.019185982671137136,-0.020826567901640503,-0.006656383114642339,0.00039452286077779064
2025-05-23,-0.030244359994423098,-0.010388973643241206,-0.007851500017778679,-0.0025398332742427865,-0.009458514659053563,-0.01404583400978765,-0.009340906411051675,0.00015331777538163394,-0.011505807270992707,-0.014939417806678956,-0.010288843859711516,-0.011593752308679872,0.005029365306285172,-0.004984788190348977,-0.0037077385187936907,0.000582674882050549,-0.006825668653144379
2025-05-27,0.025298332196322493,0.025026113945093353,0.030299042127748255,0.023611076195982905,0.009211697718766398,0.026295490562913804,0.02120136952200835,0.017567500006796077,0.019464742387959033,0.024335724615455412,0.02334613806360042,0.032066360869777544,0.01145546124428698,0.06939947711644767,-0.001928503678346627,0.004755866141227694,0.02079060009427791
2025-05-28,0.0010489257332475521,-0.006310081665849121,0.016040772906114498,-0.0036182464100183998,-0.004568679480722593,-0.003123106189327207,-0.006317434158081059,-0.00678507325697808,0.002384453948222731,0.0019617099886353184,-0.00722823215831403,-0.005092179819240039,-0.0023843086943394765,-0.016506435862546853,0.010542247675218164,-0.01362048564742424,-0.005785487966141312
2025-05-29,-0.0023451358153920854,0.004787005283780621,0.010608535116898965,0.004085352880068616,-0.004342924017617933,-0.0029010152710103876,0.0006249844830565898,0.003339815562284576,0.0032297282061619637,0.0022840857017851768,0.0028861223130092206,0.03249021742145208,0.007170021627924461,0.004286911755287504,0.0002014741768385786,0.005680165338546095,0.003947421349072666
2025-05-30,0.004501165153201203,-0.0033544115296213484,0.0004133020978871471,-0.0024864416557224267,0.031167558551460584,-0.0006980948536493559,0.0,-0.0013995941549926894,0.013534449877784294,0.0037825813296239463,0.0036626028129052024,-0.029168774144625265,0.00789048787373603,-0.03339564619395741,0.012543183174979822,-0.0037977891174473255,-0.0011185408050885526
2025-06-02,0.0042319709002895944,0.007999607012299847,0.027430082671292766,-0.0011329859757061023,0.016026066497955016,-0.015779626033385008,-0.0008961714599897697,0.0024999935804823625,-0.007479459702307678,0.03615510059627547,0.0034973629578618493,0.016650604741913932,-0.01241989364836027,-0.01088145559849063,0.009307299817717274,0.007331289119172357,0.005633020115018983
2025-06-03,0.007783886983989463,-0.004548692041520419,0.032728915584571805,0.01293100717570983,-0.001192329017945526,-0.016861071613365475,0.013914562743333692,0.006083216973815864,0.0012903663282091138,-0.006036806768386693,0.002164635609618104,0.02795160293020138,-0.005542868829497838,0.004610541775392996,-0.011485969307601707,0.007278083248626999,0.005702639449530089
2025-06-04,-0.0022138614203993656,0.007388989179248462,0.016468634746330757,-0.006494892402854835,-0.0036945557168898135,0.011252876059811179,-0.0018226493380295583,-0.007698850518846112,0.0037115289690645703,0.03164136550587271,0.001943917770565129,0.004956818713814259,-0.0053941620546253954,-0.03549540073392177,-0.002788621786373846,-0.014450841314412433,-0.0002685389754887302
2025-06-05,-0.010797729357132413,0.0032814165352026414,-0.0044046937304432765,0.00045080963872279334,-0.03887069233428431,0.0009522904228118634,-0.002215577178470096,-0.008591258859429574,0.0022426746645547446,-0.004840503299947008,0.008213486205267406,-0.013599154592216278,-0.018981492832403135,-0.14259893789082123,-0.015114122190221457,-0.004594356520152498,-0.004832830393470822
2025-06-06,0.016398311604960636,0.027223334916139486,-0.050013570889650305,0.019265612781143915,0.004085781056849758,0.032518718186178575,-0.005280560020918479,0.014430142755744058,0.007993929497413843,0.0191202217539701,0.00577321866697611,0.012357948351197967,0.007493818898917315,0.036670186138995975,0.024945787644171658,0.023961454675160754,0.010269041453009553
2025-06-09,-0.012112606584436802,0.015966607137600786,-0.010731730120749794,-0.002223822752683735,-0.008631004448053092,0.01510341076417765,-0.0057985916913032565,0.0038007756703972717,-0.009811432051770375,-0.005231429857526448,0.00503848856281075,0.006421226791596402,-0.008901379118124608,0.04553761352840424,-9.87827034155675e-05,0.006713318804049573,0.000901294345408088
2025-06-10,0.006056174171157558,0.0029035159702168745,0.0014328467904596298,0.004903125103120631,0.0010832651172756336,0.01425425502222466,0.007420685471589472,0.006973222451502892,0.008916098893583468,0.012016232587528597,-0.003870955788897623,0.009324819189651112,0.001722452466250468,0.05674382827003055,0.0019788273991960814,0.02143473295494358,0.005669725186957297
2025-06-11,-0.01919380583292518,-0.020265629565462184,0.03384704468513178,-0.00798406283059383,-0.010414232924755296,-0.006998939899425238,-0.020249640846064287,-0.0016753648972049895,0.0020354492884750996,-0.011759641244982522,0.003609936684012771,-0.007780574504993254,-0.004482893494655138,0.0010426457165473302,0.022285154620536485,0.01949259597800257,-0.0028520075838471826
2025-06-12,0.0021128663073402,0.00018765734284498237,0.012494490464968866,-0.0024591924731883763,0.005949178446493564,-0.009303709928440984,0.007490501904760638,0.00033554336133789775,-0.002471391386305921,-0.001123720568210751,0.01322416034564955,0.015192866937380423,0.006600401484739615,-0.022424432461661592,0.025566639500146815,0.0038422995754354705,0.003974254114539111
2025-06-13,-0.013805194198080128,-0.0053460859139069505,-0.028781175890598698,-0.01187803900923845,-0.012466232251788778,-0.005862206784197244,-0.023405664184852126,-0.012265165407020606,-0.046242883221798814,-0.015129196349229934,-0.008165077904118911,-0.020896570123836278,-0.017771721941551966,0.019429076154419578,-0.015604299650728626,0.021780751632478612,-0.01118010433553962
2025-06-16,0.010028022576847206,0.018859028217320217,0.013671081054490664,0.007257812380433881,-0.005907863561167348,0.012022694319630656,-0.003101637234557475,0.02041890796157264,0.011814258972903557,0.028980920363318008,0.00880080681316353,0.019158983835823484,0.0037434186370377542,0.011742668079331553,-0.011756387370992605,0.0032108787170341824,0.009514168641802545
2025-06-17,-0.014010737856372857,-0.005923177895162723,-0.010829001608881228,-0.004053113657270457,-0.006745513763276811,-0.004638847758527076,-0.013519579565590467,-0.003107012598439707,0.0013716833587451571,-0.006964667019025206,-0.00229581711185578,-0.00393952711963419,-0.014669251634204072,-0.03882963749794621,0.0039329566452275255,0.013513437922057614,-0.008545153169998598
2025-06-18,0.004804789548654709,-0.010706651956707725,0.007579022842575611,0.01876559982348347,-0.00288421275227313,-0.014947333605252577,-0.005017482455549893,0.01647386770098458,-0.05394682287266017,-0.002093910721061354,0.004602071906124383,0.00943658447717377,-0.003154231784506578,0.0180179597897272,-0.005406774282988858,-0.007105234701280216,-0.00015053461425473813
2025-06-20,0.022484520846297373,-0.013316402099383007,-0.002712650953142326,0.009764729006778161,0.005528709270956389,-0.03854147892820581,0.007463328237795386,0.003796147839549846,-0.010691918349690632,-0.019288077055668817,-0.005913657689811558,-0.011204215875871726,0.006707993317559335,0.0003416111576173275,-0.01689462616996429,0.013340352368176323,-0.002348631711546645
2025-06-23,0.002487474192778505,-0.005818118205440093,0.015120599692920011,0.01758241963117224,0.024676340043875644,-0.008701463349140348,0.02099418704610878,0.011890945101666217,0.01759950156638923,0.02371231258471651,0.018014197945895427,0.0022245214637306443,0.012257908852973065,0.0823193093872907,-0.0044038301724044215,-0.025806441563795968,0.009877538397528252
2025-06-24,-0.005955261437092574,0.02062648355436747,0.03940578307128195,0.007775408008008133,-0.0025485922510145587,0.009564862056182566,0.009693031503520633,0.010744980914052515,0.027989354733696237,0.019569594065355522,0.008456773658048533,0.02587214120995429,-0.004160712566700808,-0.023545920693855638,0.016429347809881367,-0.030427731851507267,0.011047192108078807
2025-06-25,0.006290497448638854,-0.0036659245365152637,0.0033362927855862257,0.004071945555340184,-0.015350478909455734,0.023445331446817708,0.003995320252540457,0.00995512262971765,-0.014044037008623667,-0.0049424476831450015,0.004407192300888596,0.04334023581240287,-0.008667900376306492,-0.037947582404945,-0.01177930032926644,0.0002768969502402463,0.000560355916550126
2025-06-26,-0.002778249181079495,0.024199205109171285,0.020857718935741953,0.013020344236430725,-0.0036795429991216544,0.016756588666416716,0.004532142289788155,0.016510586007835615,-0.007076617825564346,0.02456682174479541,0.010522737633804846,0.004601093364170028,-0.0021387477703332936,-0.0054037218123500486,0.0019867200539673835,0.014948797921109591,0.007823805236792936
2025-06-27,0.00039802021458856807,0.028463559660798277,-0.0030350606643689826,-0.007163950456641088,0.0022688215043056292,0.028754191681284347,0.014415362790624053,-0.0056796426700883584,0.008262982031111532,0.010384350880625393,-0.00303546917348263,0.0176106085968335,0.007753815173544787,-0.006599526995335614,0.021445866906245836,-0.00554596505441729,0.0049683437757206406
2025-06-30,0.02034007911458713,-0.017510092291414314,0.02338944153600475,0.0042444621670953975,0.004872375909365179,-0.012883102840033356,-0.005694994764397943,0.009752390445922243,0.021114969683247553,0.00607945509951846,0.002964064057870308,0.0015215032777424753,-0.0033778608242758246,-0.018446995428822777,0.009252473772505487,-0.014445029774920126,0.004781261408467019
2025-07-01,0.01291615425542747,0.00487719279454657,-0.03957919644917696,0.017540204280172222,-0.004020438910795288,-0.0022129731965664368,0.017783033444666252,0.001724614023813853,0.004751443598538074,-0.02556608716802833,-0.010775840042182017,-0.02968538298499368,0.011925603376025551,-0.05335897504131726,0.04542113484903276,0.013357992187439827,-0.00032369192397596613
2025-07-02,0.022230762139012317,-0.002449462616694653,0.019490900979832082,0.01163025071189061,-0.0036512893860075613,0.015923569093273304,-0.0035105067698668613,0.005475182891607977,-0.005472858935792746,-0.007855751700045488,-0.0019510223495283752,0.025766349736758842,-0.00012407547934589758,0.04968242780731846,-0.05696950335718076,0.01656909585168198,0.004533253666217929
2025-07-03,0.0052249957659193935,0.015869432167251007,0.019562771395451373,0.00451651318469426,0.0047437347710395095,0.004982101920543602,-0.00045721185663982755,0.01858212743145793,0.013748393939053694,0.007623702599101945,0.015781247914797625,0.013290948772177513,-0.002295345306135399,-0.0009503811144286889,0.0032188195142026643,0.010355612142045612,0.007881390031799329
2025-07-07,-0.01685788485292905,0.0002685535903059755,-0.0036340428676816527,-0.0055181283250104185,0.00522778252886047,-0.01526208174008381,-0.010869566120728424,-0.0136148522647217,-0.007237721557255106,-0.0009179848778186894,-0.0022452408041021554,-0.006903426917781452,-0.0020517771198667045,-0.06789282780315342,-0.015686149947926276,-0.00971473073248763,-0.007451942851096072
2025-07-08,0.00028578971805215403,-0.018391733064396676,-0.008680344161877906,-0.031031588015834832,-0.006389889289336925,-0.0137451073802477,-0.00038077989132645484,-0.03147584325317632,-0.004742358426652826,0.0032295991047592842,-0.0022101138412601307,0.011122303386308818,-0.016261739320197033,0.013165935514200422,0.013137539472831028,0.027720229893253956,-0.0005477079539696339
2025-07-09,0.00538068961510163,0.014496684294917905,0.02244299130652716,-0.006574734706915386,-0.0038038427081115156,0.012961664301466724,0.0096327276722048,0.0013438447906981565,0.00610667703106893,0.01680390728418968,0.013873855040504202,0.01800004482771622,-0.002343268963576506,-0.0064806174796113725,-0.015567109894855435,-0.0034152484592233634,0.005996621705197658
2025-07-10,0.0060150494644521935,-0.0012581953255335065,-0.008996074302036638,0.0027754049156483163,-0.012137469195608874,0.005661904644475024,0.00609092886665219,0.017763852932114466,-0.002813588412116763,-0.007560314724908479,-0.004031709186562593,0.007490180176567662,0.006157880154741058,0.0472826483827995,-0.011224422828610026,0.00992960229237072,0.002820301211159615
2025-07-11,-0.005884925020458898,0.012417933203629827,-0.003703651391894325,-0.0051097189079958305,0.0001649753902772666,0.014469176166917563,-0.008652537727164566,-0.004615161484364139,-0.023672694188485055,-0.0133792706953475,0.003669156659468653,0.0049969065174975125,-0.00908575161265257,0.01174690904506881,0.015325031380062137,0.004350489297407112,-0.003515461852628743
2025-07-14,-0.01202881464197092,0.0029775049161142597,0.0044463470733777655,0.007275863980999553,0.010903484563373755,0.00760296193565968,0.00010800832482082967,0.006414449578479475,0.005162034794802706,0.004752439517465401,-0.0005961072498981146,-0.005153980952691151,-0.020948759261163685,0.010813001260769006,-0.011575267706532166,-0.013081540891574872,0.0019081373370650745
2025-07-15,0.0023488288655426626,0.0029243814744550622,0.019375881634954295,-0.01954531610513144,-0.0134874364810591,0.00242350537595315,-0.03099070160439299,-0.007447246501936622,-0.004810065142814457,-0.014606196540994265,0.005566397658714584,0.040409487719935244,-0.007023937328891505,-0.01931207079538977,-0.029509617489216544,-0.008865807496661327,-0.00427322003118924
2025-07-16,0.005021264030900419,-0.013960696164789232,-0.00046268511083891184,-0.0026002545946854916,-0.016854786109799735,0.005329704065058172,-0.00345755222459343,-0.002547558437330566,0.00937579572001046,-0.010529610895202768,-0.00039542050861096634,0.003925086411351808,0.006877149394167281,0.03504091219258654,0.0026739761707708087,-0.00602252734257136,0.0033432619517372864
2025-07-17,-0.0006661763232523876,0.0030915472640284936,0.020084746345042648,0.021507817331068546,0.0026698291930791207,0.0033337854777450993,0.00458869897294667,0.014274761395282276,0.00016194260718793707,-0.002133950412763208,0.012024908687507718,0.009511608825425233,0.012294137898310797,-0.007025863995037018,-0.015111593673013068,-0.005078827725166879,0.006119641699551259
2025-07-18,0.005523280640275852,0.010050026580880944,-0.010857055118426828,0.006380192316838951,-0.003103009972929449,0.008061942195165095,0.0010027121837488107,0.004725665662063339,-0.005309471492596307,0.004091839232627459,-0.003224567954397073,-0.0034104126703420334,0.0034744669427086983,0.03205907804067243,-0.018814933204202133,-0.03483796267310457,-0.0007323729567987325
2025-07-21,0.006155900285392368,0.014018476542235536,0.017187833751166393,0.003381283468256724,-0.003564820080081965,0.02723444575894929,0.012910384327463387,-0.0010298840080238403,0.003600858712243582,0.012338757049280114,1.9574034191061074e-05,-0.005974085565007559,-0.00045135514031191537,-0.0035188948387289143,-0.001804242480126228,0.002598160623080048,0.00189619482624237
2025-07-22,0.009036090171780309,-0.007980819043607368,-0.03337843827787035,0.00610780184994697,-0.006279324220616944,0.006522806065539122,0.019146237903620023,0.0015808818686022796,0.0074100274312827175,-0.011445049120757833,-0.009391029491788161,-0.02538222035346871,0.021221784131627563,0.0110201078413521,0.010597483236074678,0.004534908573220919,0.00014312186670739635
2025-07-23,-0.0011660036442873167,0.003604836070819184,0.018306432878666623,0.007745357987416046,-0.0004460411733313574,-0.005801156093925508,0.014393069546562831,0.018289186736291096,0.005959648040929855,0.012443091809192675,0.0011874921773831204,0.022451013462275737,-0.0002527270059187181,0.0013550095657464123,0.025882951983923874,0.012806324461428709,0.008507504281572098
2025-07-24,-0.0018211290671763525,0.01725876103762447,0.017695437573975736,0.005193222611010961,-0.00785173379475601,0.01019808508141029,-0.008662112446429115,-0.0007077472124121797,0.0025084969339927987,0.0017097131649712605,0.009903726350291686,0.01733225603753885,0.003348508553146834,-0.08197020076301287,-0.047622389566552625,0.007823210078999443,0.0003310219868288833
2025-07-25,0.0005613917422049308,-0.00340177109187767,0.005091536045367828,0.001239943734395732,0.0017990212647891468,0.00525576494724711,0.006030719819948516,0.006980316607439141,0.008376163151129212,-0.0029659187434212253,0.005539563761002286,-0.0013813851954892487,-0.003211359840750716,0.03524405566934252,0.008902308989227947,-0.0035201980195520566,0.0042243586394272725
2025-07-28,0.0007948587409902785,0.005833005662313484,0.014198099137597175,-0.004540750401660909,-0.0015927688399350881,-0.0031058499942486772,0.005035483423114773,-0.0011385485298224252,0.00010562044915141122,0.006945695248818939,-0.002355518098626219,0.018731976559170027,-0.007517443182138095,0.030152499060024596,0.003771458793133231,0.009420356238178718,-0.0002510907174575472
2025-07-29,-0.012987668901023652,-0.007646371539299812,0.010601491849817624,-0.005805519996853303,0.0006210462936047101,0.016460708102161936,0.00029158997520051244,-0.004157092554039066,-0.008728145758894246,-0.024567073064259426,0.0001366022502800046,-0.007015598949766888,-0.00318243997301082,-0.013483166498468035,-0.07461361386350196,0.01292167560704982,-0.0026376929395429682
2025-07-30,-0.010507862911703691,-0.003549595623255297,0.017483661426384245,0.00020859382432014684,-0.007554287848178687,0.00398467307318473,-0.013939684419873588,0.008719311730002621,-0.0074735827304973634,-0.006842812488320527,0.0013071037867413704,0.021423390482894655,-0.023817150934934417,-0.006724793213012448,0.019037025300041366,-0.008681730772208351,-0.0012592832521511887
2025-07-31,-0.007079609380583052,0.017029402351838252,-0.029475872703758732,-0.014386997522560452,0.013078053177338678,-0.02355879363934421,-0.01228229758695043,-0.011314048540478794,0.013163751396422008,0.11252714896439597,0.03947471430071703,-0.007809523923024808,-0.015764002594283788,-0.03375758288237862,-0.06194555338126073,-0.002323519393286011,-0.0037511687632163504
2025-08-01,-0.025003668581794036,-0.08269617085933034,-0.017228424658569996,-0.03405962299955889,0.015111798793698172,-0.014434527104049355,0.016734269476547547,-0.023190554755137205,-0.011615626477064378,-0.030293189677151333,-0.01760071162414345,-0.023331653451539314,0.0011961944799412372,-0.01829559909125389,-0.047243188278752735,-0.01791471780257814,-0.016390498886999505
2025-08-04,0.004793012026163446,-0.01443541840985152,0.031457838207281874,0.004161125185139447,0.002992035249393954,0.031248290494247044,0.019161710802378717,0.01689875161611676,0.017717656222847378,0.03514617800727948,0.021999179610396657,0.03615013056458749,0.0007301796860115228,0.021907956170373222,0.013500408870826153,-0.020704104192582173,0.015199785864552506
2025-08-05,-0.0021146353111312077,0.009922070229506863,-0.016088940336224655,-0.006324938878266462,-0.012288469546632985,-0.0018970612905705453,0.012052974492185786,-0.00982131505284678,-0.0066162147134678495,-0.016628706723854303,-0.014730099123457463,-0.009666678479423485,-0.0016582421104825995,-0.0017461311772288823,0.0415802357566446,-0.0012108473167617984,-0.005069968581366768
2025-08-06,0.05090672067065416,0.04004677220394748,0.029836534099232148,-0.0030729156704735194,0.02641924859469058,0.007294460110408352,0.0036065066351980146,-6.851608886171423e-05,0.00545899855880716,0.011172863204323757,-0.0053244197244816105,0.006507328309964366,0.015613672849037696,0.03624644466558724,-0.020796764868308615,-0.006807131632576513,0.007659737526496846
2025-08-07,0.03179370364190537,0.0036885760119835798,0.0069280573275245505,-0.011008357312128125,0.00917857531407007,0.002192878883598093,-0.0016286314592438567,-0.015136462140372453,-0.013898452074088463,-0.01316082335474067,-0.0078103149877235545,0.007524356878634952,0.004121421763350508,0.007377028928595486,-0.004516289921321692,-0.005257720026864421,-0.0008376709197908117
2025-08-08,0.04235784341318971,-0.001971955504762035,0.0039834205973274806,0.024265328461388957,0.003611449684953305,0.024933792614868056,0.004350341903422317,0.006342765849460363,0.023342068767998825,0.009805396494442675,0.0023038686436198663,0.010676439283529016,0.00013023978636272915,0.02290006868278205,0.025422062570114257,0.00802273121841579,0.007797598941873041
2025-08-11,-0.008337365796965757,-0.006241858073597895,-0.0035085471059733697,0.003260250413177568,0.007910443018454671,-0.0020851536634273193,-0.0008250928249338152,0.0027704064055678046,-0.001271009730183903,-0.004458642149034686,-0.0005171818656889426,-0.003502982145549449,0.009575932019080469,0.02845443669493286,0.00589890821523098,-0.009082437836983925,-0.0019774524562664597
2025-08-12,0.010872426196794072,0.0007681796954406295,0.029384576652424554,0.02902946700901521,0.0025386004377920823,0.011641787231829515,0.021856392930767354,0.011362159706303387,0.0010285223427379808,0.03150662780745206,0.014316610997022305,0.006042004344120722,0.0007097790781636082,0.005338753399730889,0.03645455290507793,0.002834641878009636,0.01064607776285631
2025-08-13,0.016024457949132653,0.01395221168040428,-0.011955271611164497,-0.005473682569921201,-0.012509483467935234,-0.006786677879090264,0.02823227347188295,-0.007922149441431658,0.0064787915054898,-0.012556861841480638,-0.016362976692187448,-0.008571741132417987,0.002063329329395236,-0.004283509772223915,0.03914812670209944,0.013850996375883495,0.003423088766683291
2025-08-14,-0.0023571835446725142,0.02858923333961183,0.0069235601110584355,0.009949136090586563,-0.003534725739363531,0.004852450352734516,-0.01684751122121797,0.0124943701342628,0.010140199221009727,0.0026278418496195055,0.0036496041193145867,0.002367944666552768,-0.010745759782611053,-0.011196942235471519,-0.0011772440432589182,-0.0020445907320886247,9.299781650273786e-05
2025-08-15,-0.005112168105708581,0.00021648217457226338,-0.01571195352181798,-0.016139207565126767,-0.0034345324254038134,0.004730443347750413,-0.0023480956281639598,-0.012476232483657146,-0.003528895442221125,0.003963552665544823,-0.004421182521546441,-0.008625426597267505,0.004032767056880715,-0.014959143019665277,0.11978335954412578,0.0009398980992183503,-0.002341195058344292
2025-08-18,-0.0030225322092916063,0.0019911124801876845,-0.001893251263117346,0.020877775067931204,0.007520213911436757,-0.001961756907934098,-0.011718224612015105,0.0035801747375252546,0.004194680672119588,-0.02274496121532732,-0.0059019735220721126,0.008644994530914607,0.008810570933158957,0.013915797850586165,0.014736355249220123,0.002159887465570165,-0.0002177065030134484
2025-08-19,-0.001429256279357305,-0.01503309388634011,-0.03548535867211411,0.0033388663271447516,0.0015316731241543646,-0.00948396614345448,0.03166962267654916,-0.002984231225430345,0.0023452772001306688,-0.02070707911527847,-0.014175133788019156,-0.03499803385129541,0.017210298747917685,-0.017454368181154756,-0.013776818881438557,0.006559158410807786,-0.005425144946620719
2025-08-20,-0.019734624185850147,-0.01842023178556884,-0.012681828279514362,0.005615602268792097,0.013987873408408902,-0.011162380228148416,-0.013408664985915086,0.005435909901663427,0.01224569295395117,-0.005003450080230731,-0.007944754563585454,-0.0013664420020655932,0.007007596315890208,-0.016428300696053943,-0.014462225187693023,0.010333313463735116,-0.0026570426982367445
2025-08-21,-0.004911252928377019,-0.008310623433453235,-0.005392071782087116,-0.001861494208370118,-0.025025912588324983,0.0021573430476768962,-0.010056179403796772,-0.0026347907597954467,-0.0012822673001936513,-0.011528395274682302,-0.0012874448271453787,-0.002394523760180123,-0.004889966364683862,-0.011701168929731831,0.011706317557218293,0.006449839635096044,-0.004011862429981972
2025-08-22,0.012716733406805902,0.031043025385826706,0.015193399673621766,0.02527978682087073,-0.011488332150840663,0.03173962816767961,0.0379431683539746,0.016365201143015762,0.01189357280172243,0.02122850277284205,0.005929759328559658,0.01720203129126263,-0.00037801455719055355,0.062166209505171155,0.013416891861247837,0.018767681430714056,0.015356883316778536
2025-08-25,-0.002634317288807808,-0.003932852258726194,0.0007823774021902263,0.0,-0.01769350765552402,0.011645388383783928,-0.009423757807141997,-0.004523289620760429,-0.009599993796186146,-0.001974074160757344,-0.005855322614779834,0.010225279904412465,-0.015882034225917385,0.019381771561470362,-0.008327424968798791,0.004133693767638835,-0.004401156151292773
2025-08-26,0.00946469850209164,0.0033781006590050122,0.012846982727660938,0.015561876336942726,-0.000254916357639301,-0.00647514851969222,-0.0033258974604970515,0.01244492556046728,-0.002697309459313124,0.0010620194875057276,-0.004402486817823403,0.01090038045583408,-0.0011526826242787003,0.01462783391499567,-0.014531282990725036,-0.002237345248392919,0.004187098314019977
2025-08-27,0.005145899965004919,0.0017926124405795996,0.007516542869217657,0.0025870641268856964,0.008689754242644288,0.0016414185196689246,0.0017174990031154636,0.0023779280781519585,-0.0016057589142656203,-0.008911240121915132,0.00936174929347322,-0.0009352586115993766,0.0063474646542931445,-0.0058862207330171445,0.011483583582790446,0.011301549600390315,0.0022784921171898898
2025-08-28,0.008980857430412437,0.0108240705271474,0.027976619826957094,0.0021834762987700262,-0.004802459073272036,0.020050119405927047,-0.0019350401849600463,0.005981130523019074,-0.0003047198781037652,0.004990740455242726,0.005722875500879798,-0.00787445113463825,-0.008346175435615,-0.010354676927882056,-0.005232460422332719,0.00532148678358535,0.0035414005434608598
2025-08-29,-0.0018060207961334562,-0.011226278216735164,-0.03648133788721575,0.004951433021971097,-0.0017355361637303446,0.006000829254336759,-0.0016689802935995202,0.0011624885627850023,0.008145901086033858,-0.01652215551864833,-0.005788398677616269,-0.03324640797648848,0.008930248757112791,-0.03500206799409333,0.025075279225020397,0.008292872376035376,-0.005963709384858351
2025-09-02,-0.010424709383172748,-0.015982548742835667,0.0028581933606119936,-0.0063067534286018745,-0.00477033107158964,-0.007327036944336007,-0.0011307896299961318,-0.005706295482088786,-0.005745057786293972,-0.004859972517638256,-0.0030985624661443723,-0.019519999551419476,0.006049527103061392,-0.01350828116207925,-0.003453036055686809,0.003499922459630378,-0.0074102876897714776
2025-09-03,0.038089871578786294,0.0028845707190781056,0.013914931138575115,-0.007139975688720823,0.011674231930070889,0.09136504273330615,0.003445624730163077,-0.0006339879767393031,0.002382281713925183,0.0026390911109244186,0.00045536395189338386,-0.0009368255731577735,0.0011392580001168273,0.014361219324440011,-0.0029792259138690103,-0.024239271994451306,0.005419563658397131
2025-09-04,0.005493288226302795,0.042877945692648245,0.012268966786479707,0.01118658577135978,0.0064435699828280235,0.007109978471034006,0.015490518827562916,0.014390192958637638,0.003977858732499673,0.01573846344720886,0.0051845390236209266,0.006095434014578904,0.006448805086923359,0.01328983953448204,0.008120073007653383,0.0043784909280828455,0.008357388769671292
2025-09-05,-0.00037531045761318715,-0.014214150326010255,0.09405416666208066,-0.011322959406555588,0.007929682454630438,0.011622933139023406,0.01763463412388666,-0.03107109660479279,-0.01917269668613053,0.005075761658183353,-0.02553300317935414,-0.027030176954567886,0.005213881393343778,0.036363092201525005,0.01614151067343439,-0.02820280879831505,-0.002896204096427546
2025-09-08,-0.007551402650500583,0.015107797009308976,0.03212991420785749,-0.006228689399617404,0.008687236949240784,-0.003194417167301622,0.0023629879734021753,-0.004993555442518116,0.004073859428155302,-0.0001994348236435961,0.006464664083856375,0.007723537011001813,-0.006311739353164869,-0.01265534855703887,0.015409476420698454,0.0056760246140734605,0.002456585107699638
2025-09-09,-0.014839412310012845,0.010176429751274751,-0.025979919174451194,0.016781264277215602,0.007614387028668235,0.02388482164590222,-0.010953934508543428,0.01686527660127779,-0.0044322972379251535,0.01781214789786678,0.0004214913712405899,0.014556454508461547,0.002830068435919264,0.001645517708609212,0.08640126767181044,0.007282700040599943,0.002311868135340678
2025-09-10,-0.03225948363240483,-0.03320182790348514,0.09772170964206839,-0.003181531835219076,-0.023446565043205414,-0.0019196354100891044,-0.005080162908938979,0.009031448219285032,-0.007911033911801368,-0.017918260181912782,0.003932486980097183,0.038475118978007705,-0.013232187939640427,0.0023633378140295314,-0.0032766677335934746,0.01671940697891494,0.002890909713888945
2025-09-11,0.014286344459361722,-0.0016498279850283293,-0.02689613500246013,0.012367841729810536,0.00839705683087777,0.005017364978125993,0.024659452544856686,0.01670321601624747,0.016138001862016305,-0.0014361779134077768,0.001279093683331567,-0.0008459409078864777,0.008134775726799548,0.06043873744853956,0.019695484348599468,-0.0032000147765609555,0.008310219325036394
2025-09-12,0.017562991653877313,-0.007827802024989672,0.0006673631566993521,-0.003349747099156364,0.0037125331920990767,0.0017889050156991715,-0.0017241346792339352,0.0044181403586278645,-0.014132202364052437,0.006245792946501627,0.01774413665651453,0.003668790142465017,-0.004601995218225685,0.07356092584909457,-0.0031107189136413416,0.00017836838293794344,-0.0003346350028212708
2025-09-15,0.011235905200573493,0.014376501718361023,0.011726472690189782,0.00019771513176514155,-0.0080587680812515,0.04489202259397507,4.7305208993764225e-05,0.006483902651533757,0.004393539406915892,0.012056802135399058,0.010707919019930845,-0.0003937196059062842,-0.006776386730870221,0.03561147147692467,-0.006879863742844439,0.001693957285817449,0.005323924934497848
2025-09-16,0.006125886829152938,0.011320962964584513,-0.011233454049893399,0.0013836565415044078,-0.008363670740903273,-0.0017884869068218734,-0.002980741151092703,0.000938840642497718,0.0059351327822545485,0.018700114170918658,-0.012263220518934581,-0.016146200650305254,0.007779153897605973,0.028241113869250656,-0.023311996634263976,0.020738781500856174,-0.0013768510142991852
2025-09-17,0.003527257682534257,-0.010382430689534927,-0.03841672158501064,0.014607209838536805,0.011511761365292417,-0.006489896020867025,-0.010558745520750312,0.008279676933909075,0.02082137210368029,-0.004210486503868127,0.0019251535011401977,-0.0262466124353834,0.014425771016162159,0.01005642588937583,0.005385842030490862,0.005319171781982046,-0.001242399741884448
2025-09-18,-0.004644576907642972,-0.0016837898189709932,-0.002368727488484379,0.014202350218306625,-0.01107965711840564,0.010018841661267652,0.0011510375284491392,0.004747492105793061,-0.021014754125641133,0.0058397345914738,-0.003078271631019369,0.03494044179741329,-0.018773731553838213,-0.021157139806429193,-0.01987639845861866,-0.011796386779539647,0.004672477269690223
2025-09-19,0.03203291306373979,0.0010811746080494622,-0.0011872645281596483,0.0023018895737363376,-0.0012600262029999199,0.010673356823034386,-0.004287645873617185,0.004948375124898874,-0.00322498798907056,-0.0023967097084174327,0.018644821499281594,0.0024397757740604042,-0.008136424311817492,0.022118270566640064,0.005585005618864658,-0.009742796863887793,0.0049528251606558715
2025-09-22,0.043095700465100695,-0.016632067201427403,-0.016146349814315508,-0.006315841849517723,-0.008305600339395425,-0.008597674509774333,-0.008876814753229656,-0.007433749843884008,0.0005649565014880231,-0.016320493419580195,-0.00671896000808514,0.03928232103372031,-0.019033458845114315,0.019104804353584193,0.013692156428863012,-0.007090981821535558,0.004731035459799804
2025-09-23,-0.00644325892472386,-0.030400202172415014,0.0004427689938963919,-0.004237175789250758,0.0003604073185883294,-0.00344513219309428,-0.0026455868603786348,0.0009601020758698287,-0.02484216813273754,-0.012755460270561625,-0.010146733574206479,-0.028212006005454482,-0.0037238756775417325,-0.019253323313789705,0.018722521783410828,0.017229099215925414,-0.005443520514135325
2025-09-24,-0.00833236483994404,-0.0022654160880354324,0.0010916380578891438,0.0,0.0017698420291458739,-0.017960735247747994,-0.0027743700708886543,0.002174483898366386,-0.002035153906101539,0.006963148819202569,0.00180657457693445,-0.008182460916363432,-0.0005245426725438707,0.03977927016229388,0.011849678395789098,0.005353180580152106,-0.00318164448653413
2025-09-25,0.018072960876120314,-0.00935476479077324,-0.009460428896205797,0.002901256484290071,-0.0020734640059011378,-0.005462566986984996,-0.005661620789238819,9.569042796320204e-05,-0.0026547485918271274,-0.015447102697555337,-0.006115838274090013,0.004068547225810182,-0.0017714370394863455,-0.04381307961359793,-0.017765338042509238,0.008990950938472686,-0.0046134329671143615
2025-09-26,-0.0054890828406448655,0.007471945580644679,-0.004671182315753586,0.006943109161614558,-0.02900425357879044,0.0030513935556579774,0.006479276657296085,0.008326618686454568,-0.0038250932841850105,-0.006889969137388485,0.008737152226625744,0.0028138741532013345,0.002300329891018693,0.0401756741055197,-0.00428292539461006,0.014101574346779833,0.005729075724434596
2025-09-29,-0.004031959845059219,0.01087450815780766,-0.019818854769857674,0.004022244777750483,0.001004422609144573,-0.010099721410273599,-0.008022709101428882,-0.0011706152575265971,0.005326227803058359,-0.00047061065222697707,0.006139209617859853,0.020539923491998513,0.0067541670209965154,0.00638055766924972,0.003197014013019972,-0.02559286824799878,0.002810389450384143
2025-09-30,0.0007861004710238984,-0.011702709034319914,0.006129927076452324,-0.01583360313479798,0.009554239060699299,-0.0038926134690757674,-0.003957684629532832,-0.0008236452133915106,0.001179307567996224,-0.012133420542747131,0.006510046099705846,0.02601036044211913,0.0007815353882707488,0.0034069849388267404,0.00034756470622365754,-0.012869886695405564,0.00376684572535102
2025-10-01,0.003220330351537015,0.004827606336181178,0.010548343322045461,-0.017639094485157325,-0.008956030854794461,0.007404316759317631,-0.02016336789811779,-0.014963734208879198,0.008720013202829335,-0.02320325841768578,0.0033980146961596347,0.0035374096693667756,-0.0030588981906318757,0.033144428390707636,0.008688145079068121,-0.006740645487521069,0.003407569706178837
2025-10-02,0.006576638338942287,0.008067800117406154,0.014367467954111923,-0.003946348783750109,-0.0006213826249797938,0.003225831591515238,-0.005062684372342807,-0.010170266040997467,0.0062045615723647085,0.013536119808016833,-0.007638878920421699,0.008812188281308808,-0.007376901264117275,-0.051059922281332826,0.015561348453202006,-0.006250499519739439,0.0011517801124745208
2025-10-03,0.0034612513299712155,-0.013039023009411066,0.0005618282799981777,0.0031695569396024137,-0.0015162202632951205,-0.0013838778970748367,0.00012658907979457013,0.00806378357886528,0.005404115638970808,-0.022680696471600426,0.003121613820278757,-0.006723563599384308,0.001446913006351247,-0.014151406944344913,0.018319527836009986,0.01770150360398448,-1.4818614668121732e-05
2025-10-06,-0.0051546117135026215,0.00633228292302257,-0.008511337742362457,-0.004936794761183694,-0.0048504319930600115,0.020705099159256113,-0.014504199418805763,0.0021067445598679235,-0.00282535903454717,0.007177411090883989,0.02168755785021248,-0.011086215174256564,-0.012215097113301598,0.054486690457546505,-0.003970076950200241,0.00829946204585652,0.003586249365854499
2025-10-07,-0.0008180341665524615,0.003983725247293846,0.00274225867184974,-0.0019845302673396903,0.0042373882127431095,-0.018647922147380647,-0.006472602204774525,-0.004819167700600424,0.0017795901473172115,-0.003605040638220869,-0.008683914333705078,-0.0026948223486520373,0.014161158170475696,-0.044478772558432134,0.013629956686527889,0.0005253852527540293,-0.003707511977453004
2025-10-08,0.00616028826380699,0.015510877718191152,0.027020573907711842,-0.008948105941670392,0.0,-0.004638659300595149,-0.007807416787879662,-0.011895101020730658,-0.005863775080963807,0.006675328960725091,0.0016604328468814433,0.021995272018898726,-0.01212790126436436,0.012930352007360923,0.01721390514653165,-0.0021005048283995187,0.005963096319924199
2025-10-09,-0.01557785637436715,0.01118907849570383,-0.00138932609232989,-0.0010031766362553762,0.030706139791455866,-0.012631845440750467,-0.015894164286088697,0.004933723665502043,-0.019333666315342724,0.021829285384419306,-0.004667905849160436,0.018296234844958237,-0.0007299858061148301,-0.007180455170972544,-0.006028362079447347,-0.009735039161685166,-0.002897030241612586
2025-10-10,-0.03452205816262133,-0.049925397829666096,-0.0590979778135885,-0.022896150168444818,-0.013660078754168525,-0.020535746515027986,-0.005136454637024501,-0.015186672828847558,-0.012523261849420986,-0.03845891842078397,-0.021899006825811917,-0.048865313503278496,-0.005910479933378787,-0.05062684914805626,-0.03587257986903236,-0.01930745233170239,-0.027027820787662193
2025-10-13,0.009744341420789837,0.017100394188331425,0.09878940330659014,0.004316496409461523,0.005967629085583459,0.03204124613867676,0.009633992953584025,0.023530147986259742,0.0031570815585970635,0.01474552100090265,0.006047382281049618,0.028172094324491193,-0.014697043992897063,0.054197209585187034,0.01173479522260612,0.013636731057282692,0.015344092809244536
2025-10-14,0.00044415864468594357,-0.016721987604375044,-0.03523968406031053,0.025174032803600088,0.011704262747475491,0.005324588786037365,0.02201021592041652,-0.01912528696006499,0.015521051475849479,-0.009850489989606914,-0.0009336866012938927,-0.044020878931481766,0.011322791925349796,-0.015278742269702716,0.00354100708578331,0.00044548939756494654,-0.0012216512196846496
2025-10-15,0.006336529564029414,-0.003789417568938358,0.020922233366980958,0.04372127219136268,0.008959161838990592,0.022733764902369558,0.001495900592284105,0.011950529759034545,-0.008997720639055018,0.012559110977790056,-0.00027266410211590486,-0.0011108861160341599,-0.01166535118433587,0.013768529951932784,0.0033895504197971604,-0.006055738620405204,0.004439541098594013
2025-10-16,-0.007580006053321764,-0.00510277898660183,0.008026704042811472,-0.03519515424486186,-0.030754232580715968,0.0017129390949852663,-0.002343449415790899,-0.023389688375087925,-0.022973992523000808,-0.007637085259006304,-0.003544766386996634,0.01101039374584789,0.014787749922479332,-0.01470755828163206,-0.012404798994957722,-0.008690947008923255,-0.006810210567109287
2025-10-17,0.019559441912186948,-0.006667636156250767,-0.01361004090178175,0.01665348454909865,0.011570640202911653,0.007317302723738317,0.011641935228618339,-0.003282678898230973,0.020167974325009164,0.006811072580296562,0.0038506870028647278,0.007755381139704642,0.012032022671907061,0.02462973191508744,-0.00019630799699688062,0.014461259044112662,0.005676314860669995
2025-10-20,0.03943876231500254,0.016147214372026486,-0.0002576808634759953,0.0148206340614212,-0.00023499986095842917,0.012830588752420269,-0.00768046410233203,0.016131159538753437,0.009608383567629497,0.02127151790853188,0.006250077392229603,-0.003165612794975625,0.003698882206038201,0.018483519979771268,0.022097644453201504,0.004098337893251314,0.01040043503835153
2025-10-21,0.0020210237725979407,0.025637486886977978,-0.018840853399142987,-0.009992302220979132,0.0014848952940533788,-0.02373804253829992,0.0051685227486872876,-0.017429518682984146,0.010011378084546108,0.0015024907607539273,0.0016835341532732695,-0.008103382544775273,-0.0022374809814622587,-0.010794954856246153,0.002441771693840966,8.877518987482347e-05,-1.4955077773270986e-05
2025-10-22,-0.016440156296572916,-0.018375903497213075,-0.006887311677511221,-0.008152227509160781,0.007658671430341046,0.004910988972602448,-0.004937337241757489,-0.010030667552127337,-0.0011713440046776658,0.00019085136369167977,0.005563524504231809,-0.0048576290737047945,0.003825361170663788,-0.008201547294971134,-0.010619395357656547,0.017744653459593307,-0.005198882255361581
2025-10-23,0.004372103072468825,0.014406971477930908,0.011724981591971995,0.012915808245421267,-0.0027840086398795982,0.00552263671369535,-0.010129295470844513,0.0014621169452826432,0.004218066090513117,0.0008044878076245432,3.8413668217440744e-05,0.010428238221011243,6.572231142243368e-05,0.022803402824313368,-0.00287688610267689,0.01107145823568656,0.005929966083050742
2025-10-24,0.012481878875396424,0.01411194729592502,0.028580525126219447,0.015649233151274977,-0.01051960773754601,0.027027134645899675,0.004285320207607413,0.020031213843006768,-0.00017434968312823873,0.005940052210142932,0.005859092800333476,0.022507632123081045,0.008845379293260125,-0.03398817183887881,0.005687269312935284,-0.005087153409762402,0.008172547247097484
2025-10-27,0.02279111912415832,0.012309863182682124,0.022364673508507238,0.008560019519076478,-0.0024567548332177225,0.03597242410613788,-0.003646428456535178,0.012348526910299418,-0.0022835386156135895,0.016875213858493776,0.015106740785724382,0.028079096808919735,-0.0049183551248125346,0.043115401997602554,0.009600079463896627,0.004766475705280326,0.011797667854098304
2025-10-28,0.0007068314349076843,0.010045375014470892,0.030161562395331964,-0.002829170710681006,-0.006119249945721217,-0.006684644958969366,0.0012459142852747629,0.003978272166232255,-0.011234175764107124,0.0008257799552695566,0.019848700368470196,0.04981986311030795,-0.0024384497336349398,0.017969970655449252,0.005082208442488412,-0.007848932901056371,0.0026560013292959983
2025-10-29,0.0026023003490212027,0.0045801659836763875,0.03488220049268165,-0.005485098855873671,-0.01270340050552754,0.026545064534484908,-0.01998697829059526,0.0004913034492379786,-0.020055441013602238,0.0003060587437690998,-0.0009593122552365996,0.029896001728863864,-0.01717639511525193,0.0020845119924046696,-0.034199618771821205,0.012344577964539027,0.0004803260550556576
2025-10-30,0.006303226049785504,-0.03230569840563213,-0.024638616487686282,0.008558318522392305,0.008504840242846257,0.025166637397401326,0.003994228148985979,0.01286371166298661,-0.0016228936967209728,-0.11334759545156259,-0.029157040620222285,-0.02004441686938907,0.005444629531033085,-0.04639120107705208,-0.0295839965601854,-0.015113684901892355,-0.010998113191920567
2025-10-31,-0.0037950967413132863,0.09584492754129248,-0.01816877169016151,0.007920097917319069,-0.008085922684462843,-0.0010303218613968435,0.00010536392188797983,0.005429138645703491,-0.0030523090300571543,-0.027188006906345485,-0.015121028709135675,-0.0019715160938454934,0.005281409790495184,0.03740057084027071,-0.009253098699065987,-0.002877340309256904,0.003280260922519762
2025-11-03,-0.004882213161503057,0.04004585509136338,-0.01915434028143992,0.0020580151212852282,0.018201728672031958,0.008997491423500703,-0.003266665711856187,-0.00568908794500711,-0.014348055309469365,-0.016410823155651455,-0.0015062677507543532,0.02168008099085683,-0.015628056933134515,0.02586735066967427,-0.022748570045936667,-0.005246569096718057,0.0018766915803232198
2025-11-04,0.0036796245826942187,-0.018425168014886806,-0.02926488633632307,-0.00037342908849369305,0.013684768445026085,-0.021782052468770408,0.01250160130188882,-0.00032327816887822713,0.01595381579379862,-0.016292763211145256,-0.005222114924611443,-0.039588169738104084,-0.0057425083028035395,-0.05147636612701911,-0.0088678967246143,0.0033403321890173032,-0.011853595199365574
2025-11-05,0.0003703577594871277,0.0035295587926045258,0.020003482084726132,-0.02035862871106664,-0.006069648358498547,0.02439284166801814,-0.0241202402354439,0.007857696607215026,0.001013111820160617,0.013756964098529334,-0.013940545528193238,-0.017514676525078765,-0.0093769443499504,0.040089130615176494,-0.009340154753280427,-0.004030115895668485,0.0034654701339136285
2025-11-06,-0.0013697259247742455,-0.028617121300727022,-0.009443475299756976,0.016015285447023242,-0.01224560906951988,0.0015476607326603276,-0.012759475840972367,0.005582715582784115,-5.4161793300311345e-05,-0.02674741141844028,-0.019835933804179806,-0.03652479239708739,0.002332201195814454,-0.03497306340156037,-0.01885633775354667,0.007213222008508602,-0.01072938225080955
2025-11-07,-0.004818903572332056,0.005636975040415049,-0.017323373449801616,-0.0016888730458352041,-0.0009095333808928352,-0.020790299711869298,0.0055273944198757086,0.002520509200111709,-0.00236780386853086,0.004475423463764727,-0.0005632731050992934,0.0003721605718307597,0.005816675674569449,-0.03675632866235745,0.00824104928224867,0.023755418878938617,0.0009845659403016072
2025-11-10,0.004548679242277531,0.01632498741700883,0.025641884959689776,0.004135300356163496,-0.007781165606529639,0.040419011496126034,-0.0018323367586501327,0.008529401566603312,0.001793668717647856,0.016165091145470045,0.018477499302281375,0.05793253025650147,-0.010069368421282143,0.03657576451501576,-0.008112094255513402,0.00853099985293193,0.01560435822838957
2025-11-11,0.021601185771556786,0.0028180846386129943,-0.017941444534679052,0.003931137970625276,-0.0018568004407842897,0.004170937378253692,0.010285361485548261,-0.0040077612816515895,0.009747456233911489,-0.007407814938252266,0.005296431648967648,-0.029590588624919145,0.02089342464696098,-0.01260026442672324,0.01825376269793222,0.013195711001696697,0.0022892033827353053
2025-11-12,-0.006466843884820661,-0.01967085120518708,0.009262444618191257,0.008950171316509214,0.0001532123636900362,-0.015790710658504348,-0.008310126539164187,0.015176505351453873,0.005158063954046277,-0.028816135118604147,0.004836125024470617,0.003313338698486268,-0.003568054418017441,-0.02051769508633805,0.0354557261051609,-0.01385868054942041,0.0005564068664263289
2025-11-13,-0.0019014480979659965,-0.027108907452568887,-0.04290293536886214,-0.022916278531520784,0.012122556991076339,-0.028391039850579003,-0.008245111866734156,-0.03411252005510901,-0.010084944392678263,0.0014449508916298814,-0.015357870890138514,-0.03581015057278758,-0.00033773255066527064,-0.06644220962287406,-0.019288668287949506,0.0056721459751420955,-0.016594062566875234
2025-11-14,-0.0019784155368063328,-0.012164320933474637,0.0072944162299593,-0.0049177173523367035,-0.002270113484561187,-0.007753928185205039,-0.01551344475179528,-0.01896738214548188,-0.01771158760506364,-0.0007050072138292673,0.013689874696540372,0.017713789900268395,-0.0019600468488941702,0.005870832424868633,-0.03205822283427939,0.012992516572196466,-0.00016359600785664785
2025-11-17,-0.018171183658773127,-0.007754941860691922,0.0005548959500898398,-0.02147878557117966,-0.011256965300595723,0.031149374212974257,-0.011949387955490276,-0.01067155360724803,-0.0162717922793707,-0.012224002270764589,-0.005272633968357532,-0.01877263779914551,-0.012527872063829992,0.011302107716671506,-0.004163313453804274,-0.013496526096027583,-0.009316476786200845
2025-11-18,-7.473646268785217e-05,-0.04431653833391602,-0.006274654747645436,0.003107988176148213,-0.019187158801153736,-0.0025962588244621276,-0.06019044252859018,-0.003196029798860578,-0.017267316601767946,-0.007175940159674599,-0.026995548838964045,-0.028081496281955554,0.008023577768336843,-0.018756757252943457,-0.021652302314223992,0.011471774903298648,-0.008397487448507768
2025-11-19,0.004187836924032684,0.0006290693674619874,0.04088110518169752,0.007358657163132998,-0.005005185478804575,0.03000559231847899,-0.005884477690988765,0.012891971892557752,0.005269282709100986,-0.012330839577772035,-0.013507811998847874,0.028451704496452512,0.0,0.006828636098130891,-0.014318446081441727,-0.014114091593756983,0.0038631576379948296
2025-11-20,-0.008601420835542606,-0.02492255148822009,-0.021443466636115405,-0.01960787782546236,0.0030204384854564115,-0.011474964973761326,-0.0063378412241393844,-0.01612419397897935,-0.00467603238789982,-0.001981907757730994,-0.016001314074220674,-0.03152475142545741,0.008163799601313748,-0.02168365419886953,0.007926450648811922,-0.002812116193827374,-0.01524230348712119
2025-11-21,0.019680714495305063,0.016348913427910006,-0.019087719669449443,0.01098041491926538,0.006403331369409182,0.03527373218836982,0.03291420538695555,-0.0012065683465687371,0.023717548335685512,0.008656506823181198,-0.013188967362399162,-0.009743140680959717,0.018422266566993972,-0.010474950113494086,0.027059186435516525,0.0005127772150883558,0.009961204755846165
2025-11-24,0.0163174457722548,0.02532963104830621,0.11099346283631206,0.007176117566599194,-0.014338010153855718,0.06313819444727531,-0.0196319143545457,-6.707272803418984e-05,-0.004718817011324039,0.03163649648272071,0.003982048848293118,0.020516570501995846,-0.02610656300827452,0.0682451678419993,-0.002875343959156451,-0.009480702024187604,0.014718547807599958
2025-11-25,0.003805406428931457,0.0149814363087164,0.01870573750857618,0.010591120273858445,0.009265135667738233,0.015255255140113944,0.04305076993638912,0.016778523489932917,0.016026764913016578,0.03779454138520566,0.006307996275052741,-0.02591070699981468,0.010273573340035647,0.0038776272725380423,0.022661083382572,-0.012589454765065677,0.009405913041440561
2025-11-26,0.0020940411225383038,-0.0022205534501759105,0.03256889043053879,0.009718042117336845,0.015575897498229407,-0.010790201324564874,0.012533053553405615,0.01531357969781344,-0.0028180469374415873,-0.0041023172278793485,0.01784106572434263,0.013721660319353957,-0.001616307389625038,0.017119677587676296,0.010512385948997505,0.0022704960438881816,0.006903544626688962
2025-11-28,0.004683906927485104,0.01771686809963624,0.013557343304599456,0.012455210853077103,0.005868382437336672,0.0007187941819570831,0.004079169888193235,0.01768291400598443,0.010276616622982626,0.02263230667394489,0.013408876963182381,-0.01808494995412202,-0.0006070579284359612,0.008415835173881447,0.00018198282447401404,0.010020053668341466,0.005458400735868674
2025-12-01,0.015241168753721723,0.0028299616613276513,-0.04189004958427345,-0.007642168353415246,-0.0017841754341637595,-0.01652191744239284,0.0011486698776297377,-0.013287253490957496,-0.011915896035913587,-0.010926844959189719,-0.010711203891482723,0.01649722145253496,-0.004859619350071953,-6.973703038437584e-05,-0.019892609608863965,0.006124905932433533,-0.004565432491131505
2025-12-02,0.010914857899228636,0.0023088475921804186,-0.011681481192269638,-0.0009391840176232735,0.011042158736779273,0.002921572280305318,-0.009235203281488413,-0.0033665949103850457,0.003566377825780842,0.009721147405932218,0.00669764110414528,0.008559374639807826,-0.010716235790097728,-0.0020923987153301793,0.0041149356956935446,-0.01071765437226202,0.001852203967944055
2025-12-03,-0.00712816145749029,-0.008702300580441968,-0.0025159847326090556,0.01692055562280048,0.0002494283932654717,0.012095983860288984,0.010959539939295437,0.013804079292572657,0.014324719658763918,-0.01159018510124088,-0.025040793905452774,-0.010305343286772684,0.005827547648147302,0.04076973347810542,0.04674311163635769,0.02097422305379837,0.003462767968857472
2025-12-04,-0.012141410394363561,-0.014071797072686909,0.0011035498846803105,0.0012941242858390822,-0.02862535958896406,-0.0062885564724237675,-0.012485509706479991,0.012719063078199255,-0.020623739571566713,0.03428721726010542,0.006509922508618482,0.02116050235556166,-0.009201867914494621,0.017437455153354264,-0.01830975699797255,-0.005602747410960451,0.0007311238379490437
2025-12-05,-0.00684009028940924,0.0018331725713693903,0.02417133007113681,0.0012991776807080857,-0.0013171619394499734,0.011491621597949253,0.009795745058784888,-0.00335336139869169,0.005919164291839252,0.017973390893688768,0.004824905045104577,-0.0052895691726204674,-0.013139816002266547,0.0010340378456106247,-0.00773638028753687,-0.005122063148773726,0.001899461628388499
2025-12-08,-0.00319242461710445,-0.011501761877265149,0.027829037204837315,-0.0009267699046057176,-0.008002831406922817,-0.022861666273624293,-0.013253946260970428,0.000539559756049135,-0.00931224686164378,-0.009830445808821642,0.01626787253081341,0.01721396484079274,-0.0356221730154187,-0.033890139401614006,-0.015454782036054548,-0.00480519610601049,-0.003004219352025661
2025-12-09,-0.002555046727945598,0.004539639393836836,0.012939405685788552,-0.00667904638516037,0.0010365770798523855,0.010710140693894532,-0.013260594438214812,-0.046635519456711405,-0.0053475217144955955,-0.014756940945486408,0.002036576967077819,-0.0031258519079242486,0.00932491382876055,0.01271674558948499,-6.176693026838098e-05,0.019572310548055416,-0.000863122274760153
2025-12-10,0.00577244442526248,0.016935769749744978,0.01644144147534088,0.010085933998756014,-0.01579175775327646,0.009871341665706579,0.01697227113738098,0.031945610042822814,0.0024369781198809726,-0.010396414198527104,-0.027356594763681685,-0.006433488855235314,0.0013607565334234906,0.014106967203253218,0.014740386043583742,0.010909098651394,0.006632218302348614
2025-12-11,-0.0026902934331158868,-0.006471654188885845,-0.01598180649439318,0.008875730879888577,0.011516345459790633,-0.024296552221695134,0.01802747268601612,0.02344335840398104,0.04548493195247039,0.003968411310667497,0.010259954210878552,-0.015507705530775517,0.006722837458000619,-0.010100780674035192,0.025459134492958668,0.0,0.002326931778056762
2025-12-12,0.0008991835452922814,-0.017760970816273702,-0.11428010770398289,0.010630461909067135,-1.131711948942904e-05,-0.010050200699258216,0.006126566591387217,0.0035918586972114586,0.015194273093676491,-0.012991977940506216,-0.01021780550795981,-0.032664503634346365,0.014776938847874677,0.027008830833098685,0.01517531905337055,-0.006023098671480764,-0.010751997629438903
2025-12-15,-0.014984955605960026,-0.01613691637948922,-0.05589975315295326,0.0034458187070984803,-0.027033109021806112,-0.003459559942633361,-0.007396089829699748,0.004709280584383135,-0.004895682738841778,0.005911081279098118,-0.0077528921165697096,0.007256250615185866,0.016031984063516802,0.035624033484225714,-0.0021647268965084843,-0.008921036536914895,-0.0015108134140046081
2025-12-16,0.0018240853187405648,8.989068511033871e-05,0.004384796361296628,-0.009398164477771864,-0.00019752592572108707,-0.005353299234149622,-0.012073160807013372,-0.013967881301665042,-0.005464455089137066,0.014887823358787688,0.003306531527738965,0.00811167955658898,0.0005512425298910273,0.030653694218629735,-0.02022865368812221,-0.026154906378921372,-0.0027323197983205594
2025-12-17,-0.010086993049891024,-0.005796159688549518,-0.04477001279299364,-0.0047436987724136515,0.0026267270971855883,-0.03212971219685745,0.011540227426397598,-0.0018062963989546876,-0.0009717833453674052,-0.011641214532227329,-0.0005668035075194755,-0.038149891586355955,0.017905039077987128,-0.04617456293730249,-0.00769002761922899,0.023805400677265,-0.011003588240296014
2025-12-18,0.001287544541755281,0.024811271877659857,0.011839865639039493,-0.005316240505651937,-0.005865643558093714,0.019344803891752305,-0.004933454143307592,-0.006286148064215014,0.001308736640092567,0.02301772472214214,0.016508476749030443,0.018720000599854014,-0.015492817292179661,0.034477560704677446,-0.01052374689560509,-0.007409954172949207,0.007551280296730134
2025-12-19,0.005437418615868328,0.0026019210221046585,0.03176905077596204,0.018614120299919934,-0.0022971719313303884,0.015539285656990032,-0.028141611057200033,0.01345045193315686,0.010632023917768851,-0.008548412328136856,0.00400843505386228,0.03933620149032113,-0.007284205109072794,-0.00448927929345333,-0.002194189030784721,0.0012871248043633265,0.00906346515990486
2025-12-22,-0.009865941003960987,0.00475032567966549,0.005122077053136165,0.011036739737639634,-0.006568330741753892,0.008529740480370585,0.00402902796648541,0.018536632014143795,0.006064050917847341,0.0041440569361255175,-0.002057951869374297,0.014917933953784823,-0.012252555656921627,0.01564837611861325,-0.006902478996213879,0.012511775250032775,0.006229874178387496
